# Blender 4.4.3
# www.blender.org
o Leg1
v -0.608919 -0.668714 0.103973
v -0.552604 -0.673752 0.104144
v -0.590162 -0.571082 -0.280544
v -0.615984 -0.560304 0.080419
v -0.624492 -0.668163 0.506309
v -0.533449 -0.670833 0.505158
v -0.539995 -0.593948 -0.290399
v -0.593098 -0.331053 -0.467708
v -0.631807 -0.576340 0.506861
v -0.539155 -0.669488 0.602835
v -0.360337 -0.672832 0.325725
v -0.504193 -0.305300 -0.545237
v -0.465841 -0.674139 0.082544
v -0.463265 -0.627671 -0.192006
v -0.615458 -0.004286 0.070961
v -0.637824 -0.572582 0.629830
v -0.630475 -0.665800 0.625973
v -0.631807 -0.067545 0.506860
v -0.194879 -0.669488 0.598979
v -0.184130 -0.669428 0.541600
v -0.355032 -0.495908 -0.407067
v -0.589442 0.007041 -0.533916
v -0.446279 -0.671410 0.077234
v -0.446145 -0.633218 -0.167812
v -0.637824 -0.086862 0.629829
v -0.639541 -0.572638 0.661394
v -0.632205 -0.665780 0.656987
v -0.631807 0.413566 0.506857
v -0.615978 0.561894 0.078988
v -0.540569 -0.669462 0.630544
v -0.193928 -0.669462 0.626141
v 0.217191 -0.669563 0.581596
v 0.204108 -0.669478 0.525180
v -0.127347 -0.668244 0.435383
v -0.325419 -0.670686 0.289733
v -0.165488 -0.261834 -0.571636
v -0.123664 -0.369249 -0.512078
v -0.499092 0.007219 -0.625516
v -0.325142 -0.528865 -0.378840
v -0.445199 -0.620395 0.076941
v -0.445199 -0.584824 -0.166476
v -0.593059 0.348331 -0.477725
v -0.637824 0.321765 0.629827
v -0.639541 -0.088639 0.661394
v -0.643373 -0.572691 0.726281
v -0.635521 -0.665782 0.720525
v -0.624492 0.512992 0.506856
v -0.608918 0.697083 0.095081
v -0.192325 -0.669462 0.648492
v -0.541606 -0.669462 0.662182
v 0.218544 -0.669540 0.611786
v 0.145708 -0.668248 0.433013
v 0.537096 -0.670015 0.474716
v -0.113453 -0.665555 0.410811
v 0.209473 -0.261857 -0.571841
v 0.146919 -0.369411 -0.512119
v -0.113261 -0.384874 -0.499675
v -0.502870 0.307778 -0.561294
v -0.323491 -0.487857 -0.377281
v -0.323491 -0.619782 0.287746
v -0.445199 -0.413534 0.076941
v -0.445199 -0.386233 -0.166476
v -0.630475 0.405196 0.629826
v -0.639541 0.311045 0.661392
v -0.643373 -0.088933 0.726280
v -0.533668 0.518379 0.506846
v -0.590151 0.558443 -0.328160
v -0.178105 -0.669462 0.746098
v -0.515152 -0.669462 0.801694
v 0.221243 -0.669530 0.636944
v 0.537908 -0.670012 0.523402
v 0.375396 -0.672871 0.311520
v 0.534224 -0.671330 0.386013
v 0.131512 -0.665552 0.410810
v -0.112686 -0.614923 0.409454
v 0.528711 -0.305333 -0.545813
v 0.374555 -0.496277 -0.407174
v -0.170018 0.007219 -0.625730
v 0.131578 -0.385069 -0.499677
v -0.112686 -0.351033 -0.498990
v -0.172447 0.307778 -0.561488
v -0.323491 -0.311544 -0.377281
v -0.323491 -0.413064 0.287746
v -0.445199 -0.322505 0.076941
v -0.445199 -0.298646 -0.166476
v -0.505862 0.557374 -0.367602
v -0.632205 0.392390 0.661391
v -0.539155 0.409855 0.629826
v -0.643373 0.310629 0.726279
v -0.519444 0.706326 0.097548
v 0.222320 -0.669471 0.744463
v 0.539445 -0.669940 0.576567
v 0.343294 -0.670686 0.289732
v 0.618394 -0.667682 0.442170
v 0.618840 -0.670090 0.494111
v 0.612412 -0.669683 0.356298
v 0.130665 -0.614994 0.409454
v -0.112686 -0.409335 0.409454
v 0.559994 -0.594201 -0.290938
v 0.220558 0.007219 -0.625984
v 0.343264 -0.529310 -0.378846
v 0.130665 -0.351453 -0.498990
v -0.112686 -0.205201 -0.498990
v -0.174371 0.557374 -0.367782
v -0.323491 -0.233306 -0.377281
v -0.323491 -0.322094 0.287746
v -0.445199 -0.001640 0.076941
v -0.445199 0.010681 -0.166476
v -0.540570 0.396945 0.661392
v -0.635962 0.391954 0.726279
v -0.194815 0.409855 0.629827
v -0.192162 0.518379 0.506808
v 0.520341 -0.669526 0.790293
v 0.620871 -0.670008 0.588212
v 0.561853 -0.675232 0.086960
v 0.482236 -0.674179 0.080113
v 0.341035 -0.620289 0.287746
v 0.661944 -0.670090 0.482123
v 0.660547 -0.666327 0.447506
v 0.618244 -0.573082 0.377976
v 0.130265 -0.409843 0.409454
v -0.112686 -0.319118 0.409454
v 0.481811 -0.627771 -0.192116
v 0.606264 -0.295249 -0.534833
v 0.611519 -0.576871 -0.307680
v 0.529000 0.007219 -0.626183
v 0.341035 -0.488526 -0.377281
v 0.219729 0.307778 -0.561720
v 0.130265 -0.207002 -0.498990
v -0.112686 -0.140290 -0.498990
v 0.219073 0.557374 -0.367995
v -0.323491 0.044409 -0.377281
v -0.323491 -0.001428 0.287746
v -0.445199 0.247242 0.076941
v -0.445199 0.250434 -0.166476
v -0.183104 0.706326 0.097437
v -0.193455 0.396945 0.661396
v -0.543393 0.396508 0.726281
v 0.664102 -0.670012 0.576906
v 0.464236 -0.671449 0.077230
v 0.462445 -0.621012 0.076941
v 0.338007 -0.416643 0.287746
v 0.624456 -0.573048 0.490354
v 0.660427 -0.573229 0.502953
v 0.680696 -0.666330 0.477983
v 0.677635 -0.663401 0.452365
v 0.618145 -0.600302 0.096927
v 0.611825 -0.680460 0.086670
v 0.131109 -0.338217 0.413728
v -0.112686 -0.001441 0.409454
v 0.618145 -0.485214 -0.272924
v 0.529335 0.307778 -0.561902
v 0.464216 -0.633339 -0.167818
v 0.462445 -0.585406 -0.166476
v 0.338004 -0.313603 -0.377281
v 0.131067 -0.151973 -0.503865
v -0.112686 0.090995 -0.498990
v 0.216093 0.706326 0.097305
v -0.323491 0.259150 -0.377281
v -0.323491 0.247296 0.287746
v -0.404162 0.297275 0.076724
v -0.404162 0.297562 -0.166208
v 0.221702 0.396945 0.661401
v 0.217724 0.409855 0.629828
v -0.192932 0.396508 0.726291
v 0.213744 0.518379 0.506763
v 0.682820 -0.666263 0.570698
v 0.457614 -0.417651 0.076941
v 0.627984 -0.089210 0.729775
v 0.661015 -0.091742 0.758269
v 0.679101 -0.573237 0.506435
v 0.618832 -0.063229 0.515899
v 0.617349 -0.189063 0.121090
v 0.335034 -0.373908 0.287520
v 0.103491 -0.014868 0.422116
v -0.112686 0.247450 0.409454
v 0.618145 -0.002006 -0.508764
v 0.611389 0.005142 -0.611609
v 0.606263 0.301521 -0.552834
v 0.457612 -0.389617 -0.166476
v 0.529600 0.557374 -0.368164
v 0.103489 0.085656 -0.512765
v 0.334968 -0.276465 -0.377291
v -0.112686 0.271251 -0.498990
v 0.530804 0.706326 0.097201
v -0.298803 0.298342 -0.376246
v -0.298803 0.297280 0.285911
v -0.126062 0.300105 0.075641
v -0.126062 0.300105 -0.164871
v 0.540278 0.396945 0.660977
v 0.538059 0.409855 0.629454
v 0.224715 0.396508 0.726301
v 0.682830 -0.573287 0.528740
v 0.454485 -0.374958 0.076759
v 0.627984 0.321427 0.644904
v 0.661015 0.310925 0.658223
v 0.679101 -0.091785 0.761529
v 0.618832 0.413545 0.508981
v 0.618145 0.602872 0.106720
v 0.617349 0.197808 0.121067
v 0.617348 0.004241 0.232823
v 0.307604 -0.371644 0.281495
v 0.135441 -0.024029 0.391428
v 0.115061 0.255726 0.413455
v -0.110365 0.297319 0.395846
v 0.617348 0.004359 -0.213077
v 0.617349 -0.188903 -0.101614
v 0.611519 0.544125 -0.367635
v 0.454477 -0.348486 -0.166298
v 0.135784 -0.128138 -0.475201
v 0.115062 0.278276 -0.503593
v 0.307153 -0.276735 -0.372274
v -0.110365 0.299441 -0.486207
v 0.532822 0.518379 0.506675
v -0.112036 0.300105 -0.377537
v -0.112036 0.300105 0.283423
v 0.106244 0.297275 0.076724
v 0.106244 0.297561 -0.166208
v 0.619156 0.396945 0.658412
v 0.542264 0.396508 0.725935
v 0.684953 -0.573445 0.610888
v 0.618867 0.402395 0.629599
v 0.660645 0.392797 0.637107
v 0.679101 0.310864 0.661482
v 0.612257 0.512992 0.506345
v 0.611779 0.700405 0.097678
v 0.618145 0.455272 -0.322626
v 0.406008 -0.372192 0.075667
v 0.182619 -0.366500 0.358996
v 0.135713 0.200524 0.383110
v 0.135825 -0.279205 0.379706
v 0.079594 0.295153 0.397073
v 0.617349 0.197552 -0.101750
v 0.141889 -0.180484 -0.483803
v 0.135446 0.071154 -0.487445
v 0.135721 0.235073 -0.477628
v 0.079594 0.298923 -0.486841
v 0.405970 -0.345780 -0.165228
v 0.181304 -0.214752 -0.454323
v 0.105884 0.298338 -0.377540
v 0.105884 0.297280 0.287248
v 0.138121 0.277369 0.076951
v 0.138121 0.279469 -0.166451
v 0.621428 0.396508 0.723692
v -0.494235 -0.426298 2.065739
v -0.476801 -0.426298 0.812517
v -0.171082 -0.426298 0.820268
v 0.684953 -0.093040 0.832185
v 0.682830 -0.092059 0.782405
v 0.661943 0.396945 0.657984
v 0.677635 0.389204 0.639643
v 0.682830 0.310476 0.682359
v 0.187089 -0.368853 0.075667
v 0.142313 -0.354226 0.388661
v 0.171707 -0.368768 0.280540
v 0.137672 -0.021641 0.298054
v 0.137682 0.226128 0.285575
v 0.137707 0.277652 0.287204
v 0.137693 -0.308349 0.285220
v 0.137694 -0.223215 -0.372805
v 0.137682 0.024862 -0.376075
v 0.137687 0.240925 -0.373056
v 0.137707 0.285364 -0.376836
v 0.187053 -0.343086 -0.165227
v 0.171248 -0.276396 -0.371376
v 0.138113 0.247292 0.083800
v 0.138116 0.250402 -0.160125
v 0.664102 0.396508 0.723318
v 0.176483 -0.426298 0.820371
v -0.531359 -0.397810 1.985154
v -0.450309 -0.410471 0.576600
v -0.178037 -0.384011 0.542502
v 0.680696 0.392390 0.657985
v 0.139276 -0.365565 0.284246
v 0.138734 -0.000093 0.236182
v 0.138772 0.201473 0.116869
v 0.138113 -0.325520 0.083800
v 0.138772 -0.205067 0.116869
v 0.139180 -0.273159 -0.374690
v 0.138116 -0.303657 -0.160125
v 0.138770 0.005312 -0.231242
v 0.138790 0.202373 -0.111255
v 0.682820 0.391954 0.723318
v 0.456738 -0.426298 0.812383
v 0.475175 -0.426298 2.075396
v 0.181701 -0.384011 0.542717
v -0.515072 -0.351122 0.576564
v -0.179333 -0.073555 0.498462
v -0.491171 -0.073555 0.542325
v 0.684953 0.309945 0.744645
v 0.139999 -0.365597 0.076768
v 0.138790 -0.201770 -0.111255
v 0.139994 -0.340218 -0.166273
v -0.533686 -0.071329 1.997115
v 0.430859 -0.410471 0.577115
v 0.501143 -0.397810 2.004261
v 0.182547 -0.073555 0.498679
v -0.177314 0.233487 0.542502
v -0.454650 0.199743 0.576598
v -0.489334 0.233487 1.997140
v 0.486729 -0.351122 0.578284
v 0.464849 -0.073555 0.546719
v 0.180661 0.233487 0.542716
v -0.177522 0.276871 1.997316
v 0.502221 -0.071329 2.020737
v 0.432295 0.199743 0.578253
v 0.180452 0.276871 1.997530
v 0.462782 0.233487 2.001532
v 0.618145 0.255141 0.121988
v 0.618145 0.237206 -0.135668
v 0.618145 0.003263 -0.258428
v 0.618145 -0.234723 -0.127778
v 0.618145 -0.248742 0.121166
v 0.618145 -0.004488 0.266825
v 0.554032 0.004379 -0.212280
v 0.554035 0.196855 -0.101154
v 0.554032 0.196855 0.121099
v 0.554027 0.004379 0.232226
v 0.554032 -0.188098 0.121099
v 0.554035 -0.188098 -0.101154
v 0.201345 0.004379 -0.212280
v 0.201358 0.196855 -0.101154
v 0.201341 0.196855 0.121099
v 0.201310 0.004379 0.232226
v 0.201341 -0.188098 0.121099
v 0.201358 -0.188098 -0.101154
v -0.593950 -0.483777 -0.381276
v -0.617458 -0.674879 0.329340
v -0.554390 -0.676233 0.313268
v -0.602546 -0.671284 0.504654
v -0.631807 -0.658799 0.506861
v -0.624725 -0.587740 0.329341
v -0.608429 -0.669488 0.614404
v -0.537323 -0.669564 0.579092
v -0.628469 -0.665866 0.592317
v -0.506159 -0.673938 0.093489
v -0.428703 -0.676229 0.215564
v -0.432306 -0.672129 0.399907
v -0.532623 -0.470819 -0.431260
v -0.569581 -0.292211 -0.549805
v -0.498551 -0.610581 -0.241873
v -0.477244 -0.660436 -0.057075
v -0.604898 0.006510 -0.259281
v -0.615666 -0.319672 0.073267
v -0.590891 -0.166233 -0.517778
v -0.637824 -0.654737 0.629829
v -0.635810 -0.572556 0.594521
v -0.631807 -0.353934 0.506861
v -0.624725 -0.035253 0.329341
v -0.368645 -0.669687 0.536161
v -0.194245 -0.669564 0.576875
v -0.390121 -0.669488 0.598979
v -0.255252 -0.670073 0.396769
v -0.155984 -0.668817 0.486029
v -0.424256 -0.568396 -0.310962
v -0.416639 -0.423102 -0.465244
v -0.565487 0.007219 -0.625473
v -0.500606 -0.140907 -0.607071
v -0.448981 -0.634589 -0.171821
v -0.461793 -0.659190 -0.045412
v -0.449521 -0.674247 0.078114
v -0.637824 -0.355618 0.629829
v -0.635810 -0.082314 0.594520
v -0.631595 -0.665779 0.645885
v -0.639541 -0.654734 0.661394
v -0.638937 -0.572612 0.650292
v -0.624725 0.513172 0.329339
v -0.631807 0.206865 0.506858
v -0.615662 0.313458 0.073156
v -0.540116 -0.669462 0.619442
v -0.390367 -0.669462 0.626139
v -0.194580 -0.669462 0.615040
v 0.011421 -0.669342 0.543403
v 0.215342 -0.669630 0.558560
v 0.013022 -0.669488 0.598980
v -0.610199 -0.669462 0.643765
v -0.399585 -0.673572 0.191540
v -0.331205 -0.673302 0.295697
v -0.145105 -0.333269 -0.537641
v -0.344015 -0.269494 -0.566085
v -0.250411 -0.423502 -0.473440
v -0.399352 -0.589801 -0.281383
v -0.330094 -0.525379 -0.383517
v -0.445199 -0.625443 -0.166476
v -0.460940 -0.608948 -0.044768
v -0.445199 -0.662775 0.076941
v -0.606981 0.469992 -0.227173
v -0.590865 0.185128 -0.518548
v -0.637824 0.150668 0.629828
v -0.635810 0.352817 0.594518
v -0.639541 -0.355804 0.661394
v -0.638937 -0.088492 0.650292
v -0.632686 -0.665780 0.664214
v -0.643373 -0.654743 0.726281
v -0.640029 -0.572655 0.668621
v -0.617458 0.625401 0.329337
v -0.631807 0.496832 0.506857
v -0.616103 0.669354 0.087591
v -0.390103 -0.669461 0.648491
v -0.193505 -0.669461 0.633368
v -0.540876 -0.669461 0.637772
v 0.014408 -0.669462 0.626143
v 0.218131 -0.669541 0.599190
v 0.009478 -0.667633 0.448252
v 0.175011 -0.668842 0.476555
v 0.380031 -0.669885 0.470542
v 0.535910 -0.670025 0.446200
v 0.401240 -0.669789 0.529446
v -0.611963 -0.669461 0.703259
v -0.227492 -0.667762 0.364039
v -0.115755 -0.668224 0.414882
v 0.178537 -0.333360 -0.537763
v 0.023498 -0.259289 -0.573557
v 0.011938 -0.351221 -0.524971
v -0.356320 0.007219 -0.625608
v -0.170991 -0.140907 -0.607277
v -0.114984 -0.383814 -0.501730
v -0.227239 -0.450340 -0.452902
v -0.569537 0.307778 -0.561254
v -0.500578 0.160251 -0.607950
v -0.323491 -0.523719 -0.377281
v -0.397977 -0.544729 -0.279749
v -0.397977 -0.622456 0.190214
v -0.323491 -0.662131 0.287746
v -0.445199 -0.516323 0.076941
v -0.460940 -0.404749 -0.044768
v -0.445199 -0.484924 -0.166476
v -0.637824 0.391220 0.629826
v -0.628469 0.442458 0.594517
v -0.639541 0.144451 0.661393
v -0.638937 0.311252 0.650290
v -0.643373 -0.355972 0.726281
v -0.640029 -0.088734 0.668621
v -0.527237 0.631227 0.329318
v -0.602546 0.518379 0.506853
v -0.587304 0.706326 0.097571
v -0.593924 0.476954 -0.417501
v -0.600419 0.645436 -0.162794
v -0.370159 -0.669461 0.752256
v -0.189408 -0.669461 0.683286
v -0.543326 -0.669461 0.724834
v 0.016859 -0.669461 0.648493
v 0.218813 -0.669540 0.619830
v 0.537674 -0.670012 0.501628
v 0.402382 -0.669776 0.568712
v 0.441825 -0.672288 0.343115
v 0.271827 -0.670096 0.387302
v 0.009046 -0.664818 0.426401
v 0.133856 -0.668222 0.414881
v -0.225959 -0.617024 0.362231
v -0.112686 -0.657032 0.409454
v 0.439050 -0.423311 -0.465561
v 0.378969 -0.269538 -0.566481
v 0.271804 -0.423813 -0.473520
v 0.026965 0.007219 -0.625858
v 0.220226 -0.140907 -0.607523
v 0.134120 -0.384004 -0.501738
v 0.009175 -0.363120 -0.515267
v -0.112686 -0.380342 -0.498990
v -0.225959 -0.413402 -0.451768
v -0.170973 0.160251 -0.608156
v -0.359512 0.307778 -0.561378
v -0.397977 -0.355460 -0.279749
v -0.323491 -0.399200 -0.377281
v -0.323491 -0.515781 0.287746
v -0.397977 -0.415116 0.190214
v -0.445199 -0.375006 0.076941
v -0.460940 -0.314828 -0.044768
v -0.445199 -0.349240 -0.166476
v -0.572744 0.557374 -0.367566
v -0.503774 0.439388 -0.492465
v -0.631595 0.392606 0.650289
v -0.639541 0.378724 0.661392
v -0.537323 0.447425 0.594513
v -0.608429 0.409855 0.629826
v -0.643373 0.144078 0.726280
v -0.640029 0.310911 0.668620
v -0.511702 0.664031 -0.152845
v -0.151769 -0.669461 0.845279
v 0.025213 -0.669461 0.744045
v 0.228138 -0.669501 0.676754
v 0.538061 -0.670012 0.536508
v 0.404622 -0.669737 0.602295
v 0.245450 -0.667757 0.364038
v 0.348566 -0.673301 0.295691
v 0.618702 -0.670090 0.470294
v 0.596687 -0.670090 0.449596
v 0.597109 -0.670090 0.502342
v 0.612634 -0.666326 0.413812
v 0.595211 -0.672633 0.362501
v 0.009022 -0.614223 0.425194
v 0.130730 -0.657030 0.409454
v -0.112686 -0.511493 0.409454
v -0.225959 -0.410947 0.362231
v 0.518075 -0.610637 -0.242197
v 0.554301 -0.470855 -0.431830
v 0.443136 -0.568650 -0.311079
v 0.396691 0.007219 -0.626099
v 0.529134 -0.140907 -0.607715
v 0.348449 -0.525812 -0.383539
v 0.245459 -0.450715 -0.452906
v 0.130730 -0.380536 -0.498990
v 0.009022 -0.330420 -0.514731
v -0.225959 -0.253602 -0.451768
v -0.112686 -0.277766 -0.498990
v -0.362041 0.557374 -0.367680
v -0.173028 0.439388 -0.492655
v -0.397977 -0.271752 -0.279749
v -0.323491 -0.278688 -0.377281
v -0.323491 -0.374561 0.287746
v -0.397977 -0.323887 0.190214
v -0.445199 -0.159150 -0.166476
v -0.460940 0.002325 -0.044768
v -0.445199 -0.177802 0.076941
v -0.610199 0.396945 0.661392
v -0.540116 0.397162 0.650291
v -0.643373 0.378291 0.726279
v -0.632686 0.392249 0.668619
v -0.194245 0.447425 0.594500
v -0.390121 0.409855 0.629827
v -0.385554 0.518379 0.506829
v -0.188116 0.631227 0.329246
v -0.373519 0.706326 0.097500
v 0.186613 -0.669461 0.845277
v 0.543376 -0.669721 0.679203
v 0.395743 -0.669501 0.745719
v 0.618930 -0.670090 0.508700
v 0.598164 -0.669996 0.591784
v 0.443976 -0.676271 0.206066
v 0.519380 -0.673983 0.083835
v 0.558145 -0.677373 0.245653
v 0.417475 -0.673590 0.191538
v 0.467211 -0.674286 0.078100
v 0.243740 -0.617308 0.362231
v 0.341536 -0.662130 0.287745
v 0.641156 -0.666328 0.448228
v 0.661201 -0.670090 0.462388
v 0.641955 -0.670090 0.487289
v 0.618538 -0.572505 0.452557
v 0.618146 -0.658927 0.355066
v 0.623868 -0.655037 0.440679
v 0.592864 -0.679458 0.087179
v 0.612114 -0.679757 0.244870
v 0.130466 -0.511780 0.409454
v 0.009022 -0.408797 0.425194
v -0.112686 -0.371042 0.409454
v -0.225959 -0.320244 0.362231
v 0.611480 -0.415339 -0.461928
v 0.591412 -0.292211 -0.550487
v 0.591639 -0.589357 -0.307193
v 0.467131 -0.634707 -0.171844
v 0.417441 -0.590106 -0.281389
v 0.341536 -0.524162 -0.377281
v 0.243739 -0.414023 -0.451768
v 0.025343 0.307778 -0.561605
v 0.220232 0.160251 -0.608402
v 0.130466 -0.278870 -0.498990
v 0.009022 -0.189912 -0.514731
v -0.225959 -0.182470 -0.451768
v -0.112686 -0.178002 -0.498990
v 0.219531 0.439388 -0.492881
v 0.024058 0.557374 -0.367890
v -0.323491 -0.108074 -0.377281
v -0.397977 0.024570 -0.279749
v -0.397977 -0.002354 0.190214
v -0.323491 -0.177480 0.287746
v -0.445199 0.152280 -0.166476
v -0.460940 0.248269 -0.044768
v -0.445199 0.145237 0.076941
v -0.178126 0.664031 -0.152995
v -0.194324 0.397162 0.650295
v -0.390367 0.396945 0.661394
v -0.613730 0.396508 0.726280
v -0.540877 0.396804 0.668620
v 0.662427 -0.670090 0.494958
v 0.644218 -0.670012 0.582626
v 0.626562 -0.669760 0.806796
v 0.415339 -0.623059 0.190214
v 0.463244 -0.662814 0.076941
v 0.242143 -0.412981 0.362231
v 0.339533 -0.517813 0.287745
v 0.641424 -0.573229 0.502953
v 0.660329 -0.655039 0.449233
v 0.672700 -0.666328 0.447060
v 0.679848 -0.666329 0.461297
v 0.674296 -0.670090 0.478860
v 0.618146 -0.576259 0.255026
v 0.618145 -0.672036 0.087609
v 0.130190 -0.371633 0.409454
v 0.009022 -0.319496 0.425194
v -0.225959 -0.000472 0.362231
v -0.112686 -0.176063 0.409454
v 0.562490 -0.654917 -0.104956
v 0.494846 -0.660480 -0.057167
v 0.611418 -0.179937 -0.578973
v 0.618145 -0.001089 -0.567743
v 0.618145 -0.269258 -0.432439
v 0.618145 -0.537508 -0.309115
v 0.591120 0.007219 -0.626221
v 0.611630 -0.655705 -0.111164
v 0.396584 0.307778 -0.561824
v 0.529131 0.160251 -0.608594
v 0.463244 -0.625563 -0.166476
v 0.415339 -0.545361 -0.279749
v 0.242141 -0.255737 -0.451768
v 0.339531 -0.400557 -0.377281
v 0.130189 -0.180063 -0.498990
v 0.009022 -0.127811 -0.514731
v -0.112686 -0.036188 -0.498990
v -0.225959 0.070615 -0.451768
v 0.018227 0.706326 0.097370
v 0.217792 0.664031 -0.153174
v -0.323491 0.171543 -0.377281
v -0.397977 0.254032 -0.279749
v -0.397977 0.247057 0.190214
v -0.323491 0.145358 0.287746
v -0.445199 0.289933 -0.166476
v -0.417935 0.297367 -0.044664
v -0.445199 0.288788 0.076941
v 0.219932 0.397162 0.650301
v 0.016303 0.396945 0.661399
v 0.013278 0.409855 0.629827
v -0.391668 0.396508 0.726285
v -0.192889 0.396804 0.668624
v 0.215260 0.447425 0.594484
v 0.012549 0.518379 0.506785
v 0.214383 0.631227 0.329160
v 0.668420 -0.669776 0.803985
v 0.681249 -0.666331 0.488865
v 0.676419 -0.670012 0.572933
v 0.479815 -0.659243 -0.045417
v 0.478147 -0.609542 -0.044768
v 0.411210 -0.419262 0.190214
v 0.460048 -0.518676 0.076941
v 0.643776 -0.091742 0.758270
v 0.626220 -0.357187 0.621825
v 0.660721 -0.357903 0.644052
v 0.672451 -0.573229 0.502953
v 0.679101 -0.655040 0.453384
v 0.681982 -0.573260 0.516882
v 0.682830 -0.655049 0.479974
v 0.620891 -0.081612 0.644290
v 0.618538 -0.344864 0.444198
v 0.618145 -0.582758 -0.087763
v 0.236655 -0.369958 0.362704
v 0.337434 -0.378721 0.287745
v 0.009022 -0.006285 0.425194
v 0.103515 -0.191145 0.421704
v -0.225959 0.247544 0.362231
v -0.112686 0.145189 0.409454
v 0.611418 0.191014 -0.587545
v 0.591409 0.307778 -0.561936
v 0.411207 -0.358087 -0.279749
v 0.460047 -0.486896 -0.166476
v 0.396499 0.557374 -0.368092
v 0.529415 0.439388 -0.493058
v 0.103501 -0.039579 -0.512440
v 0.009022 0.093351 -0.514731
v 0.337431 -0.281009 -0.377281
v 0.236485 -0.220744 -0.453135
v -0.112686 0.197953 -0.498990
v -0.225959 0.265875 -0.451768
v 0.530117 0.664031 -0.153314
v 0.396113 0.706326 0.097245
v -0.323491 0.293053 -0.377281
v -0.362843 0.297884 -0.279725
v -0.362843 0.297259 0.189772
v -0.323491 0.288807 0.287746
v -0.281051 0.300105 -0.165406
v -0.128030 0.300105 -0.044146
v -0.281051 0.300105 0.076074
v 0.539527 0.397162 0.649877
v 0.405541 0.396945 0.661403
v 0.402095 0.409855 0.629828
v 0.018436 0.396508 0.726296
v 0.222855 0.396804 0.668627
v 0.686725 -0.666061 0.800236
v 0.683382 -0.573304 0.536460
v 0.684953 -0.655019 0.570194
v 0.473081 -0.408620 -0.044768
v 0.408608 -0.376516 0.189863
v 0.456701 -0.379783 0.076941
v 0.643776 0.310925 0.658223
v 0.628572 0.149129 0.708885
v 0.661113 0.142574 0.731345
v 0.672451 -0.091742 0.758270
v 0.679101 -0.357928 0.647312
v 0.156734 -0.328803 0.400747
v 0.161872 -0.365588 0.378486
v 0.224115 -0.367982 0.346865
v 0.328025 -0.372068 0.286842
v 0.135647 -0.320619 0.391379
v 0.135465 -0.189586 0.391016
v 0.135046 -0.027053 0.412881
v 0.009022 0.246665 0.425194
v 0.103483 0.136427 0.422253
v -0.212872 0.296070 0.354081
v -0.112686 0.288964 0.409454
v 0.591638 0.557374 -0.368196
v 0.611479 0.400366 -0.500890
v 0.408587 -0.318774 -0.279408
v 0.456698 -0.353153 -0.166476
v 0.156477 -0.153175 -0.494045
v 0.135544 -0.150818 -0.486883
v 0.135459 -0.050283 -0.487120
v 0.135036 0.075879 -0.506866
v 0.103484 0.193999 -0.512872
v 0.009022 0.272321 -0.514731
v 0.160721 -0.196713 -0.474480
v 0.223044 -0.228137 -0.440632
v 0.327771 -0.273661 -0.377319
v -0.112686 0.297452 -0.498990
v -0.212872 0.298428 -0.444618
v 0.396586 0.518379 0.506743
v 0.531494 0.631227 0.329093
v -0.224206 0.300105 -0.365501
v -0.120161 0.300105 -0.279604
v -0.120161 0.300105 0.187563
v -0.224206 0.300105 0.273196
v 0.010609 0.300105 0.076074
v 0.010609 0.300105 -0.165406
v 0.106247 0.297367 -0.044664
v 0.618968 0.397162 0.647312
v 0.598373 0.396945 0.659694
v 0.597287 0.409855 0.628332
v 0.408180 0.396508 0.726305
v 0.540767 0.396804 0.668202
v 0.535417 0.447425 0.594257
v 0.688859 -0.573841 0.822869
v 0.469775 -0.366414 -0.044768
v 0.641549 0.392797 0.637108
v 0.626220 0.391283 0.623576
v 0.660721 0.379192 0.633849
v 0.618930 0.206779 0.517048
v 0.620891 0.352934 0.604945
v 0.672451 0.310925 0.658223
v 0.679101 0.142519 0.734604
v 0.681982 -0.091913 0.771306
v 0.682830 -0.358084 0.668188
v 0.618145 0.682643 0.099187
v 0.618146 0.511362 0.327644
v 0.611928 0.625401 0.329076
v 0.618538 0.496832 0.506291
v 0.367608 -0.373961 0.187760
v 0.448139 -0.373062 0.076213
v 0.135396 0.232682 0.399039
v 0.135433 0.122441 0.391566
v 0.009219 0.297325 0.409144
v 0.103861 0.288964 0.409454
v -0.097460 0.300105 0.352942
v 0.592678 0.706326 0.097181
v 0.611630 0.658725 -0.151335
v 0.618145 0.252039 -0.464017
v 0.618145 0.504377 -0.365927
v 0.135442 0.178611 -0.487553
v 0.135401 0.260996 -0.492343
v 0.103861 0.297446 -0.498990
v 0.009219 0.299608 -0.499201
v 0.448116 -0.346596 -0.165763
v 0.367484 -0.316509 -0.277363
v -0.097460 0.300105 -0.445396
v 0.594199 0.518379 0.506507
v 0.010403 0.300105 -0.378315
v 0.106236 0.297882 -0.279725
v 0.010403 0.300105 0.285755
v 0.106236 0.297259 0.189772
v 0.138122 0.288786 0.076941
v 0.138125 0.278006 -0.044751
v 0.138122 0.289929 -0.166476
v 0.600395 0.396508 0.724814
v 0.619278 0.396804 0.665638
v 0.612944 0.442458 0.592971
v -0.157693 -0.426297 2.016457
v -0.345605 -0.426297 0.823962
v -0.454618 -0.426297 1.992171
v 0.684953 -0.358710 0.732245
v 0.683382 -0.092154 0.789630
v 0.661201 0.397162 0.646885
v 0.641955 0.396945 0.657985
v 0.672700 0.392797 0.637108
v 0.679101 0.379128 0.637108
v 0.682830 0.142171 0.755480
v 0.681982 0.310682 0.671259
v 0.618145 0.578196 -0.121208
v 0.418804 -0.363570 -0.044774
v 0.243341 -0.370334 0.268778
v 0.180479 -0.370581 0.187760
v 0.296436 -0.370445 0.075485
v 0.169349 -0.366857 0.341368
v 0.136559 -0.023687 0.349500
v 0.136554 0.225044 0.351091
v 0.137676 0.125645 0.289903
v 0.137695 0.266777 0.285578
v 0.136529 0.277852 0.360640
v 0.136598 -0.306794 0.349669
v 0.137676 -0.182643 0.289903
v 0.104846 0.297303 0.361922
v 0.137711 0.288808 0.287745
v 0.138004 -0.224921 -0.443442
v 0.137722 -0.265678 -0.374494
v 0.136587 -0.175534 -0.443249
v 0.137684 -0.116062 -0.369290
v 0.136567 0.050012 -0.443181
v 0.137684 0.153319 -0.369290
v 0.136561 0.247708 -0.444255
v 0.137697 0.276466 -0.375499
v 0.136530 0.289659 -0.450694
v 0.137711 0.293040 -0.377281
v 0.104846 0.298937 -0.451979
v 0.180358 -0.314545 -0.277363
v 0.296394 -0.344332 -0.165049
v 0.242817 -0.280061 -0.359748
v 0.168219 -0.232459 -0.435458
v 0.138110 0.281945 -0.279617
v 0.138110 0.277371 0.190121
v 0.138118 0.268438 -0.166378
v 0.138124 0.253858 -0.037827
v 0.138118 0.265755 0.076981
v 0.644218 0.396508 0.723318
v 0.662427 0.396804 0.665210
v 0.004604 -0.426297 0.819101
v 0.167302 -0.426297 2.016232
v -0.525000 -0.426297 0.789495
v -0.524633 -0.426297 2.077343
v -0.175552 -0.426297 0.674620
v -0.358961 -0.390688 0.542399
v -0.478152 -0.426297 0.674449
v 0.679848 0.392606 0.646885
v 0.674296 0.396945 0.657985
v 0.682830 0.378724 0.657985
v 0.189288 -0.360438 -0.044773
v 0.143769 -0.368241 0.283025
v 0.138306 -0.363854 0.350185
v 0.137738 -0.357462 0.284156
v 0.143475 -0.275369 -0.373726
v 0.138088 0.237652 -0.274400
v 0.138082 0.229973 0.196062
v 0.676419 0.396508 0.723318
v 0.681249 0.392249 0.665210
v 0.339587 -0.426297 0.823986
v 0.438654 -0.426297 1.990326
v 0.179552 -0.426297 0.674832
v 0.004130 -0.381785 0.542610
v -0.492017 -0.390688 0.542325
v -0.531716 -0.381785 0.674419
v -0.364223 -0.080232 0.498357
v -0.185469 -0.257152 0.498459
v -0.497307 -0.257152 0.542322
v 0.683382 0.310341 0.689584
v 0.684953 0.141340 0.808626
v 0.684953 0.378291 0.723318
v 0.139787 -0.367239 0.189771
v 0.145633 -0.368446 0.076213
v 0.138082 -0.309516 0.196062
v 0.138118 -0.356674 0.076981
v 0.139770 -0.311872 -0.279277
v 0.138118 -0.331640 -0.166378
v 0.138088 -0.261329 -0.274400
v 0.140069 -0.357358 -0.044752
v 0.145612 -0.342874 -0.165762
v -0.533686 -0.248249 1.997115
v 0.348836 -0.390688 0.542815
v 0.456738 -0.426297 0.674994
v 0.498209 -0.426297 2.223940
v 0.497967 -0.426297 0.789250
v 0.004157 -0.071329 0.498571
v 0.188126 -0.257152 0.498682
v -0.533558 -0.071329 0.674418
v -0.356069 0.233487 0.542400
v -0.177288 0.103335 0.498463
v -0.489125 0.103335 0.542326
v 0.138124 -0.324311 -0.037827
v -0.533686 0.103335 1.997115
v 0.470428 -0.257152 0.545443
v 0.467152 -0.390688 0.542884
v 0.352139 -0.080232 0.498778
v 0.501320 -0.381785 0.677578
v 0.004130 0.233487 0.542610
v 0.180687 0.103335 0.498678
v -0.489206 0.233487 0.674443
v -0.356277 0.276871 1.997214
v -0.177394 0.276871 0.674619
v 0.502221 -0.248249 2.013064
v 0.502349 -0.071329 0.690367
v 0.462990 0.103335 0.545439
v 0.344674 0.233487 0.542813
v 0.003922 0.276871 1.997424
v 0.180580 0.276871 0.674833
v 0.502221 0.103335 2.013064
v 0.462910 0.233487 0.677556
v 0.344466 0.276871 1.997626
v 0.614959 -0.188098 0.121099
v 0.554034 -0.215594 0.009973
v 0.617349 -0.216592 0.009709
v 0.614959 -0.188098 -0.101154
v 0.614959 0.004379 0.232226
v 0.554029 -0.105608 0.200476
v 0.617349 -0.106259 0.200849
v 0.554034 -0.105608 -0.180530
v 0.617349 -0.106053 -0.181198
v 0.614959 0.004379 -0.212280
v 0.614959 0.196855 0.121099
v 0.554029 0.114365 0.200476
v 0.617349 0.114858 0.200849
v 0.614959 0.196855 -0.101154
v 0.554034 0.224352 0.009973
v 0.617349 0.225309 0.009618
v 0.618145 0.004301 -0.215470
v 0.617349 0.114732 -0.181288
v 0.618145 0.135579 -0.224441
v 0.618145 0.199644 -0.103539
v 0.618145 -0.191320 -0.102994
v 0.618145 -0.131347 -0.219181
v 0.618145 -0.191957 0.121062
v 0.618145 -0.273339 -0.005297
v 0.618146 -0.028339 0.358684
v 0.618145 -0.162478 0.224518
v 0.618145 -0.411377 0.121554
v 0.618145 0.200669 0.120971
v 0.618145 0.279749 -0.010557
v 0.618145 0.155311 0.233061
v 0.618145 0.410929 0.125292
v 0.138078 0.008114 -0.288126
v 0.138777 -0.117782 -0.200645
v 0.138114 -0.242787 -0.141561
v 0.138777 0.124695 -0.200645
v 0.138114 0.218926 -0.141561
v 0.138787 -0.230696 0.003147
v 0.138104 -0.255974 0.104178
v 0.138057 -0.013507 0.248051
v 0.138747 -0.125388 0.204219
v 0.138747 0.121804 0.204219
v 0.138104 0.215328 0.104178
v 0.138787 0.228147 0.003147
v 0.554034 0.114365 -0.180530
v 0.618145 0.344315 -0.227285
v 0.618145 0.000302 -0.380926
v 0.618145 -0.358487 -0.198450
v 0.618145 0.003828 0.234614
v 0.377634 0.196855 -0.101154
v 0.201351 0.114365 -0.180530
v 0.377626 0.004379 -0.212280
v 0.201353 0.224352 0.009973
v 0.377624 0.196855 0.121099
v 0.201321 0.114365 0.200476
v 0.377606 0.004379 0.232226
v 0.201321 -0.105608 0.200476
v 0.377624 -0.188098 0.121099
v 0.201353 -0.215594 0.009973
v 0.377634 -0.188098 -0.101154
v 0.201351 -0.105608 -0.180530
v 0.140807 0.196855 -0.101154
v 0.140792 0.004379 -0.212280
v 0.140787 0.196855 0.121099
v 0.140752 0.004379 0.232226
v 0.140787 -0.188098 0.121099
v 0.140807 -0.188098 -0.101154
v -0.572751 -0.588404 -0.306564
v -0.600423 -0.632365 -0.127228
v -0.547230 -0.653958 -0.104505
v -0.587304 -0.673690 0.107702
v -0.607003 -0.447580 -0.221448
v -0.616107 -0.653785 0.092767
v -0.579004 -0.652893 -0.112293
v -0.607495 -0.570779 -0.172058
v -0.595658 -0.676240 0.329335
v -0.624725 -0.670798 0.329341
v -0.606446 -0.669564 0.585706
v -0.488717 -0.676211 0.265078
v -0.570536 -0.454777 -0.451026
v -0.509090 -0.657153 -0.081113
v -0.605732 -0.242210 -0.250060
v -0.635810 -0.654770 0.594521
v -0.624725 -0.349452 0.329341
v -0.388683 -0.669564 0.576882
v -0.312469 -0.669850 0.464230
v -0.475583 -0.518945 -0.371930
v -0.567109 -0.140907 -0.607030
v -0.464353 -0.661765 -0.047344
v -0.635810 -0.355506 0.594521
v -0.638937 -0.654730 0.650292
v -0.624725 0.275534 0.329340
v -0.390498 -0.669462 0.615037
v 0.012272 -0.669564 0.576867
v -0.609568 -0.669462 0.632663
v -0.404409 -0.676343 0.195521
v -0.298171 -0.363909 -0.515773
v -0.403479 -0.588414 -0.286284
v -0.460940 -0.650762 -0.044768
v -0.605717 0.259760 -0.250499
v -0.635810 0.168327 0.594519
v -0.638937 -0.355720 0.650292
v -0.640029 -0.654737 0.668621
v -0.624725 0.607922 0.329339
v -0.390282 -0.669461 0.633366
v 0.013771 -0.669462 0.615043
v 0.010368 -0.668472 0.493289
v 0.399440 -0.669827 0.503657
v -0.610656 -0.669461 0.650993
v -0.232091 -0.670376 0.369462
v 0.017632 -0.323087 -0.544973
v -0.357599 -0.140907 -0.607160
v -0.231078 -0.447625 -0.456305
v -0.567080 0.160251 -0.607909
v -0.397977 -0.583362 -0.279749
v -0.397977 -0.664938 0.190214
v -0.460940 -0.506219 -0.044768
v -0.635810 0.427558 0.594517
v -0.638937 0.144637 0.650291
v -0.640029 -0.355858 0.668621
v -0.595658 0.631227 0.329333
v -0.607480 0.589653 -0.192759
v -0.389693 -0.669461 0.683286
v 0.014823 -0.669461 0.633370
v 0.402078 -0.669776 0.551627
v 0.326367 -0.669954 0.426376
v -0.615140 -0.669461 0.849477
v 0.009118 -0.667506 0.430022
v -0.225959 -0.659237 0.362231
v 0.326103 -0.364085 -0.516009
v 0.026315 -0.140907 -0.607401
v 0.009633 -0.362609 -0.516874
v -0.225959 -0.445710 -0.451768
v -0.357575 0.160251 -0.608040
v -0.397977 -0.449533 -0.279749
v -0.397977 -0.518142 0.190214
v -0.460940 -0.366715 -0.044768
v -0.570506 0.439388 -0.492426
v -0.638937 0.378939 0.650289
v -0.606446 0.447425 0.594516
v -0.640029 0.144330 0.668620
v -0.579004 0.664031 -0.152814
v 0.022359 -0.669461 0.683286
v 0.402580 -0.669776 0.579207
v 0.249790 -0.670371 0.369459
v 0.596983 -0.670090 0.478464
v 0.596098 -0.670090 0.420229
v 0.009022 -0.656297 0.425194
v -0.225959 -0.513347 0.362231
v 0.496095 -0.519088 -0.372273
v 0.396648 -0.140907 -0.607633
v 0.249824 -0.447991 -0.456322
v 0.009022 -0.358619 -0.514731
v -0.225959 -0.333083 -0.451768
v -0.360277 0.439388 -0.492547
v -0.397977 -0.320198 -0.279749
v -0.397977 -0.376498 0.190214
v -0.460940 -0.171800 -0.044768
v -0.609568 0.397162 0.650289
v -0.640029 0.378584 0.668619
v -0.388683 0.447425 0.594508
v -0.380106 0.631227 0.329287
v 0.019307 -0.669461 0.837069
v 0.410456 -0.669619 0.657158
v 0.597192 -0.670091 0.516741
v 0.498771 -0.676325 0.227135
v 0.421835 -0.676360 0.195511
v 0.244004 -0.659232 0.362231
v 0.641530 -0.670090 0.465276
v 0.618146 -0.655033 0.415017
v 0.594020 -0.680262 0.248552
v 0.009022 -0.510875 0.425194
v -0.225959 -0.372563 0.362231
v 0.591481 -0.454777 -0.451692
v 0.421698 -0.588712 -0.286308
v 0.244004 -0.446084 -0.451768
v 0.026327 0.160251 -0.608280
v 0.009022 -0.259835 -0.514731
v -0.225959 -0.223809 -0.451768
v 0.024955 0.439388 -0.492769
v -0.397977 -0.138124 -0.279749
v -0.397977 -0.178883 0.190214
v -0.460940 0.147503 -0.044768
v -0.366976 0.664031 -0.152910
v -0.390498 0.397162 0.650292
v -0.610656 0.396804 0.668619
v 0.642231 -0.670090 0.501178
v 0.600961 -0.669713 0.797592
v 0.416022 -0.664955 0.190214
v 0.242947 -0.514499 0.362231
v 0.641032 -0.655039 0.449233
v 0.673448 -0.670090 0.460604
v 0.618146 -0.670622 0.243643
v 0.009022 -0.370535 0.425194
v -0.225959 -0.176034 0.362231
v 0.525826 -0.657178 -0.081385
v 0.618145 -0.297026 -0.492609
v 0.591236 -0.140907 -0.607752
v 0.592085 -0.656704 -0.112820
v 0.396649 0.160251 -0.608512
v 0.416022 -0.583667 -0.279749
v 0.242946 -0.334454 -0.451768
v 0.009022 -0.163703 -0.514731
v -0.225959 -0.068348 -0.451768
v 0.021551 0.664031 -0.153085
v -0.397977 0.160218 -0.279749
v -0.397977 0.144829 0.190214
v -0.460940 0.289156 -0.044768
v 0.014794 0.397162 0.650298
v -0.390282 0.396804 0.668621
v 0.012272 0.447425 0.594492
v 0.014880 0.631227 0.329203
v 0.649773 -0.669776 0.807316
v 0.674848 -0.670090 0.490822
v 0.482306 -0.661816 -0.047363
v 0.478985 -0.650814 -0.044768
v 0.413291 -0.520503 0.190214
v 0.642600 -0.357903 0.644052
v 0.672451 -0.655039 0.449233
v 0.681982 -0.655044 0.465837
v 0.619715 -0.355039 0.555144
v 0.618145 -0.645088 -0.106176
v 0.241841 -0.374928 0.362231
v 0.009022 -0.179087 0.425194
v -0.225959 0.145904 0.362231
v 0.591234 0.160251 -0.608631
v 0.413289 -0.451153 -0.279749
v 0.396558 0.439388 -0.492983
v 0.009022 -0.028839 -0.514731
v 0.241839 -0.226230 -0.451768
v -0.225959 0.186477 -0.451768
v 0.396333 0.664031 -0.153254
v -0.397977 0.291224 -0.279749
v -0.397977 0.288721 0.190214
v -0.288922 0.300105 -0.044353
v 0.404166 0.397162 0.650303
v 0.017285 0.396804 0.668625
v 0.680324 -0.669776 0.801633
v 0.683382 -0.655052 0.489177
v 0.475634 -0.508438 -0.044768
v 0.410429 -0.381314 0.190214
v 0.644168 0.142574 0.731345
v 0.672451 -0.357903 0.644052
v 0.221197 -0.367688 0.364120
v 0.135141 -0.218274 0.411233
v 0.009022 0.141937 0.425194
v -0.225959 0.288896 0.362231
v 0.591478 0.439388 -0.493092
v 0.410426 -0.323202 -0.279749
v 0.135086 -0.061686 -0.505568
v 0.009022 0.198902 -0.514731
v 0.220524 -0.214087 -0.457239
v -0.225959 0.295446 -0.451768
v 0.395892 0.631227 0.329122
v -0.257440 0.300105 -0.279652
v -0.257440 0.300105 0.188447
v 0.010611 0.300105 -0.044353
v 0.598048 0.397162 0.648595
v 0.406436 0.396804 0.668629
v 0.399111 0.447425 0.594477
v 0.688859 -0.654915 0.799771
v 0.472124 -0.371204 -0.044768
v 0.642600 0.379192 0.633849
v 0.621283 0.168794 0.641506
v 0.672451 0.142574 0.731345
v 0.681982 -0.358001 0.657088
v 0.618146 0.607922 0.329075
v 0.403402 -0.374727 0.188812
v 0.135014 0.128943 0.413430
v 0.009022 0.288987 0.425194
v -0.189607 0.300105 0.339592
v 0.592085 0.664031 -0.153341
v 0.618145 0.283301 -0.524257
v 0.135020 0.187920 -0.507299
v 0.009022 0.298118 -0.514731
v 0.403329 -0.317078 -0.278386
v -0.189607 0.300105 -0.431908
v 0.593275 0.631227 0.329080
v 0.010605 0.300105 -0.279653
v 0.010605 0.300105 0.188447
v 0.138125 0.289155 -0.044768
v 0.598585 0.396804 0.666920
v 0.595770 0.447425 0.593613
v -0.336820 -0.426297 2.031530
v 0.683382 -0.358139 0.675413
v 0.641530 0.397162 0.646885
v 0.619715 0.427558 0.592757
v 0.672451 0.379192 0.633849
v 0.681982 0.142356 0.744381
v 0.618145 0.642809 -0.145296
v 0.463048 -0.364471 -0.044771
v 0.274020 -0.372230 0.187409
v 0.212049 -0.368202 0.329622
v 0.136559 0.119880 0.349500
v 0.136542 0.267135 0.355865
v 0.136559 -0.180985 0.349500
v 0.136525 0.288897 0.362231
v 0.009811 0.300105 0.360993
v 0.136647 -0.216712 -0.443453
v 0.136567 -0.074899 -0.443181
v 0.136567 0.164019 -0.443181
v 0.136546 0.281669 -0.447474
v 0.136525 0.295435 -0.451768
v 0.009811 0.300105 -0.452614
v 0.273880 -0.315463 -0.277022
v 0.210939 -0.243972 -0.422954
v 0.138114 0.291215 -0.279749
v 0.138114 0.288721 0.190214
v 0.138125 0.266462 -0.044702
v 0.642231 0.396804 0.665210
v 0.006482 -0.426297 2.011469
v -0.523174 -0.426297 0.857058
v -0.348780 -0.426297 0.674521
v 0.673447 0.397162 0.646885
v 0.681982 0.378939 0.646885
v 0.303903 -0.361903 -0.044774
v 0.142757 -0.366262 0.348852
v 0.136717 -0.355890 0.350177
v 0.141918 -0.226646 -0.442867
v 0.138099 0.271914 -0.279222
v 0.138097 0.266089 0.189845
v 0.674848 0.396804 0.665210
v 0.336363 -0.426297 2.030409
v 0.004050 -0.426297 0.674727
v -0.526189 -0.426297 0.674422
v -0.388766 -0.283859 0.498343
v 0.683382 0.142050 0.762706
v 0.683382 0.378584 0.665210
v 0.144825 -0.370057 0.188811
v 0.138097 -0.358706 0.189845
v 0.138099 -0.304023 -0.279222
v 0.145900 -0.360143 -0.044771
v 0.144756 -0.314364 -0.278386
v 0.340479 -0.426297 0.674927
v 0.497279 -0.426297 0.855317
v 0.004157 -0.248249 0.498571
v -0.533558 -0.248249 0.674418
v -0.356042 0.103335 0.498362
v 0.138125 -0.348421 -0.044702
v 0.374453 -0.283859 0.498791
v 0.498234 -0.426297 0.675018
v 0.004157 0.103335 0.498571
v -0.533558 0.103335 0.674418
v -0.356149 0.276871 0.674517
v 0.502349 -0.248249 0.685251
v 0.344701 0.103335 0.498774
v 0.004050 0.276871 0.674727
v 0.502349 0.103335 0.685251
v 0.344594 0.276871 0.674929
v 0.614959 -0.215594 0.009973
v 0.614959 -0.105608 0.200476
v 0.614959 -0.105608 -0.180530
v 0.614959 0.114365 0.200476
v 0.614959 0.224352 0.009973
v 0.618145 0.115831 -0.183564
v 0.618145 -0.107387 -0.183201
v 0.618145 -0.219585 0.008917
v 0.618146 -0.320071 0.289176
v 0.618145 0.228180 0.008554
v 0.618146 0.268293 0.323349
v 0.138086 -0.154303 -0.260989
v 0.138086 0.155686 -0.260989
v 0.138119 -0.276002 -0.017332
v 0.138070 -0.184729 0.215448
v 0.138070 0.144123 0.215448
v 0.138119 0.239535 -0.017332
v 0.614959 0.114365 -0.180530
v 0.618145 0.426799 -0.065053
v 0.618145 0.191890 -0.341002
v 0.618145 -0.199668 -0.321778
v 0.618145 -0.426619 -0.045830
v 0.618145 0.116337 0.201969
v 0.618145 -0.108211 0.201969
v 0.377630 0.114365 -0.180530
v 0.377632 0.224352 0.009973
v 0.377613 0.114365 0.200476
v 0.377613 -0.105608 0.200476
v 0.377632 -0.215594 0.009973
v 0.377630 -0.105608 -0.180530
v 0.140799 0.114365 -0.180530
v 0.140802 0.224352 0.009973
v 0.140765 0.114365 0.200476
v 0.140765 -0.105608 0.200476
v 0.140802 -0.215594 0.009973
v 0.140799 -0.105608 -0.180530
v -0.648434 -0.572737 2.174652
v 0.686996 -0.094357 2.181349
v 0.670692 -0.669658 2.178117
v 0.682386 -0.669657 2.178117
v 0.226877 0.396130 2.184104
v -0.640965 0.391577 2.185441
v 0.687109 -0.359612 2.179859
v -0.548095 -0.669461 2.176999
v -0.474524 -0.669461 2.177140
v -0.648443 -0.356116 2.177089
v 0.605365 -0.669618 2.179197
v 0.652682 -0.669658 2.178117
v -0.648472 0.377916 2.185345
v 0.688859 -0.459443 2.179298
v -0.394045 0.396131 2.183620
v -0.138174 -0.669449 2.177781
v 0.584935 -0.669612 2.179158
v 0.410350 0.396132 2.177521
v 0.684992 0.391576 2.184079
v 0.690901 -0.573994 2.178655
v 0.482792 -0.669492 2.178965
v 0.266784 -0.669461 2.178553
v -0.547328 0.396130 2.184783
v 0.019554 0.396131 2.180484
v 0.687026 0.140303 2.182667
v -0.648469 0.310269 2.184584
v 0.688788 -0.665959 2.178138
v 0.678579 0.396132 2.175487
v 0.678592 0.396130 2.184104
v -0.648462 0.143755 2.182711
v -0.338369 -0.669461 2.177399
v -0.648442 -0.654751 2.176937
v -0.237943 -0.669461 2.177591
v 0.687126 0.377916 2.184002
v -0.595406 -0.669461 2.176909
v -0.648453 -0.089186 2.180091
v 0.666490 0.396132 2.175578
v 0.547464 -0.669525 2.179088
v 0.603224 0.396132 2.176058
v 0.647291 0.396132 2.175724
v -0.639785 -0.665784 2.176857
v 0.690922 -0.654862 2.178200
v -0.622927 -0.669461 2.176857
v 0.544350 0.396132 2.176504
v 0.630268 -0.669648 2.179244
v -0.630086 -0.667503 2.176860
v 0.624897 0.396132 2.175894
v 0.015245 -0.669449 2.178073
v 0.166432 -0.669449 2.178362
v -0.193463 0.396131 2.182099
v 0.362721 -0.669479 2.178736
v -0.618442 0.396130 2.185322
v 0.687101 0.309400 2.183617
vn -0.8937 -0.3826 -0.2343
vn -0.3176 -0.7865 -0.5296
vn -0.2419 -0.9487 -0.2037
vn -0.8686 -0.4681 -0.1624
vn 0.0941 -0.8551 -0.5099
vn 0.0042 -0.9786 -0.2059
vn -0.0117 -0.9988 -0.0473
vn -0.1278 -0.9900 -0.0598
vn -0.6239 -0.7763 -0.0901
vn -0.9994 -0.0007 -0.0333
vn -0.9990 -0.0068 -0.0444
vn -0.9956 -0.0650 -0.0678
vn -0.9961 -0.0738 -0.0484
vn -0.9907 -0.0456 -0.1280
vn -0.9782 -0.1291 -0.1628
vn -0.0374 -0.9993 0.0095
vn -0.3522 -0.9358 -0.0124
vn 0.0063 -0.9999 0.0123
vn 0.0067 -0.9998 0.0199
vn -0.0274 -0.9993 0.0247
vn -0.3459 -0.9381 0.0175
vn -0.9964 -0.0757 -0.0381
vn -0.9960 -0.0814 -0.0378
vn -0.9991 0.0006 -0.0417
vn -0.9993 0.0003 -0.0372
vn -0.0004 -1.0000 0.0022
vn -0.0496 -0.9988 -0.0012
vn -0.0428 -0.9990 0.0136
vn 0.0018 -0.9999 0.0118
vn -0.5004 -0.8653 -0.0281
vn -0.4710 -0.8821 -0.0064
vn -0.0171 -0.9987 -0.0475
vn 0.0052 -0.9999 0.0086
vn -0.0196 -0.9987 -0.0468
vn 0.0026 -1.0000 0.0066
vn 0.0126 -0.9997 0.0206
vn 0.0117 -0.9997 0.0197
vn -0.0067 -0.4629 -0.8864
vn 0.0592 -0.6549 -0.7534
vn -0.4785 -0.5079 -0.7162
vn -0.5867 -0.3318 -0.7387
vn 0.0352 -0.8990 -0.4365
vn -0.0117 -0.9835 -0.1804
vn -0.0342 -0.9279 -0.3713
vn -0.0281 -0.9871 -0.1578
vn -0.9994 0.0006 -0.0332
vn -0.9992 0.0006 -0.0408
vn -0.9992 0.0011 -0.0406
vn -0.9995 0.0010 -0.0329
vn -0.9948 0.0005 -0.1016
vn -0.9942 -0.0120 -0.1064
vn -0.9964 -0.0702 -0.0471
vn -0.9959 -0.0709 -0.0558
vn -0.9984 0.0004 -0.0558
vn -0.9988 0.0006 -0.0488
vn -0.9993 0.0006 -0.0372
vn -0.9991 0.0005 -0.0417
vn -0.9993 0.0008 -0.0371
vn 0.0039 -1.0000 0.0086
vn 0.0007 -1.0000 0.0069
vn 0.0015 -1.0000 -0.0045
vn -0.0003 -1.0000 -0.0002
vn -0.0006 -1.0000 0.0023
vn -0.0003 -1.0000 0.0024
vn 0.0101 -0.9999 0.0125
vn 0.0071 -0.9999 0.0090
vn 0.0067 -1.0000 -0.0021
vn 0.0044 -1.0000 -0.0056
vn -0.0629 -0.6827 -0.7280
vn -0.0584 -0.8012 -0.5955
vn 0.0299 -0.7364 -0.6759
vn -0.0162 -0.6122 -0.7905
vn -0.7018 -0.0012 -0.7124
vn -0.6673 -0.1638 -0.7266
vn -0.0007 -0.0025 -1.0000
vn -0.0104 -0.2384 -0.9711
vn 0.0098 -0.9535 -0.3013
vn 0.0936 -0.9858 -0.1395
vn 0.8784 -0.4736 0.0642
vn 0.9339 -0.3515 -0.0651
vn 0.8698 -0.4239 -0.2525
vn 0.0801 -0.9943 -0.0709
vn -0.9984 0.0005 -0.0559
vn -0.9984 0.0004 -0.0559
vn -0.4983 -0.8666 -0.0275
vn -0.9960 -0.0705 -0.0542
vn -0.4849 -0.8741 -0.0289
vn -0.9956 -0.0720 -0.0595
vn -0.9982 0.0006 -0.0595
vn -0.9985 0.0005 -0.0543
vn -0.9991 0.0006 -0.0413
vn -0.9993 0.0007 -0.0367
vn -0.9993 0.0006 -0.0370
vn -0.9991 0.0006 -0.0415
vn -0.9995 0.0009 -0.0324
vn -0.9995 -0.0005 -0.0328
vn -0.0004 -1.0000 -0.0002
vn -0.0005 -1.0000 0.0006
vn -0.0003 -1.0000 0.0007
vn -0.0005 -1.0000 -0.0003
vn -0.0007 -1.0000 0.0006
vn -0.0011 -0.9999 -0.0105
vn -0.0008 -1.0000 -0.0020
vn -0.0034 -1.0000 -0.0051
vn -0.0015 -1.0000 -0.0007
vn -0.0010 -1.0000 0.0017
vn -0.0004 -1.0000 0.0023
vn -0.0475 -0.9989 -0.0022
vn -0.0448 -0.9990 -0.0029
vn 0.0573 -0.9980 -0.0259
vn 0.7032 -0.5915 -0.3945
vn 0.5265 -0.6872 -0.5005
vn 0.0462 -0.9989 -0.0126
vn -0.0100 -0.3473 -0.9377
vn -0.0102 -0.4895 -0.8720
vn -0.0272 -0.5413 -0.8404
vn -0.0224 -0.3976 -0.9173
vn -0.0008 -0.5791 -0.8153
vn -0.0270 -0.6078 -0.7936
vn 0.5077 -0.8382 -0.1990
vn 0.6889 -0.7248 -0.0032
vn -0.0908 -0.8481 -0.5220
vn -0.0842 -0.7215 -0.6873
vn 0.9729 -0.0312 0.2292
vn 0.9997 -0.0216 -0.0143
vn 0.9689 -0.0007 0.2473
vn 1.0000 -0.0006 -0.0064
vn 0.9653 -0.0005 -0.2613
vn 0.9644 -0.0263 -0.2633
vn -0.9992 -0.0005 -0.0403
vn -0.9991 0.0044 -0.0419
vn -0.9928 0.0314 -0.1160
vn -0.9946 0.0096 -0.1037
vn -0.9988 0.0006 -0.0485
vn -0.9984 0.0006 -0.0560
vn -0.9984 0.0005 -0.0561
vn -0.9989 0.0006 -0.0479
vn -0.9985 -0.0000 -0.0543
vn -0.3808 -0.9244 -0.0197
vn -0.9944 -0.0883 -0.0582
vn -0.3801 -0.9249 -0.0087
vn -0.9953 -0.0919 -0.0296
vn -0.9995 0.0004 -0.0304
vn -0.9983 0.0006 -0.0589
vn -0.5555 0.6950 0.4566
vn -0.6630 0.6923 0.2847
vn -0.9977 0.0679 -0.0052
vn -0.9982 0.0607 0.0020
vn -0.7817 0.6237 0.0012
vn -0.9969 0.0705 -0.0356
vn -0.0006 -1.0000 -0.0003
vn -0.0008 -1.0000 -0.0003
vn -0.0013 -1.0000 0.0004
vn -0.0013 -1.0000 -0.0002
vn -0.0009 -0.9999 -0.0143
vn -0.0007 -0.9999 -0.0116
vn -0.0078 -1.0000 -0.0029
vn -0.0056 -1.0000 -0.0063
vn -0.0029 -1.0000 0.0093
vn -0.0009 -1.0000 0.0053
vn -0.0096 -0.9995 0.0285
vn 0.0001 -0.9999 0.0128
vn -0.0017 -1.0000 0.0003
vn -0.0016 -1.0000 0.0009
vn -0.0379 -0.9993 -0.0020
vn -0.0444 -0.9990 -0.0012
vn 0.0397 -0.9988 -0.0304
vn 0.3912 -0.6437 -0.6578
vn 0.2235 -0.5130 -0.8288
vn 0.0294 -0.9971 -0.0701
vn 0.0088 -0.3492 -0.9370
vn 0.0083 -0.4918 -0.8707
vn -0.0011 -0.4694 -0.8830
vn -0.0007 -0.3293 -0.9442
vn -0.0005 -0.5794 -0.8151
vn -0.0007 -0.0026 -1.0000
vn -0.0093 -0.2182 -0.9759
vn -0.0033 -0.1984 -0.9801
vn 0.0144 -0.6037 -0.7971
vn -0.0195 -0.6313 -0.7753
vn 0.4433 -0.7835 0.4355
vn 0.5079 -0.8441 -0.1719
vn -0.6847 0.1362 -0.7160
vn -0.6151 0.2802 -0.7369
vn -0.0004 0.3830 -0.9238
vn -0.0005 0.2098 -0.9778
vn 0.7546 -0.0547 0.6539
vn 0.8894 -0.0477 0.4546
vn 0.7236 -0.0007 0.6902
vn 0.8745 -0.0007 0.4851
vn 0.8661 -0.0408 -0.4983
vn 0.8660 -0.0000 -0.5000
vn 0.7077 -0.0001 -0.7065
vn 0.7082 -0.0506 -0.7042
vn 0.9662 -0.0005 -0.2578
vn 0.9659 -0.0003 -0.2591
vn 1.0000 -0.0006 -0.0013
vn 1.0000 -0.0006 0.0027
vn 0.9665 -0.0007 0.2565
vn 0.9646 -0.0007 0.2636
vn -0.9980 0.0633 -0.0067
vn -0.9981 0.0614 0.0084
vn -0.4775 0.6675 0.5714
vn -0.5039 0.6617 0.5551
vn -0.9985 0.0006 -0.0543
vn -0.9985 0.0003 -0.0543
vn -0.9995 0.0007 -0.0303
vn -0.9995 0.0006 -0.0303
vn -0.3840 -0.9191 0.0886
vn -0.9943 -0.1063 -0.0037
vn -1.0000 0.0002 -0.0029
vn 0.0006 0.8214 0.5703
vn 0.0006 0.9080 0.4189
vn -0.0702 0.9080 0.4130
vn -0.0505 0.8220 0.5673
vn 0.0006 0.9975 0.0711
vn -0.1097 0.9917 0.0674
vn -0.8584 0.4285 -0.2820
vn -0.9813 0.1136 -0.1554
vn -0.9961 0.0597 -0.0657
vn -0.8688 0.4576 -0.1893
vn -0.0011 -1.0000 0.0007
vn -0.0006 -1.0000 -0.0000
vn -0.0006 -1.0000 -0.0001
vn -0.0013 -1.0000 0.0003
vn -0.0018 -1.0000 0.0001
vn -0.0021 -1.0000 -0.0001
vn -0.0020 -1.0000 -0.0002
vn -0.0019 -1.0000 -0.0002
vn -0.0076 -0.9996 0.0256
vn -0.0084 -0.9997 0.0247
vn -0.0062 -0.9999 0.0102
vn -0.0088 -0.9999 0.0145
vn -0.0005 -1.0000 0.0004
vn -0.0028 -0.9999 0.0127
vn -0.0617 -0.9981 0.0003
vn -0.2751 -0.9600 0.0521
vn -0.0006 -0.9951 -0.0991
vn -0.0002 -0.4438 -0.8961
vn -0.2244 -0.5114 -0.8295
vn -0.0326 -0.9963 -0.0791
vn 0.5005 -0.0447 -0.8646
vn 0.5007 -0.0000 -0.8656
vn 0.2593 0.0002 -0.9658
vn 0.2588 -0.0319 -0.9654
vn 0.0052 -0.4664 -0.8845
vn 0.0147 -0.6145 -0.7888
vn 0.0261 -0.5436 -0.8389
vn 0.0218 -0.4004 -0.9161
vn 0.0608 -0.6842 -0.7268
vn 0.0248 -0.6084 -0.7932
vn -0.0007 -0.1938 -0.9810
vn -0.0007 -0.0027 -1.0000
vn 0.0018 -0.1986 -0.9801
vn -0.0165 -0.6028 -0.7978
vn -0.0026 -0.6133 -0.7899
vn -0.4416 -0.8111 0.3835
vn 0.0038 -0.6073 0.7945
vn 0.2873 -0.0214 0.9576
vn 0.5495 -0.0386 0.8346
vn 0.2739 -0.0005 0.9618
vn 0.5205 -0.0006 0.8539
vn -0.0003 0.3827 -0.9239
vn -0.0005 0.2095 -0.9778
vn -0.0005 0.2096 -0.9778
vn -0.0004 0.3829 -0.9238
vn 0.8679 -0.0007 0.4968
vn 0.8625 -0.0007 0.5061
vn 0.7109 -0.0007 0.7032
vn 0.7004 -0.0007 0.7137
vn 0.7071 -0.0000 -0.7071
vn 0.9654 -0.0005 -0.2607
vn 0.9657 -0.0004 -0.2597
vn 1.0000 -0.0006 -0.0026
vn 1.0000 -0.0006 -0.0050
vn 0.9672 -0.0007 0.2541
vn 0.9683 -0.0007 0.2499
vn -0.1914 0.8102 -0.5541
vn -0.4372 0.5260 -0.7295
vn 0.0002 0.8348 -0.5506
vn -0.0001 0.6137 -0.7895
vn -0.5286 0.8487 -0.0146
vn -0.5501 0.7844 0.2866
vn -0.9975 0.0632 -0.0327
vn -0.9943 0.0899 -0.0574
vn 0.0005 0.7435 0.6688
vn 0.0005 0.7492 0.6623
vn -0.0430 0.7505 0.6594
vn -0.0395 0.7432 0.6680
vn -1.0000 0.0005 -0.0032
vn 0.0004 0.9529 -0.3032
vn -0.1402 0.9459 -0.2927
vn -0.0005 -1.0000 0.0001
vn -0.0005 -1.0000 -0.0001
vn -0.0008 -1.0000 0.0005
vn -0.0017 -1.0000 0.0009
vn -0.0017 -1.0000 0.0008
vn -0.0019 -1.0000 0.0016
vn -0.0013 -1.0000 0.0016
vn -0.0460 -0.9981 -0.0405
vn -0.3953 -0.6356 -0.6631
vn -0.5384 -0.6697 -0.5116
vn -0.0532 -0.9984 -0.0185
vn 0.2751 -0.9419 -0.1926
vn 0.0198 -0.9989 -0.0428
vn 0.0030 -1.0000 -0.0052
vn 0.0196 -0.9997 -0.0110
vn -0.0015 -1.0000 -0.0003
vn 0.4709 -0.8798 0.0644
vn 0.5195 -0.8544 -0.0030
vn 0.0374 -0.9991 0.0212
vn 0.0156 -0.9986 0.0496
vn -0.0000 -0.0262 -0.9997
vn -0.0001 -0.0001 -1.0000
vn -0.2597 -0.0005 -0.9657
vn -0.2590 -0.0323 -0.9654
vn 0.2585 0.0002 -0.9660
vn 0.2588 -0.0000 -0.9659
vn 0.5000 -0.0000 -0.8660
vn -0.1176 -0.8495 -0.5144
vn -0.0430 -0.8975 -0.4390
vn -0.0318 -0.7369 -0.6753
vn -0.0639 -0.6547 -0.7532
vn 0.0329 -0.9275 -0.3724
vn 0.0566 -0.8021 -0.5945
vn 0.0084 -0.2189 -0.9757
vn 0.0094 -0.2391 -0.9709
vn 0.0808 -0.7223 -0.6868
vn 0.0163 -0.6309 -0.7757
vn -0.4966 -0.8408 -0.2156
vn -0.4904 -0.8453 -0.2121
vn -0.2877 -0.0236 0.9574
vn 0.0006 -0.0169 0.9999
vn -0.2748 -0.0016 0.9615
vn 0.0002 -0.0003 1.0000
vn 0.5052 -0.0006 0.8630
vn 0.4919 -0.0006 0.8707
vn 0.2629 -0.0005 0.9648
vn 0.2533 -0.0005 0.9674
vn -0.0001 0.6136 -0.7896
vn 0.0002 0.8345 -0.5510
vn 0.0002 0.8345 -0.5511
vn -0.0001 0.6135 -0.7897
vn 0.8696 -0.0007 0.4937
vn 0.8728 -0.0007 0.4882
vn 0.7145 -0.0007 0.6996
vn 0.7206 -0.0007 0.6933
vn 0.7076 -0.0002 -0.7066
vn 0.8660 -0.0005 -0.5000
vn 0.8661 -0.0005 -0.4999
vn 0.9668 -0.0007 0.2555
vn 1.0000 -0.0006 -0.0018
vn 0.9663 -0.0007 0.2573
vn 1.0000 -0.0006 -0.0009
vn 0.9659 -0.0000 -0.2588
vn 0.9658 -0.0004 -0.2594
vn -0.0480 0.9263 0.3736
vn -0.0495 0.9986 0.0169
vn 0.0004 0.9998 0.0198
vn 0.0006 0.9265 0.3764
vn -0.9955 0.0900 -0.0312
vn -0.9940 0.0920 -0.0591
vn -0.5209 0.8535 -0.0111
vn -0.5171 0.8556 -0.0240
vn 0.0005 0.7430 0.6693
vn 0.0005 0.7495 0.6620
vn 0.0005 0.7494 0.6621
vn 0.0006 0.8216 0.5700
vn 0.0006 0.8216 0.5701
vn 0.0006 0.9084 0.4181
vn 0.0006 0.9083 0.4183
vn 0.0006 0.9976 0.0693
vn 0.0006 0.9976 0.0699
vn -0.0005 -1.0000 -0.0002
vn -0.0004 -1.0000 -0.0003
vn -0.0005 -1.0000 -0.0004
vn -0.0006 -1.0000 0.0005
vn 0.0005 -1.0000 0.0004
vn -0.0013 -1.0000 0.0012
vn -0.0020 -1.0000 0.0014
vn -0.0016 -1.0000 -0.0000
vn -0.0010 -1.0000 0.0002
vn -0.0004 -1.0000 0.0005
vn -0.0009 -1.0000 0.0007
vn -0.0009 -1.0000 0.0009
vn -0.0020 -1.0000 0.0012
vn -0.0020 -0.9999 0.0101
vn -0.0115 -0.9999 0.0119
vn 0.0125 -0.9987 -0.0499
vn -0.0050 -0.9985 -0.0553
vn -0.0577 -0.9966 -0.0592
vn -0.0366 -0.9992 0.0187
vn -0.7204 -0.5638 -0.4040
vn -0.0695 -0.9971 -0.0296
vn -0.8814 -0.3980 -0.2546
vn -0.0980 -0.9924 -0.0746
vn -0.5011 -0.0465 -0.8641
vn -0.5023 -0.0036 -0.8647
vn -0.7097 -0.0092 -0.7044
vn -0.7090 -0.0550 -0.7031
vn 0.0896 -0.8224 -0.5617
vn 0.0065 -0.9965 -0.0828
vn -0.0277 -0.6780 -0.7346
vn -0.0104 -0.9943 -0.1065
vn 1.0000 -0.0009 -0.0029
vn 0.9990 0.0171 -0.0423
vn 0.9986 -0.0306 -0.0422
vn 0.9986 -0.0529 0.0035
vn 0.9396 0.1716 -0.2961
vn 0.8934 0.1680 -0.4168
vn -0.0702 -0.9955 -0.0638
vn -0.0319 -0.9991 0.0271
vn 0.3354 -0.9398 -0.0659
vn 0.3628 -0.9315 0.0282
vn -0.2596 -0.0005 -0.9657
vn -0.2602 -0.0010 -0.9656
vn -0.0002 -0.0001 -1.0000
vn 0.2594 0.0001 -0.9658
vn 0.2595 0.0002 -0.9658
vn 0.5006 -0.0000 -0.8657
vn 0.8316 -0.2543 -0.4938
vn 0.9164 -0.2354 -0.3237
vn 0.1687 -0.6145 -0.7707
vn 0.1275 -0.4301 -0.8937
vn 0.8234 -0.4675 -0.3217
vn 0.1204 -0.8344 -0.5378
vn -0.0102 -0.9532 -0.3021
vn 0.0887 -0.8488 -0.5212
vn -0.8767 -0.4769 0.0623
vn -0.6810 -0.7322 -0.0114
vn -0.7590 -0.0659 0.6477
vn -0.5538 -0.0455 0.8314
vn -0.7294 -0.0120 0.6839
vn -0.5250 -0.0058 0.8511
vn -0.0005 0.2093 -0.9778
vn -0.0004 0.3828 -0.9238
vn -0.0005 0.2094 -0.9778
vn 0.0001 -0.0003 1.0000
vn -0.2643 -0.0016 0.9644
vn -0.2544 -0.0015 0.9671
vn 0.0006 -0.0004 1.0000
vn 0.5097 -0.0006 0.8604
vn 0.5170 -0.0006 0.8560
vn 0.2664 -0.0005 0.9639
vn 0.2715 -0.0005 0.9624
vn 0.7125 -0.0007 0.7017
vn 0.8686 -0.0007 0.4955
vn 0.7098 -0.0007 0.7044
vn 0.8672 -0.0007 0.4979
vn 0.9663 -0.0006 0.2574
vn 1.0000 -0.0005 -0.0007
vn 0.9664 -0.0007 0.2571
vn 0.9658 -0.0005 -0.2592
vn 0.9658 -0.0006 -0.2592
vn 0.0004 0.9527 -0.3040
vn 0.0004 0.9527 -0.3039
vn 0.0006 0.9998 0.0199
vn 0.0006 0.9256 0.3785
vn 0.0012 0.9257 0.3783
vn -0.0469 0.9989 0.0043
vn -0.0489 0.9988 0.0027
vn 0.0006 1.0000 0.0028
vn 0.0006 1.0000 0.0071
vn -0.9956 0.0934 -0.0031
vn -0.5376 0.8406 0.0662
vn 0.0004 -1.0000 0.0002
vn -0.0006 -1.0000 0.0003
vn -0.0003 -1.0000 0.0005
vn -0.0001 -1.0000 0.0008
vn -0.0004 -1.0000 0.0008
vn -0.0018 -1.0000 -0.0003
vn -0.0013 -1.0000 0.0001
vn -0.0014 -1.0000 0.0001
vn -0.0004 -1.0000 0.0002
vn -0.8663 -0.0491 -0.4971
vn -0.8671 -0.0154 -0.4978
vn -0.9652 -0.0202 -0.2609
vn -0.9640 -0.0384 -0.2632
vn -0.5031 -0.0040 -0.8642
vn -0.5037 -0.0039 -0.8639
vn -0.7115 -0.0100 -0.7026
vn -0.7107 -0.0099 -0.7035
vn 0.3761 0.5000 -0.7801
vn 0.2536 0.4747 -0.8428
vn 0.0004 0.5487 -0.8360
vn -0.0017 0.5106 -0.8598
vn 0.1716 -0.6102 -0.7735
vn 0.1775 -0.9755 -0.1300
vn 0.8281 -0.3024 -0.4721
vn 0.8540 -0.4992 -0.1465
vn 0.8589 -0.5101 -0.0460
vn 0.1800 -0.9836 -0.0091
vn 0.9978 -0.0667 0.0024
vn 1.0000 -0.0005 -0.0006
vn 0.9966 -0.0823 -0.0059
vn 1.0000 -0.0006 -0.0000
vn -0.1571 0.0243 -0.9873
vn -0.2328 0.0255 -0.9722
vn 0.0125 0.0132 -0.9998
vn 0.0317 0.0137 -0.9994
vn 0.2592 0.0003 -0.9658
vn 0.2594 0.0002 -0.9658
vn -0.0100 -0.9819 -0.1889
vn -0.0642 -0.9734 -0.2198
vn 0.0216 -0.9865 -0.1625
vn 0.9495 -0.0916 -0.3001
vn 0.9969 -0.0356 -0.0704
vn 0.9381 -0.0080 -0.3464
vn 0.9980 -0.0045 -0.0636
vn 1.0000 -0.0003 -0.0000
vn 0.9969 -0.0576 -0.0544
vn 0.2141 -0.0035 -0.9768
vn 0.2086 -0.2258 -0.9516
vn 0.6188 -0.7600 -0.1985
vn 0.0152 -0.9711 -0.2380
vn -0.9733 -0.0465 0.2246
vn -0.8917 -0.0616 0.4484
vn -0.9703 -0.0215 0.2409
vn -0.8785 -0.0177 0.4774
vn -0.7088 -0.0120 0.7053
vn -0.4982 -0.0055 0.8670
vn -0.5108 -0.0057 0.8597
vn -0.7181 -0.0123 0.6958
vn 0.0148 0.0215 0.9997
vn -0.2202 0.0466 0.9743
vn -0.1324 0.0492 0.9900
vn 0.0365 0.0201 0.9991
vn 0.2645 -0.0005 0.9644
vn 0.5071 -0.0006 0.8619
vn 0.2619 -0.0005 0.9651
vn 0.5038 -0.0006 0.8638
vn 0.0004 0.9526 -0.3041
vn 0.0006 0.9976 0.0692
vn 0.7097 -0.0007 0.7045
vn 0.8672 -0.0007 0.4980
vn 0.7101 -0.0007 0.7041
vn 0.8674 -0.0007 0.4976
vn 0.7635 -0.6159 0.1942
vn 0.7802 -0.6255 -0.0033
vn 0.0660 -0.9977 0.0133
vn 0.0687 -0.9976 -0.0023
vn 0.0741 -0.9971 -0.0194
vn 0.7792 -0.5921 -0.2055
vn 0.0005 0.9998 0.0198
vn 0.0006 0.9259 0.3777
vn 0.0006 0.9257 0.3783
vn 0.0007 0.9998 0.0199
vn 0.0005 0.7432 0.6691
vn 0.0005 0.7430 0.6692
vn 0.0005 1.0000 0.0028
vn 0.0005 0.7496 0.6619
vn 0.0006 0.8217 0.5699
vn 0.0006 0.8217 0.5700
vn 0.0006 0.9085 0.4179
vn 0.0006 0.9085 0.4180
vn 0.0003 -1.0000 0.0009
vn 0.0003 -1.0000 -0.0000
vn 0.2269 -0.9739 -0.0046
vn 0.8773 -0.4796 -0.0205
vn 0.8774 -0.4795 -0.0153
vn 0.2180 -0.9760 -0.0032
vn -0.1049 -0.9844 -0.1414
vn -0.9383 -0.3397 -0.0645
vn -0.9992 -0.0363 -0.0164
vn -0.9997 -0.0224 -0.0094
vn -0.8680 -0.0167 -0.4963
vn -0.8689 -0.0169 -0.4947
vn -0.9666 -0.0223 -0.2554
vn -0.9659 -0.0219 -0.2579
vn 0.9689 0.0389 -0.2445
vn 0.5709 0.1384 -0.8093
vn 0.5142 0.3887 -0.7645
vn 0.9623 0.1174 -0.2455
vn 0.0001 0.1757 -0.9845
vn 0.0002 0.4704 -0.8825
vn 0.1499 0.5420 -0.8269
vn 0.1556 0.5050 -0.8490
vn 0.7452 0.3641 -0.5587
vn 0.7454 0.3351 -0.5762
vn 0.9772 0.1151 -0.1786
vn 0.9818 0.0792 -0.1724
vn 0.9965 0.0446 -0.0710
vn 0.9979 0.0107 -0.0638
vn 1.0000 -0.0004 -0.0093
vn 0.9989 0.0044 -0.0473
vn 0.9989 0.0145 -0.0443
vn 1.0000 -0.0004 -0.0061
vn 0.9956 -0.0897 -0.0262
vn -0.5027 -0.0314 -0.8639
vn -0.4341 -0.2782 -0.8568
vn -0.4806 -0.7503 -0.4539
vn -0.7135 -0.0548 -0.6985
vn 0.0484 0.0049 -0.9988
vn 0.0580 0.0007 -0.9983
vn -0.0993 0.0020 -0.9951
vn -0.1131 0.0107 -0.9935
vn 0.2582 0.0001 -0.9661
vn 0.2585 0.0001 -0.9660
vn 0.8034 0.2251 -0.5512
vn 0.9413 0.0758 -0.3289
vn 0.1857 0.1911 -0.9638
vn 0.1190 0.3810 -0.9169
vn -0.9665 -0.0232 0.2556
vn -0.8682 -0.0187 0.4958
vn -0.8729 -0.0187 0.4876
vn -0.9682 -0.0229 0.2491
vn 0.0002 0.8344 -0.5511
vn -0.0785 0.0169 0.9968
vn 0.0537 0.0068 0.9985
vn -0.0641 0.0014 0.9979
vn 0.0636 -0.0000 0.9980
vn -0.5051 -0.0440 0.8619
vn -0.7158 -0.0581 0.6959
vn -0.5831 -0.7963 0.1608
vn -0.4998 -0.2492 0.8295
vn 0.2609 -0.0005 0.9654
vn 0.5035 -0.0006 0.8640
vn 0.5041 -0.0006 0.8637
vn 0.0006 0.9976 0.0689
vn 0.0004 0.9526 -0.3042
vn 0.0004 0.9527 -0.3041
vn 0.0006 0.9976 0.0691
vn 0.6427 -0.4609 0.6120
vn 0.7234 -0.5638 0.3986
vn 0.0642 -0.9965 0.0535
vn 0.0647 -0.9975 0.0297
vn 0.7484 -0.5120 -0.4216
vn 0.0842 -0.9954 -0.0456
vn 0.1024 -0.9897 -0.1005
vn 0.6625 -0.3815 -0.6447
vn 0.0090 -1.0000 0.0009
vn 0.0094 -1.0000 -0.0007
vn 0.0102 -0.9999 -0.0026
vn 0.0005 0.9998 0.0197
vn 0.0037 0.9267 0.3757
vn 0.0011 0.9263 0.3767
vn 0.0049 0.7426 0.6697
vn 0.0012 0.7432 0.6690
vn 0.2027 -0.9792 -0.0010
vn 0.8687 -0.4953 -0.0087
vn 0.8662 -0.4997 0.0098
vn 0.2951 -0.9544 0.0459
vn -0.0006 -1.0000 0.0002
vn 0.9995 0.0165 -0.0287
vn 0.9994 -0.0193 -0.0274
vn 0.9998 0.0108 -0.0176
vn 0.9996 -0.0203 -0.0185
vn -0.9997 -0.0245 -0.0001
vn -0.9997 -0.0242 -0.0042
vn -0.8687 -0.0583 -0.4919
vn -0.5952 -0.7304 -0.3350
vn -0.6260 -0.7545 -0.1970
vn -0.9649 -0.0669 -0.2540
vn 0.9474 -0.0966 -0.3051
vn 0.3870 -0.3420 -0.8563
vn 0.5455 -0.1793 -0.8187
vn 0.9652 -0.0567 -0.2554
vn -0.0003 -0.3803 -0.9249
vn -0.0002 -0.2408 -0.9706
vn 0.1822 0.1738 -0.9678
vn 0.1588 0.4669 -0.8699
vn 0.8310 0.0952 -0.5481
vn 0.7815 0.2918 -0.5515
vn -0.8319 -0.4231 -0.3590
vn -0.2597 -0.9380 -0.2295
vn -0.3540 -0.4994 0.7908
vn 0.0777 -0.7342 0.6745
vn -0.0253 -0.9994 0.0240
vn -0.0275 -0.9994 0.0212
vn -0.0231 -0.9996 0.0144
vn -0.0741 -0.9963 -0.0438
vn -0.9997 -0.0005 -0.0232
vn -0.8681 -0.1103 0.4840
vn -0.6770 -0.0046 -0.7360
vn -0.9997 0.0003 -0.0227
vn -0.6837 0.0037 -0.7297
vn -0.9997 0.0006 -0.0236
vn 0.0479 -0.0070 -0.9988
vn 0.0286 -0.0203 -0.9994
vn -0.2299 -0.0775 -0.9701
vn -0.1205 -0.0186 -0.9925
vn 0.4875 -0.2597 -0.8336
vn 0.1165 -0.9720 -0.2040
vn 0.0555 -0.9738 -0.2203
vn 0.2473 -0.2517 -0.9357
vn 0.1385 0.8266 -0.5455
vn 0.1859 0.6177 -0.7641
vn 0.8537 0.4178 -0.3110
vn 0.9255 0.2111 -0.3144
vn -0.6361 -0.7714 0.0187
vn -0.6345 -0.7643 0.1150
vn -0.8703 -0.0626 0.4885
vn -0.9657 -0.0695 0.2502
vn -0.8576 -0.5032 -0.1061
vn -0.6235 0.0125 0.7817
vn -0.2963 -0.4019 -0.8664
vn -0.8470 -0.1172 -0.5185
vn -0.9997 -0.0001 0.0236
vn -0.9997 0.0005 0.0239
vn -0.9997 0.0006 0.0240
vn -0.6099 0.0038 0.7925
vn -0.0882 -0.0297 0.9957
vn 0.0527 -0.0114 0.9985
vn -0.2085 -0.1246 0.9701
vn 0.0332 -0.0333 0.9989
vn -0.0076 -0.7459 -0.6660
vn 0.0541 -0.5258 -0.8489
vn -0.2187 -0.8855 -0.4100
vn 0.0042 -0.8024 -0.5968
vn -0.0763 -0.9114 -0.4045
vn -0.0071 -0.8953 -0.4454
vn 0.2450 -0.3841 0.8902
vn 0.4823 -0.3519 0.8022
vn 0.0204 -0.9979 0.0614
vn 0.0563 -0.9952 0.0806
vn 0.0007 0.9085 0.4179
vn 0.0007 0.8217 0.5699
vn 0.0013 0.8215 0.5701
vn 0.0008 0.9086 0.4177
vn 0.0090 -0.9999 0.0057
vn 0.0088 -1.0000 0.0026
vn 0.0116 -0.9999 -0.0055
vn 0.0152 -0.9998 -0.0133
vn -0.0123 -0.9999 -0.0006
vn -0.0127 -0.9999 -0.0005
vn -0.0115 -0.9999 -0.0008
vn -0.0793 -0.9968 -0.0025
vn -0.0856 -0.9963 -0.0015
vn -0.0886 -0.9961 -0.0008
vn 0.0011 0.9998 0.0197
vn 0.1125 0.9782 0.1745
vn 0.0329 0.9336 0.3567
vn 0.0008 0.9998 0.0195
vn 0.5047 0.7546 0.4193
vn 0.0603 0.7411 0.6687
vn 0.0006 1.0000 0.0070
vn 0.0007 1.0000 0.0070
vn 0.0009 0.7495 0.6620
vn 0.0030 0.7487 0.6629
vn 0.9999 0.0100 -0.0056
vn 0.9997 -0.0206 -0.0105
vn 1.0000 0.0082 -0.0023
vn 0.9997 -0.0232 -0.0018
vn -0.6260 -0.7755 -0.0821
vn -0.9974 -0.0723 -0.0024
vn 0.2775 0.7671 -0.5784
vn 0.2703 -0.2298 -0.9350
vn 0.9468 0.0157 -0.3216
vn 0.0003 0.5953 -0.8035
vn -0.0002 -0.2463 -0.9692
vn 1.0000 -0.0011 -0.0097
vn 0.9986 -0.0080 -0.0514
vn 1.0000 0.0005 -0.0069
vn 0.9989 -0.0067 -0.0471
vn 0.1574 -0.3748 -0.9136
vn 0.1745 -0.2411 -0.9547
vn 0.7562 -0.2495 -0.6049
vn 0.8085 -0.1420 -0.5711
vn 0.9870 0.0251 -0.1584
vn 0.9817 0.0862 -0.1698
vn 0.9970 0.0119 -0.0761
vn 0.9965 0.0383 -0.0748
vn 1.0000 -0.0005 -0.0000
vn 0.9964 0.0840 0.0075
vn 0.9974 0.0643 0.0312
vn 1.0000 -0.0003 -0.0013
vn 0.6359 0.7701 0.0507
vn 0.6326 0.7048 0.3211
vn 0.6220 0.6453 0.4434
vn 0.9980 0.0532 0.0334
vn -0.0661 -0.9970 -0.0399
vn -0.0195 -0.9998 -0.0105
vn -0.0178 -0.9985 -0.0512
vn -0.0622 -0.9960 -0.0646
vn -0.6801 -0.0162 -0.7330
vn -0.7698 -0.0902 -0.6318
vn -0.9997 0.0015 -0.0240
vn -0.9997 0.0008 -0.0237
vn 0.0143 -0.2919 -0.9563
vn -0.0072 -0.9812 -0.1928
vn -0.0741 -0.9817 -0.1756
vn -0.3054 -0.4014 -0.8635
vn 0.0211 -0.9990 -0.0401
vn 0.0051 -0.9996 -0.0276
vn 0.0888 0.9480 -0.3057
vn 0.0695 0.9954 0.0658
vn 0.7298 0.6477 -0.2187
vn 0.9970 0.0291 -0.0715
vn 0.9974 0.0506 -0.0507
vn -0.9997 0.0008 0.0240
vn -0.6088 -0.0308 0.7927
vn -0.9997 0.0013 0.0243
vn -0.7494 -0.1603 0.6425
vn -0.2425 -0.5999 0.7625
vn 0.0174 -0.4738 0.8805
vn -0.0254 -0.9991 0.0327
vn -0.0031 -0.9992 0.0400
vn -0.0717 -0.9624 -0.2620
vn -0.0650 -0.9827 -0.1737
vn -0.0164 -0.9818 -0.1891
vn -0.0137 -0.9548 -0.2969
vn 0.0099 -0.9998 0.0145
vn 0.0017 -1.0000 0.0070
vn 0.0651 0.9080 0.4140
vn 0.0610 0.8209 0.5678
vn -0.0104 -0.9999 -0.0011
vn -0.0091 -1.0000 -0.0015
vn -0.0560 -0.9984 -0.0061
vn -0.0695 -0.9976 -0.0039
vn -0.0133 -0.9999 -0.0004
vn -0.0139 -0.9999 -0.0003
vn -0.0895 -0.9960 -0.0005
vn -0.0894 -0.9960 -0.0008
vn -1.0000 0.0006 -0.0001
vn -0.5279 -0.8493 -0.0013
vn -0.5166 -0.8562 -0.0005
vn -1.0000 0.0004 -0.0000
vn -0.4904 -0.8715 -0.0051
vn -1.0000 0.0008 0.0001
vn 0.0008 1.0000 0.0070
vn 0.0007 1.0000 0.0028
vn 0.0008 1.0000 0.0071
vn 0.0599 0.7476 0.6615
vn 0.5680 0.6223 0.5387
vn 0.0005 1.0000 0.0003
vn 0.0007 1.0000 0.0007
vn 0.0007 1.0000 0.0010
vn 0.0005 1.0000 0.0005
vn 0.0006 1.0000 0.0003
vn 0.9999 0.0018 -0.0142
vn 1.0000 -0.0006 -0.0008
vn 1.0000 0.0088 -0.0004
vn 0.9999 0.0104 -0.0137
vn 0.9999 0.0166 -0.0029
vn 0.9993 0.0059 -0.0373
vn 0.9994 0.0157 -0.0317
vn 0.0006 0.9817 -0.1906
vn 0.0674 0.9955 -0.0668
vn 0.0007 0.9998 0.0198
vn 0.9978 0.0628 0.0223
vn 0.1736 0.5914 -0.7874
vn 0.1578 -0.2488 -0.9556
vn 0.7636 0.3410 -0.5483
vn 0.7531 -0.1686 -0.6359
vn 0.9965 -0.0323 -0.0768
vn 0.9969 -0.0191 -0.0766
vn 0.9846 -0.0403 -0.1699
vn 0.9786 -0.0794 -0.1897
vn 0.9964 0.0800 -0.0292
vn -0.0171 -0.9939 -0.1088
vn -0.0621 -0.9921 -0.1088
vn -0.0206 -0.9996 0.0180
vn -0.0183 -0.9998 -0.0062
vn -0.0182 -0.9996 0.0213
vn -0.0166 -0.9999 -0.0036
vn -0.0142 -0.9988 -0.0462
vn -0.0160 -0.9987 -0.0481
vn -0.0183 -0.9994 0.0295
vn -0.0225 -0.9994 0.0267
vn -0.9998 0.0004 -0.0221
vn -0.9997 0.0004 -0.0231
vn -0.9998 0.0012 -0.0201
vn -0.9999 0.0006 -0.0102
vn -0.9999 -0.0000 -0.0119
vn -0.9999 0.0007 -0.0128
vn -1.0000 0.0024 -0.0097
vn -1.0000 0.0016 -0.0098
vn -0.9916 -0.0715 -0.1074
vn -0.9334 -0.1804 -0.3102
vn -0.9998 0.0008 -0.0219
vn -0.9998 -0.0002 -0.0195
vn -0.9999 0.0010 -0.0115
vn -1.0000 0.0004 -0.0099
vn -0.5990 -0.7771 -0.1931
vn -0.0980 -0.9945 -0.0361
vn -0.5254 -0.8509 -0.0045
vn -0.0131 -0.9996 -0.0240
vn -0.6928 -0.5119 -0.5079
vn -0.9970 -0.0528 -0.0565
vn -0.8180 -0.5093 -0.2675
vn -0.9995 -0.0299 -0.0094
vn -1.0000 -0.0000 0.0076
vn -0.9999 -0.0001 0.0172
vn -1.0000 0.0007 0.0083
vn -0.9998 0.0006 0.0188
vn -1.0000 0.0005 0.0091
vn -0.9998 0.0005 0.0194
vn -1.0000 0.0004 0.0086
vn -0.9998 0.0006 0.0191
vn -1.0000 0.0012 0.0090
vn -0.9998 0.0013 0.0186
vn -0.9929 -0.0868 0.0808
vn -1.0000 0.0018 0.0093
vn -1.0000 0.0025 0.0091
vn -0.9161 -0.2954 0.2711
vn -0.3772 -0.9261 -0.0112
vn -0.3889 -0.9157 0.1015
vn -0.0462 -0.9989 0.0005
vn -0.0065 -1.0000 0.0029
vn -0.0093 -0.9813 -0.1920
vn -0.0036 -0.9527 -0.3040
vn -0.0112 -0.9530 -0.3027
vn -0.0127 -0.9813 -0.1922
vn 0.0008 -0.8940 -0.4480
vn -0.0053 -0.9029 -0.4298
vn -0.0022 -0.8340 -0.5517
vn 0.0020 -0.8071 -0.5905
vn -0.4453 -0.8954 -0.0078
vn -1.0000 0.0012 0.0020
vn -0.5293 -0.8484 -0.0047
vn -1.0000 0.0012 -0.0019
vn -1.0000 0.0007 0.0002
vn -1.0000 0.0006 -0.0000
vn -1.0000 0.0007 -0.0000
vn -1.0000 0.0007 -0.0001
vn -1.0000 0.0009 -0.0001
vn 0.0007 1.0000 0.0071
vn -0.0000 1.0000 0.0027
vn 0.0006 1.0000 0.0012
vn 0.0004 1.0000 0.0011
vn 0.6886 0.7252 0.0010
vn 0.5184 0.8397 -0.1619
vn 0.9990 0.0454 0.0005
vn 0.8034 0.5954 -0.0053
vn -0.0053 0.9889 0.1484
vn -0.0133 0.9925 0.1217
vn -0.0175 0.7171 0.6968
vn -0.0281 0.7365 0.6759
vn -0.0024 0.8878 0.4603
vn 0.0063 0.9954 0.0954
vn 0.9053 0.4205 -0.0608
vn 0.8790 0.4391 -0.1860
vn 0.2184 0.9560 -0.1961
vn 0.2398 0.9708 0.0010
vn 0.9799 -0.0362 -0.1961
vn 0.9971 0.0015 -0.0762
vn -0.0117 -0.9942 -0.1071
vn -0.0144 -0.9940 -0.1083
vn -0.8704 -0.4923 0.0025
vn -0.0946 -0.9953 0.0217
vn -0.1559 -0.9847 0.0778
vn -0.8291 -0.5413 0.1402
vn -0.9982 -0.0585 0.0163
vn -0.9996 -0.0285 -0.0084
vn -0.0490 -0.8864 -0.4603
vn -0.0619 -0.7703 -0.6347
vn -1.0000 0.0004 0.0021
vn -1.0000 0.0008 0.0022
vn -1.0000 0.0006 -0.0021
vn -1.0000 0.0003 -0.0025
vn 0.2389 0.9711 0.0003
vn 0.2336 0.9723 -0.0008
vn 0.9059 0.4232 -0.0119
vn 0.9045 0.4257 -0.0265
vn 0.0003 1.0000 0.0007
vn 0.0067 0.9889 0.1485
vn 0.0004 0.9877 0.1566
vn 0.0186 0.7175 0.6963
vn -0.0000 0.7055 0.7087
vn 0.4037 0.4317 0.8066
vn 0.6550 0.7409 0.1485
vn 0.8834 0.0311 0.4677
vn 0.9959 0.0446 0.0781
vn -0.0005 -0.0006 1.0000
vn 0.1350 -0.0078 0.9908
vn 0.1225 0.1224 0.9849
vn -0.0083 0.1348 0.9908
vn 0.7180 -0.0171 0.6959
vn 0.7383 -0.0206 0.6741
vn 0.9992 -0.0101 -0.0384
vn 0.9992 -0.0149 -0.0368
vn 0.9999 -0.0063 -0.0156
vn 0.9999 -0.0036 -0.0160
vn 1.0000 -0.0000 -0.0011
vn 1.0000 -0.0000 -0.0015
vn 0.9992 0.0206 -0.0351
vn 0.9996 0.0233 -0.0153
vn -0.0822 -0.9966 -0.0020
vn -0.8589 -0.5122 -0.0030
vn -0.8427 -0.5378 -0.0240
vn -0.0710 -0.9965 -0.0447
vn -1.0000 0.0005 -0.0023
vn -0.9995 -0.0331 -0.0022
vn -1.0000 0.0002 -0.0001
vn -0.9990 -0.0448 -0.0022
vn -0.8220 -0.5425 -0.1733
vn -0.9993 -0.0361 -0.0100
vn -0.8234 -0.5572 -0.1077
vn -0.9989 -0.0470 -0.0090
vn -1.0000 0.0004 0.0002
vn -1.0000 0.0004 0.0019
vn -0.8304 -0.5541 -0.0583
vn -0.0633 -0.9924 -0.1056
vn -0.0572 -0.9801 -0.1900
vn -0.0529 -0.9520 -0.3015
vn 0.0024 0.8938 0.4484
vn 0.0304 0.7375 0.6747
vn 0.0157 0.9925 0.1215
vn -0.0055 0.9954 0.0957
vn -0.9027 0.4304 -0.0010
vn -0.6792 0.7322 0.0518
vn -0.9997 0.0225 -0.0122
vn -0.7866 0.6175 0.0009
vn -0.0006 -0.0003 1.0000
vn -0.0006 -0.0000 1.0000
vn -0.0005 0.1352 0.9908
vn 0.0078 0.1347 0.9909
vn 0.9952 -0.0048 0.0980
vn 1.0000 0.0063 0.0003
vn 0.9927 -0.0050 0.1208
vn 1.0000 -0.0005 0.0003
vn -0.0008 -0.7126 0.7016
vn 0.1319 -0.7061 0.6958
vn 0.1330 -0.1391 0.9813
vn -0.0006 -0.1409 0.9900
vn 0.5706 -0.5856 0.5758
vn 0.6985 -0.1419 0.7014
vn 0.8872 0.4540 -0.0828
vn 0.9997 0.0257 -0.0018
vn -0.9985 -0.0538 -0.0057
vn -1.0000 0.0005 -0.0000
vn -0.9108 0.0070 0.4129
vn -0.7944 -0.0280 0.6067
vn -0.1444 0.1197 0.9823
vn -0.4448 0.4088 0.7969
vn -0.7816 -0.0156 0.6236
vn -0.1609 -0.0081 0.9869
vn -0.9975 0.0223 0.0669
vn -0.7283 0.6701 0.1431
vn -0.0006 -0.1424 0.9898
vn -0.0006 -0.1410 0.9900
vn 0.9821 -0.1425 0.1228
vn 0.9895 -0.1446 0.0003
vn 0.6943 -0.7097 0.1192
vn 0.6988 -0.7153 -0.0000
vn 0.1342 -0.9835 0.1213
vn 0.1372 -0.9905 -0.0003
vn -0.0007 -0.9922 0.1250
vn -0.0007 -1.0000 -0.0004
vn -1.0000 0.0036 -0.0001
vn -0.9966 -0.0074 0.0822
vn -1.0000 0.0004 -0.0003
vn -0.9950 -0.0034 0.0999
vn -0.7578 -0.1261 0.6402
vn -0.1562 -0.1370 0.9782
vn -0.6336 -0.5520 0.5420
vn -0.1492 -0.7037 0.6946
vn -0.9868 -0.1231 0.1049
vn -0.9917 -0.1285 -0.0004
vn -0.7387 -0.6740 -0.0005
vn -0.7353 -0.6683 0.1129
vn -0.1497 -0.9813 0.1214
vn -0.1523 -0.9883 -0.0004
vn 0.0005 0.8662 -0.4997
vn 0.0144 0.8655 -0.5008
vn 0.0168 0.9999 -0.0002
vn 0.0006 1.0000 0.0004
vn 0.7535 0.5700 -0.3276
vn 0.8029 0.5961 0.0017
vn 0.7975 0.5219 0.3028
vn 0.0164 0.8657 0.5003
vn 0.0006 0.8658 0.5003
vn -0.0000 0.0003 -1.0000
vn 0.0094 -0.0000 -1.0000
vn 0.0110 0.4995 -0.8662
vn -0.0000 0.5000 -0.8660
vn 0.6182 -0.0018 -0.7860
vn 0.6618 0.3740 -0.6497
vn 0.0141 0.4981 0.8670
vn -0.0000 0.5000 0.8660
vn 0.7531 0.3281 0.5703
vn 0.7520 -0.0004 0.6591
vn 0.0137 -0.0004 0.9999
vn -0.0000 -0.0003 1.0000
vn -0.0004 -0.8659 -0.5002
vn 0.0124 -0.8651 -0.5014
vn 0.0093 -0.4992 -0.8664
vn -0.0003 -0.4997 -0.8662
vn 0.7276 -0.5945 -0.3423
vn 0.6216 -0.3895 -0.6796
vn -0.0006 -0.8662 0.4996
vn 0.0151 -0.8663 0.4993
vn 0.0149 -0.9999 -0.0011
vn -0.0006 -1.0000 -0.0004
vn 0.7928 -0.5274 0.3054
vn 0.7887 -0.6148 0.0018
vn 0.9999 -0.0005 0.0113
vn 0.9999 -0.0062 0.0099
vn 0.7625 -0.3235 0.5602
vn 0.9999 -0.0091 0.0054
vn 1.0000 0.0081 0.0050
vn 0.9999 0.0053 0.0100
vn 1.0000 0.0084 -0.0040
vn 1.0000 0.0093 0.0004
vn 1.0000 -0.0006 -0.0027
vn 1.0000 -0.0004 -0.0015
vn 0.9999 -0.0098 -0.0040
vn 0.9999 -0.0108 0.0006
vn 1.0000 -0.0004 -0.0022
vn -0.9997 0.0006 0.0257
vn -1.0000 0.0005 0.0066
vn -1.0000 0.0020 0.0053
vn -0.9997 0.0131 0.0218
vn -1.0000 0.0042 0.0021
vn -0.9995 0.0264 0.0148
vn -1.0000 -0.0011 0.0052
vn -0.9996 -0.0140 0.0244
vn -0.9986 -0.0462 0.0271
vn -1.0000 -0.0060 0.0039
vn -1.0000 0.0060 0.0005
vn -0.9993 0.0367 0.0018
vn -1.0000 0.0051 -0.0017
vn -0.9993 0.0348 -0.0149
vn -1.0000 0.0036 -0.0061
vn -0.9999 0.0014 -0.0117
vn -0.9947 0.0073 -0.1027
vn -0.9985 0.0309 -0.0460
vn -1.0000 -0.0036 -0.0085
vn -0.9931 -0.0628 -0.0987
vn -0.9999 -0.0098 -0.0029
vn -0.9910 -0.1239 -0.0510
vn -0.9999 -0.0141 0.0022
vn -0.9907 -0.1360 0.0104
vn 0.0139 -0.5004 0.8657
vn -0.0000 -0.5000 0.8660
vn 0.9999 -0.0000 -0.0128
vn 0.9999 -0.0075 -0.0104
vn 0.9999 0.0066 -0.0102
vn -0.0000 -0.8660 0.5000
vn -0.0003 -0.5003 0.8658
vn -0.0004 -0.8662 0.4998
vn -0.0002 -0.5002 0.8659
vn -0.0006 -0.8658 -0.5003
vn -0.0005 -0.8659 -0.5003
vn -0.0000 -0.5000 -0.8660
vn -0.0002 -0.4998 -0.8662
vn 0.0004 0.8662 -0.4998
vn 0.0003 0.8661 -0.4998
vn 0.0005 0.8659 0.5003
vn 0.0003 0.4997 0.8662
vn 0.0002 0.4998 0.8662
vn -0.1921 -0.8520 0.4870
vn -0.3332 -0.4763 0.8137
vn -0.3821 0.0001 0.9241
vn -0.0682 -0.9977 -0.0053
vn -0.0730 -0.8607 -0.5038
vn -0.0805 -0.4954 -0.8649
vn -0.0985 -0.0041 -0.9951
vn -0.1649 0.4893 -0.8564
vn -0.2548 0.8359 -0.4862
vn -0.2745 0.9616 -0.0015
vn -0.3342 0.8165 0.4707
vn -0.3678 0.4647 0.8055
vn 0.0005 1.0000 -0.0000
vn -0.0003 1.0000 -0.0003
vn 0.0001 -1.0000 -0.0006
vn -0.0002 1.0000 -0.0002
vn -0.0004 -1.0000 0.0003
vn 0.0001 1.0000 -0.0001
vn -0.0003 1.0000 -0.0004
vn 0.0005 1.0000 -0.0001
vn -0.0003 -1.0000 -0.0005
vn -0.0011 -1.0000 0.0001
vn 0.0005 -1.0000 -0.0004
vn -0.1228 -0.9922 0.0200
vn 0.3589 0.9328 0.0323
vn 0.2512 0.9674 0.0337
vn -0.0001 1.0000 -0.0000
vn -0.1353 0.9900 -0.0386
vn 0.0006 1.0000 -0.0000
vn -0.0010 -1.0000 -0.0004
vt 0.241899 0.036257
vt 0.245683 0.039834
vt 0.244785 0.067748
vt 0.240676 0.067750
vt 0.250389 0.042157
vt 0.249350 0.068867
vt 0.248578 0.098848
vt 0.243592 0.099359
vt 0.239454 0.099243
vt 0.001992 0.306904
vt 0.031030 0.355576
vt 0.019230 0.346986
vt 0.007303 0.308934
vt 0.060067 0.404247
vt 0.035899 0.387068
vt 0.011731 0.369889
vt 0.007431 0.338396
vt 0.003132 0.306904
vt 0.242391 0.131205
vt 0.238215 0.131206
vt 0.248321 0.128897
vt 0.251330 0.156469
vt 0.241402 0.156396
vt 0.236976 0.163169
vt 0.005021 0.242977
vt 0.006583 0.249433
vt 0.004859 0.274940
vt 0.004076 0.274940
vt 0.009290 0.242977
vt 0.005641 0.274940
vt 0.250510 0.170504
vt 0.240556 0.172166
vt 0.240841 0.168043
vt 0.250773 0.167092
vt 0.236268 0.175449
vt 0.236622 0.169309
vt 0.255251 0.097317
vt 0.257758 0.121972
vt 0.261045 0.095744
vt 0.266381 0.114857
vt 0.276204 0.130686
vt 0.265863 0.141346
vt 0.250102 0.001895
vt 0.251449 0.021916
vt 0.246001 0.019076
vt 0.246029 0.001898
vt 0.241928 0.019078
vt 0.241957 0.001900
vt 0.256344 0.049129
vt 0.254830 0.072228
vt 0.261415 0.056294
vt 0.259406 0.075683
vt 0.454735 0.690666
vt 0.454810 0.744575
vt 0.419397 0.741956
vt 0.408267 0.695498
vt 0.454885 0.798483
vt 0.433954 0.793246
vt 0.413022 0.788009
vt 0.383985 0.739338
vt 0.354947 0.690666
vt 0.005036 0.236837
vt 0.007162 0.236837
vt 0.005051 0.230697
vt 0.007167 0.231764
vt 0.018971 0.231764
vt 0.018975 0.236837
vt 0.362245 0.626740
vt 0.403134 0.626740
vt 0.403988 0.658703
vt 0.358596 0.658703
vt 0.444024 0.626740
vt 0.449380 0.658703
vt 0.275011 0.160924
vt 0.272131 0.166775
vt 0.301523 0.161705
vt 0.300070 0.166774
vt 0.299979 0.169950
vt 0.271924 0.169950
vt 0.291304 0.140894
vt 0.283083 0.150588
vt 0.309682 0.146443
vt 0.305567 0.153720
vt 0.276967 0.025393
vt 0.267020 0.039202
vt 0.259645 0.030442
vt 0.268114 0.017033
vt 0.306534 0.808262
vt 0.306181 0.804446
vt 0.327466 0.804680
vt 0.327465 0.808739
vt 0.306181 0.794906
vt 0.327465 0.795124
vt 0.348397 0.801071
vt 0.348397 0.805143
vt 0.348397 0.809216
vt 0.263467 0.059195
vt 0.261258 0.077081
vt 0.261749 0.059357
vt 0.261749 0.077451
vt 0.261749 0.095545
vt 0.263390 0.095108
vt 0.050163 0.236837
vt 0.050180 0.242977
vt 0.050147 0.231764
vt 0.088764 0.231764
vt 0.089417 0.236837
vt 0.091069 0.242977
vt 0.005051 0.228824
vt 0.007168 0.228824
vt 0.005051 0.226950
vt 0.007167 0.227228
vt 0.018963 0.227228
vt 0.018967 0.228823
vt 0.160670 0.249434
vt 0.174982 0.274941
vt 0.140836 0.274941
vt 0.130969 0.249433
vt 0.181983 0.310913
vt 0.146285 0.311751
vt 0.101780 0.306904
vt 0.096424 0.274940
vt 0.250307 0.174485
vt 0.250372 0.172890
vt 0.271870 0.172257
vt 0.271890 0.173852
vt 0.300022 0.172257
vt 0.300115 0.173853
vt 0.329622 0.161964
vt 0.329744 0.166772
vt 0.357309 0.159346
vt 0.358923 0.164142
vt 0.359188 0.167452
vt 0.329852 0.169950
vt 0.240393 0.174790
vt 0.240302 0.176385
vt 0.236078 0.179197
vt 0.236173 0.177323
vt 0.269872 0.111978
vt 0.270796 0.111215
vt 0.279843 0.126885
vt 0.280390 0.126372
vt 0.302362 0.001865
vt 0.307131 0.006631
vt 0.285137 0.009773
vt 0.276232 0.001880
vt 0.310212 0.010304
vt 0.292000 0.015856
vt 0.279843 0.028017
vt 0.270796 0.043687
vt 0.270006 0.042748
vt 0.280550 0.028777
vt 0.912216 0.521302
vt 0.911610 0.524102
vt 0.894122 0.520464
vt 0.894122 0.518832
vt 0.911610 0.529938
vt 0.894122 0.526472
vt 0.876634 0.524827
vt 0.876634 0.518738
vt 0.876028 0.516362
vt 0.138570 0.358257
vt 0.101855 0.360812
vt 0.168778 0.354905
vt 0.146613 0.404499
vt 0.124271 0.409609
vt 0.101930 0.414720
vt 0.125431 0.236837
vt 0.122894 0.231764
vt 0.147479 0.231764
vt 0.151941 0.236837
vt 0.050132 0.228824
vt 0.050120 0.227228
vt 0.088509 0.227228
vt 0.088530 0.228823
vt 0.005051 0.226189
vt 0.007167 0.226189
vt 0.005051 0.225429
vt 0.007166 0.217904
vt 0.018956 0.217904
vt 0.018961 0.226189
vt 0.172720 0.242978
vt 0.191945 0.274941
vt 0.188596 0.274941
vt 0.172634 0.249434
vt 0.211170 0.306904
vt 0.197423 0.309677
vt 0.300346 0.177064
vt 0.271927 0.177064
vt 0.271902 0.174891
vt 0.300176 0.174891
vt 0.250158 0.179032
vt 0.250263 0.175524
vt 0.329959 0.172258
vt 0.330051 0.173853
vt 0.359323 0.169980
vt 0.359383 0.171790
vt 0.329471 0.154763
vt 0.329343 0.148292
vt 0.348917 0.146102
vt 0.353128 0.152359
vt 0.382587 0.151495
vt 0.385375 0.156253
vt 0.404742 0.139349
vt 0.404985 0.147997
vt 0.410676 0.150050
vt 0.385634 0.159958
vt 0.240236 0.177424
vt 0.240049 0.184934
vt 0.235954 0.180717
vt 0.236016 0.179957
vt 0.294632 0.136971
vt 0.295513 0.135932
vt 0.311183 0.144979
vt 0.311348 0.143497
vt 0.360790 0.001831
vt 0.353634 0.006613
vt 0.330514 0.005577
vt 0.331576 0.001848
vt 0.349091 0.010298
vt 0.329696 0.008451
vt 0.306181 0.774392
vt 0.327466 0.774575
vt 0.306181 0.747622
vt 0.327465 0.747762
vt 0.348397 0.748811
vt 0.348397 0.774941
vt 0.311459 0.011791
vt 0.294778 0.018318
vt 0.311183 0.009922
vt 0.295513 0.018969
vt 0.284193 0.808735
vt 0.284193 0.804676
vt 0.261851 0.809208
vt 0.262994 0.805028
vt 0.262995 0.795449
vt 0.284193 0.795120
vt 0.943556 0.536020
vt 0.941900 0.538719
vt 0.927886 0.530149
vt 0.927886 0.528661
vt 0.941900 0.543872
vt 0.927886 0.535700
vt 0.860358 0.518427
vt 0.860358 0.516765
vt 0.860358 0.524531
vt 0.844688 0.520480
vt 0.846344 0.518830
vt 0.844688 0.517168
vt 0.876634 0.554551
vt 0.876634 0.539781
vt 0.894122 0.541233
vt 0.894122 0.555813
vt 0.911610 0.544293
vt 0.911610 0.558473
vt 0.157459 0.231764
vt 0.162680 0.236838
vt 0.158349 0.230697
vt 0.165534 0.236838
vt 0.122028 0.228824
vt 0.122001 0.227228
vt 0.145939 0.227228
vt 0.145968 0.228823
vt 0.050112 0.226189
vt 0.050096 0.217904
vt 0.088466 0.217904
vt 0.088495 0.226190
vt 0.005051 0.208279
vt 0.007165 0.205006
vt 0.018949 0.205027
vt 0.456589 0.155522
vt 0.457513 0.181031
vt 0.447681 0.181029
vt 0.446692 0.155521
vt 0.458633 0.214334
vt 0.448882 0.214331
vt 0.444744 0.212991
vt 0.443505 0.181028
vt 0.442266 0.149065
vt 0.182147 0.381534
vt 0.164380 0.393017
vt 0.185971 0.349960
vt 0.196658 0.344219
vt 0.302389 0.191089
vt 0.274793 0.191974
vt 0.271986 0.182064
vt 0.300765 0.182064
vt 0.253959 0.199078
vt 0.249911 0.188034
vt 0.359771 0.175405
vt 0.330403 0.177065
vt 0.330110 0.174892
vt 0.359422 0.172946
vt 0.385754 0.163146
vt 0.410719 0.154033
vt 0.410762 0.158016
vt 0.385798 0.165601
vt 0.381921 0.128645
vt 0.391466 0.133185
vt 0.374876 0.145149
vt 0.367039 0.139534
vt 0.249226 0.209125
vt 0.242428 0.212244
vt 0.239592 0.205944
vt 0.236729 0.208945
vt 0.234989 0.197867
vt 0.329291 0.145673
vt 0.329277 0.144979
vt 0.347371 0.144979
vt 0.347214 0.143497
vt 0.835641 0.519246
vt 0.835641 0.517596
vt 0.835641 0.520896
vt 0.826594 0.521312
vt 0.826594 0.519668
vt 0.826594 0.518025
vt 0.409134 0.001803
vt 0.391067 0.016988
vt 0.374838 0.009739
vt 0.384962 0.001817
vt 0.381800 0.025377
vt 0.367035 0.015844
vt 0.306181 0.719318
vt 0.327466 0.719411
vt 0.306181 0.691501
vt 0.327465 0.691548
vt 0.348397 0.690383
vt 0.348397 0.719597
vt 0.347252 0.011789
vt 0.329365 0.009614
vt 0.347371 0.009922
vt 0.329277 0.009922
vt 0.961650 0.561450
vt 0.961650 0.562456
vt 0.952603 0.549928
vt 0.952603 0.548735
vt 0.961650 0.563462
vt 0.952603 0.554570
vt 0.262995 0.747971
vt 0.284193 0.747759
vt 0.284193 0.774572
vt 0.262994 0.774850
vt 0.927886 0.549378
vt 0.927886 0.562895
vt 0.941900 0.556611
vt 0.943556 0.572174
vt 0.844688 0.559228
vt 0.844688 0.539854
vt 0.860358 0.539520
vt 0.860358 0.554324
vt 0.876634 0.567631
vt 0.876634 0.560087
vt 0.894122 0.561278
vt 0.894122 0.568734
vt 0.911610 0.563789
vt 0.911610 0.571059
vt 0.226316 0.809274
vt 0.226316 0.805200
vt 0.244084 0.805168
vt 0.244084 0.809241
vt 0.226316 0.801126
vt 0.244084 0.795579
vt 0.158276 0.226950
vt 0.158312 0.228824
vt 0.155694 0.228823
vt 0.155663 0.227228
vt 0.455800 0.137852
vt 0.456063 0.142926
vt 0.446131 0.142925
vt 0.445846 0.137852
vt 0.441912 0.142925
vt 0.441558 0.136785
vt 0.121984 0.226190
vt 0.121947 0.217905
vt 0.145879 0.217905
vt 0.145920 0.226190
vt 0.050075 0.205005
vt 0.088430 0.204978
vt 0.459745 0.250312
vt 0.450074 0.250308
vt 0.455337 0.287626
vt 0.451263 0.287623
vt 0.447189 0.287621
vt 0.445966 0.250306
vt 0.359926 0.190854
vt 0.331604 0.190794
vt 0.331194 0.182064
vt 0.360761 0.181125
vt 0.405294 0.160973
vt 0.385827 0.167109
vt 0.405492 0.166729
vt 0.386120 0.170426
vt 0.363872 0.136970
vt 0.363041 0.135932
vt 0.378711 0.126885
vt 0.378065 0.126371
vt 0.141353 0.833013
vt 0.145821 0.832933
vt 0.146995 0.836054
vt 0.142882 0.836075
vt 0.149836 0.833013
vt 0.151107 0.836033
vt 0.152378 0.839052
vt 0.148395 0.839095
vt 0.144412 0.839138
vt 0.416801 0.138600
vt 0.416801 0.142796
vt 0.413633 0.144266
vt 0.413506 0.135971
vt 0.416801 0.146992
vt 0.413738 0.148521
vt 0.733201 0.655343
vt 0.733201 0.653700
vt 0.751295 0.653700
vt 0.751295 0.655343
vt 0.733201 0.652056
vt 0.751295 0.647654
vt 0.768773 0.647765
vt 0.768783 0.653805
vt 0.769389 0.655343
vt 0.733201 0.613552
vt 0.733807 0.632893
vt 0.717531 0.633159
vt 0.717531 0.613846
vt 0.717531 0.652472
vt 0.701861 0.652888
vt 0.701861 0.633515
vt 0.701861 0.614141
vt 0.408445 0.042079
vt 0.402422 0.049083
vt 0.399264 0.030392
vt 0.407627 0.021834
vt 0.397211 0.056279
vt 0.391654 0.039185
vt 0.306181 0.666193
vt 0.327466 0.666199
vt 0.306181 0.647182
vt 0.327465 0.647162
vt 0.348397 0.642039
vt 0.348397 0.666211
vt 0.378048 0.028773
vt 0.363877 0.018315
vt 0.378711 0.028017
vt 0.363041 0.018969
vt 0.676272 0.723045
vt 0.675666 0.720917
vt 0.658178 0.724066
vt 0.658178 0.723060
vt 0.675656 0.725096
vt 0.658178 0.728118
vt 0.640084 0.725087
vt 0.640084 0.724081
vt 0.640084 0.723074
vt 0.952603 0.566111
vt 0.952603 0.581101
vt 0.961650 0.576745
vt 0.961650 0.590028
vt 0.244084 0.774960
vt 0.226316 0.774986
vt 0.226316 0.748846
vt 0.244084 0.748055
vt 0.927886 0.567962
vt 0.927886 0.574923
vt 0.943556 0.572966
vt 0.943556 0.573758
vt 0.846344 0.567690
vt 0.846344 0.560151
vt 0.860358 0.559873
vt 0.860358 0.567432
vt 0.911610 0.591103
vt 0.894122 0.589285
vt 0.911610 0.615506
vt 0.894122 0.614305
vt 0.876634 0.613736
vt 0.876634 0.588423
vt 0.441463 0.134911
vt 0.445683 0.134911
vt 0.441368 0.133037
vt 0.445592 0.133316
vt 0.455597 0.133315
vt 0.455662 0.134911
vt 0.155601 0.217905
vt 0.155643 0.226190
vt 0.158246 0.225430
vt 0.158261 0.226190
vt 0.121901 0.204955
vt 0.145827 0.204939
vt 0.505278 0.137852
vt 0.505360 0.142928
vt 0.477422 0.142926
vt 0.477215 0.137852
vt 0.505659 0.155528
vt 0.477871 0.155525
vt 0.506241 0.181041
vt 0.478654 0.181035
vt 0.506961 0.214349
vt 0.479600 0.214341
vt 0.354795 0.205340
vt 0.330755 0.204160
vt 0.351895 0.212128
vt 0.330171 0.210546
vt 0.308127 0.212126
vt 0.306173 0.205340
vt 0.386958 0.178310
vt 0.406057 0.181477
vt 0.402747 0.197439
vt 0.384844 0.191035
vt 0.416801 0.155474
vt 0.416913 0.156978
vt 0.413790 0.158133
vt 0.413782 0.156745
vt 0.417192 0.168403
vt 0.413930 0.168916
vt 0.391775 0.113493
vt 0.399648 0.116520
vt 0.397272 0.095395
vt 0.402609 0.095930
vt 0.408713 0.096379
vt 0.408180 0.119181
vt 0.387758 0.111215
vt 0.388593 0.111976
vt 0.396805 0.095545
vt 0.395113 0.095106
vt 0.785059 0.654121
vt 0.785059 0.655771
vt 0.785021 0.648097
vt 0.800729 0.652887
vt 0.799073 0.654538
vt 0.800729 0.656199
vt 0.141353 0.829724
vt 0.145100 0.829653
vt 0.141353 0.826436
vt 0.144605 0.826293
vt 0.147858 0.826150
vt 0.148847 0.829581
vt 0.318350 0.483496
vt 0.318267 0.472780
vt 0.330126 0.478174
vt 0.330685 0.486788
vt 0.327964 0.471816
vt 0.330127 0.473257
vt 0.332289 0.474698
vt 0.332289 0.478894
vt 0.332289 0.483090
vt 0.413168 0.096410
vt 0.413334 0.119598
vt 0.416801 0.099184
vt 0.416801 0.118892
vt 0.768716 0.618287
vt 0.768745 0.632934
vt 0.751295 0.632804
vt 0.751295 0.618137
vt 0.826594 0.561642
vt 0.826594 0.560729
vt 0.835641 0.560438
vt 0.835641 0.567955
vt 0.826594 0.559816
vt 0.835641 0.559522
vt 0.416801 0.001799
vt 0.416801 0.018978
vt 0.412969 0.018981
vt 0.412968 0.001801
vt 0.416801 0.036158
vt 0.412992 0.039743
vt 0.395102 0.059192
vt 0.388574 0.042744
vt 0.396805 0.059357
vt 0.387758 0.043687
vt 0.707612 0.697565
vt 0.707612 0.698946
vt 0.691942 0.711499
vt 0.691942 0.710305
vt 0.707612 0.700326
vt 0.691904 0.716106
vt 0.284193 0.719410
vt 0.262995 0.719551
vt 0.262995 0.691620
vt 0.284193 0.691548
vt 0.658178 0.738260
vt 0.640084 0.738370
vt 0.675628 0.735525
vt 0.675599 0.745852
vt 0.658178 0.748307
vt 0.640084 0.751653
vt 0.608744 0.735383
vt 0.608744 0.734591
vt 0.624414 0.743437
vt 0.624414 0.744148
vt 0.608744 0.733799
vt 0.624414 0.742726
vt 0.640690 0.750019
vt 0.640084 0.752913
vt 0.226316 0.690394
vt 0.244084 0.691648
vt 0.244083 0.719607
vt 0.226316 0.719620
vt 0.941900 0.598442
vt 0.927886 0.594124
vt 0.941900 0.620352
vt 0.927886 0.617501
vt 0.860358 0.588268
vt 0.860358 0.613633
vt 0.846344 0.613766
vt 0.846344 0.588469
vt 0.911610 0.635852
vt 0.894122 0.635166
vt 0.911610 0.649956
vt 0.894122 0.649645
vt 0.876634 0.649497
vt 0.876634 0.634840
vt 0.507676 0.250334
vt 0.480541 0.250322
vt 0.507618 0.287655
vt 0.481477 0.287641
vt 0.505474 0.133315
vt 0.505349 0.134910
vt 0.477161 0.134911
vt 0.477180 0.133315
vt 0.441306 0.132277
vt 0.445527 0.132277
vt 0.441244 0.131517
vt 0.445085 0.123992
vt 0.455192 0.123992
vt 0.455553 0.132277
vt 0.155547 0.204932
vt 0.158176 0.208273
vt 0.380099 0.200921
vt 0.366315 0.207237
vt 0.420233 0.154485
vt 0.420262 0.155897
vt 0.423664 0.153496
vt 0.423163 0.155003
vt 0.423404 0.166778
vt 0.420547 0.167600
vt 0.414332 0.198488
vt 0.412029 0.207939
vt 0.406645 0.207474
vt 0.418010 0.199811
vt 0.809776 0.654943
vt 0.809776 0.656605
vt 0.809776 0.653281
vt 0.818823 0.653676
vt 0.818823 0.655344
vt 0.818823 0.657012
vt 0.784907 0.633325
vt 0.784792 0.618738
vt 0.800122 0.614805
vt 0.800426 0.633846
vt 0.462140 0.775803
vt 0.465485 0.766211
vt 0.465429 0.777966
vt 0.462140 0.777966
vt 0.468215 0.766210
vt 0.468201 0.777966
vt 0.468717 0.780128
vt 0.465429 0.780128
vt 0.462140 0.780128
vt 0.423378 0.146992
vt 0.424604 0.146992
vt 0.424747 0.150067
vt 0.423521 0.150244
vt 0.425830 0.146992
vt 0.425974 0.149890
vt 0.426117 0.152789
vt 0.424869 0.152690
vt 0.332366 0.502798
vt 0.318807 0.501162
vt 0.334298 0.502798
vt 0.336307 0.522506
vt 0.332569 0.525218
vt 0.322262 0.523879
vt 0.769389 0.611726
vt 0.768705 0.612797
vt 0.751295 0.612639
vt 0.751295 0.605305
vt 0.733201 0.612639
vt 0.733201 0.611726
vt 0.835641 0.588677
vt 0.835641 0.613903
vt 0.826594 0.616133
vt 0.826594 0.588887
vt 0.403536 0.072189
vt 0.408804 0.068802
vt 0.399084 0.075669
vt 0.277183 0.619891
vt 0.256252 0.625135
vt 0.278684 0.608589
vt 0.301351 0.602711
vt 0.235320 0.630380
vt 0.236161 0.619385
vt 0.236293 0.610910
vt 0.274694 0.599943
vt 0.305725 0.577023
vt 0.313239 0.582223
vt 0.325519 0.585532
vt 0.306181 0.638255
vt 0.327466 0.638239
vt 0.306534 0.634372
vt 0.327465 0.634372
vt 0.348397 0.634372
vt 0.348397 0.638206
vt 0.416801 0.067671
vt 0.413056 0.067672
vt 0.284193 0.666198
vt 0.262994 0.666208
vt 0.262995 0.647133
vt 0.284193 0.647162
vt 0.509514 0.847141
vt 0.512305 0.846535
vt 0.518325 0.862810
vt 0.516837 0.862810
vt 0.518076 0.846535
vt 0.523830 0.862810
vt 0.526922 0.878480
vt 0.525541 0.878480
vt 0.524161 0.878480
vt 0.707004 0.733526
vt 0.691674 0.738849
vt 0.691790 0.727538
vt 0.707308 0.716926
vt 0.658178 0.752074
vt 0.675588 0.749723
vt 0.676272 0.752485
vt 0.658178 0.757231
vt 0.961650 0.591288
vt 0.961650 0.610554
vt 0.952603 0.604150
vt 0.952603 0.582523
vt 0.961650 0.629819
vt 0.952603 0.624117
vt 0.536368 0.250347
vt 0.536844 0.287672
vt 0.535890 0.214359
vt 0.564321 0.214368
vt 0.564565 0.250359
vt 0.566069 0.287689
vt 0.941900 0.638619
vt 0.927886 0.636993
vt 0.941900 0.651208
vt 0.927886 0.650473
vt 0.860358 0.634781
vt 0.860358 0.649470
vt 0.846344 0.649505
vt 0.846344 0.634858
vt 0.911610 0.655631
vt 0.894122 0.655520
vt 0.912216 0.657093
vt 0.894122 0.657093
vt 0.876028 0.657093
vt 0.876634 0.655467
vt 0.565127 0.133314
vt 0.564873 0.134910
vt 0.535397 0.134910
vt 0.535614 0.133315
vt 0.564555 0.137851
vt 0.535179 0.137851
vt 0.476993 0.123991
vt 0.477192 0.132277
vt 0.505548 0.123990
vt 0.505555 0.132277
vt 0.535034 0.142929
vt 0.564201 0.142930
vt 0.563984 0.155534
vt 0.535074 0.155531
vt 0.564075 0.181054
vt 0.535409 0.181047
vt 0.421346 0.199886
vt 0.424025 0.199407
vt 0.424949 0.154409
vt 0.426175 0.153964
vt 0.426233 0.155140
vt 0.425174 0.166207
vt 0.397282 0.077078
vt 0.396805 0.077451
vt 0.504577 0.810952
vt 0.506245 0.810952
vt 0.508677 0.829047
vt 0.507046 0.829046
vt 0.507913 0.810952
vt 0.514608 0.829047
vt 0.508702 0.779612
vt 0.527743 0.779612
vt 0.527402 0.795282
vt 0.508307 0.795282
vt 0.546785 0.779612
vt 0.541949 0.795282
vt 0.542180 0.811558
vt 0.527664 0.811558
vt 0.463041 0.694738
vt 0.465823 0.697026
vt 0.465654 0.735271
vt 0.462591 0.735271
vt 0.468300 0.697026
vt 0.468258 0.735271
vt 0.469943 0.766211
vt 0.469943 0.777966
vt 0.471169 0.775803
vt 0.471169 0.777966
vt 0.471169 0.780128
vt 0.469943 0.780128
vt 0.851502 0.256388
vt 0.841914 0.248109
vt 0.853665 0.255444
vt 0.853665 0.257829
vt 0.841918 0.246405
vt 0.853666 0.253412
vt 0.855827 0.253474
vt 0.855827 0.256373
vt 0.855827 0.259271
vt 0.245090 0.463678
vt 0.247731 0.445230
vt 0.287020 0.458039
vt 0.285558 0.473981
vt 0.246899 0.418712
vt 0.287432 0.445264
vt 0.319741 0.550417
vt 0.328697 0.553063
vt 0.330913 0.554019
vt 0.784748 0.613270
vt 0.784741 0.612362
vt 0.800093 0.612998
vt 0.800107 0.613901
vt 0.733201 0.584481
vt 0.751295 0.585130
vt 0.733201 0.557235
vt 0.751295 0.560300
vt 0.769389 0.559834
vt 0.769389 0.585780
vt 0.835641 0.634936
vt 0.835641 0.649541
vt 0.826594 0.653898
vt 0.826594 0.635015
vt 0.261851 0.634372
vt 0.284193 0.634372
vt 0.284193 0.638239
vt 0.262994 0.638214
vt 0.546208 0.846535
vt 0.550739 0.862810
vt 0.537366 0.862810
vt 0.532230 0.846535
vt 0.560122 0.878480
vt 0.543522 0.878480
vt 0.244084 0.666211
vt 0.226316 0.666212
vt 0.226316 0.642031
vt 0.244084 0.647122
vt 0.676272 0.770725
vt 0.658178 0.771452
vt 0.676272 0.788966
vt 0.658178 0.789009
vt 0.640084 0.791444
vt 0.640084 0.772179
vt 0.691631 0.743089
vt 0.706990 0.734313
vt 0.706976 0.735101
vt 0.691624 0.743793
vt 0.961650 0.643171
vt 0.952603 0.640765
vt 0.961650 0.656523
vt 0.952603 0.652174
vt 0.609541 0.214383
vt 0.609442 0.250380
vt 0.590219 0.250371
vt 0.590188 0.214377
vt 0.614432 0.287717
vt 0.590250 0.287703
vt 0.941900 0.656080
vt 0.927886 0.655817
vt 0.943556 0.657093
vt 0.927886 0.657093
vt 0.860358 0.655457
vt 0.860358 0.657093
vt 0.844688 0.657093
vt 0.846344 0.655470
vt 0.871018 0.710518
vt 0.896866 0.711278
vt 0.895735 0.728672
vt 0.871018 0.728613
vt 0.919136 0.711355
vt 0.918853 0.728702
vt 0.919136 0.745914
vt 0.896866 0.745976
vt 0.871018 0.746707
vt 0.610902 0.133375
vt 0.610794 0.134970
vt 0.591345 0.134909
vt 0.591542 0.133314
vt 0.610583 0.137905
vt 0.591047 0.137851
vt 0.535920 0.123990
vt 0.535755 0.132276
vt 0.565560 0.123989
vt 0.565293 0.132276
vt 0.425736 0.199069
vt 0.426962 0.198801
vt 0.427328 0.220742
vt 0.426032 0.219186
vt 0.424351 0.219375
vt 0.841920 0.245296
vt 0.853666 0.252090
vt 0.841940 0.234601
vt 0.853661 0.240449
vt 0.855827 0.251122
vt 0.855827 0.252298
vt 0.543478 0.829047
vt 0.529135 0.829046
vt 0.547688 0.779612
vt 0.547401 0.795282
vt 0.548591 0.779612
vt 0.548307 0.795282
vt 0.548023 0.810952
vt 0.547621 0.811558
vt 0.463041 0.631977
vt 0.465823 0.639168
vt 0.465879 0.663357
vt 0.463041 0.663357
vt 0.468300 0.639167
vt 0.468314 0.663358
vt 0.469943 0.697026
vt 0.469943 0.735271
vt 0.471169 0.694738
vt 0.471169 0.735271
vt 0.816457 0.796141
vt 0.816507 0.794506
vt 0.828850 0.787365
vt 0.831809 0.787094
vt 0.816557 0.792871
vt 0.820325 0.789429
vt 0.823307 0.786628
vt 0.830115 0.784885
vt 0.841266 0.775493
vt 0.844200 0.776261
vt 0.847161 0.778047
vt 0.727081 0.667540
vt 0.721130 0.665863
vt 0.735836 0.663010
vt 0.739958 0.665915
vt 0.714743 0.664273
vt 0.714807 0.662639
vt 0.714871 0.661004
vt 0.740817 0.661004
vt 0.766763 0.661004
vt 0.763312 0.662773
vt 0.763747 0.665856
vt 0.733201 0.538353
vt 0.751295 0.539003
vt 0.733201 0.519471
vt 0.751295 0.523955
vt 0.769389 0.519471
vt 0.769389 0.539652
vt 0.835641 0.655483
vt 0.835641 0.657093
vt 0.826594 0.657093
vt 0.826594 0.655496
vt 0.226316 0.638201
vt 0.244084 0.638204
vt 0.226316 0.634372
vt 0.244084 0.634372
vt 0.551470 0.847141
vt 0.556584 0.862810
vt 0.555751 0.862810
vt 0.551447 0.846535
vt 0.561697 0.878480
vt 0.560910 0.878480
vt 0.744089 0.796060
vt 0.742993 0.794904
vt 0.758336 0.794744
vt 0.762329 0.796060
vt 0.741898 0.793749
vt 0.745529 0.792059
vt 0.748788 0.790381
vt 0.759974 0.792093
vt 0.777424 0.792140
vt 0.778103 0.794930
vt 0.780570 0.796060
vt 0.676272 0.803556
vt 0.658178 0.804176
vt 0.676272 0.818146
vt 0.658178 0.814725
vt 0.640084 0.818147
vt 0.640084 0.804796
vt 0.823118 0.669764
vt 0.820160 0.666868
vt 0.828753 0.669345
vt 0.829940 0.671671
vt 0.816515 0.663396
vt 0.816486 0.662240
vt 0.816457 0.661084
vt 0.831808 0.670131
vt 0.847160 0.679178
vt 0.844163 0.680829
vt 0.841200 0.681553
vt 0.961650 0.656808
vt 0.952603 0.656424
vt 0.961650 0.657093
vt 0.952603 0.657093
vt 0.590156 0.181059
vt 0.590256 0.155537
vt 0.609831 0.155547
vt 0.609640 0.181063
vt 0.889112 0.679178
vt 0.904957 0.681429
vt 0.900258 0.694862
vt 0.880065 0.694848
vt 0.921151 0.680797
vt 0.919984 0.694869
vt 0.900259 0.762123
vt 0.880065 0.762377
vt 0.919984 0.761996
vt 0.921151 0.775770
vt 0.904957 0.775337
vt 0.889112 0.778047
vt 0.938774 0.728672
vt 0.938774 0.745976
vt 0.938774 0.711278
vt 0.957096 0.710518
vt 0.957096 0.728613
vt 0.957096 0.746707
vt 0.622236 0.133744
vt 0.622209 0.135339
vt 0.619203 0.135154
vt 0.619250 0.133559
vt 0.622091 0.137273
vt 0.619094 0.138066
vt 0.591922 0.123988
vt 0.591671 0.132276
vt 0.611188 0.124041
vt 0.610973 0.132337
vt 0.590618 0.142931
vt 0.610204 0.142962
vt 0.841997 0.204142
vt 0.853647 0.207461
vt 0.842019 0.185350
vt 0.853639 0.187225
vt 0.855759 0.185520
vt 0.855782 0.207461
vt 0.549747 0.829046
vt 0.548854 0.829046
vt 0.462140 0.626740
vt 0.465429 0.626740
vt 0.465654 0.629359
vt 0.462591 0.629359
vt 0.468717 0.626740
vt 0.468258 0.629359
vt 0.206293 0.463513
vt 0.211751 0.445630
vt 0.176583 0.464672
vt 0.185292 0.450883
vt 0.184138 0.446730
vt 0.215519 0.432721
vt 0.469943 0.639168
vt 0.469943 0.663357
vt 0.471169 0.631977
vt 0.471169 0.663357
vt 0.770437 0.203284
vt 0.772750 0.211551
vt 0.810983 0.227963
vt 0.810969 0.229836
vt 0.772770 0.209957
vt 0.810995 0.226368
vt 0.149379 0.522472
vt 0.137917 0.523555
vt 0.148654 0.490523
vt 0.162528 0.490728
vt 0.126080 0.522506
vt 0.145305 0.490523
vt 0.164530 0.458539
vt 0.164616 0.465059
vt 0.855031 0.762175
vt 0.856022 0.762377
vt 0.849887 0.762024
vt 0.855405 0.745917
vt 0.861459 0.745996
vt 0.864882 0.746707
vt 0.786945 0.661004
vt 0.785727 0.662695
vt 0.807126 0.661004
vt 0.800633 0.664762
vt 0.796013 0.667051
vt 0.784793 0.665836
vt 0.733201 0.517874
vt 0.751295 0.517874
vt 0.733201 0.516276
vt 0.751295 0.516276
vt 0.769389 0.516276
vt 0.769389 0.517874
vt 0.910005 0.783841
vt 0.904782 0.787094
vt 0.922392 0.786058
vt 0.920452 0.796141
vt 0.618347 0.250383
vt 0.618261 0.287719
vt 0.618432 0.214386
vt 0.622091 0.213049
vt 0.622091 0.250385
vt 0.622091 0.287720
vt 0.170588 0.584164
vt 0.199790 0.604481
vt 0.195298 0.613136
vt 0.163532 0.590386
vt 0.212979 0.625262
vt 0.190637 0.620144
vt 0.172870 0.608661
vt 0.155103 0.597177
vt 0.792864 0.792156
vt 0.794202 0.794993
vt 0.800977 0.790729
vt 0.804702 0.792843
vt 0.809750 0.796060
vt 0.795160 0.796060
vt 0.676272 0.818431
vt 0.658178 0.818432
vt 0.676272 0.818717
vt 0.658178 0.818717
vt 0.640084 0.818717
vt 0.640084 0.818432
vt 0.856021 0.694848
vt 0.855020 0.695044
vt 0.864882 0.710518
vt 0.861455 0.711227
vt 0.855399 0.711304
vt 0.849869 0.695191
vt 0.910005 0.672985
vt 0.922392 0.670693
vt 0.904782 0.670131
vt 0.920452 0.661084
vt 0.622091 0.149082
vt 0.622091 0.181065
vt 0.618518 0.181065
vt 0.618650 0.155571
vt 0.938773 0.694862
vt 0.938744 0.680685
vt 0.957093 0.679178
vt 0.957094 0.694848
vt 0.938773 0.762123
vt 0.938744 0.776105
vt 0.957094 0.762377
vt 0.957093 0.778047
vt 0.807055 0.711042
vt 0.808695 0.711044
vt 0.808748 0.728532
vt 0.807146 0.728530
vt 0.810321 0.710438
vt 0.810321 0.728532
vt 0.810321 0.746626
vt 0.808859 0.746020
vt 0.807356 0.746017
vt 0.619281 0.132521
vt 0.619541 0.124202
vt 0.622563 0.124364
vt 0.622254 0.132705
vt 0.618876 0.143055
vt 0.622091 0.143178
vt 0.901228 0.466102
vt 0.876151 0.465572
vt 0.877414 0.451776
vt 0.903152 0.453941
vt 0.857300 0.467216
vt 0.857708 0.458323
vt 0.772912 0.202803
vt 0.773101 0.194003
vt 0.811215 0.204477
vt 0.811085 0.217164
vt 0.825559 0.198807
vt 0.772784 0.208918
vt 0.811003 0.225330
vt 0.628384 0.133805
vt 0.628278 0.135400
vt 0.625451 0.135400
vt 0.625512 0.133805
vt 0.628668 0.137273
vt 0.625380 0.137273
vt 0.174570 0.452635
vt 0.171715 0.452635
vt 0.178901 0.446730
vt 0.181520 0.446730
vt 0.469943 0.626740
vt 0.469943 0.629359
vt 0.471169 0.626740
vt 0.471169 0.629359
vt 0.714931 0.224332
vt 0.739114 0.213825
vt 0.739088 0.215420
vt 0.714901 0.225927
vt 0.739056 0.217293
vt 0.707676 0.231302
vt 0.152925 0.555223
vt 0.143641 0.558684
vt 0.140592 0.559842
vt 0.857243 0.728612
vt 0.863601 0.728612
vt 0.864882 0.728613
vt 0.832066 0.774824
vt 0.836440 0.761974
vt 0.821739 0.775355
vt 0.822999 0.762024
vt 0.823948 0.745917
vt 0.839661 0.745891
vt 0.820490 0.784336
vt 0.827535 0.782408
vt 0.784425 0.671880
vt 0.763796 0.671880
vt 0.799536 0.671652
vt 0.799691 0.681065
vt 0.785253 0.680444
vt 0.764090 0.679272
vt 0.807095 0.680831
vt 0.805532 0.681065
vt 0.805584 0.670966
vt 0.807124 0.670280
vt 0.741194 0.671880
vt 0.723117 0.671856
vt 0.740956 0.680444
vt 0.722893 0.681116
vt 0.808723 0.661004
vt 0.808710 0.670051
vt 0.810321 0.661004
vt 0.810321 0.670051
vt 0.810321 0.679098
vt 0.808698 0.680754
vt 0.938659 0.786916
vt 0.938546 0.796141
vt 0.956867 0.787094
vt 0.956640 0.796141
vt 0.734416 0.785857
vt 0.736061 0.785819
vt 0.726933 0.777966
vt 0.729025 0.775910
vt 0.735126 0.775667
vt 0.741977 0.785789
vt 0.750523 0.775162
vt 0.756437 0.785780
vt 0.770772 0.776137
vt 0.774386 0.785779
vt 0.789230 0.775162
vt 0.790767 0.785780
vt 0.801818 0.775703
vt 0.802793 0.785934
vt 0.807673 0.786396
vt 0.806925 0.776054
vt 0.808203 0.776246
vt 0.808820 0.786859
vt 0.809306 0.776310
vt 0.809650 0.787013
vt 0.810321 0.777966
vt 0.810321 0.787013
vt 0.810321 0.796060
vt 0.810035 0.796060
vt 0.938659 0.670009
vt 0.938546 0.661084
vt 0.956640 0.661084
vt 0.956867 0.670131
vt 0.823943 0.711304
vt 0.822982 0.695191
vt 0.836419 0.695240
vt 0.839654 0.711329
vt 0.821672 0.681682
vt 0.832002 0.682251
vt 0.827376 0.674271
vt 0.820310 0.672187
vt 0.809044 0.762296
vt 0.807712 0.762277
vt 0.810321 0.762296
vt 0.808685 0.694768
vt 0.807054 0.694781
vt 0.810321 0.694768
vt 0.805771 0.746006
vt 0.805487 0.728522
vt 0.803180 0.745108
vt 0.803676 0.727535
vt 0.802733 0.710058
vt 0.805386 0.711038
vt 0.625837 0.124418
vt 0.625552 0.132767
vt 0.628694 0.124417
vt 0.628454 0.132767
vt 0.926742 0.454658
vt 0.926472 0.466270
vt 0.949850 0.453974
vt 0.951169 0.466087
vt 0.850338 0.467843
vt 0.850637 0.460816
vt 0.849129 0.458426
vt 0.850377 0.449825
vt 0.854795 0.446861
vt 0.900586 0.487030
vt 0.875695 0.487045
vt 0.900143 0.512342
vt 0.875642 0.512356
vt 0.851141 0.512370
vt 0.857106 0.487055
vt 0.631407 0.133527
vt 0.631264 0.135400
vt 0.630037 0.135400
vt 0.630159 0.133805
vt 0.631121 0.137273
vt 0.629894 0.137273
vt 0.702438 0.231302
vt 0.702475 0.229429
vt 0.705094 0.229429
vt 0.705057 0.231302
vt 0.702512 0.227556
vt 0.705125 0.227834
vt 0.824265 0.728612
vt 0.840734 0.728611
vt 0.816910 0.778047
vt 0.817724 0.775713
vt 0.817579 0.785171
vt 0.816733 0.785459
vt 0.716062 0.671783
vt 0.715837 0.681269
vt 0.714295 0.679098
vt 0.714519 0.671686
vt 0.817682 0.681345
vt 0.817458 0.671410
vt 0.816910 0.679178
vt 0.816712 0.671287
vt 0.801348 0.761527
vt 0.806271 0.762220
vt 0.805434 0.694821
vt 0.800244 0.693927
vt 0.630464 0.124418
vt 0.630238 0.132767
vt 0.631523 0.132007
vt 0.631465 0.132767
vt 0.974142 0.451937
vt 0.974606 0.465568
vt 0.991439 0.467235
vt 0.991305 0.458635
vt 0.951610 0.487000
vt 0.926393 0.487015
vt 0.952673 0.512311
vt 0.926408 0.512326
vt 0.850150 0.512370
vt 0.850203 0.487059
vt 0.849160 0.512371
vt 0.849145 0.487038
vt 0.645353 0.642690
vt 0.644394 0.669257
vt 0.615135 0.672784
vt 0.618972 0.643572
vt 0.645835 0.693573
vt 0.620251 0.693573
vt 0.594668 0.693573
vt 0.594668 0.692582
vt 0.594668 0.691592
vt 0.594668 0.667091
vt 0.594668 0.642590
vt 0.739132 0.212787
vt 0.714950 0.223294
vt 0.715007 0.215382
vt 0.739234 0.206189
vt 0.739383 0.196491
vt 0.715086 0.203166
vt 0.702527 0.226796
vt 0.705145 0.226796
vt 0.702541 0.226036
vt 0.705186 0.218447
vt 0.817876 0.762175
vt 0.816912 0.762377
vt 0.816913 0.746707
vt 0.817992 0.745996
vt 0.722726 0.693927
vt 0.715658 0.694821
vt 0.720426 0.710058
vt 0.715950 0.711038
vt 0.713747 0.710438
vt 0.714021 0.694768
vt 0.722003 0.762296
vt 0.723515 0.762220
vt 0.717072 0.746626
vt 0.719547 0.746006
vt 0.723568 0.745108
vt 0.729649 0.761527
vt 0.816913 0.728613
vt 0.818030 0.728612
vt 0.816913 0.710518
vt 0.817989 0.711227
vt 0.816912 0.694848
vt 0.817866 0.695044
vt 0.996716 0.512285
vt 0.974694 0.512298
vt 0.974734 0.486986
vt 0.991439 0.486977
vt 0.994088 0.445472
vt 0.997412 0.435324
vt 0.997264 0.461066
vt 0.997977 0.461661
vt 0.997387 0.467840
vt 0.645353 0.590692
vt 0.645673 0.616325
vt 0.620251 0.616325
vt 0.618972 0.589891
vt 0.594668 0.616325
vt 0.594668 0.590060
vt 0.842878 0.458374
vt 0.842878 0.486994
vt 0.817294 0.486972
vt 0.817294 0.456634
vt 0.842878 0.512284
vt 0.817294 0.512284
vt 0.791711 0.512284
vt 0.791873 0.486972
vt 0.791873 0.456634
vt 0.695706 0.642590
vt 0.695706 0.668082
vt 0.670770 0.668082
vt 0.670771 0.642397
vt 0.695706 0.693573
vt 0.670771 0.693573
vt 0.702611 0.208725
vt 0.705240 0.205358
vt 0.717135 0.728523
vt 0.715410 0.728532
vt 0.720600 0.727535
vt 0.594668 0.544725
vt 0.620251 0.544725
vt 0.615135 0.563117
vt 0.594668 0.545371
vt 0.645835 0.544725
vt 0.644394 0.566324
vt 0.594668 0.568038
vt 0.594668 0.546017
vt 0.997993 0.486973
vt 0.997401 0.486973
vt 0.998008 0.512284
vt 0.997362 0.512285
vt 0.695706 0.590060
vt 0.695706 0.616325
vt 0.670770 0.616325
vt 0.670771 0.590959
vt 0.766775 0.486972
vt 0.766775 0.456634
vt 0.766775 0.512284
vt 0.741840 0.512284
vt 0.741840 0.486973
vt 0.741840 0.461661
vt 0.070483 0.684995
vt 0.070498 0.659683
vt 0.095990 0.659697
vt 0.095972 0.690036
vt 0.070514 0.634372
vt 0.096005 0.634386
vt 0.121497 0.634400
vt 0.121675 0.659712
vt 0.121657 0.690051
vt 0.550939 0.490111
vt 0.576522 0.482879
vt 0.576522 0.513952
vt 0.550939 0.515422
vt 0.601944 0.481776
vt 0.601944 0.513218
vt 0.602106 0.540734
vt 0.576522 0.540734
vt 0.550939 0.540734
vt 0.670771 0.544725
vt 0.670771 0.567392
vt 0.695706 0.544725
vt 0.695706 0.567392
vt 0.147747 0.659728
vt 0.147728 0.690066
vt 0.147762 0.634416
vt 0.174027 0.634432
vt 0.173112 0.659743
vt 0.173094 0.690081
vt 0.627041 0.513952
vt 0.627041 0.540734
vt 0.627041 0.482879
vt 0.651976 0.490111
vt 0.651976 0.515422
vt 0.651976 0.540734
vt 0.196679 0.659757
vt 0.196660 0.690096
vt 0.196694 0.634446
vt 0.219362 0.634459
vt 0.219346 0.659770
vt 0.219331 0.685082
vt 0.407406 0.833796
vt 0.416160 0.833796
vt 0.416161 0.849764
vt 0.407406 0.849764
vt 0.416618 0.831515
vt 0.416618 0.849764
vt 0.416618 0.868012
vt 0.416160 0.865731
vt 0.415703 0.868012
vt 0.415703 0.813266
vt 0.416160 0.813266
vt 0.416161 0.822390
vt 0.407406 0.822390
vt 0.416618 0.813266
vt 0.416618 0.822390
vt 0.416161 0.877136
vt 0.415703 0.877136
vt 0.416618 0.877136
vt 0.416618 0.886261
vt 0.416160 0.886261
vt 0.415703 0.886261
vt 0.340591 0.868012
vt 0.341048 0.865731
vt 0.341048 0.877136
vt 0.340591 0.877136
vt 0.341506 0.868012
vt 0.341506 0.877136
vt 0.341506 0.886261
vt 0.341049 0.886261
vt 0.340591 0.886261
vt 0.332295 0.833796
vt 0.341048 0.833796
vt 0.341048 0.849764
vt 0.332294 0.849764
vt 0.341506 0.831515
vt 0.341506 0.849764
vt 0.235376 0.572871
vt 0.235387 0.568767
vt 0.219361 0.564182
vt 0.219572 0.563747
vt 0.235536 0.574940
vt 0.216524 0.570056
vt 0.201921 0.557300
vt 0.207318 0.552684
vt 0.203768 0.554622
vt 0.266983 0.554622
vt 0.263495 0.552605
vt 0.251435 0.564130
vt 0.251180 0.563747
vt 0.269732 0.556167
vt 0.254878 0.569300
vt 0.266983 0.518125
vt 0.263587 0.520412
vt 0.267557 0.536525
vt 0.266983 0.536373
vt 0.271746 0.520397
vt 0.275280 0.538568
vt 0.236650 0.499467
vt 0.240077 0.486268
vt 0.281995 0.496255
vt 0.259351 0.505546
vt 0.295115 0.520341
vt 0.199344 0.520278
vt 0.207171 0.520424
vt 0.203218 0.536577
vt 0.195808 0.539323
vt 0.203768 0.518125
vt 0.203768 0.536373
vt 0.197454 0.491345
vt 0.213689 0.504318
vt 0.176959 0.519803
vt 0.767829 0.757164
vt 0.768366 0.763500
vt 0.745028 0.759600
vt 0.752025 0.748039
vt 0.732314 0.742440
vt 0.736221 0.738915
vt 0.789570 0.759600
vt 0.783633 0.748039
vt 0.799437 0.738915
vt 0.798657 0.742440
vt 0.727541 0.724590
vt 0.736221 0.720667
vt 0.730419 0.707130
vt 0.736221 0.702418
vt 0.740656 0.691142
vt 0.765259 0.686457
vt 0.767829 0.684169
vt 0.752025 0.693294
vt 0.787909 0.691142
vt 0.783633 0.693294
vt 0.798140 0.707130
vt 0.799437 0.702418
vt 0.801619 0.724590
vt 0.799437 0.720667
vt 0.341049 0.822390
vt 0.341506 0.822390
vt 0.332294 0.822390
vt 0.340591 0.813266
vt 0.341049 0.813266
vt 0.341506 0.813266
vt 0.174679 0.547154
vt 0.186531 0.570465
vt 0.235961 0.592541
vt 0.208432 0.586804
vt 0.287515 0.566322
vt 0.264695 0.584042
vt 0.297305 0.544392
vt 0.235455 0.504095
vt 0.219289 0.508786
vt 0.235376 0.499876
vt 0.219572 0.509000
vt 0.251554 0.508786
vt 0.251180 0.509000
vt 0.306948 0.833796
vt 0.306947 0.822390
vt 0.273305 0.831515
vt 0.273303 0.822390
vt 0.273301 0.813266
vt 0.306946 0.813266
vt 0.306947 0.849764
vt 0.281618 0.849764
vt 0.306947 0.868012
vt 0.273302 0.868012
vt 0.165429 0.893439
vt 0.165429 0.859794
vt 0.181233 0.859796
vt 0.181232 0.893443
vt 0.165429 0.826150
vt 0.181232 0.826150
vt 0.197036 0.826150
vt 0.197036 0.859798
vt 0.197036 0.893446
vt 0.348407 0.813266
vt 0.382055 0.813266
vt 0.382057 0.822390
vt 0.348410 0.822390
vt 0.382058 0.833796
vt 0.348414 0.831515
vt 0.382059 0.849764
vt 0.356730 0.849764
vt 0.382060 0.868012
vt 0.348417 0.868012
vt 0.203172 0.893435
vt 0.203172 0.859792
vt 0.218975 0.859793
vt 0.218975 0.885123
vt 0.203172 0.826150
vt 0.218975 0.826150
vt 0.234779 0.826150
vt 0.234779 0.859794
vt 0.234779 0.893439
vt 0.266387 0.893435
vt 0.266387 0.893821
vt 0.250583 0.893824
vt 0.250583 0.893437
vt 0.266387 0.894208
vt 0.250583 0.894210
vt 0.234779 0.894212
vt 0.234779 0.893825
vt 0.272533 0.831515
vt 0.272919 0.831515
vt 0.272917 0.849764
vt 0.272532 0.849764
vt 0.272915 0.865731
vt 0.272530 0.868012
vt 0.272912 0.877136
vt 0.272526 0.877136
vt 0.273299 0.877136
vt 0.273295 0.886261
vt 0.272909 0.886261
vt 0.272522 0.886261
vt 0.158513 0.826150
vt 0.158900 0.826150
vt 0.158903 0.841954
vt 0.158517 0.841954
vt 0.159286 0.826150
vt 0.159290 0.841954
vt 0.159293 0.857758
vt 0.158907 0.857758
vt 0.158521 0.857758
vt 0.347642 0.831515
vt 0.348028 0.831515
vt 0.348030 0.849764
vt 0.347643 0.849764
vt 0.348031 0.868012
vt 0.347645 0.868012
vt 0.203172 0.894208
vt 0.203172 0.893821
vt 0.218975 0.893824
vt 0.218975 0.894210
vt 0.454626 0.111024
vt 0.476651 0.111033
vt 0.259797 0.209028
vt 0.592233 0.111081
vt 0.611487 0.111128
vt 0.397352 0.208315
vt 0.293791 0.207236
vt 0.619947 0.111247
vt 0.623061 0.111364
vt 0.565871 0.111024
vt 0.421763 0.219644
vt 0.418543 0.219618
vt 0.279361 0.201313
vt 0.238473 0.223060
vt 0.630776 0.111329
vt 0.631929 0.114696
vt 0.630775 0.111406
vt 0.626279 0.111404
vt 0.629037 0.111405
vt 0.536080 0.111058
vt 0.444408 0.111020
vt 0.440279 0.114360
vt 0.505472 0.111045
vt 0.414964 0.218877
s 1
f 3/1/1 958/2/2 964/3/3 959/4/4
f 958/2/2 7/5/5 960/6/6 964/3/3
f 964/3/3 960/6/6 2/7/7 961/8/8
f 959/4/4 964/3/3 961/8/8 1/9/9
f 4/10/10 962/11/11 965/12/12 963/13/13
f 962/11/11 8/14/14 327/15/15 965/12/12
f 965/12/12 327/15/15 3/16/1 959/17/4
f 963/13/13 965/12/12 959/17/4 1/18/9
f 1/9/9 961/8/8 966/19/16 328/20/17
f 961/8/8 2/7/7 329/21/18 966/19/16
f 966/19/16 329/21/18 6/22/19 330/23/20
f 328/20/17 966/19/16 330/23/20 5/24/21
f 5/25/21 331/26/22 967/27/23 328/28/17
f 331/26/22 9/29/24 332/30/25 967/27/23
f 967/27/23 332/30/25 4/10/10 963/13/13
f 328/28/17 967/27/23 963/13/13 1/18/9
f 10/31/26 333/32/27 968/33/28 334/34/29
f 333/32/27 17/35/30 335/36/31 968/33/28
f 968/33/28 335/36/31 5/24/21 330/23/20
f 334/34/29 968/33/28 330/23/20 6/22/19
f 2/7/7 336/37/32 969/38/33 329/21/18
f 336/37/32 13/39/34 337/40/35 969/38/33
f 969/38/33 337/40/35 11/41/36 338/42/37
f 329/21/18 969/38/33 338/42/37 6/22/19
f 12/43/38 339/44/39 970/45/40 340/46/41
f 339/44/39 7/5/5 958/2/2 970/45/40
f 970/45/40 958/2/2 3/1/1 327/47/15
f 340/46/41 970/45/40 327/47/15 8/48/14
f 7/5/5 341/49/42 971/50/43 960/6/6
f 341/49/42 14/51/44 342/52/45 971/50/43
f 971/50/43 342/52/45 13/39/34 336/37/32
f 960/6/6 971/50/43 336/37/32 2/7/7
f 15/53/46 343/54/47 972/55/48 344/56/49
f 343/54/47 22/57/50 345/58/51 972/55/48
f 972/55/48 345/58/51 8/59/14 962/60/11
f 344/56/49 972/55/48 962/60/11 4/61/10
f 5/25/21 335/62/31 973/63/52 331/26/22
f 335/62/31 17/64/30 346/65/53 973/63/52
f 973/63/52 346/65/53 16/66/54 347/67/55
f 331/26/22 973/63/52 347/67/55 9/29/24
f 9/68/24 348/69/24 974/70/56 332/71/25
f 348/69/24 18/72/57 349/73/58 974/70/56
f 974/70/56 349/73/58 15/53/46 344/56/49
f 332/71/25 974/70/56 344/56/49 4/61/10
f 6/22/19 350/74/59 975/75/60 334/34/29
f 350/74/59 20/76/61 351/77/62 975/75/60
f 975/75/60 351/77/62 19/78/63 352/79/64
f 334/34/29 975/75/60 352/79/64 10/31/26
f 11/41/36 353/80/65 976/81/66 338/42/37
f 353/80/65 34/82/67 354/83/68 976/81/66
f 976/81/66 354/83/68 20/76/61 350/74/59
f 338/42/37 976/81/66 350/74/59 6/22/19
f 21/84/69 355/85/70 977/86/71 356/87/72
f 355/85/70 14/51/44 341/49/42 977/86/71
f 977/86/71 341/49/42 7/5/5 339/44/39
f 356/87/72 977/86/71 339/44/39 12/43/38
f 22/88/50 357/89/73 978/90/74 345/91/51
f 357/89/73 38/92/75 358/93/76 978/90/74
f 978/90/74 358/93/76 12/94/38 340/95/41
f 345/91/51 978/90/74 340/95/41 8/96/14
f 14/51/44 359/97/77 979/98/78 342/52/45
f 359/97/77 24/99/79 360/100/80 979/98/78
f 979/98/78 360/100/80 23/101/81 361/102/82
f 342/52/45 979/98/78 361/102/82 13/39/34
f 9/29/24 347/67/55 980/103/55 348/104/24
f 347/67/55 16/66/54 362/105/83 980/103/55
f 980/103/55 362/105/83 25/106/84 363/107/55
f 348/104/24 980/103/55 363/107/55 18/108/57
f 17/64/30 364/109/85 981/110/86 346/65/53
f 364/109/85 27/111/87 365/112/88 981/110/86
f 981/110/86 365/112/88 26/113/89 366/114/90
f 346/65/53 981/110/86 366/114/90 16/66/54
f 28/115/91 367/116/92 982/117/93 368/118/94
f 367/116/92 29/119/95 369/120/96 982/117/93
f 982/117/93 369/120/96 15/121/46 349/122/58
f 368/118/94 982/117/93 349/122/58 18/108/57
f 30/123/97 370/124/98 983/125/99 371/126/100
f 370/124/98 10/31/26 352/79/64 983/125/99
f 983/125/99 352/79/64 19/78/63 372/127/101
f 371/126/100 983/125/99 372/127/101 31/128/100
f 20/76/61 373/129/102 984/130/103 351/77/62
f 373/129/102 33/131/104 374/132/105 984/130/103
f 984/130/103 374/132/105 32/133/106 375/134/107
f 351/77/62 984/130/103 375/134/107 19/78/63
f 10/31/26 370/124/98 985/135/108 333/32/27
f 370/124/98 30/123/97 376/136/109 985/135/108
f 985/135/108 376/136/109 27/137/87 364/138/85
f 333/32/27 985/135/108 364/138/85 17/35/30
f 13/39/34 361/102/82 986/139/110 337/40/35
f 361/102/82 23/101/81 377/140/111 986/139/110
f 986/139/110 377/140/111 35/141/112 378/142/113
f 337/40/35 986/139/110 378/142/113 11/41/36
f 36/143/114 379/144/115 987/145/116 380/146/117
f 379/144/115 37/147/118 381/148/119 987/145/116
f 987/145/116 381/148/119 21/84/69 356/87/72
f 380/146/117 987/145/116 356/87/72 12/43/38
f 39/149/120 382/150/121 988/151/122 383/152/123
f 382/150/121 24/99/79 359/97/77 988/151/122
f 988/151/122 359/97/77 14/51/44 355/85/70
f 383/152/123 988/151/122 355/85/70 21/84/69
f 24/153/79 384/154/124 989/155/125 360/156/80
f 384/154/124 41/157/126 385/158/127 989/155/125
f 989/155/125 385/158/127 40/159/128 386/160/129
f 360/156/80 989/155/125 386/160/129 23/161/81
f 15/121/46 369/120/96 990/162/130 343/163/47
f 369/120/96 29/119/95 387/164/131 990/162/130
f 990/162/130 387/164/131 42/165/132 388/166/133
f 343/163/47 990/162/130 388/166/133 22/167/50
f 18/108/57 363/107/55 991/168/134 368/118/94
f 363/107/55 25/106/84 389/169/135 991/168/134
f 991/168/134 389/169/135 43/170/136 390/171/137
f 368/118/94 991/168/134 390/171/137 28/115/91
f 16/66/54 366/114/90 992/172/90 362/105/83
f 366/114/90 26/113/89 391/173/89 992/172/90
f 992/172/90 391/173/89 44/174/89 392/175/138
f 362/105/83 992/172/90 392/175/138 25/106/84
f 27/111/87 393/176/139 993/177/140 365/112/88
f 393/176/139 46/178/141 394/179/142 993/177/140
f 993/177/140 394/179/142 45/180/143 395/181/144
f 365/112/88 993/177/140 395/181/144 26/113/89
f 47/182/145 396/183/146 994/184/147 397/185/148
f 396/183/146 48/186/149 398/187/150 994/184/147
f 994/184/147 398/187/150 29/119/95 367/116/92
f 397/185/148 994/184/147 367/116/92 28/115/91
f 49/188/151 399/189/151 995/190/151 400/191/97
f 399/189/151 50/192/151 401/193/62 995/190/151
f 995/190/151 401/193/62 30/123/97 371/126/100
f 400/191/97 995/190/151 371/126/100 31/128/100
f 31/128/100 372/127/101 996/194/101 402/195/152
f 372/127/101 19/78/63 375/134/107 996/194/101
f 996/194/101 375/134/107 32/133/106 403/196/153
f 402/195/152 996/194/101 403/196/153 51/197/154
f 20/76/61 354/83/68 997/198/155 373/129/102
f 354/83/68 34/82/67 404/199/156 997/198/155
f 997/198/155 404/199/156 52/200/157 405/201/158
f 373/129/102 997/198/155 405/201/158 33/131/104
f 33/131/104 406/202/159 998/203/160 374/132/105
f 406/202/159 73/204/161 407/205/162 998/203/160
f 998/203/160 407/205/162 53/206/163 408/207/164
f 374/132/105 998/203/160 408/207/164 32/133/106
f 30/123/97 401/193/62 999/208/165 376/136/109
f 401/193/62 50/192/151 409/209/166 999/208/165
f 999/208/165 409/209/166 46/210/141 393/211/139
f 376/136/109 999/208/165 393/211/139 27/137/87
f 11/41/36 378/142/113 1000/212/167 353/80/65
f 378/142/113 35/141/112 410/213/168 1000/212/167
f 1000/212/167 410/213/168 54/214/169 411/215/170
f 353/80/65 1000/212/167 411/215/170 34/82/67
f 55/216/171 412/217/172 1001/218/173 413/219/174
f 412/217/172 56/220/175 414/221/175 1001/218/173
f 1001/218/173 414/221/175 37/147/118 379/144/115
f 413/219/174 1001/218/173 379/144/115 36/143/114
f 38/92/75 415/222/176 1002/223/177 358/93/76
f 415/222/176 78/224/176 416/225/178 1002/223/177
f 1002/223/177 416/225/178 36/226/114 380/227/117
f 358/93/76 1002/223/177 380/227/117 12/94/38
f 37/147/118 417/228/179 1003/229/180 381/148/119
f 417/228/179 57/230/181 418/231/182 1003/229/180
f 1003/229/180 418/231/182 39/149/120 383/152/123
f 381/148/119 1003/229/180 383/152/123 21/84/69
f 22/88/50 388/232/133 1004/233/183 357/89/73
f 388/232/133 42/234/132 419/235/184 1004/233/183
f 1004/233/183 419/235/184 58/236/185 420/237/186
f 357/89/73 1004/233/183 420/237/186 38/92/75
f 39/238/120 421/239/187 1005/240/188 382/241/121
f 421/239/187 59/242/189 422/243/190 1005/240/188
f 1005/240/188 422/243/190 41/157/126 384/154/124
f 382/241/121 1005/240/188 384/154/124 24/153/79
f 23/161/81 386/160/129 1006/244/191 377/245/111
f 386/160/129 40/159/128 423/246/192 1006/244/191
f 1006/244/191 423/246/192 60/247/193 424/248/194
f 377/245/111 1006/244/191 424/248/194 35/249/112
f 61/250/195 425/251/196 1007/252/197 426/253/198
f 425/251/196 40/159/128 385/158/127 1007/252/197
f 1007/252/197 385/158/127 41/157/126 427/254/199
f 426/253/198 1007/252/197 427/254/199 62/255/200
f 43/170/136 428/256/201 1008/257/202 390/171/137
f 428/256/201 63/258/203 429/259/204 1008/257/202
f 1008/257/202 429/259/204 47/182/145 397/185/148
f 390/171/137 1008/257/202 397/185/148 28/115/91
f 25/106/84 392/175/138 1009/260/205 389/169/135
f 392/175/138 44/174/89 430/261/89 1009/260/205
f 1009/260/205 430/261/89 64/262/89 431/263/206
f 389/169/135 1009/260/205 431/263/206 43/170/136
f 26/113/89 395/181/144 1010/264/144 391/173/89
f 395/181/144 45/180/143 432/265/207 1010/264/144
f 1010/264/144 432/265/207 65/266/208 433/267/144
f 391/173/89 1010/264/144 433/267/144 44/174/89
f 46/178/141 1316/268/209 1307/269/210 394/179/142
f 394/179/142 1307/269/210 1276/270/211 45/180/143
f 66/271/212 434/272/213 1011/273/214 435/274/215
f 434/272/213 90/275/216 436/276/217 1011/273/214
f 1011/273/214 436/276/217 48/277/149 396/278/146
f 435/274/215 1011/273/214 396/278/146 47/279/145
f 67/280/218 437/281/219 1012/282/220 438/283/221
f 437/281/219 42/165/132 387/164/131 1012/282/220
f 1012/282/220 387/164/131 29/119/95 398/187/150
f 438/283/221 1012/282/220 398/187/150 48/186/149
f 68/284/151 439/285/151 1013/286/151 440/287/151
f 439/285/151 69/288/151 441/289/151 1013/286/151
f 1013/286/151 441/289/151 50/192/151 399/189/151
f 440/287/151 1013/286/151 399/189/151 49/188/151
f 70/290/222 442/291/223 1014/292/224 443/293/225
f 442/291/223 49/188/151 400/191/97 1014/292/224
f 1014/292/224 400/191/97 31/128/100 402/195/152
f 443/293/225 1014/292/224 402/195/152 51/197/154
f 32/133/106 408/207/164 1015/294/226 403/196/153
f 408/207/164 53/206/163 444/295/227 1015/294/226
f 1015/294/226 444/295/227 71/296/228 445/297/229
f 403/196/153 1015/294/226 445/297/229 51/197/154
f 72/298/230 446/299/231 1016/300/232 447/301/233
f 446/299/231 73/204/161 406/202/159 1016/300/232
f 1016/300/232 406/202/159 33/131/104 405/201/158
f 447/301/233 1016/300/232 405/201/158 52/200/157
f 69/288/151 1283/302/234 1310/303/235 1017/304/236 441/289/151
f 46/210/141 409/209/166 1017/304/236 1321/305/237 1316/306/209
f 50/192/151 441/289/151 1017/304/236 409/209/166
f 34/82/67 411/215/170 1018/307/238 404/199/156
f 411/215/170 54/214/169 448/308/239 1018/307/238
f 1018/307/238 448/308/239 74/309/240 449/310/241
f 404/199/156 1018/307/238 449/310/241 52/200/157
f 35/249/112 424/248/194 1019/311/242 410/312/168
f 424/248/194 60/247/193 450/313/243 1019/311/242
f 1019/311/242 450/313/243 75/314/244 451/315/245
f 410/312/168 1019/311/242 451/315/245 54/316/169
f 76/317/246 452/318/247 1020/319/248 453/320/249
f 452/318/247 77/321/250 454/322/251 1020/319/248
f 1020/319/248 454/322/251 56/220/175 412/217/172
f 453/320/249 1020/319/248 412/217/172 55/216/171
f 78/224/176 455/323/176 1021/324/252 416/225/178
f 455/323/176 100/325/253 456/326/254 1021/324/252
f 1021/324/252 456/326/254 55/327/171 413/328/174
f 416/225/178 1021/324/252 413/328/174 36/226/114
f 56/220/175 457/329/255 1022/330/256 414/221/175
f 457/329/255 79/331/257 458/332/258 1022/330/256
f 1022/330/256 458/332/258 57/230/181 417/228/179
f 414/221/175 1022/330/256 417/228/179 37/147/118
f 57/333/181 459/334/259 1023/335/260 418/336/182
f 459/334/259 80/337/261 460/338/262 1023/335/260
f 1023/335/260 460/338/262 59/242/189 421/239/187
f 418/336/182 1023/335/260 421/239/187 39/238/120
f 81/339/263 461/340/264 1024/341/265 462/342/266
f 461/340/264 78/224/176 415/222/176 1024/341/265
f 1024/341/265 415/222/176 38/92/75 420/237/186
f 462/342/266 1024/341/265 420/237/186 58/236/185
f 62/255/200 427/254/199 1025/343/267 463/344/268
f 427/254/199 41/157/126 422/243/190 1025/343/267
f 1025/343/267 422/243/190 59/242/189 464/345/269
f 463/344/268 1025/343/267 464/345/269 82/346/270
f 83/347/271 465/348/271 1026/349/192 466/350/192
f 465/348/271 60/247/193 423/246/192 1026/349/192
f 1026/349/192 423/246/192 40/159/128 425/251/196
f 466/350/192 1026/349/192 425/251/196 61/250/195
f 84/351/272 467/352/273 1027/353/274 468/354/275
f 467/352/273 61/250/195 426/253/198 1027/353/274
f 1027/353/274 426/253/198 62/255/200 469/355/276
f 468/354/275 1027/353/274 469/355/276 85/356/277
f 67/357/218 470/358/278 1028/359/279 437/360/219
f 470/358/278 86/361/280 471/362/281 1028/359/279
f 1028/359/279 471/362/281 58/236/185 419/235/184
f 437/360/219 1028/359/279 419/235/184 42/234/132
f 87/363/282 472/364/283 1029/365/284 473/366/285
f 472/364/283 63/258/203 428/256/201 1029/365/284
f 1029/365/284 428/256/201 43/170/136 431/263/206
f 473/366/285 1029/365/284 431/263/206 64/262/89
f 88/367/286 474/368/287 1030/369/288 475/370/289
f 474/368/287 66/271/212 435/274/215 1030/369/288
f 1030/369/288 435/274/215 47/279/145 429/371/204
f 475/370/289 1030/369/288 429/371/204 63/372/203
f 44/174/89 433/267/144 1031/373/144 430/261/89
f 433/267/144 65/266/208 476/374/143 1031/373/144
f 1031/373/144 476/374/143 89/375/207 477/376/144
f 430/261/89 1031/373/144 477/376/144 64/262/89
f 45/180/143 1276/270/211 1285/377/290 432/265/207
f 432/265/207 1285/377/290 1311/378/211 65/266/208
f 90/275/216 478/379/291 1032/380/292 436/276/217
f 478/379/291 86/381/280 470/382/278 1032/380/292
f 1032/380/292 470/382/278 67/383/218 438/384/221
f 436/276/217 1032/380/292 438/384/221 48/277/149
f 91/385/293 480/386/151 1033/387/294 481/388/295
f 480/386/151 68/284/151 440/287/151 1033/387/294
f 1033/387/294 440/287/151 49/188/151 442/291/223
f 481/388/295 1033/387/294 442/291/223 70/290/222
f 71/296/228 482/389/296 1034/390/297 445/297/229
f 482/389/296 92/391/298 483/392/299 1034/390/297
f 1034/390/297 483/392/299 70/290/222 443/293/225
f 445/297/229 1034/390/297 443/293/225 51/197/154
f 52/200/157 449/310/241 1035/393/300 447/301/233
f 449/310/241 74/309/240 484/394/301 1035/393/300
f 1035/393/300 484/394/301 93/395/302 485/396/303
f 447/301/233 1035/393/300 485/396/303 72/298/230
f 94/397/304 486/398/305 1036/399/306 487/400/307
f 486/398/305 95/401/151 488/402/308 1036/399/306
f 1036/399/306 488/402/308 71/403/228 444/404/227
f 487/400/307 1036/399/306 444/404/227 53/405/163
f 96/406/309 489/407/310 1037/408/311 490/409/312
f 489/407/310 94/410/304 487/411/307 1037/408/311
f 1037/408/311 487/411/307 53/206/163 407/205/162
f 490/409/312 1037/408/311 407/205/162 73/204/161
f 54/412/169 451/413/245 1038/414/313 448/415/239
f 451/413/245 75/416/244 491/417/314 1038/414/313
f 1038/414/313 491/417/314 97/418/315 492/419/316
f 448/415/239 1038/414/313 492/419/316 74/420/240
f 98/421/317 493/422/318 1039/423/319 494/424/319
f 493/422/318 75/416/244 450/425/243 1039/423/319
f 1039/423/319 450/425/243 60/426/193 465/427/271
f 494/424/319 1039/423/319 465/427/271 83/428/271
f 99/429/320 495/430/321 1040/431/322 496/432/323
f 495/430/321 123/433/324 497/434/325 1040/431/322
f 1040/431/322 497/434/325 77/321/250 452/318/247
f 496/432/323 1040/431/322 452/318/247 76/317/246
f 100/325/253 498/435/253 1041/436/326 456/326/254
f 498/435/253 126/437/253 499/438/327 1041/436/326
f 1041/436/326 499/438/327 76/439/246 453/440/249
f 456/326/254 1041/436/326 453/440/249 55/327/171
f 77/321/250 500/441/328 1042/442/329 454/322/251
f 500/441/328 101/443/330 501/444/331 1042/442/329
f 1042/442/329 501/444/331 79/331/257 457/329/255
f 454/322/251 1042/442/329 457/329/255 56/220/175
f 79/445/257 502/446/332 1043/447/333 458/448/258
f 502/446/332 102/449/334 503/450/335 1043/447/333
f 1043/447/333 503/450/335 80/451/261 459/452/259
f 458/448/258 1043/447/333 459/452/259 57/453/181
f 82/346/270 464/345/269 1044/454/336 504/455/337
f 464/345/269 59/242/189 460/338/262 1044/454/336
f 1044/454/336 460/338/262 80/337/261 505/456/338
f 504/455/337 1044/454/336 505/456/338 103/457/339
f 58/236/185 471/362/281 1045/458/340 462/342/266
f 471/362/281 86/361/280 506/459/341 1045/458/340
f 1045/458/340 506/459/341 104/460/342 507/461/343
f 462/342/266 1045/458/340 507/461/343 81/339/263
f 85/356/277 469/355/276 1046/462/344 508/463/345
f 469/355/276 62/255/200 463/344/268 1046/462/344
f 1046/462/344 463/344/268 82/346/270 509/464/346
f 508/463/345 1046/462/344 509/464/346 105/465/347
f 106/466/348 510/467/271 1047/468/349 511/469/350
f 510/467/271 83/347/271 466/350/192 1047/468/349
f 1047/468/349 466/350/192 61/250/195 467/352/273
f 511/469/350 1047/468/349 467/352/273 84/351/272
f 85/356/277 512/470/351 1048/471/352 468/354/275
f 512/470/351 108/472/353 513/473/354 1048/471/352
f 1048/471/352 513/473/354 107/474/355 514/475/356
f 468/354/275 1048/471/352 514/475/356 84/351/272
f 63/372/203 472/476/283 1049/477/357 475/370/289
f 472/476/283 87/478/282 515/479/358 1049/477/357
f 1049/477/357 515/479/358 109/480/359 516/481/360
f 475/370/289 1049/477/357 516/481/360 88/367/286
f 89/375/207 517/482/361 1050/483/362 477/376/144
f 517/482/361 110/484/363 518/485/364 1050/483/362
f 1050/483/362 518/485/364 87/363/282 473/366/285
f 477/376/144 1050/483/362 473/366/285 64/262/89
f 65/266/208 1311/378/211 1305/486/290 476/374/143
f 476/374/143 1305/486/290 1301/487/211 89/375/207
f 111/488/365 519/489/366 1051/490/367 520/491/365
f 519/489/366 112/492/368 521/493/369 1051/490/367
f 1051/490/367 521/493/369 66/271/212 474/368/287
f 520/491/365 1051/490/367 474/368/287 88/367/286
f 112/492/368 522/494/370 1052/495/371 521/493/369
f 522/494/370 136/496/372 523/497/373 1052/495/371
f 1052/495/371 523/497/373 90/275/216 434/272/213
f 521/493/369 1052/495/371 434/272/213 66/271/212
f 91/385/293 524/498/374 1053/499/100 480/386/151
f 524/498/374 1324/500/375 1323/501/376 1053/499/100
f 1053/499/100 1323/501/376 1291/502/377 479/503/378
f 480/386/151 1053/499/100 479/503/378 68/284/151
f 70/290/222 483/392/299 1054/504/379 481/388/295
f 483/392/299 92/391/298 525/505/380 1054/504/379
f 1054/504/379 525/505/380 113/506/381 526/507/382
f 481/388/295 1054/504/379 526/507/382 91/385/293
f 95/508/151 527/509/383 1055/510/384 488/511/308
f 527/509/383 114/512/385 528/513/386 1055/510/384
f 1055/510/384 528/513/386 92/391/298 482/389/296
f 488/511/308 1055/510/384 482/389/296 71/296/228
f 72/298/230 529/514/387 1056/515/388 446/299/231
f 529/514/387 116/516/389 530/517/390 1056/515/388
f 1056/515/388 530/517/390 115/518/391 531/519/392
f 446/299/231 1056/515/388 531/519/392 73/204/161
f 93/395/302 532/520/393 1057/521/394 485/396/303
f 532/520/393 140/522/395 533/523/396 1057/521/394
f 1057/521/394 533/523/396 116/516/389 529/514/387
f 485/396/303 1057/521/394 529/514/387 72/298/230
f 74/420/240 492/419/316 1058/524/397 484/525/301
f 492/419/316 97/418/315 534/526/398 1058/524/397
f 1058/524/397 534/526/398 117/527/399 535/528/400
f 484/525/301 1058/524/397 535/528/400 93/529/302
f 94/397/304 536/530/401 1059/531/402 486/398/305
f 536/530/401 119/532/403 537/533/404 1059/531/402
f 1059/531/402 537/533/404 118/534/151 538/535/100
f 486/398/305 1059/531/402 538/535/100 95/401/151
f 120/536/405 539/537/406 1060/538/407 540/539/408
f 539/537/406 143/540/409 541/541/410 1060/538/407
f 1060/538/407 541/541/410 94/542/304 489/543/310
f 540/539/408 1060/538/407 489/543/310 96/544/309
f 115/518/391 542/545/411 1061/546/412 531/519/392
f 542/545/411 148/547/413 543/548/414 1061/546/412
f 1061/546/412 543/548/414 96/406/309 490/409/312
f 531/519/392 1061/546/412 490/409/312 73/204/161
f 121/549/415 544/550/416 1062/551/314 545/552/417
f 544/550/416 97/418/315 491/417/314 1062/551/314
f 1062/551/314 491/417/314 75/416/244 493/422/318
f 545/552/417 1062/551/314 493/422/318 98/421/317
f 122/553/418 546/554/419 1063/555/319 547/556/420
f 546/554/419 98/557/317 494/558/319 1063/555/319
f 1063/555/319 494/558/319 83/347/271 510/467/271
f 547/556/420 1063/555/319 510/467/271 106/466/348
f 124/559/421 548/560/422 1064/561/423 549/562/424
f 548/560/422 125/563/425 550/564/426 1064/561/423
f 1064/561/423 550/564/426 99/429/320 496/432/323
f 549/562/424 1064/561/423 496/432/323 76/317/246
f 123/433/324 551/565/427 1065/566/428 497/434/325
f 551/565/427 153/567/429 552/568/430 1065/566/428
f 1065/566/428 552/568/430 101/443/330 500/441/328
f 497/434/325 1065/566/428 500/441/328 77/321/250
f 101/569/330 553/570/431 1066/571/432 501/572/331
f 553/570/431 127/573/433 554/574/434 1066/571/432
f 1066/571/432 554/574/434 102/449/334 502/446/332
f 501/572/331 1066/571/432 502/446/332 79/445/257
f 78/224/176 461/340/264 1067/575/435 455/323/176
f 461/340/264 81/339/263 555/576/266 1067/575/435
f 1067/575/435 555/576/266 128/577/436 556/578/437
f 455/323/176 1067/575/435 556/578/437 100/325/253
f 80/451/261 503/450/335 1068/579/438 505/580/338
f 503/450/335 102/449/334 557/581/439 1068/579/438
f 1068/579/438 557/581/439 129/582/440 558/583/441
f 505/580/338 1068/579/438 558/583/441 103/584/339
f 105/585/347 509/586/346 1069/587/442 559/588/443
f 509/586/346 82/589/270 504/590/337 1069/587/442
f 1069/587/442 504/590/337 103/584/339 560/591/444
f 559/588/443 1069/587/442 560/591/444 130/592/445
f 131/593/342 561/594/343 1070/595/343 562/596/342
f 561/594/343 128/577/436 555/576/266 1070/595/343
f 1070/595/343 555/576/266 81/339/263 507/461/343
f 562/596/342 1070/595/343 507/461/343 104/460/342
f 105/465/347 563/597/446 1071/598/447 508/463/345
f 563/597/446 132/599/448 564/600/449 1071/598/447
f 1071/598/447 564/600/449 108/472/353 512/470/351
f 508/463/345 1071/598/447 512/470/351 85/356/277
f 84/351/272 514/475/356 1072/601/192 511/469/350
f 514/475/356 107/474/355 565/602/192 1072/601/192
f 1072/601/192 565/602/192 133/603/271 566/604/271
f 511/469/350 1072/601/192 566/604/271 106/466/348
f 108/472/353 567/605/450 1073/606/451 513/473/354
f 567/605/450 135/607/452 568/608/354 1073/606/451
f 1073/606/451 568/608/354 134/609/453 569/610/454
f 513/473/354 1073/606/451 569/610/454 107/474/355
f 136/496/372 570/611/455 1074/612/456 523/497/373
f 570/611/455 104/613/342 506/614/341 1074/612/456
f 1074/612/456 506/614/341 86/381/280 478/379/291
f 523/497/373 1074/612/456 478/379/291 90/275/216
f 137/615/457 571/616/458 1075/617/459 572/618/359
f 571/616/458 111/488/365 520/491/365 1075/617/459
f 1075/617/459 520/491/365 88/367/286 516/481/360
f 572/618/359 1075/617/459 516/481/360 109/480/359
f 87/478/282 518/619/364 1076/620/460 515/479/358
f 518/619/364 110/621/363 573/622/461 1076/620/460
f 1076/620/460 573/622/461 138/623/462 574/624/463
f 515/479/358 1076/620/460 574/624/463 109/480/359
f 89/375/207 1301/487/211 1288/625/464 517/482/361
f 517/482/361 1288/625/464 1281/626/465 110/484/363
f 524/498/374 91/385/293 526/507/382 1326/627/466 1297/628/467
f 95/508/151 538/629/100 1077/630/383 527/509/383
f 538/629/100 118/631/151 575/632/468 1077/630/383
f 1077/630/383 575/632/468 139/633/469 576/634/470
f 527/509/383 1077/630/383 576/634/470 114/512/385
f 113/506/381 525/505/380 1078/635/471 1292/636/472 1313/637/473
f 92/391/298 528/513/386 1078/635/471 525/505/380
f 114/512/385 577/638/474 1078/635/471 528/513/386
f 93/529/302 535/528/400 1079/639/475 532/640/393
f 535/528/400 117/527/399 578/641/476 1079/639/475
f 1079/639/475 578/641/476 141/642/477 579/643/478
f 532/640/393 1079/639/475 579/643/478 140/644/395
f 97/418/315 544/550/416 1080/645/479 534/526/398
f 544/550/416 121/549/415 580/646/480 1080/645/479
f 1080/645/479 580/646/480 142/647/481 581/648/482
f 534/526/398 1080/645/479 581/648/482 117/527/399
f 143/649/409 582/650/483 1081/651/484 541/652/410
f 582/650/483 144/653/485 583/654/486 1081/651/484
f 1081/651/484 583/654/486 119/655/403 536/656/401
f 541/652/410 1081/651/484 536/656/401 94/657/304
f 119/658/403 584/659/487 1082/660/488 537/661/404
f 584/659/487 146/662/489 585/663/490 1082/660/488
f 1082/660/488 585/663/490 145/664/491 586/665/492
f 537/661/404 1082/660/488 586/665/492 118/631/151
f 120/536/405 540/539/408 1083/666/493 587/667/494
f 540/539/408 96/544/309 543/668/414 1083/666/493
f 1083/666/493 543/668/414 148/669/413 588/670/495
f 587/667/494 1083/666/493 588/670/495 147/671/496
f 149/672/497 589/673/498 1084/674/499 590/675/500
f 589/673/498 121/549/415 545/552/417 1084/674/499
f 1084/674/499 545/552/417 98/421/317 546/676/419
f 590/675/500 1084/674/499 546/676/419 122/677/418
f 106/466/348 566/604/271 1085/678/319 547/556/420
f 566/604/271 133/603/271 591/679/319 1085/678/319
f 1085/678/319 591/679/319 150/680/501 592/681/502
f 547/556/420 1085/678/319 592/681/502 122/553/418
f 115/518/391 530/517/390 1086/682/503 593/683/504
f 530/517/390 116/516/389 594/684/505 1086/682/503
f 1086/682/503 594/684/505 123/433/324 495/430/321
f 593/683/504 1086/682/503 495/430/321 99/429/320
f 124/685/421 595/686/506 1087/687/507 548/688/422
f 178/689/508 596/690/509 1087/687/507 595/686/506
f 177/691/496 597/692/510 1087/687/507 596/690/509
f 151/693/510 598/694/511 1087/687/507 597/692/510
f 125/695/425 548/688/422 1087/687/507 598/694/511
f 126/437/253 599/696/512 1088/697/513 499/438/327
f 599/696/512 178/698/508 595/699/506 1088/697/513
f 1088/697/513 595/699/506 124/700/421 549/701/424
f 499/438/327 1088/697/513 549/701/424 76/439/246
f 125/563/425 600/702/514 1089/703/515 550/564/426
f 600/702/514 148/547/413 542/545/411 1089/703/515
f 1089/703/515 542/545/411 115/518/391 593/683/504
f 550/564/426 1089/703/515 593/683/504 99/429/320
f 100/325/253 556/578/437 1090/704/264 498/435/253
f 556/578/437 128/577/436 601/705/266 1090/704/264
f 1090/704/264 601/705/266 152/706/263 602/707/264
f 498/435/253 1090/704/264 602/707/264 126/437/253
f 153/708/429 603/709/516 1091/710/517 552/711/430
f 603/709/516 154/712/518 604/713/519 1091/710/517
f 1091/710/517 604/713/519 127/714/433 553/715/431
f 552/711/430 1091/710/517 553/715/431 101/716/330
f 155/717/520 605/718/521 1092/719/522 606/720/523
f 605/718/521 129/582/440 557/581/439 1092/719/522
f 1092/719/522 557/581/439 102/449/334 554/574/434
f 606/720/523 1092/719/522 554/574/434 127/573/433
f 103/584/339 558/583/441 1093/721/524 560/591/444
f 558/583/441 129/582/440 607/722/525 1093/721/524
f 1093/721/524 607/722/525 156/723/526 608/724/527
f 560/591/444 1093/721/524 608/724/527 130/592/445
f 130/725/445 609/726/528 1094/727/529 559/728/443
f 609/726/528 157/729/530 610/730/531 1094/727/529
f 1094/727/529 610/730/531 132/599/448 563/597/446
f 559/728/443 1094/727/529 563/597/446 105/465/347
f 104/613/342 570/611/455 1095/731/532 562/732/342
f 570/611/455 136/496/372 611/733/533 1095/731/532
f 1095/731/532 611/733/533 158/734/533 612/735/532
f 562/732/342 1095/731/532 612/735/532 131/736/342
f 132/599/448 613/737/534 1096/738/535 564/600/449
f 613/737/534 159/739/536 614/740/537 1096/738/535
f 1096/738/535 614/740/537 135/607/452 567/605/450
f 564/600/449 1096/738/535 567/605/450 108/472/353
f 107/474/355 569/610/454 1097/741/192 565/602/192
f 569/610/454 134/609/453 615/742/349 1097/741/192
f 1097/741/192 615/742/349 160/743/271 616/744/271
f 565/602/192 1097/741/192 616/744/271 133/603/271
f 135/607/452 617/745/538 1098/746/539 568/608/354
f 617/745/538 162/747/540 618/748/541 1098/746/539
f 1098/746/539 618/748/541 161/749/542 619/750/543
f 568/608/354 1098/746/539 619/750/543 134/609/453
f 163/751/544 620/752/545 1099/753/546 621/754/547
f 620/752/545 164/755/548 622/756/549 1099/753/546
f 1099/753/546 622/756/549 111/488/365 571/616/458
f 621/754/547 1099/753/546 571/616/458 137/615/457
f 138/623/462 623/757/550 1100/758/463 574/624/463
f 623/757/550 165/759/462 624/760/463 1100/758/463
f 1100/758/463 624/760/463 137/615/457 572/618/359
f 574/624/463 1100/758/463 572/618/359 109/480/359
f 111/488/365 622/756/549 1101/761/551 519/489/366
f 622/756/549 164/755/548 625/762/551 1101/761/551
f 1101/761/551 625/762/551 166/763/552 626/764/553
f 519/489/366 1101/761/551 626/764/553 112/492/368
f 166/763/552 627/765/554 1102/766/555 626/764/553
f 627/765/554 158/734/533 611/733/533 1102/766/555
f 1102/766/555 611/733/533 136/496/372 522/494/370
f 626/764/553 1102/766/555 522/494/370 112/492/368
f 1103/767/556 577/638/474 114/512/385 576/634/470
f 628/768/557 1103/767/556 576/634/470 139/633/469
f 118/631/151 586/665/492 1104/769/558 575/632/468
f 586/665/492 145/664/491 629/770/559 1104/769/558
f 1104/769/558 629/770/559 167/771/560 630/772/561
f 575/632/468 1104/769/558 630/772/561 139/633/469
f 116/516/389 533/523/396 1105/773/562 594/684/505
f 533/523/396 140/522/395 631/774/563 1105/773/562
f 1105/773/562 631/774/563 153/567/429 551/565/427
f 594/684/505 1105/773/562 551/565/427 123/433/324
f 140/775/395 579/776/478 1106/777/564 631/778/563
f 579/776/478 141/779/477 632/780/565 1106/777/564
f 1106/777/564 632/780/565 154/712/518 603/709/516
f 631/778/563 1106/777/564 603/709/516 153/708/429
f 117/781/399 581/782/482 1107/783/566 578/784/476
f 581/782/482 142/785/481 633/786/567 1107/783/566
f 1107/783/566 633/786/567 168/787/568 634/788/569
f 578/784/476 1107/783/566 634/788/569 141/779/477
f 169/789/570 635/790/571 1108/791/572 636/792/573
f 635/790/571 170/793/574 637/794/575 1108/791/572
f 1108/791/572 637/794/575 144/653/485 582/650/483
f 636/792/573 1108/791/572 582/650/483 143/649/409
f 144/653/485 638/795/576 1109/796/577 583/654/486
f 638/795/576 171/797/578 639/798/579 1109/796/577
f 1109/796/577 639/798/579 146/799/489 584/800/487
f 583/654/486 1109/796/577 584/800/487 119/655/403
f 171/801/578 640/802/580 1110/803/581 639/804/579
f 640/802/580 193/805/582 641/806/583 1110/803/581
f 1110/803/581 641/806/583 145/807/491 585/808/490
f 639/804/579 1110/803/581 585/808/490 146/809/489
f 172/810/584 642/811/585 1111/812/586 643/813/587
f 642/811/585 169/814/570 636/815/573 1111/812/586
f 1111/812/586 636/815/573 143/540/409 539/537/406
f 643/813/587 1111/812/586 539/537/406 120/536/405
f 151/693/510 644/816/510 1112/817/588 598/694/511
f 644/816/510 147/671/496 588/670/495 1112/817/588
f 1112/817/588 588/670/495 148/669/413 600/818/514
f 598/694/511 1112/817/588 600/818/514 125/695/425
f 121/549/415 589/673/498 1113/819/589 580/646/480
f 589/673/498 149/672/497 645/820/590 1113/819/589
f 1113/819/589 645/820/590 174/821/591 646/822/592
f 580/646/480 1113/819/589 646/822/592 142/647/481
f 122/677/418 592/823/502 1114/824/593 590/675/500
f 592/823/502 150/825/501 647/826/594 1114/824/593
f 1114/824/593 647/826/594 175/827/595 648/828/596
f 590/675/500 1114/824/593 648/828/596 149/672/497
f 133/603/271 616/744/271 1115/829/319 591/679/319
f 616/744/271 160/743/271 649/830/319 1115/829/319
f 1115/829/319 649/830/319 176/831/597 650/832/598
f 591/679/319 1115/829/319 650/832/598 150/680/501
f 179/833/599 651/834/600 1116/835/601 652/836/602
f 651/834/600 178/698/508 599/696/512 1116/835/601
f 1116/835/601 599/696/512 126/437/253 602/707/264
f 652/836/602 1116/835/601 602/707/264 152/706/263
f 180/837/603 653/838/604 1117/839/605 654/840/606
f 653/838/604 155/841/520 606/842/523 1117/839/605
f 1117/839/605 606/842/523 127/714/433 604/713/519
f 654/840/606 1117/839/605 604/713/519 154/712/518
f 128/577/436 561/594/343 1118/843/343 601/705/266
f 561/594/343 131/593/342 655/844/342 1118/843/343
f 1118/843/343 655/844/342 181/845/607 656/846/343
f 601/705/266 1118/843/343 656/846/343 152/706/263
f 156/723/526 657/847/608 1119/848/609 608/724/527
f 657/847/608 182/849/610 658/850/611 1119/848/609
f 1119/848/609 658/850/611 157/851/530 609/852/528
f 608/724/527 1119/848/609 609/852/528 130/592/445
f 129/582/440 605/718/521 1120/853/612 607/722/525
f 605/718/521 155/717/520 659/854/613 1120/853/612
f 1120/853/612 659/854/613 183/855/614 660/856/615
f 607/722/525 1120/853/612 660/856/615 156/723/526
f 157/729/530 661/857/616 1121/858/617 610/730/531
f 661/857/616 184/859/616 662/860/618 1121/858/617
f 1121/858/617 662/860/618 159/739/536 613/737/534
f 610/730/531 1121/858/617 613/737/534 132/599/448
f 185/861/619 663/862/620 1122/863/621 664/864/622
f 663/862/620 181/865/607 655/866/342 1122/863/621
f 1122/863/621 655/866/342 131/736/342 612/735/532
f 664/864/622 1122/863/621 612/735/532 158/734/533
f 159/739/536 665/867/623 1123/868/624 614/740/537
f 665/867/623 186/869/625 666/870/626 1123/868/624
f 1123/868/624 666/870/626 162/747/540 617/745/538
f 614/740/537 1123/868/624 617/745/538 135/607/452
f 134/609/453 619/750/543 1124/871/627 615/742/349
f 619/750/543 161/749/542 667/872/628 1124/871/627
f 1124/871/627 667/872/628 187/873/629 668/874/630
f 615/742/349 1124/871/627 668/874/630 160/743/271
f 162/875/540 669/876/631 1125/877/632 618/878/541
f 669/876/631 189/879/100 670/880/100 1125/877/632
f 1125/877/632 670/880/100 188/881/100 671/882/633
f 618/878/541 1125/877/632 671/882/633 161/883/542
f 190/884/634 672/885/635 1126/886/636 673/887/359
f 672/885/635 191/888/637 674/889/638 1126/886/636
f 1126/886/636 674/889/638 164/755/548 620/752/545
f 673/887/359 1126/886/636 620/752/545 163/751/544
f 165/759/462 675/890/462 1127/891/463 624/760/463
f 675/890/462 192/892/462 676/893/463 1127/891/463
f 1127/891/463 676/893/463 163/751/544 621/754/547
f 624/760/463 1127/891/463 621/754/547 137/615/457
f 139/633/469 630/772/561 1128/894/639 628/768/557
f 630/772/561 167/771/560 677/895/640 1128/894/639
f 1128/894/639 677/895/640 1302/896/641 1279/897/642
f 628/768/557 1128/894/639 1279/897/642 1278/898/643
f 193/805/582 678/899/644 1129/900/645 641/806/583
f 678/899/644 221/901/646 679/902/647 1129/900/645
f 1129/900/645 679/902/647 167/903/560 629/904/559
f 641/806/583 1129/900/645 629/904/559 145/807/491
f 168/787/568 680/905/648 1130/906/649 634/788/569
f 680/905/648 180/837/603 654/840/606 1130/906/649
f 1130/906/649 654/840/606 154/712/518 632/780/565
f 634/788/569 1130/906/649 632/780/565 141/779/477
f 142/785/481 646/907/592 1131/908/650 633/786/567
f 646/907/592 174/909/591 681/910/651 1131/908/650
f 1131/908/650 681/910/651 194/911/652 682/912/653
f 633/786/567 1131/908/650 682/912/653 168/787/568
f 195/913/654 683/914/655 1132/915/656 684/916/657
f 683/914/655 196/917/658 685/918/659 1132/915/656
f 1132/915/656 685/918/659 170/793/574 635/790/571
f 684/916/657 1132/915/656 635/790/571 169/789/570
f 170/793/574 686/919/660 1133/920/661 637/794/575
f 686/919/660 197/921/662 687/922/663 1133/920/661
f 1133/920/661 687/922/663 171/797/578 638/795/576
f 637/794/575 1133/920/661 638/795/576 144/653/485
f 149/923/497 688/924/664 1134/925/665 645/926/590
f 254/927/666 689/928/667 1134/925/665 688/924/664
f 229/929/668 690/930/669 1134/925/665 689/928/667
f 202/931/670 691/932/671 1134/925/665 690/930/669
f 174/933/591 645/926/590 1134/925/665 691/932/671
f 231/934/672 692/935/673 1135/936/674 693/937/675
f 254/938/666 688/939/664 1135/936/674 692/935/673
f 149/940/497 648/941/596 1135/936/674 688/939/664
f 175/942/595 694/943/676 1135/936/674 648/941/596
f 203/944/677 693/937/675 1135/936/674 694/943/676
f 150/825/501 650/945/598 1136/946/678 647/826/594
f 650/945/598 176/947/597 695/948/679 1136/946/678
f 1136/946/678 695/948/679 204/949/680 696/950/681
f 647/826/594 1136/946/678 696/950/681 175/827/595
f 160/743/271 668/874/630 1137/951/682 649/830/319
f 668/874/630 187/873/629 697/952/683 1137/951/682
f 1137/951/682 697/952/683 205/953/684 698/954/685
f 649/830/319 1137/951/682 698/954/685 176/831/597
f 181/845/607 699/955/686 1138/956/687 656/846/343
f 699/955/686 208/957/688 700/958/689 1138/956/687
f 1138/956/687 700/958/689 179/833/599 652/836/602
f 656/846/343 1138/956/687 652/836/602 152/706/263
f 209/959/690 701/960/691 1139/961/692 702/962/693
f 701/960/691 183/963/614 659/964/613 1139/961/692
f 1139/961/692 659/964/613 155/841/520 653/838/604
f 702/962/693 1139/961/692 653/838/604 180/837/603
f 156/965/526 703/966/694 1140/967/695 657/968/608
f 234/969/696 704/970/697 1140/967/695 703/966/694
f 210/971/698 705/972/699 1140/967/695 704/970/697
f 235/973/700 706/974/701 1140/967/695 705/972/699
f 182/975/610 657/968/608 1140/967/695 706/974/701
f 182/849/610 707/976/702 1141/977/703 658/850/611
f 707/976/702 211/978/704 708/979/705 1141/977/703
f 1141/977/703 708/979/705 184/980/616 661/981/616
f 658/850/611 1141/977/703 661/981/616 157/851/530
f 239/982/706 709/983/707 1142/984/708 710/985/709
f 234/986/696 703/987/694 1142/984/708 709/983/707
f 156/988/526 660/989/615 1142/984/708 703/987/694
f 183/990/614 711/991/710 1142/984/708 660/989/615
f 212/992/711 710/985/709 1142/984/708 711/991/710
f 184/859/616 712/993/712 1143/994/713 662/860/618
f 712/993/712 213/995/714 713/996/715 1143/994/713
f 1143/994/713 713/996/715 186/869/625 665/867/623
f 662/860/618 1143/994/713 665/867/623 159/739/536
f 158/734/533 627/765/554 1144/997/716 664/864/622
f 627/765/554 166/763/552 714/998/717 1144/997/716
f 1144/997/716 714/998/717 214/999/718 715/1000/719
f 664/864/622 1144/997/716 715/1000/719 185/861/619
f 186/1001/625 716/1002/720 1145/1003/721 666/1004/626
f 716/1002/720 215/1005/151 717/1006/151 1145/1003/721
f 1145/1003/721 717/1006/151 189/879/100 669/876/631
f 666/1004/626 1145/1003/721 669/876/631 162/875/540
f 161/883/542 671/882/633 1146/1007/722 667/1008/628
f 671/882/633 188/881/100 718/1009/151 1146/1007/722
f 1146/1007/722 718/1009/151 216/1010/100 719/1011/723
f 667/1008/628 1146/1007/722 719/1011/723 187/1012/629
f 188/881/100 670/880/100 1147/1013/724 720/1014/725
f 670/880/100 189/879/100 721/1015/726 1147/1013/724
f 1147/1013/724 721/1015/726 218/1016/727 722/1017/728
f 720/1014/725 1147/1013/724 722/1017/728 217/1018/729
f 219/1019/730 723/1020/731 1148/1021/732 724/1022/733
f 723/1020/731 222/1023/734 725/1024/735 1148/1021/732
f 1148/1021/732 725/1024/735 191/888/637 672/885/635
f 724/1022/733 1148/1021/732 672/885/635 190/884/634
f 192/892/462 726/1025/462 1149/1026/736 676/893/463
f 726/1025/462 220/1027/550 727/1028/737 1149/1026/736
f 1149/1026/736 727/1028/737 190/884/634 673/887/359
f 676/893/463 1149/1026/736 673/887/359 163/751/544
f 214/999/718 714/998/717 1150/1029/738 728/1030/739
f 714/998/717 166/763/552 625/762/551 1150/1029/738
f 1150/1029/738 625/762/551 164/755/548 674/889/638
f 728/1030/739 1150/1029/738 674/889/638 191/888/637
f 221/901/646 729/1031/740 1151/1032/741 679/902/647
f 729/1031/740 1295/1033/742 1317/1034/743 1151/1032/741
f 1151/1032/741 1317/1034/743 1302/1035/641 677/1036/640
f 679/902/647 1151/1032/741 677/1036/640 167/903/560
f 194/911/652 730/1037/744 1152/1038/745 682/912/653
f 730/1037/744 209/959/690 702/962/693 1152/1038/745
f 1152/1038/745 702/962/693 180/837/603 680/905/648
f 682/912/653 1152/1038/745 680/905/648 168/787/568
f 222/1039/734 731/1040/746 1153/1041/747 732/1042/748
f 731/1040/746 223/1043/749 733/1044/750 1153/1041/747
f 1153/1041/747 733/1044/750 196/917/658 683/914/655
f 732/1042/748 1153/1041/747 683/914/655 195/913/654
f 172/810/584 734/1045/751 1154/1046/752 642/811/585
f 734/1045/751 198/1047/753 735/1048/754 1154/1046/752
f 1154/1046/752 735/1048/754 195/1049/654 684/1050/657
f 642/811/585 1154/1046/752 684/1050/657 169/814/570
f 196/917/658 736/1051/755 1155/1052/756 685/918/659
f 736/1051/755 224/1053/757 737/1054/758 1155/1052/756
f 1155/1052/756 737/1054/758 197/921/662 686/919/660
f 685/918/659 1155/1052/756 686/919/660 170/793/574
f 197/1055/662 738/1056/759 1156/1057/760 687/1058/663
f 738/1056/759 249/1059/761 739/1060/762 1156/1057/760
f 1156/1057/760 739/1060/762 193/805/582 640/802/580
f 687/1058/663 1156/1057/760 640/802/580 171/801/578
f 199/1061/763 740/1062/764 1157/1063/765 741/1064/766
f 740/1062/764 226/1065/767 742/1066/768 1157/1063/765
f 1157/1063/765 742/1066/768 225/1067/769 743/1068/770
f 741/1064/766 1157/1063/765 743/1068/770 198/1047/753
f 174/933/591 691/932/671 1158/1069/771 681/1070/651
f 691/932/671 202/931/670 744/1071/772 1158/1069/771
f 1158/1069/771 744/1071/772 228/1072/773 745/1073/774
f 681/1070/651 1158/1069/771 745/1073/774 194/1074/652
f 175/942/595 696/1075/681 1159/1076/775 694/943/676
f 696/1075/681 204/1077/680 746/1078/776 1159/1076/775
f 1159/1076/775 746/1078/776 230/1079/777 747/1080/778
f 694/943/676 1159/1076/775 747/1080/778 203/944/677
f 176/947/597 698/1081/685 1160/1082/779 695/948/679
f 698/1081/685 205/1083/684 748/1084/780 1160/1082/779
f 1160/1082/779 748/1084/780 232/1085/781 749/1086/782
f 695/948/679 1160/1082/779 749/1086/782 204/949/680
f 187/1012/629 719/1011/723 1161/1087/783 697/1088/683
f 216/1010/100 750/1089/784 1161/1087/783 719/1011/723
f 205/1090/684 697/1088/683 1161/1087/783 750/1089/784
f 181/865/607 663/862/620 1162/1091/785 699/1092/686
f 663/862/620 185/861/619 751/1093/786 1162/1091/785
f 1162/1091/785 751/1093/786 226/1094/767 752/1095/787
f 699/1092/686 1162/1091/785 752/1095/787 208/1096/688
f 227/1097/496 753/1098/496 1163/1099/788 754/1100/789
f 177/691/496 596/690/509 1163/1099/788 753/1098/496
f 178/689/508 651/1101/600 1163/1099/788 596/690/509
f 179/1102/599 700/1103/689 1163/1099/788 651/1101/600
f 208/1104/688 754/1100/789 1163/1099/788 700/1103/689
f 235/973/700 755/1105/790 1164/1106/791 706/974/701
f 755/1105/790 236/1107/792 756/1108/793 1164/1106/791
f 1164/1106/791 756/1108/793 211/1109/704 707/1110/702
f 706/974/701 1164/1106/791 707/1110/702 182/975/610
f 211/978/704 757/1111/794 1165/1112/795 708/979/705
f 757/1111/794 237/1113/796 758/1114/797 1165/1112/795
f 1165/1112/795 758/1114/797 213/1115/714 712/1116/712
f 708/979/705 1165/1112/795 712/1116/712 184/980/616
f 183/990/614 701/1117/691 1166/1118/798 711/991/710
f 701/1117/691 209/1119/690 759/1120/799 1166/1118/798
f 1166/1118/798 759/1120/799 238/1121/800 760/1122/801
f 711/991/710 1166/1118/798 760/1122/801 212/992/711
f 215/1005/151 716/1002/720 1167/1123/802 761/1124/803
f 186/1001/625 713/1125/715 1167/1123/802 716/1002/720
f 213/1126/714 761/1124/803 1167/1123/802 713/1125/715
f 225/1127/769 742/1128/768 1168/1129/804 762/1130/805
f 742/1128/768 226/1094/767 751/1093/786 1168/1129/804
f 1168/1129/804 751/1093/786 185/861/619 715/1000/719
f 762/1130/805 1168/1129/804 715/1000/719 214/999/718
f 189/879/100 717/1006/151 1169/1131/806 721/1015/726
f 717/1006/151 215/1005/151 763/1132/807 1169/1131/806
f 1169/1131/806 763/1132/807 240/1133/808 764/1134/809
f 721/1015/726 1169/1131/806 764/1134/809 218/1016/727
f 216/1010/100 718/1009/151 1170/1135/810 765/1136/811
f 718/1009/151 188/881/100 720/1014/725 1170/1135/810
f 1170/1135/810 720/1014/725 217/1018/729 766/1137/812
f 765/1136/811 1170/1135/810 766/1137/812 241/1138/813
f 242/1139/814 767/1140/815 1171/1141/816 768/1142/817
f 767/1140/815 217/1143/729 722/1144/728 1171/1141/816
f 1171/1141/816 722/1144/728 218/1145/727 769/1146/818
f 768/1142/817 1171/1141/816 769/1146/818 243/1147/819
f 190/884/634 727/1028/737 1172/1148/820 724/1022/733
f 727/1028/737 220/1027/550 770/1149/462 1172/1148/820
f 1172/1148/820 770/1149/462 244/1150/821 771/1151/822
f 724/1022/733 1172/1148/820 771/1151/822 219/1019/730
f 191/888/637 725/1024/735 1173/1152/823 728/1030/739
f 725/1024/735 222/1023/734 772/1153/824 1173/1152/823
f 1173/1152/823 772/1153/824 225/1127/769 762/1130/805
f 728/1030/739 1173/1152/823 762/1130/805 214/999/718
f 247/1154/825 774/1155/825 1174/1156/826 773/1157/827
f 246/1158/828 775/1159/829 1174/1156/826 774/1155/825
f 248/1160/830 1277/1161/831 1282/1162/832 776/1163/833
f 776/1163/833 1282/1162/832 1289/1164/834 729/1031/740 221/901/646
f 249/1059/761 777/1165/835 1175/1166/836 739/1060/762
f 777/1165/835 248/1160/830 776/1163/833 1175/1166/836
f 1175/1166/836 776/1163/833 221/901/646 678/899/644
f 739/1060/762 1175/1166/836 678/899/644 193/805/582
f 250/1167/457 778/1168/837 1176/1169/838 779/1170/839
f 778/1168/837 223/1171/749 731/1172/746 1176/1169/838
f 1176/1169/838 731/1172/746 222/1023/734 723/1020/731
f 779/1170/839 1176/1169/838 723/1020/731 219/1019/730
f 198/1047/753 743/1068/770 1177/1173/840 735/1048/754
f 743/1068/770 225/1067/769 772/1174/824 1177/1173/840
f 1177/1173/840 772/1174/824 222/1175/734 732/1176/748
f 735/1048/754 1177/1173/840 732/1176/748 195/1049/654
f 223/1043/749 780/1177/841 1178/1178/842 733/1044/750
f 780/1177/841 251/1179/843 781/1180/844 1178/1178/842
f 1178/1178/842 781/1180/844 224/1053/757 736/1051/755
f 733/1044/750 1178/1178/842 736/1051/755 196/917/658
f 252/1181/845 782/1182/846 1179/1183/847 783/1184/848
f 782/1182/846 249/1059/761 738/1056/759 1179/1183/847
f 1179/1183/847 738/1056/759 197/1055/662 737/1185/758
f 783/1184/848 1179/1183/847 737/1185/758 224/1186/757
f 199/1061/763 784/1187/496 1180/1188/849 740/1062/764
f 784/1187/496 227/1097/496 754/1100/789 1180/1188/849
f 1180/1188/849 754/1100/789 208/1104/688 752/1189/787
f 740/1062/764 1180/1188/849 752/1189/787 226/1065/767
f 228/1072/773 785/1190/850 1181/1191/851 745/1073/774
f 785/1190/850 238/1121/800 759/1120/799 1181/1191/851
f 1181/1191/851 759/1120/799 209/1119/690 730/1192/744
f 745/1073/774 1181/1191/851 730/1192/744 194/1074/652
f 202/931/670 786/1193/852 1182/1194/853 744/1071/772
f 786/1193/852 255/1195/854 787/1196/855 1182/1194/853
f 1182/1194/853 787/1196/855 253/1197/856 788/1198/857
f 744/1071/772 1182/1194/853 788/1198/857 228/1072/773
f 229/929/668 789/1199/858 1183/1200/859 690/930/669
f 255/1195/854 786/1193/852 1183/1200/859 789/1199/858
f 202/931/670 690/930/669 1183/1200/859 786/1193/852
f 203/944/677 747/1080/778 1184/1201/860 790/1202/861
f 747/1080/778 230/1079/777 791/1203/862 1184/1201/860
f 1184/1201/860 791/1203/862 257/1204/863 792/1205/864
f 790/1202/861 1184/1201/860 792/1205/864 256/1206/865
f 258/1207/866 793/1208/867 1185/1209/868 794/1210/869
f 793/1208/867 257/1204/863 791/1203/862 1185/1209/868
f 1185/1209/868 791/1203/862 230/1079/777 746/1078/776
f 794/1210/869 1185/1209/868 746/1078/776 204/1077/680
f 231/934/672 693/937/675 1186/1211/870 795/1212/871
f 693/937/675 203/944/677 790/1202/861 1186/1211/870
f 1186/1211/870 790/1202/861 256/1206/865 796/1213/872
f 795/1212/871 1186/1211/870 796/1213/872 259/1214/873
f 204/1077/680 749/1215/782 1187/1216/874 794/1210/869
f 749/1215/782 232/1217/781 797/1218/875 1187/1216/874
f 1187/1216/874 797/1218/875 241/1219/813 798/1220/876
f 794/1210/869 1187/1216/874 798/1220/876 258/1207/866
f 205/1090/684 750/1089/784 1188/1221/877 748/1222/780
f 750/1089/784 216/1010/100 765/1136/811 1188/1221/877
f 1188/1221/877 765/1136/811 241/1138/813 797/1223/875
f 748/1222/780 1188/1221/877 797/1223/875 232/1224/781
f 234/969/696 799/1225/878 1189/1226/879 704/970/697
f 799/1225/878 279/1227/880 800/1228/881 1189/1226/879
f 1189/1226/879 800/1228/881 260/1229/882 801/1230/883
f 704/970/697 1189/1226/879 801/1230/883 210/971/698
f 260/1229/882 802/1231/884 1190/1232/885 801/1230/883
f 802/1231/884 261/1233/886 803/1234/887 1190/1232/885
f 1190/1232/885 803/1234/887 235/973/700 705/972/699
f 801/1230/883 1190/1232/885 705/972/699 210/971/698
f 261/1233/886 804/1235/888 1191/1236/889 803/1234/887
f 804/1235/888 262/1237/890 805/1238/891 1191/1236/889
f 1191/1236/889 805/1238/891 236/1107/792 755/1105/790
f 803/1234/887 1191/1236/889 755/1105/790 235/973/700
f 236/1107/792 805/1238/891 1192/1239/892 756/1108/793
f 805/1238/891 262/1237/890 806/1240/893 1192/1239/892
f 1192/1239/892 806/1240/893 263/1241/894 807/1242/895
f 756/1108/793 1192/1239/892 807/1242/895 211/1109/704
f 263/1241/894 808/1243/896 1193/1244/897 807/1242/895
f 808/1243/896 240/1245/808 809/1246/898 1193/1244/897
f 1193/1244/897 809/1246/898 237/1247/796 757/1248/794
f 807/1242/895 1193/1244/897 757/1248/794 211/1109/704
f 215/1005/151 761/1124/803 1194/1249/899 763/1132/807
f 761/1124/803 213/1126/714 758/1250/797 1194/1249/899
f 1194/1249/899 758/1250/797 237/1251/796 809/1252/898
f 763/1132/807 1194/1249/899 809/1252/898 240/1133/808
f 264/1253/900 810/1254/901 1195/1255/902 811/1256/903
f 810/1254/901 265/1257/904 812/1258/905 1195/1255/902
f 1195/1255/902 812/1258/905 212/992/711 760/1122/801
f 811/1256/903 1195/1255/902 760/1122/801 238/1121/800
f 212/992/711 812/1258/905 1196/1259/906 710/985/709
f 265/1257/904 813/1260/907 1196/1259/906 812/1258/905
f 239/982/706 710/985/709 1196/1259/906 813/1260/907
f 243/1147/819 769/1146/818 1197/1261/908 814/1262/909
f 769/1146/818 218/1145/727 764/1263/809 1197/1261/908
f 1197/1261/908 764/1263/809 240/1245/808 808/1243/896
f 814/1262/909 1197/1261/908 808/1243/896 263/1241/894
f 258/1207/866 798/1220/876 1198/1264/910 815/1265/911
f 798/1220/876 241/1219/813 766/1266/812 1198/1264/910
f 1198/1264/910 766/1266/812 217/1143/729 767/1140/815
f 815/1265/911 1198/1264/910 767/1140/815 242/1139/814
f 243/1147/819 816/1267/912 1199/1268/913 768/1142/817
f 816/1267/912 267/1269/912 817/1270/914 1199/1268/913
f 1199/1268/913 817/1270/914 266/1271/915 818/1272/916
f 768/1142/817 1199/1268/913 818/1272/916 242/1139/814
f 244/1150/821 819/1273/550 1200/1274/917 771/1151/822
f 819/1273/550 268/1275/918 820/1276/736 1200/1274/917
f 1200/1274/917 820/1276/736 250/1167/457 779/1170/839
f 771/1151/822 1200/1274/917 779/1170/839 219/1019/730
f 247/1154/825 773/1157/827 1201/1277/919 821/1278/829
f 821/1278/829 1201/1277/919 822/1279/920 269/1280/829
f 246/1158/828 823/1281/921 1202/1282/922 775/1159/829
f 270/1283/923 824/1284/924 1202/1282/922 823/1281/921
f 245/1285/829 775/1159/829 1202/1282/922 824/1284/924
f 247/1154/825 825/1286/925 1203/1287/926 774/1155/825
f 825/1286/925 272/1288/927 826/1289/928 1203/1287/926
f 1203/1287/926 826/1289/928 271/1290/929 827/1291/930
f 774/1155/825 1203/1287/926 827/1291/930 246/1158/828
f 273/1292/931 828/1293/932 1204/1294/933 829/1295/934
f 828/1293/932 251/1296/843 780/1297/841 1204/1294/933
f 1204/1294/933 780/1297/841 223/1171/749 778/1168/837
f 829/1295/934 1204/1294/933 778/1168/837 250/1167/457
f 251/1298/843 828/1299/932 1205/1300/935 781/1301/844
f 828/1299/932 273/1302/931 830/1303/936 1205/1300/935
f 1205/1300/935 830/1303/936 252/1181/845 783/1184/848
f 781/1301/844 1205/1300/935 783/1184/848 224/1186/757
f 253/1197/856 831/1304/937 1206/1305/938 788/1198/857
f 831/1304/937 264/1253/900 811/1256/903 1206/1305/938
f 1206/1305/938 811/1256/903 238/1121/800 785/1190/850
f 788/1198/857 1206/1305/938 785/1190/850 228/1072/773
f 274/1306/939 832/1307/940 1207/1308/941 833/1309/942
f 832/1307/940 255/1195/854 789/1199/858 1207/1308/941
f 1207/1308/941 789/1199/858 229/929/668 689/928/667
f 833/1309/942 1207/1308/941 689/928/667 254/927/666
f 231/934/672 795/1212/871 1208/1310/943 692/935/673
f 795/1212/871 259/1214/873 834/1311/944 1208/1310/943
f 1208/1310/943 834/1311/944 274/1312/939 833/1313/942
f 692/935/673 1208/1310/943 833/1313/942 254/938/666
f 265/1257/904 835/1314/945 1209/1315/946 813/1260/907
f 835/1314/945 279/1316/880 799/1317/878 1209/1315/946
f 1209/1315/946 799/1317/878 234/986/696 709/983/707
f 813/1260/907 1209/1315/946 709/983/707 239/982/706
f 262/1237/890 836/1318/947 1210/1319/948 806/1240/893
f 836/1318/947 267/1269/912 816/1267/912 1210/1319/948
f 1210/1319/948 816/1267/912 243/1147/819 814/1262/909
f 806/1240/893 1210/1319/948 814/1262/909 263/1241/894
f 242/1139/814 818/1272/916 1211/1320/949 815/1265/911
f 818/1272/916 266/1271/915 837/1321/950 1211/1320/949
f 1211/1320/949 837/1321/950 257/1204/863 793/1208/867
f 815/1265/911 1211/1320/949 793/1208/867 258/1207/866
f 268/1275/918 838/1322/951 1212/1323/952 820/1276/736
f 838/1322/951 283/1324/953 839/1325/954 1212/1323/952
f 1212/1323/952 839/1325/954 273/1292/931 829/1295/934
f 820/1276/736 1212/1323/952 829/1295/934 250/1167/457
f 269/1280/829 822/1279/920 1213/1326/955 840/1327/825
f 284/1328/829 840/1327/825 1213/1326/955 841/1329/829
f 269/1280/829 842/1330/956 1214/1331/957 821/1278/829
f 842/1330/956 286/1332/958 843/1333/959 1214/1331/957
f 1214/1331/957 843/1333/959 272/1288/927 825/1286/925
f 821/1278/829 1214/1331/957 825/1286/925 247/1154/825
f 271/1290/929 844/1334/960 1215/1335/961 827/1291/930
f 844/1334/960 287/1336/962 845/1337/963 1215/1335/961
f 1215/1335/961 845/1337/963 270/1283/923 823/1281/921
f 827/1291/930 1215/1335/961 823/1281/921 246/1158/828
f 288/1338/964 846/1339/965 1216/1340/966 847/1341/967
f 289/1342/968 848/1343/969 1216/1340/966 846/1339/965
f 287/1344/962 844/1345/960 1216/1340/966 848/1343/969
f 271/1346/929 826/1347/928 1216/1340/966 844/1345/960
f 272/1348/927 847/1341/967 1216/1340/966 826/1347/928
f 249/1059/761 782/1182/846 1217/1349/970 777/1165/835
f 782/1182/846 252/1181/845 849/1350/971 1217/1349/970
f 1217/1349/970 849/1350/971 290/1351/972 850/1352/973
f 777/1165/835 1217/1349/970 850/1352/973 248/1160/830
f 248/1160/830 850/1352/973 1300/1353/974 1277/1161/831
f 850/1352/973 290/1351/972 1328/1354/975 1300/1353/974
f 273/1302/931 839/1355/954 1218/1356/976 830/1303/936
f 839/1355/954 283/1357/953 851/1358/977 1218/1356/976
f 1218/1356/976 851/1358/977 290/1351/972 849/1350/971
f 830/1303/936 1218/1356/976 849/1350/971 252/1181/845
f 255/1195/854 832/1307/940 1219/1359/978 787/1196/855
f 832/1307/940 274/1306/939 852/1360/979 1219/1359/978
f 1219/1359/978 852/1360/979 291/1361/980 853/1362/981
f 787/1196/855 1219/1359/978 853/1362/981 253/1197/856
f 259/1214/873 854/1363/982 1220/1364/983 834/1311/944
f 854/1363/982 277/1365/984 855/1366/985 1220/1364/983
f 1220/1364/983 855/1366/985 291/1367/980 852/1368/979
f 834/1311/944 1220/1364/983 852/1368/979 274/1312/939
f 279/1227/880 856/1369/986 1221/1370/987 800/1228/881
f 856/1369/986 293/1371/988 857/1372/989 1221/1370/987
f 1221/1370/987 857/1372/989 280/1373/990 858/1374/991
f 800/1228/881 1221/1370/987 858/1374/991 260/1229/882
f 291/1361/980 859/1375/992 1222/1376/993 853/1362/981
f 859/1375/992 293/1377/988 860/1378/994 1222/1376/993
f 1222/1376/993 860/1378/994 264/1253/900 831/1304/937
f 853/1362/981 1222/1376/993 831/1304/937 253/1197/856
f 293/1377/988 856/1379/986 1223/1380/995 860/1378/994
f 856/1379/986 279/1316/880 835/1314/945 1223/1380/995
f 1223/1380/995 835/1314/945 265/1257/904 810/1254/901
f 860/1378/994 1223/1380/995 810/1254/901 264/1253/900
f 295/1381/996 862/1382/997 1224/1383/998 863/1384/999
f 862/1382/997 286/1332/958 842/1330/956 1224/1383/998
f 1224/1383/998 842/1330/956 269/1280/829 840/1327/825
f 863/1384/999 1224/1383/998 840/1327/825 284/1328/829
f 285/1385/829 864/1386/1000 1225/1387/1001 841/1329/829
f 296/1388/1002 865/1389/1003 1225/1387/1001 864/1386/1000
f 284/1328/829 841/1329/829 1225/1387/1001 865/1389/1003
f 297/1390/1004 866/1391/1005 1226/1392/1006 867/1393/1007
f 866/1391/1005 288/1338/964 847/1341/967 1226/1392/1006
f 1226/1392/1006 847/1341/967 272/1348/927 843/1394/959
f 867/1393/1007 1226/1392/1006 843/1394/959 286/1395/958
f 270/1396/923 845/1397/963 1227/1398/1008 861/1399/1009
f 845/1397/963 287/1400/962 848/1401/969 1227/1398/1008
f 1227/1398/1008 848/1401/969 289/1402/968 868/1403/1010
f 861/1399/1009 1227/1398/1008 868/1403/1010 294/1404/1011
f 298/1405/1012 869/1406/1013 1228/1407/1014 870/1408/1015
f 869/1406/1013 299/1409/1016 871/1410/1017 1228/1407/1014
f 1228/1407/1014 871/1410/1017 289/1342/968 846/1339/965
f 870/1408/1015 1228/1407/1014 846/1339/965 288/1338/964
f 283/1357/953 1294/1411/1018 1309/1412/1019 851/1358/977
f 851/1358/977 1309/1412/1019 1328/1354/975 290/1351/972
f 291/1367/980 855/1366/985 1229/1413/1020 859/1414/992
f 855/1366/985 277/1365/984 872/1415/1021 1229/1413/1020
f 1229/1413/1020 872/1415/1021 280/1373/990 857/1372/989
f 859/1414/992 1229/1413/1020 857/1372/989 293/1371/988
f 301/1416/1022 874/1417/1023 1230/1418/1024 875/1419/1025
f 302/1420/1026 876/1421/1027 1230/1418/1024 874/1417/1023
f 297/1390/1004 867/1393/1007 1230/1418/1024 876/1421/1027
f 286/1395/958 862/1422/997 1230/1418/1024 867/1393/1007
f 295/1423/996 875/1419/1025 1230/1418/1024 862/1422/997
f 296/1388/1002 877/1424/1028 1231/1425/1029 865/1389/1003
f 877/1424/1028 301/1426/1022 875/1427/1025 1231/1425/1029
f 1231/1425/1029 875/1427/1025 295/1381/996 863/1384/999
f 865/1389/1003 1231/1425/1029 863/1384/999 284/1328/829
f 303/1428/1012 878/1429/1012 1232/1430/1030 879/1431/1031
f 878/1429/1012 298/1405/1012 870/1408/1015 1232/1430/1030
f 1232/1430/1030 870/1408/1015 288/1338/964 866/1391/1005
f 879/1431/1031 1232/1430/1030 866/1391/1005 297/1390/1004
f 294/1404/1011 868/1403/1010 1233/1432/1032 873/1433/1033
f 868/1403/1010 289/1402/968 871/1434/1017 1233/1432/1032
f 1233/1432/1032 871/1434/1017 299/1435/1016 880/1436/1034
f 873/1433/1033 1233/1432/1032 880/1436/1034 300/1437/1035
f 300/1438/1035 880/1439/1034 1234/1440/1036 881/1441/1037
f 880/1439/1034 299/1442/1016 869/1443/1013 1234/1440/1036
f 1234/1440/1036 869/1443/1013 298/1444/1012 882/1445/1038
f 881/1441/1037 1234/1440/1036 882/1445/1038 304/1446/1039
f 296/1447/1002 883/1448/1040 1235/1449/1041 877/1450/1028
f 883/1448/1040 305/1451/1042 884/1452/1043 1235/1449/1041
f 1235/1449/1041 884/1452/1043 302/1453/1026 874/1454/1023
f 877/1450/1028 1235/1449/1041 874/1454/1023 301/1455/1022
f 302/1420/1026 885/1456/1044 1236/1457/1045 876/1421/1027
f 885/1456/1044 306/1458/1046 886/1459/1047 1236/1457/1045
f 1236/1457/1045 886/1459/1047 303/1428/1012 879/1431/1031
f 876/1421/1027 1236/1457/1045 879/1431/1031 297/1390/1004
f 304/1446/1039 882/1445/1038 1237/1460/1038 887/1461/1039
f 882/1445/1038 298/1444/1012 878/1462/1012 1237/1460/1038
f 1237/1460/1038 878/1462/1012 303/1463/1012 888/1464/1038
f 887/1461/1039 1237/1460/1038 888/1464/1038 307/1465/151
f 302/1453/1026 884/1452/1043 1238/1466/1048 885/1467/1044
f 884/1452/1043 305/1451/1042 889/1468/1049 1238/1466/1048
f 1238/1466/1048 889/1468/1049 308/1469/1050 890/1470/1051
f 885/1467/1044 1238/1466/1048 890/1470/1051 306/1471/1046
f 307/1465/151 888/1464/1038 1239/1472/1052 891/1473/1053
f 888/1464/1038 303/1463/1012 886/1474/1047 1239/1472/1052
f 1239/1472/1052 886/1474/1047 306/1475/1046 890/1476/1051
f 891/1473/1053 1239/1472/1052 890/1476/1051 308/1477/1050
f 319/1478/1054 892/1479/1055 1240/1480/1056 893/1481/1057
f 892/1479/1055 173/1482/1058 894/1483/1059 1240/1480/1056
f 1240/1480/1056 894/1483/1059 207/1484/1060 895/1485/1061
f 893/1481/1057 1240/1480/1056 895/1485/1061 320/1486/1062
f 318/1487/1063 896/1488/1064 1241/1489/1065 897/1490/1066
f 896/1488/1064 201/1491/1067 898/1492/1068 1241/1489/1065
f 1241/1489/1065 898/1492/1068 173/1482/1058 892/1479/1055
f 897/1490/1066 1241/1489/1065 892/1479/1055 319/1478/1054
f 320/1486/1062 895/1485/1061 1242/1493/1069 899/1494/1070
f 895/1485/1061 207/1484/1060 900/1495/1071 1242/1493/1069
f 1242/1493/1069 900/1495/1071 206/1496/1072 901/1497/1073
f 899/1494/1070 1242/1493/1069 901/1497/1073 315/1498/1074
f 317/1499/1075 902/1500/1076 1243/1501/1077 903/1502/1078
f 902/1500/1076 200/1503/1079 904/1504/1080 1243/1501/1077
f 1243/1501/1077 904/1504/1080 201/1505/1067 896/1506/1064
f 903/1502/1078 1243/1501/1077 896/1506/1064 318/1507/1063
f 316/1508/1081 905/1509/1082 1244/1510/1083 906/1511/1084
f 905/1509/1082 233/1512/1085 907/1513/1086 1244/1510/1083
f 1244/1510/1083 907/1513/1086 200/1503/1079 902/1500/1076
f 906/1511/1084 1244/1510/1083 902/1500/1076 317/1499/1075
f 206/1514/1072 908/1515/1087 1245/1516/1088 909/1517/1089
f 908/1515/1087 311/1518/496 910/1519/496 1245/1516/1088
f 1245/1516/1088 910/1519/496 310/1520/496 911/1521/1090
f 909/1517/1089 1245/1516/1088 911/1521/1090 233/1522/1085
f 207/1523/1060 912/1524/1091 1246/1525/1092 900/1526/1071
f 912/1524/1091 312/1527/496 913/1528/496 1246/1525/1092
f 1246/1525/1092 913/1528/496 311/1518/496 908/1515/1087
f 900/1526/1071 1246/1525/1092 908/1515/1087 206/1514/1072
f 173/1529/1058 914/1530/1093 1247/1531/1094 894/1532/1059
f 914/1530/1093 313/1533/496 915/1534/496 1247/1531/1094
f 1247/1531/1094 915/1534/496 312/1527/496 912/1524/1091
f 894/1532/1059 1247/1531/1094 912/1524/1091 207/1523/1060
f 314/1535/496 916/1536/1095 1248/1537/1096 917/1538/496
f 172/810/584 643/813/587 1248/1537/1096 916/1536/1095
f 120/536/405 587/667/494 1248/1537/1096 643/813/587
f 147/671/496 918/1539/496 1248/1537/1096 587/667/494
f 313/1533/496 917/1538/496 1248/1537/1096 918/1539/496
f 309/1540/763 919/1541/1097 1249/1542/1098 920/1543/496
f 919/1541/1097 200/1544/1079 907/1545/1086 1249/1542/1098
f 1249/1542/1098 907/1545/1086 233/1522/1085 911/1521/1090
f 920/1543/496 1249/1542/1098 911/1521/1090 310/1520/496
f 198/1047/753 734/1045/751 1250/1546/1099 741/1064/766
f 172/810/584 916/1536/1095 1250/1546/1099 734/1045/751
f 314/1535/496 921/1547/496 1250/1546/1099 916/1536/1095
f 309/1540/763 922/1548/496 1250/1546/1099 921/1547/496
f 199/1061/763 741/1064/766 1250/1546/1099 922/1548/496
f 281/1549/1100 923/1550/1101 1251/1551/1102 924/1552/1103
f 261/1233/886 802/1231/884 1251/1551/1102 923/1550/1101
f 260/1229/882 858/1374/991 1251/1551/1102 802/1231/884
f 280/1373/990 925/1553/1104 1251/1551/1102 858/1374/991
f 292/1554/1105 924/1552/1103 1251/1551/1102 925/1553/1104
f 262/1237/890 804/1235/888 1252/1555/1106 836/1318/947
f 261/1233/886 923/1550/1101 1252/1555/1106 804/1235/888
f 281/1549/1100 926/1556/1107 1252/1555/1106 923/1550/1101
f 282/1557/1108 927/1558/1109 1252/1555/1106 926/1556/1107
f 267/1269/912 836/1318/947 1252/1555/1106 927/1558/1109
f 292/1554/1105 925/1553/1104 1253/1559/1110 928/1560/1111
f 925/1553/1104 280/1373/990 872/1415/1021 1253/1559/1110
f 1253/1559/1110 872/1415/1021 277/1365/984 929/1561/1112
f 928/1560/1111 1253/1559/1110 929/1561/1112 278/1562/1113
f 259/1214/873 796/1213/872 1254/1563/1114 854/1363/982
f 256/1206/865 930/1564/1115 1254/1563/1114 796/1213/872
f 275/1565/1116 931/1566/1117 1254/1563/1114 930/1564/1115
f 278/1562/1113 929/1561/1112 1254/1563/1114 931/1566/1117
f 277/1365/984 854/1363/982 1254/1563/1114 929/1561/1112
f 275/1565/1116 930/1564/1115 1255/1567/1118 932/1568/1119
f 256/1206/865 792/1205/864 1255/1567/1118 930/1564/1115
f 257/1204/863 837/1321/950 1255/1567/1118 792/1205/864
f 266/1271/915 933/1569/1120 1255/1567/1118 837/1321/950
f 276/1570/1121 932/1568/1119 1255/1567/1118 933/1569/1120
f 276/1570/1121 933/1569/1120 1256/1571/1122 934/1572/1123
f 933/1569/1120 266/1271/915 817/1270/914 1256/1571/1122
f 1256/1571/1122 817/1270/914 267/1269/912 927/1558/1109
f 934/1572/1123 1256/1571/1122 927/1558/1109 282/1557/1108
f 233/1512/1085 905/1509/1082 1257/1573/1124 909/1574/1089
f 905/1509/1082 316/1508/1081 935/1575/1125 1257/1573/1124
f 1257/1573/1124 935/1575/1125 315/1576/1074 901/1577/1073
f 909/1574/1089 1257/1573/1124 901/1577/1073 206/1578/1072
f 199/1061/763 922/1548/496 1258/1579/763 784/1187/496
f 922/1548/496 309/1540/763 920/1543/496 1258/1579/763
f 1258/1579/763 920/1543/496 310/1520/496 936/1580/496
f 784/1187/496 1258/1579/763 936/1580/496 227/1097/496
f 311/1518/496 937/1581/496 1259/1582/496 910/1519/496
f 937/1581/496 177/691/496 753/1098/496 1259/1582/496
f 1259/1582/496 753/1098/496 227/1097/496 936/1580/496
f 910/1519/496 1259/1582/496 936/1580/496 310/1520/496
f 312/1527/496 938/1583/496 1260/1584/496 913/1528/496
f 938/1583/496 151/693/510 597/692/510 1260/1584/496
f 1260/1584/496 597/692/510 177/691/496 937/1581/496
f 913/1528/496 1260/1584/496 937/1581/496 311/1518/496
f 313/1533/496 918/1539/496 1261/1585/496 915/1534/496
f 918/1539/496 147/671/496 644/816/510 1261/1585/496
f 1261/1585/496 644/816/510 151/693/510 938/1583/496
f 915/1534/496 1261/1585/496 938/1583/496 312/1527/496
f 314/1535/496 939/1586/1126 1262/1587/1127 921/1547/496
f 939/1586/1126 201/1588/1067 904/1589/1080 1262/1587/1127
f 1262/1587/1127 904/1589/1080 200/1544/1079 919/1541/1097
f 921/1547/496 1262/1587/1127 919/1541/1097 309/1540/763
f 201/1588/1067 939/1586/1126 1263/1590/1128 898/1591/1068
f 939/1586/1126 314/1535/496 917/1538/496 1263/1590/1128
f 1263/1590/1128 917/1538/496 313/1533/496 914/1530/1093
f 898/1591/1068 1263/1590/1128 914/1530/1093 173/1529/1058
f 316/1508/1081 940/1592/1129 1264/1593/1130 935/1575/1125
f 940/1592/1129 322/1594/1131 941/1595/1132 1264/1593/1130
f 1264/1593/1130 941/1595/1132 321/1596/1074 942/1597/1074
f 935/1575/1125 1264/1593/1130 942/1597/1074 315/1576/1074
f 322/1594/1131 940/1592/1129 1265/1598/1084 943/1599/1084
f 940/1592/1129 316/1508/1081 906/1511/1084 1265/1598/1084
f 1265/1598/1084 906/1511/1084 317/1499/1075 944/1600/1133
f 943/1599/1084 1265/1598/1084 944/1600/1133 323/1601/1134
f 323/1602/1134 944/1603/1133 1266/1604/1135 945/1605/1136
f 944/1603/1133 317/1606/1075 903/1607/1078 1266/1604/1135
f 1266/1604/1135 903/1607/1078 318/1608/1063 946/1609/1063
f 945/1605/1136 1266/1604/1135 946/1609/1063 324/1610/1063
f 324/1611/1063 946/1612/1063 1267/1613/1066 947/1614/1066
f 946/1612/1063 318/1487/1063 897/1490/1066 1267/1613/1066
f 1267/1613/1066 897/1490/1066 319/1478/1054 948/1615/1137
f 947/1614/1066 1267/1613/1066 948/1615/1137 325/1616/1138
f 325/1616/1138 948/1615/1137 1268/1617/1057 949/1618/825
f 948/1615/1137 319/1478/1054 893/1481/1057 1268/1617/1057
f 1268/1617/1057 893/1481/1057 320/1486/1062 950/1619/1139
f 949/1618/825 1268/1617/1057 950/1619/1139 326/1620/1139
f 326/1621/1139 950/1622/1139 1269/1623/1140 951/1624/1141
f 950/1622/1139 320/1625/1062 899/1626/1070 1269/1623/1140
f 1269/1623/1140 899/1626/1070 315/1627/1074 942/1628/1074
f 951/1624/1141 1269/1623/1140 942/1628/1074 321/1629/1074
f 322/1630/1131 952/1631/1142 1270/1632/1143 941/1633/1132
f 952/1631/1142 282/1634/1108 926/1635/1107 1270/1632/1143
f 1270/1632/1143 926/1635/1107 281/1636/1100 953/1637/1144
f 941/1633/1132 1270/1632/1143 953/1637/1144 321/1629/1074
f 282/1638/1108 952/1639/1142 1271/1640/1145 934/1641/1123
f 952/1639/1142 322/1594/1131 943/1599/1084 1271/1640/1145
f 1271/1640/1145 943/1599/1084 323/1601/1134 954/1642/1146
f 934/1641/1123 1271/1640/1145 954/1642/1146 276/1643/1121
f 276/1643/1121 954/1642/1146 1272/1644/1147 932/1645/1119
f 954/1642/1146 323/1601/1134 945/1646/1136 1272/1644/1147
f 1272/1644/1147 945/1646/1136 324/1647/1063 955/1648/1148
f 932/1645/1119 1272/1644/1147 955/1648/1148 275/1649/1116
f 275/1650/1116 955/1651/1148 1273/1652/1149 931/1653/1117
f 955/1651/1148 324/1654/1063 947/1655/1066 1273/1652/1149
f 1273/1652/1149 947/1655/1066 325/1656/1138 956/1657/1150
f 931/1653/1117 1273/1652/1149 956/1657/1150 278/1658/1113
f 278/1659/1113 956/1660/1150 1274/1661/1151 928/1662/1111
f 956/1660/1150 325/1616/1138 949/1618/825 1274/1661/1151
f 1274/1661/1151 949/1618/825 326/1620/1139 957/1663/1152
f 928/1662/1111 1274/1661/1151 957/1663/1152 292/1664/1105
f 292/1665/1105 957/1666/1152 1275/1667/1153 924/1668/1103
f 957/1666/1152 326/1621/1139 951/1624/1141 1275/1667/1153
f 1275/1667/1153 951/1624/1141 321/1629/1074 953/1637/1144
f 924/1668/1103 1275/1667/1153 953/1637/1144 281/1636/1100
f 1298/1669/1154 1290/1670/1155 623/757/550 138/623/462
f 1284/1671/1156 1283/302/234 69/288/151
f 1293/1672/1157 1319/1673/1154 220/1027/550 726/1025/462
f 1313/637/473 1296/1674/1158 113/506/381
f 1291/502/377 1308/1675/224 479/503/378
f 1314/1676/1159 1322/1677/1160 244/1150/821 770/1149/462
f 1280/1678/1161 1293/1672/1157 726/1025/462 192/892/462
f 1319/1673/1154 1314/1676/1159 770/1149/462 220/1027/550
f 1278/898/643 1287/1679/1162 1103/767/556 628/768/557
f 1287/1679/1162 1320/1680/1163 577/638/474 1103/767/556
f 1306/1681/1164 1284/1671/1156 69/288/151 439/285/151
f 1308/1675/224 1306/1681/1164 439/285/151 68/284/151 479/503/378
f 1318/1682/1165 1321/305/237 1017/304/236
f 1304/1683/1166 1294/1684/1018 283/1324/953 838/1322/951 1303/1685/1167
f 1315/1686/1168 1312/1687/1154 268/1275/918 819/1273/550
f 1312/1687/1154 1303/1685/1167 838/1322/951 268/1275/918
f 1322/1677/1160 1315/1686/1168 819/1273/550 244/1150/821
f 1299/1688/1155 1280/1678/1161 192/892/462 675/890/462
f 1327/1689/1169 1298/1669/1154 138/623/462 573/622/461
f 1281/1690/465 1327/1689/1169 573/622/461 110/621/363
f 1297/628/467 1324/500/375 524/498/374
f 1296/1674/1158 1326/627/466 526/507/382 113/506/381
f 1310/303/235 1318/1682/1165 1017/304/236
f 1325/1691/1170 1299/1688/1155 675/890/462 165/759/462
f 1320/1680/1163 1286/1692/1171 1078/635/471 577/638/474
f 1289/1164/834 1295/1033/742 729/1031/740
f 1286/1692/1171 1292/636/472 1078/635/471
f 1290/1670/1155 1325/1691/1170 165/759/462 623/757/550
