# Blender 4.4.3
# www.blender.org
o Pelvis1
v -1.154450 0.030884 -3.168407
v -1.152341 0.033540 -3.549421
v -0.738628 0.036025 -3.549421
v -0.737175 0.033401 -3.168407
v -1.228888 0.191846 -3.168410
v -1.224965 0.194237 -3.549441
v -1.152341 0.033540 -3.970351
v -0.738628 0.036025 -3.970351
v -0.651749 0.209146 -3.549442
v -0.649650 0.207062 -3.168411
v -1.404821 0.279939 -3.168407
v -1.392428 0.282417 -3.549421
v -1.216299 0.194237 -3.970355
v -1.150657 0.037301 -4.045668
v -0.740340 0.039765 -4.045668
v -0.651749 0.209146 -3.970355
v -0.489396 0.284424 -3.549421
v -0.486305 0.295608 -3.168407
v -1.406259 0.701949 -3.168407
v -1.393935 0.699572 -3.549421
v -1.331767 0.282417 -3.970351
v -1.212226 0.196670 -4.045668
v -1.125723 0.081593 -4.048077
v -0.764704 0.083587 -4.048077
v -0.654169 0.211457 -4.045668
v -0.489396 0.284424 -3.970351
v -0.489575 0.698567 -3.549421
v -0.486490 0.687639 -3.168407
v -1.237449 0.780123 -3.168410
v -1.234004 0.777895 -3.549441
v -1.333273 0.699572 -3.970351
v -1.315598 0.284135 -4.045668
v -1.201728 0.205706 -4.048078
v -1.056754 0.222063 -4.048077
v -0.836267 0.222295 -4.048077
v -0.662705 0.216655 -4.048078
v -0.493154 0.286125 -4.045668
v -0.489575 0.698567 -3.970351
v -0.652824 0.773099 -3.549442
v -0.650777 0.775201 -3.168411
v -1.155462 0.951004 -3.168407
v -1.153848 0.948118 -3.549421
v -1.317092 0.697864 -4.045668
v -1.281223 0.308755 -4.048077
v -1.205597 0.380807 -4.048077
v -1.046122 0.253219 -4.046239
v -0.848490 0.253219 -4.046239
v -0.677619 0.380986 -4.048077
v -0.537387 0.310356 -4.048077
v -0.493332 0.696868 -4.045668
v -0.652824 0.773099 -3.970355
v -0.738807 0.947318 -3.549421
v -0.737468 0.950201 -3.168407
v -1.153848 0.948118 -3.970351
v -1.225338 0.777895 -3.970355
v -1.282432 0.673547 -4.048077
v -1.185868 0.392966 -4.046239
v -1.205738 0.602627 -4.048077
v -1.045587 0.254510 -3.997673
v -0.849025 0.254510 -3.997673
v -0.708744 0.392966 -4.046239
v -0.677636 0.602499 -4.048077
v -0.537531 0.672707 -4.048077
v -0.655235 0.770780 -4.045668
v -0.738807 0.947318 -3.970351
v -1.152151 0.944370 -4.045668
v -1.221191 0.775536 -4.045668
v -1.208366 0.769376 -4.048078
v -1.185868 0.590597 -4.046239
v -1.184577 0.393500 -3.997673
v -1.126932 0.900422 -4.048077
v -1.056894 0.761319 -4.048077
v -1.045587 0.254510 -3.708904
v -0.849025 0.254510 -3.708904
v -0.710035 0.393500 -3.997673
v -0.708744 0.590597 -4.046239
v -0.836284 0.761245 -4.048077
v -0.764848 0.899780 -4.048077
v -0.663495 0.765854 -4.048078
v -0.740518 0.943577 -4.045668
v -1.046122 0.730344 -4.046239
v -1.184577 0.590062 -3.997673
v -1.184577 0.393500 -3.708904
v -1.045587 0.254510 -3.298129
v -0.849025 0.254510 -3.298130
v -0.710035 0.393500 -3.708904
v -0.710035 0.590062 -3.997673
v -0.848490 0.730344 -4.046239
v -1.045587 0.729053 -3.997673
v -1.184577 0.590062 -3.708904
v -1.184577 0.393500 -3.298129
v -1.044953 0.256040 -3.218583
v -0.849659 0.256040 -3.218583
v -0.710035 0.393500 -3.298130
v -0.710035 0.590062 -3.708904
v -0.849025 0.729053 -3.997673
v -1.045587 0.729053 -3.708904
v -1.184577 0.590062 -3.298129
v -1.183047 0.394134 -3.218583
v -0.711565 0.394134 -3.218583
v -0.710035 0.590062 -3.298130
v -0.849025 0.729053 -3.708904
v -1.045587 0.729053 -3.298129
v -1.183048 0.589429 -3.218583
v -0.711565 0.589429 -3.218583
v -0.849025 0.729053 -3.298130
v -1.044953 0.727523 -3.218583
v -0.849659 0.727523 -3.218583
v 0.167804 0.033366 -3.168407
v 0.169883 0.036025 -3.549421
v 0.585198 0.033540 -3.549421
v 0.587127 0.030861 -3.168407
v 0.137203 -0.012004 -3.115048
v -0.097338 0.005954 -3.115048
v -0.134992 0.498893 -3.115048
v -0.082083 0.295073 -3.168407
v 0.080939 0.206754 -3.168410
v 0.083319 0.209146 -3.549441
v 0.169883 0.036025 -3.970351
v 0.585198 0.033540 -3.970351
v 0.656535 0.194237 -3.549442
v 0.661109 0.191804 -3.168411
v 0.618640 -0.013541 -3.115048
v 0.139291 -0.202274 -3.115048
v -0.095740 -0.202274 -3.115048
v -0.185491 -0.001800 -3.115048
v -0.185491 0.501084 -3.115048
v 0.137629 0.999613 -3.115048
v 0.168029 0.950242 -3.168407
v 0.082024 0.775545 -3.168411
v -0.081904 0.688666 -3.168407
v -0.097209 0.981676 -3.115048
v -0.078855 0.699171 -3.549421
v -0.079034 0.284364 -3.549421
v 0.083319 0.209146 -3.970355
v 0.647869 0.194237 -3.970355
v 0.171598 0.039765 -4.045668
v 0.583503 0.037300 -4.045668
v 0.823998 0.282447 -3.549421
v 0.838844 0.280643 -3.168407
v 0.876201 0.004865 -3.115048
v 0.935100 0.499934 -3.115048
v 0.618321 -0.202274 -3.115048
v -0.095442 -0.252815 -3.111457
v 0.141079 -0.252815 -3.111457
v -0.185491 -0.202274 -3.115048
v -0.382213 -0.001701 -3.115048
v -0.382213 0.501084 -3.115048
v -0.185491 0.990759 -3.115048
v 0.139337 1.209967 -3.115048
v -0.095733 1.209967 -3.115048
v 0.618828 0.999960 -3.115048
v 0.588495 0.951011 -3.168407
v 0.586705 0.948118 -3.549421
v 0.170062 0.947318 -3.549421
v 0.084394 0.773099 -3.549442
v -0.078855 0.699171 -3.970351
v -0.079034 0.284364 -3.970351
v 0.085739 0.211457 -4.045668
v 0.763336 0.282447 -3.970351
v 0.643795 0.196670 -4.045668
v 0.196127 0.083587 -4.048077
v 0.558281 0.081593 -4.048077
v 0.825504 0.699491 -3.549421
v 0.840258 0.701324 -3.168407
v 1.037453 0.006126 -3.111888
v 1.037453 0.501494 -3.113114
v 0.881505 -0.202274 -3.115048
v 0.669583 0.780089 -3.168410
v 0.876577 0.981696 -3.115048
v 0.616533 -0.252815 -3.111457
v 0.141079 -0.256831 -3.041396
v -0.095442 -0.256831 -3.041396
v -0.185491 -0.252815 -3.111457
v -0.382213 -0.202274 -3.115048
v -0.382213 0.990660 -3.115048
v -0.471021 0.006503 -3.115048
v -0.432771 0.498824 -3.115049
v -0.185491 1.209967 -3.115048
v 0.141079 1.255690 -3.111457
v -0.095442 1.255690 -3.111457
v 0.618275 1.209967 -3.115048
v 0.665574 0.777895 -3.549441
v 0.586705 0.948118 -3.970351
v 0.170062 0.947318 -3.970351
v 0.084394 0.773099 -3.970355
v -0.075098 0.697466 -4.045668
v -0.075276 0.286066 -4.045668
v 0.094275 0.216655 -4.048078
v 0.747168 0.284164 -4.045668
v 0.633298 0.205706 -4.048078
v 0.267913 0.222295 -4.048077
v 0.488399 0.222063 -4.048077
v 0.764843 0.699491 -3.970351
v 1.056793 0.501775 -3.067741
v 1.056783 0.029741 -3.046322
v 1.037453 -0.202274 -3.111457
v 1.037453 0.983554 -3.111888
v 0.881207 -0.252815 -3.111457
v 0.881497 1.209967 -3.115048
v 0.616533 -0.256831 -3.041396
v 0.141079 -0.256831 -2.743286
v -0.095442 -0.256831 -2.743286
v -0.185491 -0.256831 -3.041396
v -0.382213 -0.252815 -3.111457
v -0.472194 -0.202274 -3.115048
v -0.382213 1.209967 -3.115048
v -0.471214 0.981101 -3.115048
v -0.710057 -0.011863 -3.115048
v -0.185491 1.255690 -3.111457
v -0.095442 1.258353 -3.041396
v 0.141079 1.258353 -3.041396
v 0.616533 1.255690 -3.111457
v 0.656908 0.777895 -3.970355
v 0.584997 0.944370 -4.045668
v 0.171776 0.943577 -4.045668
v 0.086805 0.770780 -4.045668
v -0.030899 0.673177 -4.048077
v -0.031043 0.310356 -4.048077
v 0.109189 0.381028 -4.048077
v 0.748662 0.697784 -4.045668
v 0.712422 0.306388 -4.048077
v 0.636796 0.378047 -4.048077
v 0.280060 0.253219 -4.046239
v 0.477692 0.253219 -4.046239
v 1.056783 0.965593 -3.046322
v 1.057308 0.505545 -2.876635
v 1.056718 -0.201684 -3.041463
v 1.022477 -0.249691 -3.108664
v 1.037453 1.209967 -3.111457
v 0.881207 -0.256831 -3.041396
v 0.881207 1.255690 -3.111457
v 0.616533 -0.256831 -2.743286
v -0.095442 -0.252815 -2.674090
v 0.141079 -0.252815 -2.674090
v -0.185491 -0.256831 -2.743286
v -0.382213 -0.256831 -3.041396
v -0.472398 -0.252815 -3.111457
v -0.708746 -0.202274 -3.115048
v -0.382213 1.255690 -3.111457
v -0.472212 1.209967 -3.115048
v -0.710936 0.999447 -3.115048
v -1.186158 -0.013447 -3.115048
v -0.185491 1.258353 -3.041396
v -0.095442 1.258353 -2.743286
v 0.141079 1.258353 -2.743286
v 0.616533 1.258353 -3.041396
v 0.652760 0.775536 -4.045668
v 0.560755 0.899620 -4.048077
v 0.196271 0.899780 -4.048077
v 0.095064 0.765854 -4.048078
v 0.109205 0.602541 -4.048077
v 0.140314 0.392966 -4.046239
v 0.713118 0.697139 -4.048078
v 0.617438 0.392484 -4.046239
v 0.280595 0.254510 -3.997673
v 0.477157 0.254510 -3.997673
v 1.056718 1.209956 -3.041463
v 1.057233 0.049864 -2.768040
v 1.056782 -0.198145 -2.743732
v 1.037453 -0.252815 -3.041396
v 1.022477 1.253618 -3.108664
v 0.881207 -0.256831 -2.743286
v 0.881207 1.258353 -3.041396
v 0.616533 -0.252815 -2.674090
v -0.094569 -0.197555 -2.670995
v 0.141947 -0.197555 -2.670995
v -0.185491 -0.252815 -2.674090
v -0.382213 -0.256831 -2.743286
v -0.472398 -0.256831 -3.041396
v -0.709969 -0.252815 -3.111457
v -1.186340 -0.202274 -3.115048
v -0.382213 1.258353 -3.041396
v -0.472398 1.255690 -3.111457
v -0.708854 1.209967 -3.115048
v -1.183793 0.999931 -3.115048
v -1.427486 0.004377 -3.115048
v -1.487554 0.499397 -3.115048
v -0.185491 1.258353 -2.743286
v -0.095442 1.255690 -2.674090
v 0.141079 1.255690 -2.674090
v 0.616533 1.258353 -2.743286
v 0.642185 0.767950 -4.048078
v 0.489805 0.760145 -4.048077
v 0.267929 0.761245 -4.048077
v 0.140314 0.590597 -4.046239
v 0.141605 0.393500 -3.997673
v 0.616147 0.393022 -3.997673
v 0.280595 0.254510 -3.708904
v 0.477157 0.254510 -3.708904
v 1.037453 1.255690 -3.041396
v 1.057233 0.966534 -2.768040
v 1.038319 0.506139 -2.831102
v 1.038211 0.053405 -2.702387
v 1.037453 -0.252815 -2.743286
v 0.881207 -0.252815 -2.674090
v 0.881207 1.258353 -2.743286
v 0.617123 -0.197555 -2.670995
v -0.101062 0.041633 -2.684809
v 0.147158 0.053405 -2.698979
v -0.185365 -0.197555 -2.670995
v -0.382213 -0.252815 -2.674090
v -0.472398 -0.256831 -2.743286
v -0.709969 -0.256831 -3.041396
v -1.184798 -0.252815 -3.111457
v -1.434062 -0.202274 -3.115048
v -0.472398 1.258353 -3.041396
v -0.382213 1.258353 -2.743286
v -0.709969 1.255690 -3.111457
v -1.185913 1.209967 -3.115048
v -1.427712 0.982065 -3.115048
v -1.603542 0.500389 -3.113114
v -1.603542 0.004063 -3.111888
v -0.185491 1.255690 -2.674090
v -0.094569 1.209877 -2.670995
v 0.141947 1.209877 -2.670995
v 0.616533 1.255690 -2.674090
v 0.477691 0.729862 -4.046239
v 0.280060 0.730344 -4.046239
v 0.141605 0.590062 -3.997673
v 0.141605 0.393500 -3.708904
v 0.616147 0.393022 -3.708904
v 0.280595 0.254510 -3.298129
v 0.477157 0.254510 -3.298129
v 1.037453 1.255690 -2.743286
v 1.056782 1.209888 -2.743732
v 1.038211 0.966469 -2.702387
v 1.037561 -0.197555 -2.674466
v 0.883525 0.506139 -2.828675
v 0.883235 0.053405 -2.698979
v 1.022477 -0.249691 -2.676772
v 0.881496 -0.197555 -2.670995
v 0.881207 1.255690 -2.674090
v 0.620665 0.053405 -2.698979
v -0.084065 0.505498 -2.820768
v 0.148026 0.506139 -2.828675
v -0.184541 -0.009008 -2.665345
v -0.382341 -0.197555 -2.670995
v -0.472398 -0.252815 -2.674090
v -0.709969 -0.256831 -2.743286
v -1.184798 -0.256831 -3.041396
v -1.433805 -0.252815 -3.111456
v -1.603542 -0.202274 -3.111457
v -0.709969 1.258353 -3.041396
v -0.472398 1.258353 -2.743286
v -0.382213 1.255690 -2.674090
v -1.184798 1.255690 -3.111457
v -1.433991 1.209967 -3.115048
v -1.603542 0.984521 -3.111888
v -1.625606 0.029296 -3.046322
v -1.625607 0.501548 -3.067741
v -0.185365 1.209877 -2.670995
v -0.101062 0.977828 -2.684809
v 0.147158 0.966468 -2.698979
v 0.617123 1.209877 -2.670995
v 0.477157 0.728574 -3.997673
v 0.280595 0.729053 -3.997673
v 0.141605 0.590062 -3.708904
v 0.141605 0.393500 -3.298129
v 0.616147 0.393022 -3.298129
v 0.281229 0.256040 -3.218583
v 0.476523 0.256040 -3.218583
v 1.022477 1.253618 -2.676771
v 1.037561 1.209877 -2.674466
v 0.883235 0.966469 -2.698979
v 0.621256 0.506139 -2.828675
v 0.881496 1.209877 -2.670995
v -0.121578 0.501651 -2.769747
v -0.121902 0.027774 -2.595866
v -0.183998 -0.023747 -2.563986
v -0.383128 -0.009008 -2.665345
v -0.473261 -0.197555 -2.670995
v -0.709969 -0.252815 -2.674090
v -1.184798 -0.256831 -2.743286
v -1.433805 -0.256831 -3.041396
v -1.586390 -0.249691 -3.108664
v -1.625596 -0.201684 -3.041463
v -1.184798 1.258353 -3.041396
v -0.709969 1.258353 -2.743286
v -0.472398 1.255690 -2.674090
v -0.382341 1.209877 -2.670995
v -1.433805 1.255690 -3.111456
v -1.603542 1.209967 -3.111457
v -1.625606 0.965810 -3.046322
v -1.625687 0.505545 -2.876635
v -0.184541 1.028045 -2.665345
v 0.620665 0.966469 -2.698979
v 0.477157 0.728574 -3.708904
v 0.280595 0.729053 -3.708904
v 0.141605 0.590062 -3.298129
v 0.143134 0.394134 -3.218583
v 0.614617 0.393659 -3.218583
v -0.383385 -0.023747 -2.563986
v -0.123065 -0.182545 -2.158415
v -0.183948 -0.186330 -2.158393
v -0.466459 0.041633 -2.684809
v -0.710797 -0.197555 -2.670995
v -1.184798 -0.252815 -2.674090
v -1.433805 -0.256831 -2.743286
v -1.603542 -0.252815 -3.041396
v -1.625606 -0.198145 -2.743732
v -1.433805 1.258353 -3.041396
v -1.184798 1.258353 -2.743286
v -0.709969 1.255690 -2.674090
v -0.473261 1.209877 -2.670995
v -0.383128 1.028045 -2.665345
v -1.586390 1.253618 -3.108664
v -1.625596 1.209956 -3.041463
v -1.625675 0.049864 -2.768040
v -0.183998 1.028388 -2.563986
v -0.121902 0.975780 -2.595866
v 0.477157 0.728574 -3.298129
v 0.280595 0.729053 -3.298129
v 0.143134 0.589429 -3.218583
v -0.118366 0.501010 -2.697933
v -0.117972 0.089333 -2.535417
v -0.443140 0.027634 -2.596004
v -0.383407 -0.186330 -2.158393
v -0.117901 -0.107241 -2.160276
v -0.123069 0.014898 -1.676112
v -0.183952 0.012207 -1.673421
v -0.715770 0.053405 -2.698979
v -1.185313 -0.197555 -2.670995
v -1.433805 -0.252815 -2.674090
v -1.603542 -0.252815 -2.743286
v -1.603542 1.255690 -3.041396
v -1.433805 1.258353 -2.743286
v -1.184798 1.255690 -2.674090
v -0.710797 1.209877 -2.670995
v -0.466459 0.977828 -2.684809
v -0.383385 1.028388 -2.563986
v -1.625675 0.966534 -2.768040
v -1.603806 0.053405 -2.702387
v -1.603844 0.506139 -2.831102
v -0.123065 1.184565 -2.158415
v -0.183948 1.188349 -2.158393
v 0.476523 0.727048 -3.218583
v 0.281228 0.727523 -3.218583
v -0.117972 0.912687 -2.535417
v -0.116137 0.501010 -2.438918
v -0.116144 0.306201 -2.359714
v -0.443385 0.501651 -2.770053
v -0.441913 -0.182869 -2.158412
v -0.383407 0.012207 -1.673421
v -0.117903 0.068450 -1.732887
v -0.123069 0.501010 -1.473596
v -0.183952 0.501010 -1.469790
v -0.716599 0.506139 -2.828675
v -0.483305 0.505498 -2.820768
v -1.188404 0.053405 -2.698979
v -1.434033 -0.197555 -2.670995
v -1.586390 -0.249691 -2.676771
v -1.603579 -0.197555 -2.674466
v -1.603542 1.255690 -2.743286
v -1.433805 1.255690 -2.674090
v -1.185313 1.209877 -2.670995
v -0.715770 0.966469 -2.698979
v -0.443140 0.975921 -2.596004
v -0.383407 1.188349 -2.158393
v -1.625606 1.209888 -2.743732
v -1.603806 0.966469 -2.702387
v -1.435402 0.053405 -2.698979
v -1.435630 0.506139 -2.828675
v -0.123069 0.987122 -1.676112
v -0.183952 0.989813 -1.673421
v -0.117901 1.109261 -2.160276
v -0.116144 0.695818 -2.359714
v -0.116185 0.213181 -2.170722
v -0.114362 0.501010 -2.391484
v -0.114375 0.346076 -2.327578
v -0.446601 0.087420 -2.537198
v -0.446205 0.501010 -2.700480
v -0.441911 0.014668 -1.675882
v -0.446681 -0.110068 -2.160237
v -0.383407 0.501010 -1.469790
v -0.117903 0.501010 -1.553002
v -0.116191 0.296319 -1.980166
v -1.188919 0.506139 -2.828675
v -1.586390 1.253618 -2.676771
v -1.434033 1.209877 -2.670995
v -1.188404 0.966469 -2.698979
v -0.441913 1.184888 -2.158413
v -0.383407 0.989813 -1.673421
v -1.603579 1.209877 -2.674466
v -1.435402 0.966469 -2.698979
v -0.117903 0.933569 -1.732887
v -0.116185 0.788839 -2.170722
v -0.114375 0.655944 -2.327578
v -0.114451 0.272098 -2.172690
v -0.036896 0.347717 -2.326956
v -0.446601 0.914600 -2.537198
v -0.448416 0.302347 -2.362868
v -0.448417 0.501010 -2.443554
v -0.441911 0.501010 -1.473270
v -0.446681 0.066440 -1.730821
v -0.116191 0.501010 -1.897374
v -0.441911 0.987352 -1.675882
v -0.446681 1.112087 -2.160237
v -0.116191 0.705700 -1.980166
v -0.114451 0.729922 -2.172690
v -0.036895 0.501010 -2.390091
v -0.448416 0.699673 -2.362868
v -0.448411 0.207486 -2.170558
v -0.450001 0.345201 -2.328332
v -0.450002 0.501010 -2.392578
v -0.446681 0.501010 -1.550095
v -0.448410 0.292270 -1.975782
v -0.114464 0.338219 -2.025750
v -0.114464 0.501010 -1.960827
v -0.446681 0.935579 -1.730821
v -0.036896 0.654303 -2.326956
v -0.036908 0.274644 -2.173383
v 0.378084 0.352703 -2.326632
v -0.448411 0.794533 -2.170557
v -0.450001 0.656819 -2.328332
v -0.449994 0.270805 -2.172674
v -0.526774 0.501010 -2.390535
v -0.448410 0.501010 -1.891263
v -0.114464 0.663801 -2.025750
v -0.036910 0.501010 -1.963626
v -0.448410 0.709750 -1.975782
v -0.036908 0.727375 -2.173383
v 0.378084 0.649317 -2.326632
v -0.036910 0.340061 -2.027836
v 0.378084 0.501010 -2.387088
v -0.449994 0.731214 -2.172674
v -0.526769 0.654628 -2.327268
v -0.526769 0.347392 -2.327268
v -0.449993 0.501010 -1.959490
v -0.449993 0.337300 -2.024801
v -0.036910 0.661959 -2.027836
v 0.378088 0.345928 -2.034601
v 0.378087 0.282664 -2.176892
v 0.463054 0.356676 -2.323453
v -0.526739 0.274163 -2.173390
v -0.942963 0.649635 -2.326953
v -0.942963 0.352385 -2.326953
v -0.449993 0.664720 -2.024801
v -0.526734 0.339718 -2.027521
v 0.378088 0.656091 -2.034602
v 0.378088 0.501010 -1.972496
v 0.378087 0.719355 -2.176892
v 0.463054 0.501010 -2.382154
v -0.526739 0.727857 -2.173390
v -0.942958 0.501010 -2.387535
v -0.526734 0.501010 -1.963171
v 0.463054 0.645344 -2.323453
v 0.463052 0.501010 -1.978444
v 0.463052 0.350294 -2.038834
v 0.463053 0.288793 -2.177642
v 0.522649 0.501010 -2.355385
v -0.526734 0.662302 -2.027521
v -0.942997 0.282195 -2.176909
v -0.942997 0.719824 -2.176909
v -1.018507 0.648593 -2.326752
v -1.018507 0.501010 -2.386791
v -0.943002 0.345595 -2.034297
v 0.463052 0.651725 -2.038834
v 0.463053 0.713227 -2.177641
v 0.522657 0.317307 -2.178341
v 0.522650 0.375394 -2.304424
v -0.943003 0.656425 -2.034296
v -1.018507 0.353427 -2.326752
v -1.018507 0.718160 -2.177549
v -0.943002 0.501010 -1.972054
v 0.522657 0.684713 -2.178341
v 0.522650 0.626625 -2.304424
v 0.522659 0.631580 -2.057168
v 0.522659 0.370440 -2.057167
v 0.535845 0.392983 -2.286489
v -1.018507 0.283860 -2.177549
v -1.018507 0.655213 -2.035657
v -1.031951 0.712142 -2.177702
v -1.031949 0.644643 -2.322745
v -1.031949 0.501010 -2.381150
v -1.018507 0.346807 -2.035657
v 0.535845 0.501010 -2.330290
v 0.522659 0.501010 -2.004921
v 0.535846 0.343341 -2.178331
v -1.018507 0.501010 -1.973856
v -1.031951 0.289878 -2.177702
v -1.031949 0.357377 -2.322745
v 0.535846 0.658678 -2.178331
v 0.535845 0.609036 -2.286489
v 0.535846 0.613114 -2.074018
v 0.535846 0.388906 -2.074018
v 0.536384 0.501010 -2.177246
v -1.031951 0.650961 -2.039530
v -1.091326 0.683487 -2.178392
v -1.091321 0.501010 -2.354237
v -1.031951 0.351059 -2.039530
v 0.535846 0.501010 -2.029205
v -1.091326 0.318533 -2.178392
v -1.031951 0.501010 -1.979447
v -1.091322 0.625830 -2.303609
v -1.091322 0.376189 -2.303609
v -1.091327 0.630716 -2.057951
v -1.103575 0.658794 -2.178346
v -1.103569 0.609122 -2.286570
v -1.103568 0.501010 -2.330402
v -1.091327 0.371303 -2.057951
v -1.103575 0.343225 -2.178346
v -1.091327 0.501010 -2.006052
v -1.103569 0.392898 -2.286570
v -1.103576 0.613198 -2.073938
v -1.102417 0.501010 -2.177247
v -1.103576 0.388821 -2.073939
v -1.103576 0.501010 -2.029090
v -0.115306 0.272103 -3.115048
v -0.185491 0.278295 -3.115048
v -0.382213 0.278888 -3.115048
v -0.452650 0.276291 -3.115048
v -0.115199 0.713165 -3.115048
v -0.185491 0.708668 -3.115048
v -0.382213 0.708075 -3.115048
v -0.452779 0.708903 -3.115048
v -1.044979 0.943565 -4.048078
v -1.083386 0.971117 -4.045668
v -1.084513 0.975085 -3.970350
v -1.084513 0.975085 -3.549417
v -1.084943 0.978088 -3.168407
v -1.087341 1.025851 -3.115048
v -1.086657 1.209967 -3.115048
v -1.086471 1.255690 -3.111457
v -1.086471 1.258353 -3.041396
v -1.086471 1.258353 -2.743286
v -1.086471 1.255690 -2.674090
v -1.087067 1.209877 -2.670995
v -1.090642 0.966469 -2.698979
v -1.091238 0.506139 -2.828675
v -1.090642 0.053405 -2.698979
v -1.087067 -0.197555 -2.670995
v -1.086471 -0.252815 -2.674090
v -1.086471 -0.256831 -2.743286
v -1.086471 -0.256831 -3.041396
v -1.086471 -0.252815 -3.111457
v -1.086728 -0.202274 -3.115048
v -1.087768 -0.036893 -3.115048
v -1.085015 0.005774 -3.168407
v -1.084513 0.008478 -3.549417
v -1.084513 0.008478 -3.970350
v -1.083386 0.012446 -4.045668
v -1.044979 0.039998 -4.048078
v -0.844441 0.943565 -4.048078
v -0.804987 0.971116 -4.045668
v -0.803808 0.975085 -3.970350
v -0.803808 0.975085 -3.549417
v -0.803677 0.978088 -3.168406
v -0.803077 1.025851 -3.115048
v -0.804061 1.209967 -3.115048
v -0.804247 1.255690 -3.111457
v -0.804247 1.258353 -3.041396
v -0.804247 1.258353 -2.743286
v -0.804247 1.255690 -2.674090
v -0.805015 1.209877 -2.670995
v -0.809623 0.966469 -2.698979
v -0.810391 0.506139 -2.828675
v -0.809623 0.053405 -2.698979
v -0.805015 -0.197555 -2.670995
v -0.804247 -0.252815 -2.674090
v -0.804247 -0.256831 -2.743286
v -0.804247 -0.256831 -3.041396
v -0.804247 -0.252815 -3.111457
v -0.804043 -0.202274 -3.115048
v -0.802969 -0.036893 -3.115048
v -0.803659 0.005774 -3.168407
v -0.803808 0.008478 -3.549417
v -0.803808 0.008478 -3.970350
v -0.804986 0.012446 -4.045668
v -0.844441 0.039998 -4.048078
v -1.031288 0.289030 -3.215597
v -0.947306 0.491782 -3.215527
v -0.863324 0.289030 -3.215597
v -1.150058 0.407799 -3.215597
v -0.744554 0.407799 -3.215597
v -1.150058 0.575764 -3.215597
v -0.744555 0.575764 -3.215597
v -1.031288 0.694533 -3.215597
v -0.863324 0.694533 -3.215597
v 0.294893 0.289030 -3.215597
v 0.462858 0.289030 -3.215597
v 0.378876 0.491687 -3.215527
v 0.176124 0.407799 -3.215597
v 0.581627 0.407380 -3.215597
v 0.176124 0.575764 -3.215597
v 0.462858 0.694114 -3.215597
v 0.294893 0.694533 -3.215597
v -0.495523 0.594330 -4.048078
v -0.467971 0.635246 -4.045668
v -0.464003 0.636434 -3.970350
v -0.464003 0.636434 -3.549417
v -0.462712 0.599484 -3.209908
v -0.462712 0.382350 -3.209908
v -0.464003 0.344666 -3.549417
v -0.464003 0.344666 -3.970350
v -0.467971 0.345874 -4.045668
v -0.495523 0.387200 -4.048078
v -0.072907 0.387782 -4.048078
v -0.100459 0.346116 -4.045668
v -0.104427 0.344910 -3.970350
v -0.104427 0.344910 -3.549417
v -0.105685 0.382958 -3.209908
v -0.072907 0.596888 -4.048078
v -0.100459 0.638777 -4.045668
v -0.104427 0.639994 -3.970350
v -0.104427 0.639994 -3.549417
v -0.105685 0.602155 -3.209908
v -1.445407 0.247123 -3.115048
v -1.586390 0.224961 -3.114220
v -1.446016 0.734441 -3.115048
v -1.586390 0.755484 -3.114220
v -1.307158 0.389581 -4.048078
v -1.331629 0.348923 -4.045668
v -1.349802 0.347740 -3.970350
v -1.419130 0.347740 -3.549417
v -1.433046 0.346115 -3.168406
v -1.307158 0.595899 -4.048078
v -1.331628 0.636943 -4.045668
v -1.349802 0.638145 -3.970351
v -1.419130 0.638145 -3.549417
v -1.433046 0.640099 -3.168406
v -1.270469 0.815094 -3.115048
v -1.265371 0.157573 -3.115048
v -1.469023 0.316905 -3.115048
v -1.586390 0.315308 -3.114220
v -1.469023 0.670754 -3.115048
v -1.586390 0.670456 -3.114220
v -0.616079 0.172723 -3.115048
v -0.617361 0.810032 -3.115048
v 0.276434 0.943564 -4.048078
v 0.235961 0.971116 -4.045668
v 0.234778 0.975084 -3.970350
v 0.234778 0.975084 -3.549417
v 0.234438 0.978088 -3.168407
v 0.232685 1.025852 -3.115048
v 0.234087 1.209967 -3.115048
v 0.234377 1.255690 -3.111457
v 0.234377 1.258353 -3.041396
v 0.234377 1.258353 -2.743286
v 0.234377 1.255690 -2.674090
v 0.235194 1.209877 -2.670995
v 0.240099 0.966469 -2.698979
v 0.240916 0.506139 -2.828675
v 0.240099 0.053405 -2.698979
v 0.235194 -0.197555 -2.670995
v 0.234377 -0.252815 -2.674090
v 0.234377 -0.256831 -2.743286
v 0.234377 -0.256831 -3.041396
v 0.234377 -0.252815 -3.111457
v 0.234079 -0.202274 -3.115048
v 0.232639 -0.036893 -3.115048
v 0.234430 0.005774 -3.168407
v 0.234778 0.008478 -3.549417
v 0.234778 0.008478 -3.970350
v 0.235961 0.012446 -4.045668
v 0.276434 0.039998 -4.048078
v 0.481743 0.943565 -4.048078
v 0.522301 0.971117 -4.045668
v 0.523489 0.975085 -3.970350
v 0.523489 0.975085 -3.549417
v 0.523547 0.978088 -3.168406
v 0.523607 1.025851 -3.115048
v 0.521923 1.209967 -3.115048
v 0.521633 1.255690 -3.111457
v 0.521633 1.258353 -3.041396
v 0.521633 1.258353 -2.743286
v 0.521633 1.255690 -2.674090
v 0.522298 1.209877 -2.670995
v 0.526290 0.966469 -2.698979
v 0.526955 0.506139 -2.828675
v 0.526290 0.053405 -2.698979
v 0.522298 -0.197555 -2.670995
v 0.521633 -0.252815 -2.674090
v 0.521633 -0.256831 -2.743286
v 0.521633 -0.256831 -3.041396
v 0.521633 -0.252815 -3.111457
v 0.521931 -0.202274 -3.115048
v 0.523653 -0.036893 -3.115048
v 0.523555 0.005774 -3.168407
v 0.523488 0.008478 -3.549417
v 0.523488 0.008478 -3.970350
v 0.522301 0.012446 -4.045668
v 0.481743 0.039998 -4.048078
v 0.894196 0.252937 -3.115048
v 1.022477 0.237795 -3.114220
v 0.894704 0.730221 -3.115048
v 1.022477 0.749048 -3.114220
v 0.703275 0.157337 -3.115048
v 0.045987 0.170820 -3.115048
v 0.047007 0.812158 -3.115048
v 0.707857 0.814866 -3.115048
v 0.581627 0.573324 -3.215597
v 0.614617 0.586575 -3.218583
v 0.616147 0.587190 -3.298129
v 0.616147 0.587190 -3.708904
v 0.616147 0.587190 -3.997673
v 0.617438 0.587709 -4.046239
v 0.638202 0.596534 -4.048077
v 0.724830 0.625821 -4.048077
v 0.763198 0.636489 -4.045668
v 0.781372 0.637687 -3.970350
v 0.850700 0.637687 -3.549417
v 0.867493 0.639149 -3.168406
v 0.738069 0.385360 -4.048078
v 0.763198 0.349020 -4.045668
v 0.781372 0.347839 -3.970350
v 0.850700 0.347839 -3.549417
v 0.867493 0.346927 -3.168406
v 0.917116 0.665526 -3.115048
v 1.022477 0.662911 -3.114220
v 0.917116 0.324264 -3.115048
v 1.022477 0.329305 -3.114220
v 0.916863 0.698807 -3.115049
v 0.917875 0.422784 -3.115049
v -0.803808 0.008478 -3.328482
v -0.752356 0.005774 -3.168407
v -0.753151 0.008478 -3.549417
v -0.738628 0.036025 -3.328485
v -1.226400 0.194237 -3.328498
v -1.178947 0.106215 -3.168409
v -1.176506 0.108725 -3.549433
v -1.152341 0.033540 -3.328485
v -0.803808 0.008478 -3.785358
v -0.753150 0.008478 -3.970350
v -0.738628 0.036025 -3.785361
v -0.705341 0.116279 -3.168410
v -0.707131 0.118664 -3.549433
v -0.651749 0.209146 -3.328498
v -1.402472 0.282417 -3.328484
v -1.320492 0.247858 -3.168409
v -1.312323 0.250281 -3.549433
v -1.220661 0.194237 -3.785375
v -1.176506 0.108725 -3.970354
v -1.152341 0.033540 -3.785361
v -0.803808 0.008478 -4.038440
v -0.754745 0.012446 -4.045668
v -0.738628 0.036024 -4.038440
v -0.707131 0.118664 -3.970354
v -0.651749 0.209146 -3.785375
v -0.562897 0.258398 -3.168410
v -0.565574 0.260220 -3.549433
v -0.489396 0.284424 -3.328485
v -1.403979 0.699572 -3.328484
v -1.432930 0.691098 -3.168407
v -1.419130 0.688683 -3.549417
v -1.430609 0.638145 -3.328482
v -1.362296 0.282417 -3.785361
v -1.277659 0.250281 -3.970354
v -1.214694 0.194237 -4.038440
v -1.174620 0.111863 -4.045668
v -1.152341 0.033540 -4.038440
v -0.808521 0.024351 -4.048078
v -0.809380 0.051621 -4.048078
v -0.745477 0.050986 -4.048078
v -0.709098 0.121721 -4.045668
v -0.651749 0.209146 -4.038440
v -0.565574 0.260220 -3.970354
v -0.489396 0.284424 -3.785361
v -0.464003 0.344666 -3.328482
v -0.461097 0.491068 -3.168407
v -0.464003 0.490374 -3.549417
v -0.464003 0.636434 -3.328482
v -1.235439 0.777895 -3.328498
v -1.326247 0.727906 -3.168409
v -1.318349 0.725661 -3.549433
v -1.363803 0.699572 -3.785361
v -1.349802 0.688683 -3.970351
v -1.384693 0.638145 -3.785358
v -1.320529 0.282417 -4.038440
v -1.267508 0.252257 -4.045668
v -1.167883 0.156143 -4.048078
v -1.205275 0.203969 -4.048078
v -1.145604 0.048583 -4.048078
v -0.808688 0.151469 -4.048078
v -0.947026 0.195280 -4.048078
v -0.944478 0.051621 -4.048078
v -1.082124 0.051621 -4.048078
v -1.079559 0.150540 -4.048078
v -0.713100 0.164118 -4.048078
v -0.661430 0.218389 -4.048078
v -0.568704 0.262115 -4.045668
v -0.489396 0.284424 -4.038440
v -0.464003 0.344666 -3.785358
v -0.464003 0.490374 -3.970350
v -0.464003 0.636434 -3.785358
v -0.489575 0.698567 -3.328485
v -0.563637 0.724272 -3.168409
v -0.566291 0.722464 -3.549433
v -0.652824 0.773099 -3.328498
v -1.153848 0.948118 -3.328485
v -1.184418 0.869753 -3.168410
v -1.182532 0.867217 -3.549433
v -1.283685 0.725661 -3.970354
v -1.229700 0.777895 -3.785375
v -1.322036 0.699572 -4.038440
v -1.331628 0.687066 -4.045668
v -1.336960 0.638144 -4.038440
v -1.303986 0.289286 -4.048078
v -1.232439 0.256499 -4.048078
v -1.146112 0.287045 -4.048078
v -1.242838 0.353421 -4.048078
v -0.846886 0.249346 -4.048078
v -0.947306 0.234371 -4.046239
v -1.047726 0.249346 -4.048078
v -0.606191 0.354136 -4.048078
v -0.742695 0.287973 -4.048078
v -0.612744 0.264474 -4.048078
v -0.504430 0.291227 -4.048078
v -0.464003 0.344666 -4.038440
v -0.467971 0.490385 -4.045668
v -0.464003 0.636434 -4.038440
v -0.489575 0.698567 -3.785361
v -0.566291 0.722464 -3.970354
v -0.652824 0.773099 -3.785375
v -0.706153 0.866541 -3.168410
v -0.707847 0.864020 -3.549433
v -0.738807 0.947318 -3.328485
v -0.752428 0.978088 -3.168407
v -0.753151 0.975085 -3.549417
v -0.803809 0.975085 -3.328482
v -1.153848 0.948118 -3.785361
v -1.182532 0.867217 -3.970354
v -1.273484 0.723734 -4.045668
v -1.223733 0.777895 -4.038440
v -1.305443 0.692741 -4.048078
v -1.299955 0.631478 -4.048078
v -1.319270 0.633338 -4.048078
v -1.189741 0.391361 -4.048078
v -1.129323 0.309765 -4.046239
v -1.299955 0.492825 -4.048078
v -1.243401 0.629626 -4.048078
v -1.227896 0.491885 -4.048078
v -1.299955 0.353233 -4.048078
v -0.849025 0.254510 -4.040724
v -0.947306 0.235764 -3.997673
v -1.045587 0.254510 -4.040724
v -0.765289 0.309765 -4.046239
v -0.704871 0.391361 -4.048078
v -0.606257 0.629114 -4.048078
v -0.650805 0.491672 -4.048078
v -0.507146 0.630682 -4.048078
v -0.507146 0.490674 -4.048078
v -0.507146 0.351664 -4.048078
v -0.479875 0.349497 -4.048078
v -0.479875 0.631683 -4.048078
v -0.489575 0.698567 -4.038440
v -0.569415 0.720563 -4.045668
v -0.652824 0.773099 -4.038440
v -0.707847 0.864020 -3.970354
v -0.738807 0.947318 -3.785361
v -0.753151 0.975085 -3.970350
v -0.803809 0.975085 -3.785358
v -1.153848 0.948118 -4.038440
v -1.180597 0.864128 -4.045668
v -1.237274 0.720873 -4.048078
v -1.214018 0.768459 -4.048078
v -1.189741 0.592201 -4.048078
v -1.204717 0.491781 -4.046239
v -1.184577 0.393500 -4.040724
v -1.128338 0.310750 -3.997673
v -1.146675 0.695796 -4.048078
v -1.172718 0.821229 -4.048078
v -1.080122 0.832300 -4.048078
v -0.849025 0.254510 -3.883225
v -0.947306 0.235764 -3.708904
v -1.045587 0.254510 -3.883225
v -0.766274 0.310750 -3.997673
v -0.710035 0.393500 -4.040724
v -0.704871 0.592201 -4.048078
v -0.689895 0.491781 -4.046239
v -0.808755 0.832001 -4.048078
v -0.742762 0.695497 -4.048078
v -0.713675 0.818664 -4.048078
v -0.613319 0.718308 -4.048078
v -0.504603 0.691770 -4.048078
v -0.662470 0.763821 -4.048078
v -0.709809 0.860957 -4.045668
v -0.738807 0.947318 -4.038440
v -0.754745 0.971116 -4.045668
v -0.803809 0.975085 -4.038440
v -1.147061 0.933124 -4.048078
v -1.047726 0.734217 -4.048078
v -1.129323 0.673798 -4.046239
v -1.184577 0.590062 -4.040724
v -1.203324 0.491781 -3.997673
v -1.184577 0.393500 -3.883225
v -1.128338 0.310750 -3.708904
v -0.809380 0.931941 -4.048078
v -0.944478 0.931941 -4.048078
v -0.947026 0.788283 -4.048078
v -1.082124 0.931941 -4.048078
v -0.849025 0.254510 -3.486235
v -0.947306 0.235764 -3.298130
v -1.045587 0.254510 -3.486235
v -0.766274 0.310750 -3.708904
v -0.710035 0.393500 -3.883225
v -0.710035 0.590062 -4.040724
v -0.691288 0.491781 -3.997673
v -0.765289 0.673798 -4.046239
v -0.846886 0.734217 -4.048078
v -0.745650 0.932351 -4.048078
v -0.808521 0.959212 -4.048078
v -0.947306 0.749192 -4.046239
v -1.045587 0.729053 -4.040724
v -1.128338 0.672813 -3.997673
v -1.184577 0.590062 -3.883225
v -1.203324 0.491781 -3.708904
v -1.184577 0.393500 -3.486235
v -1.128338 0.310750 -3.298130
v -0.849025 0.254510 -3.227501
v -0.947306 0.237415 -3.218583
v -1.045587 0.254510 -3.227501
v -0.766274 0.310750 -3.298130
v -0.710035 0.393500 -3.486235
v -0.710035 0.590062 -3.883225
v -0.691288 0.491781 -3.708904
v -0.766274 0.672813 -3.997673
v -0.849025 0.729053 -4.040724
v -0.947306 0.747799 -3.997673
v -1.045587 0.729053 -3.883225
v -1.128338 0.672813 -3.708904
v -1.184577 0.590062 -3.486235
v -1.203324 0.491781 -3.298130
v -1.184577 0.393500 -3.227501
v -1.127171 0.311917 -3.218583
v -1.004121 0.354618 -3.215573
v -0.947306 0.275730 -3.215596
v -0.890491 0.354618 -3.215573
v -0.767441 0.311917 -3.218583
v -0.710035 0.393500 -3.227501
v -0.710035 0.590062 -3.486235
v -0.691288 0.491781 -3.298130
v -0.766274 0.672813 -3.708904
v -0.849025 0.729053 -3.883225
v -0.947306 0.747799 -3.708904
v -1.045587 0.729053 -3.486235
v -1.128338 0.672813 -3.298130
v -1.184577 0.590062 -3.227501
v -1.201673 0.491781 -3.218583
v -1.084469 0.434967 -3.215573
v -1.100078 0.339010 -3.215596
v -0.794534 0.339010 -3.215596
v -0.810143 0.434967 -3.215573
v -0.710035 0.590062 -3.227501
v -0.692939 0.491781 -3.218583
v -0.766274 0.672813 -3.298130
v -0.849025 0.729053 -3.486235
v -0.947306 0.747800 -3.298130
v -1.045587 0.729053 -3.227501
v -1.127171 0.671646 -3.218583
v -1.084469 0.548596 -3.215573
v -1.163358 0.491781 -3.215596
v -0.810143 0.548596 -3.215573
v -0.731254 0.491781 -3.215596
v -0.767441 0.671646 -3.218583
v -0.849025 0.729053 -3.227501
v -0.947306 0.746149 -3.218583
v -1.004121 0.628945 -3.215573
v -1.100078 0.644553 -3.215596
v -0.794534 0.644553 -3.215596
v -0.890491 0.628945 -3.215573
v -0.947306 0.707834 -3.215596
v 0.523489 0.008478 -3.328482
v 0.575511 0.005774 -3.168407
v 0.574583 0.008478 -3.549417
v 0.585198 0.033540 -3.328485
v 0.083319 0.209146 -3.328498
v 0.136389 0.116140 -3.168410
v 0.138700 0.118664 -3.549433
v 0.169883 0.036025 -3.328485
v 0.585198 0.033540 -3.785361
v 0.523488 0.008478 -3.785358
v 0.574583 0.008478 -3.970351
v 0.610629 0.106123 -3.168410
v 0.608076 0.108725 -3.549433
v 0.657970 0.194237 -3.328498
v 0.133927 -0.118927 -3.115049
v 0.024036 -0.024442 -3.115049
v 0.022672 -0.202274 -3.115049
v -0.096634 -0.118927 -3.115049
v -0.143958 0.272964 -3.115049
v -0.130345 0.415936 -3.115049
v -0.185491 0.396703 -3.115049
v -0.143958 0.501084 -3.115048
v -0.078855 0.699171 -3.328485
v -0.107257 0.641149 -3.168407
v -0.104427 0.690274 -3.549417
v -0.104427 0.639994 -3.328482
v -0.079034 0.284364 -3.328485
v -0.005618 0.257864 -3.168410
v -0.002856 0.260220 -3.549433
v 0.169883 0.036025 -3.785361
v 0.083319 0.209146 -3.785375
v 0.138700 0.118664 -3.970354
v 0.652230 0.194237 -3.785375
v 0.608076 0.108725 -3.970354
v 0.585198 0.033540 -4.038440
v 0.523488 0.008478 -4.038440
v 0.572976 0.012446 -4.045668
v 0.753657 0.248152 -3.168410
v 0.743893 0.250281 -3.549433
v 0.834042 0.282447 -3.328485
v 0.573662 -0.202274 -3.115049
v 0.623685 -0.118927 -3.115049
v 0.522825 -0.118927 -3.115049
v 0.579887 -0.036893 -3.115049
v -0.095442 -0.240766 -3.115049
v 0.023864 -0.252815 -3.111457
v 0.141079 -0.240766 -3.115049
v -0.143958 -0.202274 -3.115049
v -0.185491 -0.118927 -3.115049
v -0.143958 -0.002689 -3.115049
v -0.283851 0.501084 -3.115049
v -0.283851 0.280072 -3.115049
v -0.382213 0.397098 -3.115049
v -0.143958 0.713999 -3.115048
v -0.109974 0.843337 -3.115049
v -0.185491 0.846727 -3.115049
v -0.143958 0.991647 -3.115049
v 0.134110 1.118080 -3.115049
v 0.022703 1.209967 -3.115049
v 0.024383 1.014673 -3.115049
v -0.096604 1.118080 -3.115049
v 0.586705 0.948118 -3.328485
v 0.575481 0.978088 -3.168407
v 0.574583 0.975085 -3.549417
v 0.523489 0.975085 -3.328482
v 0.170062 0.947318 -3.328485
v 0.137138 0.866705 -3.168410
v 0.139417 0.864020 -3.549433
v 0.084394 0.773099 -3.328498
v -0.004900 0.724831 -3.168410
v -0.002139 0.722464 -3.549433
v -0.104427 0.639994 -3.785358
v -0.078855 0.699171 -3.785361
v -0.104427 0.690274 -3.970351
v -0.079034 0.284364 -3.785361
v -0.002856 0.260220 -3.970354
v 0.169883 0.036024 -4.038440
v 0.083319 0.209146 -4.038440
v 0.140668 0.121721 -4.045668
v 0.709229 0.250281 -3.970354
v 0.793866 0.282447 -3.785361
v 0.646264 0.194237 -4.038440
v 0.606190 0.111863 -4.045668
v 0.578418 0.048583 -4.048078
v 0.518739 0.024351 -4.048078
v 0.517645 0.051621 -4.048078
v 0.867240 0.294755 -3.168407
v 0.850700 0.296326 -3.549417
v 0.862179 0.347839 -3.328482
v 0.979688 -0.002321 -3.115049
v 1.037453 0.169738 -3.113184
v 0.901395 0.140355 -3.115049
v 0.979688 0.249444 -3.115049
v 0.740992 -0.202274 -3.115049
v 0.882399 -0.118927 -3.115049
v 0.737019 -0.026977 -3.115049
v 0.521633 -0.240766 -3.115049
v 0.572470 -0.252815 -3.111457
v 0.616533 -0.240766 -3.115049
v 0.141079 -0.256831 -3.100682
v 0.023864 -0.256831 -3.041396
v -0.095442 -0.256831 -3.100682
v -0.185491 -0.240766 -3.115049
v -0.143958 -0.252815 -3.111457
v -0.283851 -0.001504 -3.115049
v -0.283851 -0.202274 -3.115049
v -0.382213 -0.118927 -3.115049
v -0.283851 0.990462 -3.115049
v -0.283851 0.706891 -3.115049
v -0.382213 0.846332 -3.115049
v -0.423754 0.501084 -3.115049
v -0.423754 0.275337 -3.115049
v -0.437477 0.417758 -3.115049
v -0.185491 1.118080 -3.115049
v -0.143958 1.209967 -3.115049
v 0.141079 1.247699 -3.115049
v 0.023864 1.255690 -3.111457
v -0.095442 1.247699 -3.115049
v 0.579703 1.025852 -3.115049
v 0.623502 1.118080 -3.115049
v 0.522794 1.118080 -3.115049
v 0.573632 1.209967 -3.115049
v 0.667009 0.777895 -3.328498
v 0.616253 0.869781 -3.168410
v 0.614102 0.867217 -3.549433
v 0.523489 0.975085 -3.785358
v 0.586705 0.948118 -3.785361
v 0.574583 0.975085 -3.970351
v 0.084394 0.773099 -3.785375
v 0.170062 0.947318 -3.785361
v 0.139417 0.864020 -3.970354
v -0.002139 0.722464 -3.970354
v -0.104427 0.639994 -4.038440
v -0.078855 0.699171 -4.038440
v -0.100459 0.688645 -4.045668
v -0.079034 0.284364 -4.038440
v 0.000274 0.262115 -4.045668
v 0.176743 0.050986 -4.048078
v 0.093000 0.218389 -4.048078
v 0.144670 0.164118 -4.048078
v 0.752099 0.282447 -4.038440
v 0.699078 0.252257 -4.045668
v 0.636845 0.203969 -4.048078
v 0.599452 0.156143 -4.048078
v 0.511431 0.150540 -4.048078
v 0.378899 0.195280 -4.048078
v 0.379107 0.051621 -4.048078
v 0.240361 0.051621 -4.048078
v 0.240560 0.151469 -4.048078
v 0.816263 0.347839 -3.785358
v 0.781372 0.296326 -3.970351
v 0.835549 0.699491 -3.328485
v 0.759312 0.727626 -3.168410
v 0.749919 0.725661 -3.549433
v 1.056708 0.500573 -3.107311
v 1.037453 0.368963 -3.113183
v 1.056793 0.252400 -3.059760
v 1.056708 0.029585 -3.102409
v 1.037453 0.288670 -3.113183
v 0.979688 -0.202274 -3.115049
v 1.037453 -0.118927 -3.111457
v 0.979688 0.501754 -3.115049
v 1.037453 0.628645 -3.113184
v 0.917875 0.573893 -3.115049
v 0.979688 0.668370 -3.115049
v 0.739800 -0.252815 -3.111457
v 0.881207 -0.240766 -3.115049
v 0.737581 1.015209 -3.115049
v 0.882368 1.118080 -3.115049
v 0.740961 1.209967 -3.115049
v 0.572470 -0.256831 -3.041396
v 0.616533 -0.256831 -3.100682
v 0.521633 -0.256831 -3.100682
v 0.141079 -0.256831 -2.892269
v 0.023864 -0.256831 -2.743286
v -0.095442 -0.256831 -2.892269
v -0.143958 -0.256831 -3.041396
v -0.185491 -0.256831 -3.100682
v -0.382213 -0.240766 -3.115049
v -0.283851 -0.252815 -3.111457
v -0.423754 -0.002293 -3.115049
v -0.423754 -0.202274 -3.115049
v -0.471583 -0.118927 -3.115049
v -0.283851 1.209967 -3.115049
v -0.382213 1.118080 -3.115049
v -0.423754 0.991252 -3.115049
v -0.423754 0.711626 -3.115049
v -0.458120 0.840808 -3.115049
v -0.185491 1.247699 -3.115049
v -0.143958 1.255690 -3.111457
v 0.023864 1.258353 -3.041396
v -0.095442 1.258353 -3.100682
v 0.141079 1.258353 -3.100682
v 0.616533 1.247699 -3.115049
v 0.521633 1.247699 -3.115049
v 0.572470 1.255690 -3.111457
v 0.661270 0.777895 -3.785375
v 0.614102 0.867217 -3.970354
v 0.523489 0.975085 -4.038440
v 0.586705 0.948118 -4.038440
v 0.572977 0.971117 -4.045668
v 0.084394 0.773099 -4.038440
v 0.170062 0.947318 -4.038440
v 0.141379 0.860957 -4.045668
v 0.000985 0.720563 -4.045668
v -0.088555 0.635126 -4.048078
v -0.063827 0.692353 -4.048078
v -0.061284 0.632562 -4.048078
v 0.044314 0.264474 -4.048078
v -0.064000 0.291170 -4.048078
v 0.174265 0.287973 -4.048078
v 0.037760 0.354306 -4.048078
v 0.768530 0.347839 -4.038440
v 0.763198 0.297931 -4.045668
v 0.735556 0.289315 -4.048078
v 0.664008 0.256499 -4.048078
v 0.577681 0.287045 -4.048078
v 0.672926 0.343870 -4.048078
v 0.479296 0.249346 -4.048078
v 0.378876 0.234371 -4.046239
v 0.278456 0.249346 -4.048078
v 0.795372 0.699491 -3.785361
v 0.715255 0.725661 -3.970354
v 1.056793 0.746290 -3.059760
v 1.037453 0.700230 -3.113184
v 1.037453 0.817909 -3.113183
v 1.056708 0.961664 -3.102409
v 1.057008 0.039238 -2.907072
v 1.057051 0.503761 -2.971968
v 1.057308 0.262106 -2.833375
v 1.056750 -0.116568 -3.041664
v 1.056708 -0.202274 -3.100682
v 0.979688 -0.252815 -3.111457
v 1.037453 -0.240766 -3.111457
v 0.979688 0.991418 -3.115049
v 1.037453 1.118080 -3.111457
v 0.979688 1.209967 -3.115049
v 0.739800 -0.256831 -3.041396
v 0.881207 -0.256831 -3.100682
v 0.881207 1.247699 -3.115049
v 0.739800 1.255690 -3.111457
v 0.572470 -0.256831 -2.743286
v 0.616533 -0.256831 -2.892269
v 0.521633 -0.256831 -2.892269
v -0.095442 -0.256831 -2.684432
v 0.023864 -0.252815 -2.674090
v 0.141079 -0.256831 -2.684432
v -0.143958 -0.256831 -2.743286
v -0.185491 -0.256831 -2.892269
v -0.283851 -0.256831 -3.041396
v -0.382213 -0.256831 -3.100683
v -0.472398 -0.240766 -3.115049
v -0.423754 -0.252815 -3.111457
v -0.705077 -0.118927 -3.115049
v -0.591251 -0.202274 -3.115049
v -0.594624 -0.024174 -3.115049
v -0.283851 1.255690 -3.111457
v -0.382213 1.247699 -3.115049
v -0.423754 1.209967 -3.115049
v -0.471654 1.118080 -3.115049
v -0.143958 1.258353 -3.041396
v -0.185491 1.258353 -3.100682
v 0.023864 1.258353 -2.743286
v -0.095442 1.258353 -2.892269
v 0.141079 1.258353 -2.892269
v 0.521633 1.258353 -3.100682
v 0.572470 1.258353 -3.041396
v 0.616533 1.258353 -3.100682
v 0.655303 0.777895 -4.038440
v 0.612167 0.864128 -4.045668
v 0.518739 0.959212 -4.048078
v 0.579875 0.933124 -4.048078
v 0.517645 0.931941 -4.048078
v 0.094039 0.763821 -4.048078
v 0.145245 0.818664 -4.048078
v 0.176916 0.932351 -4.048078
v 0.044889 0.718308 -4.048078
v -0.061284 0.492385 -4.048078
v 0.037827 0.629284 -4.048078
v 0.082375 0.491841 -4.048078
v -0.061284 0.351663 -4.048078
v 0.136441 0.391361 -4.048078
v 0.196859 0.309765 -4.046239
v 0.753606 0.699491 -4.038440
v 0.705054 0.723734 -4.045668
v 0.750840 0.352566 -4.048078
v 0.730042 0.343767 -4.048078
v 0.621311 0.390872 -4.048078
v 0.560893 0.309765 -4.046239
v 0.730042 0.483129 -4.048078
v 0.657984 0.480846 -4.048078
v 0.678548 0.614181 -4.048078
v 0.477157 0.254510 -4.040724
v 0.378876 0.235764 -3.997673
v 0.280595 0.254510 -4.040724
v 1.056708 1.209967 -3.100682
v 1.056750 1.118034 -3.041664
v 1.057308 0.751407 -2.833375
v 1.057008 0.966729 -2.907072
v 1.056750 -0.199914 -2.892537
v 1.057008 -0.102411 -2.745071
v 1.056708 -0.240766 -3.041396
v 1.037453 -0.252815 -3.100682
v 0.979688 -0.256831 -3.041396
v 1.037453 1.247699 -3.111457
v 0.979688 1.255690 -3.111457
v 0.739800 -0.256831 -2.743286
v 0.881207 -0.256831 -2.892269
v 0.739800 1.258353 -3.041396
v 0.881207 1.258353 -3.100682
v 0.521633 -0.256831 -2.684432
v 0.572470 -0.252815 -2.674090
v 0.616533 -0.256831 -2.684432
v -0.095442 -0.240766 -2.670643
v 0.024799 -0.197555 -2.670995
v 0.141079 -0.240766 -2.670643
v -0.185491 -0.256831 -2.684432
v -0.143958 -0.252815 -2.674090
v -0.283851 -0.256831 -2.743286
v -0.382213 -0.256831 -2.892269
v -0.423754 -0.256831 -3.041396
v -0.472398 -0.256831 -3.100683
v -0.709969 -0.240766 -3.115049
v -0.592066 -0.252815 -3.111457
v -0.803432 -0.118927 -3.115049
v -0.752500 -0.202274 -3.115049
v -0.748403 -0.036893 -3.115049
v -0.283851 1.258353 -3.041396
v -0.382213 1.258353 -3.100683
v -0.423754 1.255690 -3.111457
v -0.472398 1.247699 -3.115049
v -0.143958 1.258353 -2.743286
v -0.185491 1.258353 -2.892269
v 0.023864 1.255690 -2.674090
v -0.095442 1.258353 -2.684432
v 0.141079 1.258353 -2.684432
v 0.572470 1.258353 -2.743286
v 0.521633 1.258353 -2.892269
v 0.616533 1.258353 -2.892269
v 0.645587 0.768459 -4.048078
v 0.609347 0.818022 -4.048078
v 0.379108 0.931941 -4.048078
v 0.517053 0.829093 -4.048078
v 0.378899 0.788283 -4.048078
v 0.240627 0.832001 -4.048078
v 0.240361 0.931941 -4.048078
v 0.174332 0.695497 -4.048078
v 0.136441 0.592201 -4.048078
v 0.121465 0.491781 -4.046239
v 0.141605 0.393500 -4.040724
v 0.197844 0.310750 -3.997673
v 0.673902 0.717666 -4.048078
v 0.737013 0.692663 -4.048078
v 0.636287 0.489856 -4.046239
v 0.621311 0.589267 -4.048078
v 0.616147 0.393022 -4.040724
v 0.559908 0.310750 -3.997673
v 0.477157 0.254510 -3.883225
v 0.378876 0.235764 -3.708904
v 0.280595 0.254510 -3.883225
v 1.056708 1.247699 -3.041396
v 1.037453 1.255690 -3.100682
v 1.057008 1.117764 -2.745071
v 1.056750 1.209922 -2.892537
v 1.057394 0.506139 -2.838384
v 1.038319 0.264476 -2.779766
v 1.057308 0.053405 -2.712609
v 1.056708 -0.240766 -2.743286
v 1.037453 -0.252815 -2.892269
v 0.979688 -0.256831 -2.743286
v 0.979688 1.258353 -3.041396
v 0.739800 -0.252815 -2.674090
v 0.881207 -0.256831 -2.684432
v 0.739800 1.258353 -2.743286
v 0.881207 1.258353 -2.892269
v 0.521633 -0.240766 -2.670643
v 0.573109 -0.197555 -2.670995
v 0.616533 -0.240766 -2.670643
v -0.091950 -0.100051 -2.672053
v 0.030411 0.053405 -2.698979
v 0.144553 -0.100051 -2.672053
v -0.185491 -0.240766 -2.670643
v -0.143448 -0.197555 -2.670995
v -0.382213 -0.256831 -2.684432
v -0.283851 -0.252815 -2.674090
v -0.423754 -0.256831 -2.743286
v -0.472398 -0.256831 -2.892269
v -0.709969 -0.256831 -3.100682
v -0.592066 -0.256831 -3.041396
v -0.804247 -0.240766 -3.115049
v -0.753315 -0.252815 -3.111457
v -1.434833 -0.118927 -3.115048
v -1.300514 -0.202274 -3.115049
v -1.296403 -0.026800 -3.115049
v -1.190965 -0.118927 -3.115049
v -0.423754 1.258353 -3.041396
v -0.472398 1.258353 -3.100683
v -0.283851 1.258353 -2.743286
v -0.382213 1.258353 -2.892269
v -0.709969 1.247699 -3.115049
v -0.591323 1.209967 -3.115049
v -0.592066 1.255690 -3.111457
v -0.803504 1.118080 -3.115049
v -0.748834 1.025852 -3.115049
v -0.752571 1.209967 -3.115049
v -0.705509 1.118080 -3.115049
v -1.537385 0.500976 -3.115048
v -1.603542 0.359440 -3.113184
v -1.469371 0.418840 -3.115048
v -1.537385 0.309215 -3.115049
v -0.143958 1.255690 -2.674090
v -0.185491 1.258353 -2.684432
v -0.095442 1.247699 -2.670643
v 0.024799 1.209877 -2.670995
v 0.141079 1.247699 -2.670643
v 0.572470 1.255690 -2.674090
v 0.521633 1.258353 -2.684432
v 0.616533 1.258353 -2.684432
v 0.479296 0.733727 -4.048078
v 0.378876 0.749192 -4.046239
v 0.278456 0.734217 -4.048078
v 0.196859 0.673798 -4.046239
v 0.141605 0.590062 -4.040724
v 0.122858 0.491781 -3.997673
v 0.141605 0.393500 -3.883225
v 0.197844 0.310750 -3.708904
v 0.634894 0.489867 -3.997673
v 0.616147 0.587190 -4.040724
v 0.616147 0.393022 -3.883225
v 0.559908 0.310750 -3.708904
v 0.477157 0.254510 -3.486235
v 0.378876 0.235764 -3.298129
v 0.280595 0.254510 -3.486235
v 1.056708 1.247699 -2.743286
v 1.037453 1.255690 -2.892269
v 1.057308 0.966469 -2.712609
v 1.038319 0.751373 -2.779766
v 1.037886 -0.100051 -2.675592
v 1.056793 -0.197555 -2.684876
v 0.883524 0.264476 -2.776937
v 0.981095 0.506139 -2.828675
v 0.980920 0.053405 -2.698979
v 1.037453 -0.240766 -2.674090
v 1.037453 -0.252815 -2.684432
v 0.979688 -0.252815 -2.674090
v 0.979688 1.258353 -2.743286
v 0.740251 -0.197555 -2.670995
v 0.881207 -0.240766 -2.670643
v 0.739800 1.255690 -2.674090
v 0.881207 1.258353 -2.684432
v 0.524294 -0.100051 -2.672053
v 0.576939 0.053405 -2.698979
v 0.618894 -0.100051 -2.672053
v -0.083906 0.263045 -2.769078
v 0.031346 0.506139 -2.828675
v 0.148026 0.264476 -2.776937
v -0.184988 -0.100051 -2.672053
v -0.140105 -0.009008 -2.665346
v -0.382213 -0.240766 -2.670643
v -0.283852 -0.197555 -2.670995
v -0.472398 -0.256831 -2.684432
v -0.423754 -0.252815 -2.674090
v -0.709969 -0.256831 -2.892269
v -0.592066 -0.256831 -2.743286
v -0.804247 -0.256831 -3.100682
v -0.753315 -0.256831 -3.041396
v -1.433805 -0.240766 -3.115048
v -1.299486 -0.252815 -3.111457
v -1.184798 -0.240766 -3.115049
v -1.537385 -0.003925 -3.115048
v -1.603542 -0.118927 -3.111457
v -1.537385 -0.202274 -3.115048
v -0.709969 1.258353 -3.100682
v -0.592066 1.258353 -3.041396
v -0.423754 1.258353 -2.743286
v -0.472398 1.258353 -2.892269
v -0.283851 1.255690 -2.674090
v -0.382213 1.258353 -2.684432
v -0.804247 1.247699 -3.115049
v -0.753315 1.255690 -3.111457
v -1.434549 1.118080 -3.115048
v -1.295735 1.015154 -3.115049
v -1.300229 1.209967 -3.115048
v -1.189258 1.118080 -3.115049
v -1.537385 0.992264 -3.115048
v -1.603542 0.821776 -3.113184
v -1.455055 0.844818 -3.115048
v -1.537385 0.742155 -3.115049
v -1.625594 0.499664 -3.107311
v -1.625607 0.250621 -3.059760
v -1.603542 0.272676 -3.113184
v -1.603542 0.161487 -3.113183
v -1.625594 0.027806 -3.102409
v -0.185491 1.247699 -2.670643
v -0.143448 1.209877 -2.670995
v -0.091950 1.117718 -2.672053
v 0.030411 0.966468 -2.698979
v 0.144553 1.117718 -2.672053
v 0.521633 1.247699 -2.670643
v 0.573108 1.209877 -2.670995
v 0.616533 1.247699 -2.670643
v 0.477157 0.728574 -4.040724
v 0.378876 0.747799 -3.997673
v 0.280595 0.729053 -4.040724
v 0.197844 0.672813 -3.997673
v 0.141605 0.590062 -3.883225
v 0.122858 0.491781 -3.708904
v 0.141605 0.393500 -3.486235
v 0.197844 0.310750 -3.298129
v 0.634894 0.489867 -3.708904
v 0.616147 0.587190 -3.883225
v 0.616147 0.393022 -3.486235
v 0.559908 0.310750 -3.298129
v 0.477157 0.254510 -3.227501
v 0.378876 0.237415 -3.218583
v 0.280595 0.254511 -3.227501
v 1.037453 1.247699 -2.674090
v 1.037453 1.255690 -2.684432
v 1.056793 1.209877 -2.684876
v 1.037886 1.117718 -2.675592
v 0.883524 0.751373 -2.776937
v 0.980920 0.966469 -2.698979
v 0.882366 -0.100051 -2.672053
v 0.979864 -0.197555 -2.670995
v 0.621256 0.264476 -2.776937
v 0.743408 0.506139 -2.828675
v 0.742957 0.053405 -2.698979
v 0.979688 1.255690 -2.674090
v 0.740251 1.209877 -2.670995
v 0.881207 1.247699 -2.670643
v 0.526955 0.264476 -2.776937
v 0.577577 0.506139 -2.828675
v -0.083906 0.751075 -2.769078
v 0.148026 0.751373 -2.776937
v -0.125311 0.075807 -2.668178
v -0.122307 0.503574 -2.797047
v -0.120628 0.255826 -2.718625
v -0.184205 0.014824 -2.642404
v -0.137918 -0.023747 -2.563986
v -0.382724 -0.100051 -2.672053
v -0.283861 -0.009008 -2.665346
v -0.472398 -0.240766 -2.670643
v -0.424263 -0.197555 -2.670995
v -0.709969 -0.256831 -2.684432
v -0.592066 -0.252815 -2.674090
v -0.804247 -0.256831 -2.892269
v -0.753315 -0.256831 -2.743286
v -1.433805 -0.256831 -3.100682
v -1.299486 -0.256831 -3.041396
v -1.184798 -0.256831 -3.100682
v -1.603542 -0.240766 -3.111457
v -1.537385 -0.252815 -3.111457
v -1.625594 -0.202274 -3.100682
v -1.625601 -0.116568 -3.041664
v -0.804247 1.258353 -3.100682
v -0.753315 1.258353 -3.041396
v -0.709969 1.258353 -2.892269
v -0.592066 1.258353 -2.743286
v -0.423754 1.255690 -2.674090
v -0.472398 1.258353 -2.684432
v -0.382213 1.247699 -2.670643
v -0.283852 1.209877 -2.670995
v -1.299486 1.255690 -3.111457
v -1.433805 1.247699 -3.115048
v -1.184798 1.247699 -3.115049
v -1.537385 1.209967 -3.115048
v -1.603542 1.118080 -3.111457
v -1.625607 0.747160 -3.059760
v -1.625594 0.962534 -3.102409
v -1.603542 0.708329 -3.113184
v -1.603542 0.633747 -3.113184
v -1.625647 0.503761 -2.971968
v -1.625687 0.262106 -2.833375
v -1.625640 0.039238 -2.907072
v -0.184988 1.117718 -2.672053
v -0.140105 1.028045 -2.665346
v 0.524294 1.117718 -2.672053
v 0.576939 0.966469 -2.698979
v 0.618894 1.117718 -2.672053
v 0.477157 0.728574 -3.883225
v 0.378876 0.747799 -3.708904
v 0.280595 0.729053 -3.883225
v 0.197844 0.672813 -3.708904
v 0.141605 0.590062 -3.486235
v 0.122858 0.491781 -3.298129
v 0.141605 0.393500 -3.227501
v 0.199011 0.311917 -3.218583
v 0.634894 0.489867 -3.298129
v 0.616147 0.587190 -3.486235
v 0.616147 0.393022 -3.227501
v 0.558740 0.311917 -3.218583
v 0.322061 0.354618 -3.215572
v 0.378876 0.275730 -3.215595
v 0.435691 0.354618 -3.215572
v 0.979864 1.209877 -2.670995
v 0.882366 1.117718 -2.672053
v 0.621256 0.751373 -2.776937
v 0.742957 0.966469 -2.698979
v 0.526955 0.751373 -2.776937
v -0.120628 0.747922 -2.718625
v -0.125311 0.935805 -2.668178
v -0.383320 0.014824 -2.642404
v -0.283864 -0.023747 -2.563986
v -0.123052 -0.116496 -2.389487
v -0.137664 -0.186330 -2.158393
v -0.183938 -0.119914 -2.390852
v -0.475852 -0.100051 -2.672053
v -0.427403 -0.009008 -2.665346
v -0.709969 -0.240766 -2.670643
v -0.592976 -0.197555 -2.670995
v -0.804247 -0.256831 -2.684432
v -0.753315 -0.252815 -2.674090
v -1.433805 -0.256831 -2.892269
v -1.299486 -0.256831 -2.743286
v -1.184798 -0.256831 -2.892269
v -1.603542 -0.252815 -3.100682
v -1.537385 -0.256831 -3.041396
v -1.625594 -0.240766 -3.041396
v -1.625601 -0.199914 -2.892537
v -1.625640 -0.102411 -2.745071
v -1.433805 1.258353 -3.100682
v -1.299486 1.258353 -3.041396
v -1.184798 1.258353 -3.100682
v -0.804247 1.258353 -2.892269
v -0.753315 1.258353 -2.743286
v -0.709969 1.258353 -2.684432
v -0.592066 1.255690 -2.674090
v -0.472398 1.247699 -2.670643
v -0.424263 1.209877 -2.670995
v -0.382724 1.117718 -2.672053
v -0.283861 1.028045 -2.665346
v -1.537385 1.255690 -3.111457
v -1.603542 1.247699 -3.111457
v -1.625601 1.118034 -3.041664
v -1.625594 1.209967 -3.100682
v -1.625640 0.966729 -2.907072
v -1.625687 0.751407 -2.833375
v -0.184205 0.997680 -2.642404
v -0.137918 1.028388 -2.563986
v 0.477157 0.728574 -3.486235
v 0.378876 0.747800 -3.298129
v 0.280595 0.729053 -3.486235
v 0.197844 0.672813 -3.298129
v 0.141605 0.590062 -3.227501
v 0.124509 0.491781 -3.218583
v 0.226104 0.339010 -3.215595
v 0.241713 0.434967 -3.215572
v 0.633243 0.489879 -3.218583
v 0.616147 0.587190 -3.227501
v 0.531648 0.339010 -3.215595
v 0.516039 0.434398 -3.215572
v -0.118495 0.046050 -2.571778
v -0.120075 0.501010 -2.751104
v -0.118208 0.281564 -2.652484
v -0.441014 0.075807 -2.668178
v -0.428427 -0.023747 -2.563986
v -0.283876 -0.186330 -2.158393
v -0.383407 -0.119914 -2.390852
v -0.118194 -0.171192 -2.158479
v -0.117897 -0.048468 -2.366012
v -0.123069 -0.132141 -1.903451
v -0.137668 0.012206 -1.673421
v -0.183952 -0.135646 -1.901999
v -0.713284 -0.100051 -2.672053
v -0.598438 0.053405 -2.698979
v -0.804247 -0.240766 -2.670643
v -0.754114 -0.197555 -2.670995
v -1.433805 -0.256831 -2.684432
v -1.299486 -0.252815 -2.674090
v -1.184798 -0.256831 -2.684432
v -1.603542 -0.252815 -2.892269
v -1.537385 -0.256831 -2.743286
v -1.625594 -0.240766 -2.743286
v -1.537385 1.258353 -3.041396
v -1.603542 1.255690 -3.100682
v -1.433805 1.258353 -2.892269
v -1.299486 1.258353 -2.743286
v -1.184798 1.258353 -2.892269
v -0.804247 1.258353 -2.684432
v -0.753315 1.255690 -2.674090
v -0.709969 1.247699 -2.670643
v -0.592976 1.209877 -2.670995
v -0.475852 1.117718 -2.672053
v -0.427403 1.028045 -2.665346
v -0.283864 1.028388 -2.563986
v -0.383320 0.997680 -2.642404
v -1.625594 1.247699 -3.041396
v -1.625601 1.209922 -2.892537
v -1.625640 1.117764 -2.745071
v -1.625687 0.053405 -2.712609
v -1.603844 0.264476 -2.779766
v -1.625700 0.506139 -2.838384
v -0.123052 1.118515 -2.389487
v -0.137664 1.188349 -2.158393
v -0.183938 1.121934 -2.390852
v 0.477157 0.728574 -3.227501
v 0.378876 0.746149 -3.218583
v 0.280595 0.729053 -3.227501
v 0.199011 0.671646 -3.218583
v 0.241713 0.548596 -3.215572
v 0.162824 0.491781 -3.215595
v 0.594928 0.490166 -3.215595
v 0.516039 0.547349 -3.215572
v -0.118495 0.955970 -2.571778
v -0.118208 0.720456 -2.652484
v -0.117021 0.198693 -2.446581
v -0.117018 0.501010 -2.567052
v -0.116137 0.397166 -2.417411
v -0.483463 0.263045 -2.769078
v -0.444334 0.255710 -2.718906
v -0.443819 0.503574 -2.797047
v -0.428503 -0.186330 -2.158393
v -0.441921 -0.116788 -2.389604
v -0.283878 0.012206 -1.673421
v -0.383407 -0.135646 -1.901999
v -0.118196 0.022971 -1.684186
v -0.117903 -0.062390 -1.934218
v -0.123069 0.238750 -1.527912
v -0.137668 0.501010 -1.469790
v -0.183952 0.237298 -1.524406
v -0.716599 0.264476 -2.776938
v -0.599348 0.506139 -2.828675
v -0.807319 -0.100051 -2.672053
v -0.758909 0.053405 -2.698979
v -1.433805 -0.240766 -2.670643
v -1.299869 -0.197555 -2.670995
v -1.184798 -0.240766 -2.670643
v -1.603542 -0.252815 -2.684432
v -1.537385 -0.252815 -2.674090
v -1.603542 -0.240766 -2.674090
v -1.625607 -0.197555 -2.684876
v -1.603693 -0.100051 -2.675592
v -1.537385 1.258353 -2.743286
v -1.603542 1.255690 -2.892269
v -1.433805 1.258353 -2.684432
v -1.299486 1.255690 -2.674090
v -1.184798 1.258353 -2.684432
v -0.804247 1.247699 -2.670643
v -0.754114 1.209877 -2.670995
v -0.713284 1.117718 -2.672053
v -0.598438 0.966468 -2.698979
v -0.428427 1.028388 -2.563986
v -0.441014 0.935805 -2.668178
v -0.283876 1.188349 -2.158393
v -0.383407 1.121934 -2.390852
v -1.625594 1.247699 -2.743286
v -1.603844 0.751373 -2.779766
v -1.625687 0.966469 -2.712609
v -1.538163 0.053405 -2.698979
v -1.435630 0.264476 -2.776937
v -1.538274 0.506139 -2.828675
v -0.123069 1.134161 -1.903451
v -0.137668 0.989813 -1.673421
v -0.183952 1.137666 -1.901999
v -0.118194 1.173212 -2.158479
v -0.117897 1.050488 -2.366012
v 0.435691 0.628376 -3.215572
v 0.378876 0.707834 -3.215595
v 0.322061 0.628945 -3.215572
v 0.226104 0.644553 -3.215595
v -0.117021 0.803327 -2.446581
v -0.116137 0.604853 -2.417411
v -0.117040 0.054338 -2.165491
v -0.116164 0.240993 -2.272649
v -0.115842 0.343930 -2.329262
v -0.115831 0.501010 -2.393989
v -0.114362 0.418421 -2.374381
v -0.444499 0.501010 -2.752327
v -0.446079 0.045174 -2.572643
v -0.446363 0.280544 -2.654821
v -0.428501 0.012206 -1.673421
v -0.441911 -0.132440 -1.903327
v -0.446388 -0.172486 -2.158472
v -0.446680 -0.051021 -2.366970
v -0.283878 0.501010 -1.469790
v -0.383407 0.237298 -1.524406
v -0.118196 0.501010 -1.485014
v -0.117903 0.267642 -1.601334
v -0.117043 0.183358 -1.857461
v -0.116192 0.234405 -2.068443
v -0.123069 0.763270 -1.527912
v -0.183952 0.764722 -1.524406
v -0.716599 0.751373 -2.776937
v -0.483463 0.751075 -2.769078
v -0.810391 0.264476 -2.776938
v -0.759708 0.506139 -2.828675
v -1.434718 -0.100051 -2.672053
v -1.302167 0.053405 -2.698979
v -1.186859 -0.100051 -2.672053
v -1.537496 -0.197555 -2.670995
v -1.537385 1.255690 -2.674090
v -1.603542 1.255690 -2.684432
v -1.433805 1.247699 -2.670643
v -1.299869 1.209877 -2.670995
v -1.184798 1.247699 -2.670643
v -0.807319 1.117718 -2.672053
v -0.758909 0.966468 -2.698979
v -0.428503 1.188349 -2.158393
v -0.441921 1.118808 -2.389604
v -0.444334 0.748039 -2.718906
v -0.283878 0.989813 -1.673421
v -0.383407 1.137666 -1.901999
v -1.625607 1.209877 -2.684876
v -1.603542 1.247699 -2.674090
v -1.603693 1.117718 -2.675592
v -1.435630 0.751373 -2.776937
v -1.538163 0.966469 -2.698979
v -1.302551 0.506139 -2.828675
v -1.188919 0.264476 -2.776937
v -0.118196 0.979048 -1.684186
v -0.117903 1.064409 -1.934218
v -0.117040 0.947682 -2.165491
v -0.116164 0.761027 -2.272649
v -0.115842 0.658090 -2.329262
v -0.114362 0.583598 -2.374381
v -0.115909 0.268924 -2.172566
v -0.114413 0.294216 -2.255583
v -0.110003 0.346838 -2.327013
v -0.036895 0.419284 -2.373229
v -0.109995 0.501010 -2.390621
v -0.446079 0.956846 -2.572643
v -0.446363 0.721476 -2.654821
v -0.447547 0.501010 -2.571126
v -0.447547 0.195420 -2.449378
v -0.448417 0.395112 -2.421622
v -0.428501 0.501010 -1.469790
v -0.441911 0.238626 -1.527612
v -0.446387 0.022051 -1.683266
v -0.446681 -0.065007 -1.933102
v -0.383407 0.764722 -1.524406
v -0.117903 0.734378 -1.601334
v -0.117043 0.501010 -1.726520
v -0.116192 0.390579 -1.920245
v -0.810391 0.751373 -2.776937
v -1.537496 1.209877 -2.670995
v -1.434718 1.117718 -2.672053
v -1.302167 0.966469 -2.698979
v -1.186859 1.117718 -2.672053
v -0.428501 0.989813 -1.673421
v -0.441911 1.134460 -1.903327
v -0.446388 1.174506 -2.158472
v -0.446680 1.053041 -2.366970
v -1.188919 0.751373 -2.776937
v -0.117043 0.818662 -1.857461
v -0.116192 0.767615 -2.068443
v -0.115909 0.733095 -2.172566
v -0.114413 0.707804 -2.255583
v -0.036895 0.582736 -2.373229
v -0.110003 0.655181 -2.327013
v -0.115920 0.335962 -2.023260
v -0.114464 0.288978 -2.093194
v -0.110051 0.273231 -2.172765
v -0.036902 0.296466 -2.255586
v -0.447547 0.806600 -2.449378
v -0.448417 0.606908 -2.421622
v -0.447547 0.049502 -2.165374
v -0.448413 0.235849 -2.274334
v -0.448705 0.501010 -2.397057
v -0.448704 0.341376 -2.331349
v -0.450002 0.417955 -2.375378
v -0.441911 0.763394 -1.527612
v -0.446387 0.501010 -1.483712
v -0.446681 0.266558 -1.598652
v -0.447546 0.179919 -1.853797
v -0.448410 0.229130 -2.066073
v -0.116192 0.611441 -1.920245
v -0.115920 0.501010 -1.957370
v -0.114464 0.413184 -1.979017
v -0.446387 0.979969 -1.683266
v -0.446681 1.067027 -1.933102
v -0.114464 0.713042 -2.093194
v -0.115920 0.666058 -2.023260
v -0.036902 0.705553 -2.255586
v -0.110051 0.728789 -2.172765
v 0.170774 0.350212 -2.326794
v 0.378084 0.421878 -2.371098
v 0.170773 0.501010 -2.388588
v -0.447547 0.952518 -2.165374
v -0.448413 0.766171 -2.274334
v -0.448704 0.660644 -2.331349
v -0.450002 0.584065 -2.375378
v -0.448700 0.265151 -2.172463
v -0.449997 0.293048 -2.255993
v -0.453899 0.501010 -2.391061
v -0.526774 0.419111 -2.373637
v -0.453895 0.346518 -2.327323
v -0.446681 0.735462 -1.598652
v -0.447546 0.501010 -1.721398
v -0.448410 0.388394 -1.914587
v -0.114464 0.588836 -1.979017
v -0.110059 0.501010 -1.962063
v -0.036910 0.414180 -1.981605
v -0.110059 0.339027 -2.026644
v -0.447546 0.822101 -1.853797
v -0.448410 0.772889 -2.066073
v 0.170774 0.651808 -2.326794
v 0.378084 0.580142 -2.371098
v -0.036910 0.291362 -2.094614
v 0.170776 0.278658 -2.175139
v 0.378086 0.303444 -2.257195
v -0.448700 0.736868 -2.172463
v -0.449997 0.708971 -2.255993
v -0.453895 0.655502 -2.327323
v -0.526774 0.582909 -2.373637
v -0.449993 0.287781 -2.092687
v -0.448700 0.333278 -2.020366
v -0.526754 0.296032 -2.255758
v -0.453870 0.272757 -2.172774
v -0.448410 0.613626 -1.914587
v -0.448700 0.501010 -1.953333
v -0.449993 0.412688 -1.977782
v -0.110059 0.662993 -2.026644
v -0.036910 0.587840 -1.981605
v -0.036910 0.710658 -2.094614
v 0.378086 0.698576 -2.257195
v 0.170776 0.723362 -2.175139
v 0.170776 0.342997 -2.031222
v 0.378088 0.298928 -2.099831
v 0.450113 0.353568 -2.326576
v 0.463054 0.423968 -2.366650
v 0.450113 0.501010 -2.386566
v -0.448700 0.668741 -2.020366
v -0.449993 0.714239 -2.092687
v -0.453870 0.729263 -2.172774
v -0.526754 0.705988 -2.255758
v -0.735005 0.652130 -2.327110
v -0.942958 0.580312 -2.371510
v -0.735005 0.501010 -2.389034
v -0.735005 0.349890 -2.327110
v -0.942958 0.421708 -2.371510
v -0.449993 0.589332 -1.977782
v -0.453866 0.338689 -2.026334
v -0.526734 0.413995 -1.981188
v -0.453866 0.501010 -1.961616
v 0.170776 0.659023 -2.031222
v 0.378087 0.584659 -1.989794
v 0.170776 0.501010 -1.968065
v 0.378087 0.417361 -1.989794
v 0.463054 0.578051 -2.366650
v 0.450113 0.648451 -2.326576
v 0.450113 0.284056 -2.177501
v 0.463053 0.308880 -2.255877
v -0.526734 0.290916 -2.094450
v -0.942980 0.303020 -2.257377
v -0.735008 0.278182 -2.175151
v -0.735008 0.723838 -2.175151
v -0.942980 0.699000 -2.257377
v -0.526734 0.588025 -1.981188
v -0.453866 0.663331 -2.026334
v 0.378088 0.703092 -2.099831
v 0.463053 0.693140 -2.255877
v 0.450113 0.717963 -2.177501
v 0.450113 0.501010 -1.974035
v 0.463052 0.419714 -1.995235
v 0.450113 0.346947 -2.035776
v 0.463052 0.304626 -2.102465
v 0.493105 0.365892 -2.314091
v 0.493104 0.501010 -2.368980
v 0.522649 0.433855 -2.341881
v -0.526734 0.711104 -2.094450
v -1.015002 0.648771 -2.326898
v -1.018506 0.579769 -2.370939
v -1.014998 0.501010 -2.387016
v -1.018506 0.422251 -2.370939
v -1.015002 0.353249 -2.326898
v -0.735008 0.342658 -2.030911
v -0.943003 0.298493 -2.099676
v -0.943002 0.417181 -1.989389
v -0.735008 0.501010 -1.967615
v 0.450113 0.655073 -2.035776
v 0.463052 0.582305 -1.995235
v 0.463052 0.697394 -2.102465
v 0.522649 0.568165 -2.341881
v 0.493105 0.636128 -2.314091
v 0.493107 0.302832 -2.177990
v 0.522654 0.334322 -2.246069
v -0.735008 0.659362 -2.030911
v -0.943003 0.703527 -2.099676
v -1.018507 0.304473 -2.257594
v -1.015024 0.283585 -2.177518
v -1.015024 0.718434 -2.177518
v -1.018507 0.697547 -2.257594
v -0.943002 0.584839 -1.989389
v 0.493107 0.699188 -2.177990
v 0.522654 0.667698 -2.246069
v 0.493108 0.641806 -2.047863
v 0.522659 0.571468 -2.019370
v 0.493108 0.501010 -1.991482
v 0.493108 0.360213 -2.047863
v 0.522659 0.430552 -2.019370
v 0.522659 0.331019 -2.112766
v 0.534077 0.379362 -2.300388
v 0.535583 0.444087 -2.316590
v 0.534076 0.501010 -2.349709
v -1.018507 0.300060 -2.100697
v -1.015028 0.346612 -2.035469
v -1.015028 0.655408 -2.035469
v -1.018507 0.701960 -2.100697
v -1.020862 0.717492 -2.177573
v -1.031950 0.692178 -2.255532
v -1.020865 0.648155 -2.326318
v -1.031949 0.577683 -2.365721
v -1.020866 0.501010 -2.386175
v -1.031949 0.424337 -2.365721
v -1.020865 0.353864 -2.326318
v -1.018507 0.417838 -1.991051
v -1.015028 0.501010 -1.973591
v 0.522659 0.671001 -2.112766
v 0.535583 0.557933 -2.316590
v 0.534077 0.622658 -2.300388
v 0.534082 0.323350 -2.178487
v 0.535584 0.359917 -2.235564
v -1.018507 0.584182 -1.991051
v -1.020862 0.284527 -2.177573
v -1.031950 0.309842 -2.255532
v -1.020862 0.654741 -2.036090
v -1.031951 0.696390 -2.102875
v 0.534082 0.678670 -2.178487
v 0.535584 0.642102 -2.235564
v 0.535585 0.644800 -2.122679
v 0.534084 0.627311 -2.061052
v 0.535585 0.560631 -2.043532
v 0.534084 0.501010 -2.010531
v 0.534084 0.374709 -2.061052
v 0.535585 0.357219 -2.122679
v 0.535585 0.441389 -2.043532
v 0.536418 0.394286 -2.178409
v 0.536418 0.426929 -2.251111
v 0.536418 0.501010 -2.281392
v -1.031951 0.305630 -2.102875
v -1.020862 0.347279 -2.036090
v -1.020862 0.501010 -1.974479
v -1.031951 0.581895 -1.996148
v -1.061633 0.697817 -2.178047
v -1.091324 0.666609 -2.245661
v -1.061630 0.635238 -2.313179
v -1.061629 0.501010 -2.367696
v -1.091321 0.567746 -2.340817
v -1.091321 0.434273 -2.340817
v -1.061630 0.366781 -2.313179
v -1.031951 0.420125 -1.996148
v 0.536418 0.575091 -2.251111
v 0.536418 0.424841 -2.106594
v -1.061633 0.304203 -2.178047
v -1.091324 0.335411 -2.245661
v -1.061634 0.640840 -2.048738
v -1.091327 0.669867 -2.113219
v 0.536418 0.607734 -2.178409
v 0.536418 0.577179 -2.106594
v 0.536418 0.501010 -2.076870
v -1.091327 0.332153 -2.113219
v -1.061634 0.361179 -2.048739
v -1.061634 0.501010 -1.992747
v -1.091327 0.571004 -2.020399
v -1.102445 0.678120 -2.178521
v -1.103334 0.642113 -2.235579
v -1.102440 0.622307 -2.300025
v -1.103330 0.557941 -2.316598
v -1.102439 0.501010 -2.349197
v -1.103330 0.444079 -2.316598
v -1.102440 0.379712 -2.300025
v -1.091327 0.431016 -2.020399
v -1.102445 0.323899 -2.178521
v -1.103334 0.359907 -2.235579
v -1.102447 0.626925 -2.061400
v -1.103337 0.644807 -2.122685
v -1.103337 0.357213 -2.122685
v -1.102447 0.375094 -2.061400
v -1.102447 0.501010 -2.011034
v -1.103338 0.560635 -2.043519
v -1.103470 0.607973 -2.178414
v -1.103467 0.575256 -2.251274
v -1.103466 0.501010 -2.281620
v -1.103467 0.426764 -2.251274
v -1.103338 0.441385 -2.043519
v -1.103470 0.394047 -2.178414
v -1.103472 0.577350 -2.106436
v -1.103472 0.424670 -2.106436
v -1.103472 0.501010 -2.076644
v 0.593865 0.959692 -3.115049
v 0.523722 0.987099 -3.115049
v 0.677305 0.786671 -3.115049
v 0.660775 0.897402 -3.115049
v 0.670525 0.184507 -3.115049
v 0.853251 0.275230 -3.115049
v 0.790536 0.206746 -3.115049
v 0.592913 0.022826 -3.115049
v 0.657723 0.079529 -3.115049
v 0.523753 -0.002338 -3.115049
v 0.073799 0.199578 -3.115049
v 0.161564 0.025389 -3.115049
v 0.093413 0.088712 -3.115049
v 0.161929 0.959014 -3.115049
v 0.074914 0.782883 -3.115049
v 0.094225 0.895266 -3.115049
v -0.091048 0.657151 -3.115049
v -0.033043 0.768920 -3.115049
v -1.160306 0.959664 -3.115049
v -1.243477 0.786809 -3.115048
v -1.225088 0.897243 -3.115049
v -0.733449 0.958850 -3.115049
v -0.803284 0.987099 -3.115049
v -1.413100 0.709079 -3.115048
v -1.351188 0.771048 -3.115048
v -0.803213 -0.002338 -3.115049
v -0.732816 0.025528 -3.115049
v -1.222897 0.080046 -3.115049
v -1.328167 0.101322 -3.115049
v -1.440356 0.645962 -3.115048
v -1.468907 0.704365 -3.115048
v -0.644638 0.781505 -3.115048
v -0.665843 0.894349 -3.115049
v -0.477236 0.654855 -3.115048
v -0.535899 0.765789 -3.115048
v -0.643352 0.200809 -3.115049
v -0.664680 0.089492 -3.115049
v -0.437477 0.575792 -3.115049
v -0.477034 0.329160 -3.115049
v -0.461097 0.344008 -3.168407
v -0.461097 0.639183 -3.168407
v -0.091229 0.327198 -3.115049
v -0.033683 0.214219 -3.115049
v -0.110149 0.141090 -3.115049
v -0.185491 0.138034 -3.115049
v -0.382213 0.138429 -3.115049
v -0.457903 0.143572 -3.115049
v -0.535138 0.217213 -3.115049
v -0.130345 0.577925 -3.115048
v -0.107257 0.492854 -3.168407
v -0.107257 0.343984 -3.168407
v -0.185491 0.599263 -3.115048
v -0.382213 0.598867 -3.115049
v -1.080007 0.959212 -4.048078
v -1.136302 0.971117 -4.045668
v -1.084513 0.975085 -4.038440
v -1.137867 0.975085 -3.970350
v -1.084513 0.975085 -3.785358
v -1.137867 0.975085 -3.549417
v -1.084513 0.975085 -3.328482
v -1.138891 0.978088 -3.168407
v -1.086235 0.987099 -3.115049
v -1.144293 1.025851 -3.115049
v -1.140857 1.209967 -3.115049
v -1.087215 1.118080 -3.115049
v -1.140114 1.255690 -3.111457
v -1.086471 1.247699 -3.115049
v -1.140114 1.258353 -3.041396
v -1.086471 1.258353 -3.100683
v -1.140114 1.258353 -2.743286
v -1.086471 1.258353 -2.892269
v -1.140114 1.255690 -2.674090
v -1.086471 1.258353 -2.684432
v -1.140677 1.209877 -2.670995
v -1.086471 1.247699 -2.670643
v -1.144056 0.966469 -2.698979
v -1.088855 1.117718 -2.672053
v -1.144619 0.506139 -2.828675
v -1.091238 0.751373 -2.776937
v -1.144056 0.053405 -2.698979
v -1.091238 0.264476 -2.776938
v -1.140677 -0.197555 -2.670995
v -1.088855 -0.100051 -2.672053
v -1.140114 -0.252815 -2.674090
v -1.086471 -0.240766 -2.670643
v -1.140114 -0.256831 -2.743286
v -1.086471 -0.256831 -2.684432
v -1.140114 -0.256831 -3.041396
v -1.086471 -0.256831 -2.892269
v -1.140114 -0.252815 -3.111457
v -1.086471 -0.256831 -3.100683
v -1.141142 -0.202274 -3.115049
v -1.086471 -0.240766 -3.115049
v -1.146000 -0.036893 -3.115049
v -1.087499 -0.118927 -3.115049
v -1.139175 0.005774 -3.168407
v -1.160777 0.022918 -3.115049
v -1.086520 -0.002338 -3.115049
v -1.137867 0.008478 -3.549417
v -1.084513 0.008478 -3.328482
v -1.137867 0.008478 -3.970350
v -1.084513 0.008478 -3.785358
v -1.136302 0.012446 -4.045668
v -1.084513 0.008478 -4.038440
v -1.080007 0.024351 -4.048078
v -0.943741 0.971116 -4.045668
v -0.943711 0.975085 -3.970350
v -0.943711 0.975085 -3.549417
v -0.943861 0.978088 -3.168407
v -0.944758 1.025851 -3.115049
v -0.944907 1.209967 -3.115049
v -0.944907 1.255690 -3.111457
v -0.944907 1.258353 -3.041396
v -0.944907 1.258353 -2.743286
v -0.944907 1.255690 -2.674090
v -0.945589 1.209877 -2.670995
v -0.949683 0.966469 -2.698979
v -0.950365 0.506139 -2.828675
v -0.949683 0.053405 -2.698979
v -0.945589 -0.197555 -2.670996
v -0.944907 -0.252815 -2.674090
v -0.944907 -0.256831 -2.743286
v -0.944907 -0.256831 -3.041396
v -0.944907 -0.252815 -3.111457
v -0.944907 -0.202274 -3.115049
v -0.944758 -0.036893 -3.115049
v -0.943861 0.005774 -3.168407
v -0.943711 0.008478 -3.549417
v -0.943711 0.008478 -3.970350
v -0.943741 0.012446 -4.045668
v -0.851560 0.260630 -3.215609
v -1.043052 0.260630 -3.215609
v -1.178458 0.396035 -3.215609
v -0.716154 0.396035 -3.215609
v -1.178458 0.587528 -3.215609
v -0.716154 0.587528 -3.215609
v -1.043052 0.722934 -3.215609
v -0.851560 0.722934 -3.215609
v 0.474622 0.260630 -3.215609
v 0.283129 0.260630 -3.215609
v 0.147724 0.396035 -3.215609
v 0.610028 0.395569 -3.215609
v 0.147724 0.587528 -3.215609
v 0.610028 0.584730 -3.215609
v 0.474622 0.722468 -3.215609
v 0.283129 0.722934 -3.215609
v 0.531648 0.642938 -3.215596
v 0.558740 0.669744 -3.218583
v -0.467971 0.686251 -4.045668
v -0.464003 0.687861 -3.970350
v -0.464003 0.687861 -3.549417
v -0.464003 0.294294 -3.549417
v -0.464003 0.294294 -3.970350
v -0.467971 0.295916 -4.045668
v -0.100459 0.295678 -4.045668
v -0.088555 0.349734 -4.048078
v -0.104427 0.294055 -3.970350
v -0.104427 0.344910 -4.038440
v -0.104427 0.294055 -3.549417
v -0.104427 0.344910 -3.785358
v -0.104427 0.344910 -3.328482
v -0.100459 0.492542 -4.045668
v -0.104427 0.492548 -3.970350
v -0.104427 0.492548 -3.549417
v -1.347404 0.205101 -3.115048
v -1.454129 0.136617 -3.115048
v -1.537385 0.237886 -3.115048
v -1.537385 0.676183 -3.115049
v -1.319270 0.352471 -4.048078
v -1.331629 0.297813 -4.045668
v -1.336960 0.347740 -4.038440
v -1.349802 0.296207 -3.970350
v -1.384693 0.347740 -3.785358
v -1.419130 0.296207 -3.549417
v -1.430609 0.347740 -3.328482
v -1.432930 0.293777 -3.168407
v -1.331628 0.493097 -4.045668
v -1.349802 0.493108 -3.970351
v -1.419130 0.493108 -3.549417
v -1.433394 0.493694 -3.168407
v -1.330101 0.877390 -3.115049
v -1.411865 0.272503 -3.115048
v -1.236350 0.184675 -3.115048
v -1.468907 0.279394 -3.115048
v -1.440356 0.341237 -3.115048
v -1.469371 0.576573 -3.115048
v -0.557124 0.110027 -3.115049
v -0.595243 1.014359 -3.115049
v -0.557923 0.874058 -3.115049
v 0.185067 0.971116 -4.045668
v 0.239511 0.959212 -4.048078
v 0.183463 0.975085 -3.970350
v 0.234778 0.975085 -4.038440
v 0.183463 0.975085 -3.549417
v 0.234778 0.975085 -3.785358
v 0.234778 0.975085 -3.328482
v 0.182283 0.978088 -3.168407
v 0.233416 0.987099 -3.115049
v 0.176369 1.025852 -3.115049
v 0.233215 1.118080 -3.115049
v 0.182158 1.209967 -3.115049
v 0.234377 1.247699 -3.115049
v 0.183320 1.255690 -3.111457
v 0.183320 1.258353 -3.041396
v 0.234377 1.258353 -3.100683
v 0.183320 1.258353 -2.743286
v 0.234377 1.258353 -2.892269
v 0.183320 1.255690 -2.674090
v 0.234377 1.258353 -2.684432
v 0.184164 1.209877 -2.670995
v 0.234377 1.247699 -2.670643
v 0.189231 0.966468 -2.698979
v 0.237646 1.117718 -2.672053
v 0.190075 0.506139 -2.828675
v 0.240916 0.751373 -2.776937
v 0.189231 0.053405 -2.698979
v 0.240916 0.264476 -2.776937
v 0.184164 -0.197555 -2.670995
v 0.237646 -0.100051 -2.672053
v 0.183320 -0.252815 -2.674090
v 0.234377 -0.240766 -2.670643
v 0.183320 -0.256831 -2.743286
v 0.234377 -0.256831 -2.684432
v 0.234377 -0.256831 -2.892269
v 0.183320 -0.256831 -3.041396
v 0.234377 -0.256831 -3.100683
v 0.183320 -0.252815 -3.111457
v 0.182128 -0.202274 -3.115049
v 0.234377 -0.240766 -3.115049
v 0.233185 -0.118927 -3.115049
v 0.176185 -0.036893 -3.115049
v 0.182253 0.005774 -3.168407
v 0.233386 -0.002338 -3.115049
v 0.183462 0.008478 -3.549417
v 0.234778 0.008478 -3.328482
v 0.234778 0.008478 -3.785358
v 0.183462 0.008478 -3.970351
v 0.234778 0.008478 -4.038440
v 0.185067 0.012446 -4.045668
v 0.239511 0.024351 -4.048078
v 0.379168 0.971117 -4.045668
v 0.379170 0.975085 -3.970350
v 0.379170 0.975085 -3.549417
v 0.379029 0.978088 -3.168407
v 0.378183 1.025851 -3.115049
v 0.378041 1.209967 -3.115049
v 0.378041 1.255690 -3.111457
v 0.378041 1.258353 -3.041396
v 0.378041 1.258353 -2.743286
v 0.378041 1.255690 -2.674090
v 0.378783 1.209877 -2.670995
v 0.383230 0.966469 -2.698979
v 0.383972 0.506139 -2.828675
v 0.383231 0.053405 -2.698979
v 0.378783 -0.197555 -2.670995
v 0.378041 -0.252815 -2.674090
v 0.378041 -0.256831 -2.743286
v 0.378041 -0.256831 -3.041396
v 0.378041 -0.252815 -3.111457
v 0.378041 -0.202274 -3.115049
v 0.378183 -0.036893 -3.115049
v 0.379029 0.005774 -3.168407
v 0.379170 0.008478 -3.549417
v 0.379170 0.008478 -3.970351
v 0.379168 0.012446 -4.045668
v 0.883436 0.344191 -3.115049
v 0.916863 0.287320 -3.115049
v 0.979688 0.322452 -3.115049
v 0.854386 0.706822 -3.115049
v 0.793760 0.769479 -3.115049
v 0.979688 0.735916 -3.115049
v 0.902128 0.842371 -3.115049
v 0.771650 0.101783 -3.115049
v -0.012646 0.108270 -3.115049
v -0.012068 0.875948 -3.115049
v 0.773671 0.876773 -3.115049
v 0.559908 0.670899 -3.298129
v 0.559908 0.670899 -3.708904
v 0.559908 0.670899 -3.997673
v 0.560893 0.671873 -4.046239
v 0.583303 0.691100 -4.048078
v 0.713641 0.691252 -4.048078
v 0.763198 0.686744 -4.045668
v 0.750840 0.632895 -4.048078
v 0.781372 0.688358 -3.970350
v 0.768530 0.637687 -4.038440
v 0.850700 0.688358 -3.549417
v 0.816263 0.637687 -3.785358
v 0.862179 0.637687 -3.328482
v 0.867240 0.690112 -3.168407
v 0.763198 0.492894 -4.045668
v 0.781372 0.492903 -3.970350
v 0.850700 0.492903 -3.549417
v 0.868252 0.493594 -3.168407
v 0.883436 0.643538 -3.115049
v -0.753151 0.008478 -3.328482
v -1.176506 0.108725 -3.328492
v -0.753151 0.008478 -3.785358
v -0.707131 0.118664 -3.328492
v -1.318062 0.250281 -3.328492
v -1.176506 0.108725 -3.785369
v -0.753150 0.008478 -4.038440
v -0.707131 0.118664 -3.785369
v -0.565574 0.260220 -3.328492
v -1.430609 0.688683 -3.328482
v -1.295105 0.250281 -3.785369
v -1.176506 0.108725 -4.038440
v -0.759527 0.024351 -4.048078
v -0.707131 0.118664 -4.038440
v -0.565574 0.260220 -3.785369
v -0.464003 0.490374 -3.328482
v -1.324089 0.725661 -3.328492
v -1.384693 0.688683 -3.785358
v -1.271238 0.250281 -4.038440
v -1.168962 0.121278 -4.048078
v -0.946186 0.101689 -4.048078
v -0.715001 0.130891 -4.048078
v -0.565574 0.260220 -4.038440
v -0.464003 0.490374 -3.785358
v -0.566291 0.722464 -3.328492
v -1.182532 0.867217 -3.328492
v -1.301131 0.725661 -3.785369
v -1.336960 0.688683 -4.038440
v -1.258136 0.258186 -4.048078
v -1.179733 0.235629 -4.048078
v -0.947306 0.230192 -4.048078
v -0.691656 0.239344 -4.048078
v -0.578094 0.267799 -4.048078
v -0.464003 0.490374 -4.038440
v -0.566291 0.722464 -3.785369
v -0.707847 0.864020 -3.328492
v -0.753151 0.975085 -3.328482
v -1.182532 0.867217 -3.785369
v -1.277264 0.725661 -4.038440
v -1.319270 0.682216 -4.048078
v -1.132278 0.306810 -4.048078
v -1.273754 0.492195 -4.048078
v -0.947306 0.235764 -4.040724
v -0.762334 0.306810 -4.048078
v -0.557213 0.491343 -4.048078
v -0.479875 0.490420 -4.048078
v -0.566291 0.722464 -4.038440
v -0.707847 0.864020 -3.785369
v -0.753151 0.975085 -3.785358
v -1.182532 0.867217 -4.038440
v -1.263964 0.717954 -4.048078
v -1.208895 0.491781 -4.048078
v -1.128338 0.310749 -4.040724
v -1.181986 0.745044 -4.048078
v -0.947306 0.235764 -3.883225
v -0.766274 0.310750 -4.040724
v -0.685716 0.491781 -4.048078
v -0.691924 0.743849 -4.048078
v -0.578787 0.714862 -4.048078
v -0.707847 0.864020 -4.038440
v -0.753151 0.975085 -4.038440
v -1.174790 0.854861 -4.048078
v -1.132278 0.676753 -4.048078
v -1.203324 0.491781 -4.040724
v -1.128338 0.310750 -3.883225
v -0.946186 0.881874 -4.048078
v -0.947306 0.235764 -3.486235
v -0.766274 0.310750 -3.883225
v -0.691288 0.491781 -4.040724
v -0.762334 0.676753 -4.048078
v -0.715694 0.851769 -4.048078
v -0.759527 0.959212 -4.048078
v -0.947306 0.753371 -4.048078
v -1.128338 0.672813 -4.040724
v -1.203324 0.491781 -3.883225
v -1.128338 0.310750 -3.486235
v -0.947306 0.235764 -3.227501
v -0.766274 0.310750 -3.486235
v -0.691288 0.491781 -3.883225
v -0.766274 0.672813 -4.040724
v -0.947306 0.747799 -4.040724
v -1.128338 0.672813 -3.883225
v -1.203324 0.491781 -3.486235
v -1.128338 0.310750 -3.227501
v -0.947306 0.329907 -3.215574
v -0.766274 0.310750 -3.227501
v -0.691288 0.491781 -3.486235
v -0.766274 0.672813 -3.883225
v -0.947306 0.747799 -3.883225
v -1.128338 0.672813 -3.486235
v -1.203324 0.491781 -3.227501
v -1.061769 0.377319 -3.215574
v -0.832843 0.377319 -3.215574
v -0.691288 0.491781 -3.227501
v -0.766274 0.672813 -3.486235
v -0.947306 0.747799 -3.486235
v -1.128338 0.672813 -3.227501
v -1.109181 0.491781 -3.215574
v -0.785431 0.491781 -3.215574
v -0.766274 0.672813 -3.227501
v -0.947306 0.747800 -3.227501
v -1.061769 0.606245 -3.215574
v -0.832843 0.606245 -3.215574
v -0.947306 0.653657 -3.215574
v 0.574583 0.008478 -3.328482
v 0.138700 0.118664 -3.328492
v 0.574583 0.008478 -3.785358
v 0.608076 0.108725 -3.328492
v 0.019096 -0.118927 -3.115049
v -0.143958 0.393149 -3.115049
v -0.104427 0.690274 -3.328482
v -0.002856 0.260220 -3.328492
v 0.138700 0.118664 -3.785369
v 0.608076 0.108725 -3.785369
v 0.574583 0.008478 -4.038440
v 0.749632 0.250281 -3.328492
v 0.577238 -0.118927 -3.115049
v 0.023864 -0.240766 -3.115049
v -0.143958 -0.118927 -3.115049
v -0.283851 0.397888 -3.115049
v -0.143958 0.850281 -3.115049
v 0.019218 1.118080 -3.115049
v 0.574583 0.975085 -3.328482
v 0.139417 0.864020 -3.328492
v -0.002139 0.722464 -3.328492
v -0.104427 0.690274 -3.785358
v -0.002856 0.260220 -3.785369
v 0.138700 0.118664 -4.038440
v 0.726674 0.250281 -3.785369
v 0.608076 0.108725 -4.038440
v 0.568156 0.024351 -4.048078
v 0.862179 0.296327 -3.328482
v 0.979688 0.135949 -3.115049
v 0.744568 -0.118927 -3.115049
v 0.572470 -0.240766 -3.115049
v 0.023864 -0.256831 -3.100682
v -0.143958 -0.240766 -3.115049
v -0.283851 -0.118927 -3.115049
v -0.283851 0.845543 -3.115049
v -0.423754 0.394731 -3.115049
v -0.143958 1.118080 -3.115049
v 0.023864 1.247699 -3.115049
v 0.577116 1.118080 -3.115049
v 0.614102 0.867217 -3.328492
v 0.574583 0.975085 -3.785358
v 0.139417 0.864020 -3.785369
v -0.002139 0.722464 -3.785369
v -0.104427 0.690274 -4.038440
v -0.002856 0.260220 -4.038440
v 0.146571 0.130892 -4.048078
v 0.702808 0.250281 -4.038440
v 0.600532 0.121278 -4.048078
v 0.378967 0.101689 -4.048078
v 0.816263 0.296326 -3.785358
v 0.755658 0.725661 -3.328492
v 1.056708 0.263574 -3.107588
v 0.979688 -0.118927 -3.115049
v 0.979688 0.597356 -3.115049
v 0.739800 -0.240766 -3.115049
v 0.744446 1.118080 -3.115049
v 0.572470 -0.256831 -3.100682
v 0.023864 -0.256831 -2.892269
v -0.143958 -0.256831 -3.100682
v -0.283851 -0.240766 -3.115049
v -0.423754 -0.118927 -3.115049
v -0.283851 1.118080 -3.115049
v -0.423754 0.848699 -3.115049
v -0.143958 1.247699 -3.115049
v 0.023864 1.258353 -3.100682
v 0.572470 1.247699 -3.115049
v 0.614102 0.867217 -3.785369
v 0.574583 0.975085 -4.038440
v 0.139417 0.864020 -4.038440
v -0.002139 0.722464 -4.038440
v -0.088555 0.683756 -4.048078
v 0.009664 0.267799 -4.048078
v 0.123226 0.239344 -4.048078
v 0.768530 0.296326 -4.038440
v 0.689706 0.258186 -4.048078
v 0.611303 0.235629 -4.048078
v 0.378876 0.230192 -4.048078
v 0.732701 0.725661 -3.785369
v 1.056708 0.730349 -3.107588
v 1.057051 0.254996 -2.946117
v 1.056708 -0.118927 -3.100682
v 0.979688 -0.240766 -3.115049
v 0.979688 1.118080 -3.115049
v 0.739800 -0.256831 -3.100682
v 0.739800 1.247699 -3.115049
v 0.572470 -0.256831 -2.892269
v 0.023864 -0.256831 -2.684432
v -0.143958 -0.256831 -2.892269
v -0.283851 -0.256831 -3.100682
v -0.423754 -0.240766 -3.115049
v -0.588805 -0.118927 -3.115049
v -0.283851 1.247699 -3.115049
v -0.423754 1.118080 -3.115049
v -0.143958 1.258353 -3.100682
v 0.023864 1.258353 -2.892269
v 0.572470 1.258353 -3.100682
v 0.614102 0.867217 -4.038440
v 0.568156 0.959212 -4.048078
v 0.147264 0.851769 -4.048078
v 0.010357 0.714862 -4.048078
v -0.011217 0.492020 -4.048078
v 0.193904 0.306810 -4.048078
v 0.708834 0.725661 -4.038440
v 0.750840 0.302746 -4.048078
v 0.563847 0.306810 -4.048078
v 0.699395 0.453993 -4.048078
v 0.378876 0.235764 -4.040724
v 1.056708 1.118080 -3.100682
v 1.057051 0.751511 -2.946117
v 1.056879 -0.109489 -2.893342
v 1.056708 -0.240766 -3.100682
v 0.979688 -0.256831 -3.100682
v 0.979688 1.247699 -3.115049
v 0.739800 -0.256831 -2.892269
v 0.739800 1.258353 -3.100682
v 0.572470 -0.256831 -2.684432
v 0.023864 -0.240766 -2.670643
v -0.143958 -0.256831 -2.684432
v -0.283851 -0.256831 -2.892269
v -0.423754 -0.256831 -3.100683
v -0.592066 -0.240766 -3.115049
v -0.750054 -0.118927 -3.115049
v -0.283851 1.258353 -3.100682
v -0.423754 1.247699 -3.115049
v -0.143958 1.258353 -2.892269
v 0.023864 1.258353 -2.684432
v 0.572470 1.258353 -2.892269
v 0.606360 0.854861 -4.048078
v 0.378968 0.881874 -4.048078
v 0.123494 0.743849 -4.048078
v 0.117286 0.491781 -4.048078
v 0.197844 0.310750 -4.040724
v 0.695534 0.717954 -4.048078
v 0.640465 0.489825 -4.048078
v 0.559908 0.310750 -4.040724
v 0.378876 0.235764 -3.883225
v 1.056708 1.247699 -3.100682
v 1.056879 1.117899 -2.893342
v 1.057394 0.264476 -2.788252
v 1.056708 -0.240766 -2.892269
v 0.979688 -0.256831 -2.892269
v 0.979688 1.258353 -3.100682
v 0.739800 -0.256831 -2.684432
v 0.739800 1.258353 -2.892269
v 0.572470 -0.240766 -2.670643
v 0.027605 -0.100051 -2.672053
v -0.143958 -0.240766 -2.670643
v -0.283851 -0.256831 -2.684432
v -0.423754 -0.256831 -2.892269
v -0.592066 -0.256831 -3.100682
v -0.753315 -0.240766 -3.115049
v -1.303597 -0.118927 -3.115049
v -0.423754 1.258353 -3.100683
v -0.283851 1.258353 -2.892269
v -0.592066 1.247699 -3.115049
v -0.750341 1.118080 -3.115049
v -1.537385 0.393535 -3.115048
v -0.143958 1.258353 -2.684432
v 0.023864 1.247699 -2.670643
v 0.572470 1.258353 -2.684432
v 0.378876 0.753371 -4.048078
v 0.193904 0.676753 -4.048078
v 0.122858 0.491781 -4.040724
v 0.197844 0.310750 -3.883225
v 0.634894 0.489867 -4.040724
v 0.559908 0.310750 -3.883225
v 0.378876 0.235764 -3.486235
v 1.056708 1.247699 -2.892269
v 1.057394 0.751373 -2.788252
v 1.057051 -0.100051 -2.686210
v 0.981095 0.264476 -2.776937
v 1.056708 -0.240766 -2.684432
v 0.979688 -0.256831 -2.684432
v 0.979688 1.258353 -2.892269
v 0.739800 -0.240766 -2.670643
v 0.739800 1.258353 -2.684432
v 0.575024 -0.100051 -2.672053
v 0.031346 0.264476 -2.776937
v -0.141917 -0.100051 -2.672053
v -0.283851 -0.240766 -2.670643
v -0.423754 -0.256831 -2.684432
v -0.592066 -0.256831 -2.892269
v -0.753315 -0.256831 -3.100682
v -1.299486 -0.240766 -3.115049
v -1.537385 -0.118927 -3.115048
v -0.592066 1.258353 -3.100682
v -0.423754 1.258353 -2.892269
v -0.283851 1.258353 -2.684432
v -0.753315 1.247699 -3.115049
v -1.302459 1.118080 -3.115049
v -1.537385 0.852749 -3.115048
v -1.625594 0.256458 -3.107588
v -0.143958 1.247699 -2.670643
v 0.027605 1.117718 -2.672053
v 0.572470 1.247699 -2.670643
v 0.378876 0.747799 -4.040724
v 0.197844 0.672813 -4.040724
v 0.122858 0.491781 -3.883225
v 0.197844 0.310750 -3.486235
v 0.634894 0.489867 -3.883225
v 0.559908 0.310750 -3.486235
v 0.378876 0.235764 -3.227501
v 1.056708 1.247699 -2.684432
v 1.057051 1.117718 -2.686210
v 0.981095 0.751373 -2.776937
v 0.980392 -0.100051 -2.672053
v 0.743408 0.264476 -2.776937
v 0.979688 -0.240766 -2.670643
v 0.979688 1.258353 -2.684432
v 0.741604 -0.100051 -2.672053
v 0.739800 1.247699 -2.670643
v 0.577577 0.264476 -2.776937
v 0.031346 0.751373 -2.776937
v -0.121674 0.258753 -2.745499
v -0.138754 0.014824 -2.642404
v -0.283857 -0.100051 -2.672053
v -0.423754 -0.240766 -2.670643
v -0.592066 -0.256831 -2.684432
v -0.753315 -0.256831 -2.892269
v -1.299486 -0.256831 -3.100682
v -1.537385 -0.240766 -3.115048
v -1.625594 -0.118927 -3.100682
v -0.753315 1.258353 -3.100682
v -0.592066 1.258353 -2.892269
v -0.423754 1.258353 -2.684432
v -0.283851 1.247699 -2.670643
v -1.299486 1.247699 -3.115048
v -1.537385 1.118080 -3.115048
v -1.625594 0.733830 -3.107588
v -1.625647 0.254996 -2.946117
v -0.141917 1.117718 -2.672053
v 0.575024 1.117718 -2.672053
v 0.378876 0.747799 -3.883225
v 0.197844 0.672813 -3.883225
v 0.122858 0.491781 -3.486235
v 0.197844 0.310750 -3.227501
v 0.634894 0.489867 -3.486235
v 0.559908 0.310750 -3.227501
v 0.378876 0.329907 -3.215574
v 0.979688 1.247699 -2.670643
v 0.980392 1.117718 -2.672053
v 0.743408 0.751373 -2.776937
v 0.741604 1.117718 -2.672053
v 0.577577 0.751373 -2.776937
v -0.121674 0.750181 -2.745500
v -0.283863 0.014824 -2.642404
v -0.137651 -0.119914 -2.390852
v -0.425790 -0.100051 -2.672053
v -0.592066 -0.240766 -2.670643
v -0.753315 -0.256831 -2.684432
v -1.299486 -0.256831 -2.892269
v -1.537385 -0.256831 -3.100682
v -1.625594 -0.240766 -3.100682
v -1.625621 -0.109489 -2.893342
v -1.299486 1.258353 -3.100682
v -0.753315 1.258353 -2.892269
v -0.592066 1.258353 -2.684432
v -0.423754 1.247699 -2.670643
v -0.283857 1.117718 -2.672053
v -1.537385 1.247699 -3.115048
v -1.625594 1.118080 -3.100682
v -1.625647 0.751511 -2.946117
v -0.138754 0.997680 -2.642404
v 0.378876 0.747799 -3.486235
v 0.197844 0.672813 -3.486235
v 0.122858 0.491781 -3.227501
v 0.264413 0.377319 -3.215574
v 0.634894 0.489867 -3.227501
v 0.493339 0.377319 -3.215574
v -0.119442 0.258492 -2.700877
v -0.428170 0.014824 -2.642404
v -0.283870 -0.119914 -2.390852
v -0.118186 -0.106240 -2.385391
v -0.137668 -0.135646 -1.901999
v -0.595707 -0.100051 -2.672053
v -0.753315 -0.240766 -2.670643
v -1.299486 -0.256831 -2.684432
v -1.537385 -0.256831 -2.892269
v -1.625594 -0.240766 -2.892269
v -1.537385 1.258353 -3.100682
v -1.299486 1.258353 -2.892269
v -0.753315 1.258353 -2.684432
v -0.592066 1.247699 -2.670643
v -0.425790 1.117718 -2.672053
v -0.283863 0.997680 -2.642404
v -1.625594 1.247699 -3.100682
v -1.625621 1.117899 -2.893342
v -1.625700 0.264476 -2.788252
v -0.137651 1.121934 -2.390852
v 0.378876 0.747800 -3.227501
v 0.197844 0.672813 -3.227501
v 0.217001 0.491781 -3.215574
v 0.540751 0.490571 -3.215574
v -0.119442 0.743528 -2.700877
v -0.117018 0.339859 -2.533676
v -0.444452 0.258753 -2.745499
v -0.428508 -0.119914 -2.390852
v -0.283878 -0.135646 -1.901999
v -0.118196 -0.121625 -1.907807
v -0.137668 0.237298 -1.524406
v -0.599348 0.264476 -2.776937
v -0.756511 -0.100051 -2.672053
v -1.299486 -0.240766 -2.670643
v -1.537385 -0.256831 -2.684432
v -1.625594 -0.240766 -2.684432
v -1.625647 -0.100051 -2.686210
v -1.537385 1.258353 -2.892269
v -1.299486 1.258353 -2.684432
v -0.753315 1.247699 -2.670643
v -0.595707 1.117718 -2.672053
v -0.428170 0.997680 -2.642404
v -0.283870 1.121934 -2.390852
v -1.625594 1.247699 -2.892269
v -1.625700 0.751373 -2.788252
v -1.538274 0.264476 -2.776938
v -0.137668 1.137666 -1.902000
v -0.118186 1.108259 -2.385391
v 0.378876 0.653657 -3.215574
v 0.264413 0.606245 -3.215574
v -0.117018 0.662161 -2.533676
v -0.117031 0.097498 -2.318796
v -0.115831 0.417278 -2.376648
v -0.445132 0.258025 -2.702003
v -0.428501 -0.135646 -1.901999
v -0.446392 -0.107408 -2.385858
v -0.283878 0.237298 -1.524406
v -0.118196 0.243106 -1.538427
v -0.117043 0.087275 -2.001833
v -0.137668 0.764722 -1.524406
v -0.599348 0.751373 -2.776937
v -0.759708 0.264476 -2.776938
v -1.301018 -0.100051 -2.672053
v -1.537385 -0.240766 -2.670643
v -1.537829 -0.100051 -2.672053
v -1.537385 1.258353 -2.684432
v -1.299486 1.247699 -2.670643
v -0.756511 1.117718 -2.672053
v -0.428508 1.121934 -2.390852
v -0.444452 0.750181 -2.745500
v -0.283878 1.137666 -1.902000
v -1.625594 1.247699 -2.684432
v -1.625647 1.117718 -2.686210
v -1.538274 0.751373 -2.776937
v -1.302551 0.264476 -2.776937
v -0.118196 1.123645 -1.907807
v -0.117031 0.904521 -2.318796
v -0.115831 0.584742 -2.376648
v -0.115875 0.291350 -2.256471
v -0.109995 0.418827 -2.373605
v -0.445132 0.743995 -2.702003
v -0.447547 0.338114 -2.537389
v -0.428501 0.237298 -1.524406
v -0.446387 -0.122824 -1.907311
v -0.283878 0.764722 -1.524406
v -0.118196 0.758914 -1.538427
v -0.117043 0.329635 -1.762013
v -0.759708 0.751373 -2.776937
v -1.537385 1.247699 -2.670643
v -1.301018 1.117718 -2.672053
v -0.428501 1.137666 -1.902000
v -0.446392 1.109428 -2.385858
v -1.537829 1.117718 -2.672053
v -1.302551 0.751373 -2.776937
v -0.117043 0.914745 -2.001833
v -0.115875 0.710670 -2.256471
v -0.109995 0.583193 -2.373605
v -0.115920 0.286038 -2.091837
v -0.110027 0.295237 -2.255302
v -0.447547 0.663906 -2.537389
v -0.447547 0.093129 -2.320295
v -0.448705 0.415916 -2.379434
v -0.428501 0.764722 -1.524406
v -0.446387 0.242610 -1.537229
v -0.447546 0.082795 -1.999852
v -0.117043 0.672385 -1.762013
v -0.115920 0.411966 -1.975812
v -0.446387 1.124843 -1.907311
v -0.115920 0.715982 -2.091837
v -0.110027 0.706783 -2.255302
v 0.170773 0.420582 -2.372163
v -0.447547 0.908890 -2.320295
v -0.448705 0.586103 -2.379434
v -0.448702 0.287942 -2.257590
v -0.453899 0.418656 -2.374009
v -0.446387 0.759410 -1.537229
v -0.447546 0.327780 -1.757275
v -0.115920 0.590054 -1.975812
v -0.110059 0.413619 -1.980162
v -0.447546 0.919224 -1.999852
v 0.170773 0.581438 -2.372163
v -0.110059 0.290029 -2.093695
v 0.170775 0.299958 -2.256391
v -0.448702 0.714078 -2.257590
v -0.453899 0.583363 -2.374009
v -0.448700 0.282543 -2.090276
v -0.453883 0.294809 -2.255474
v -0.447546 0.674240 -1.757275
v -0.448700 0.410518 -1.972074
v -0.110059 0.588400 -1.980162
v -0.110059 0.711991 -2.093695
v 0.170775 0.702061 -2.256391
v 0.170776 0.295148 -2.097225
v 0.450113 0.422328 -2.370728
v -0.448700 0.719476 -2.090276
v -0.453883 0.707211 -2.255474
v -0.735005 0.581609 -2.372573
v -0.735005 0.420410 -2.372573
v -0.448700 0.591502 -1.972074
v -0.453866 0.413437 -1.979752
v 0.170776 0.586248 -1.985703
v 0.170776 0.415772 -1.985703
v 0.450113 0.579692 -2.370728
v 0.450113 0.304655 -2.257474
v -0.453866 0.289589 -2.093534
v -0.735007 0.299528 -2.256568
v -0.735007 0.702491 -2.256568
v -0.453866 0.588583 -1.979752
v 0.170776 0.706871 -2.097225
v 0.450113 0.697365 -2.257474
v 0.450113 0.417913 -1.991216
v 0.450113 0.300241 -2.100736
v 0.493104 0.428836 -2.354461
v -0.453866 0.712430 -2.093534
v -1.014998 0.579863 -2.371143
v -1.014998 0.422157 -2.371142
v -0.735009 0.294707 -2.097064
v -0.735008 0.415589 -1.985291
v 0.450112 0.584106 -1.991215
v 0.450113 0.701779 -2.100736
v 0.493104 0.573184 -2.354461
v 0.493106 0.321406 -2.251054
v -0.735009 0.707313 -2.097064
v -1.015013 0.304229 -2.257657
v -1.015013 0.697791 -2.257657
v -0.735008 0.586431 -1.985291
v 0.493106 0.680613 -2.251054
v 0.493108 0.576969 -2.007120
v 0.493108 0.425051 -2.007120
v 0.493108 0.317621 -2.107540
v 0.534076 0.435951 -2.336629
v -1.015028 0.299804 -2.100580
v -1.015028 0.702215 -2.100580
v -1.020864 0.696952 -2.257375
v -1.020866 0.579538 -2.370371
v -1.020866 0.422482 -2.370371
v -1.015028 0.417732 -1.990808
v 0.493108 0.684399 -2.107540
v 0.534076 0.566069 -2.336629
v 0.534080 0.339714 -2.243988
v -1.015028 0.584287 -1.990808
v -1.020864 0.305068 -2.257375
v -1.020862 0.701342 -2.100943
v 0.534080 0.662306 -2.243988
v 0.534083 0.665408 -2.114948
v 0.534084 0.569171 -2.024484
v 0.534083 0.336612 -2.114948
v 0.534084 0.432849 -2.024484
v 0.536419 0.394566 -2.221079
v 0.536419 0.458059 -2.282200
v -1.020862 0.300678 -2.100943
v -1.020862 0.583928 -1.991619
v -1.061631 0.679396 -2.250598
v -1.061629 0.572715 -2.353271
v -1.061629 0.429304 -2.353271
v -1.020862 0.418092 -1.991619
v 0.536419 0.543960 -2.282200
v 0.536419 0.392539 -2.135911
v -1.061631 0.322624 -2.250597
v -1.061634 0.683131 -2.108046
v 0.536419 0.607453 -2.221079
v 0.536419 0.609481 -2.135911
v 0.536419 0.545988 -2.076193
v 0.536419 0.456032 -2.076193
v -1.061634 0.318889 -2.108046
v -1.061634 0.576450 -2.008271
v -1.102443 0.661821 -2.243813
v -1.102439 0.565886 -2.336153
v -1.102439 0.436134 -2.336153
v -1.061634 0.425570 -2.008271
v -1.102443 0.340199 -2.243813
v -1.102446 0.664899 -2.115156
v -1.102446 0.337120 -2.115155
v -1.102447 0.568964 -2.024940
v -1.103492 0.607691 -2.221178
v -1.103489 0.544056 -2.282429
v -1.103489 0.457964 -2.282429
v -1.102447 0.433055 -2.024940
v -1.103492 0.394329 -2.221178
v -1.103495 0.609724 -2.135823
v -1.103495 0.392296 -2.135823
v -1.103496 0.546089 -2.075965
v -1.103496 0.455931 -2.075965
v 0.578173 0.987099 -3.115049
v 0.622706 0.877472 -3.115049
v 0.765732 0.241765 -3.115049
v 0.618287 0.098317 -3.115049
v 0.578295 -0.002338 -3.115049
v 0.129456 0.108568 -3.115049
v 0.130301 0.874759 -3.115049
v -0.013182 0.731934 -3.115049
v -1.190074 0.877358 -3.115049
v -0.750259 0.987099 -3.115049
v -1.332723 0.734641 -3.115048
v -0.749972 -0.002338 -3.115049
v -1.280415 0.054715 -3.115049
v -1.439892 0.698345 -3.115048
v -0.701069 0.874104 -3.115049
v -0.555674 0.729697 -3.115048
v -0.699973 0.109125 -3.115049
v -0.452381 0.493151 -3.115049
v -0.013905 0.250794 -3.115049
v -0.143958 0.134480 -3.115049
v -0.283851 0.139218 -3.115049
v -0.423754 0.136062 -3.115049
v -0.554865 0.252933 -3.115049
v -0.115746 0.493772 -3.115049
v -0.143958 0.602817 -3.115048
v -0.283851 0.598078 -3.115049
v -0.423754 0.601235 -3.115049
v -1.131608 0.959212 -4.048078
v -1.137867 0.975085 -4.038440
v -1.137867 0.975085 -3.785358
v -1.137867 0.975085 -3.328482
v -1.141964 0.987099 -3.115049
v -1.143087 1.118080 -3.115049
v -1.140114 1.247699 -3.115049
v -1.140114 1.258353 -3.100682
v -1.140114 1.258353 -2.892269
v -1.140114 1.258353 -2.684432
v -1.140114 1.247699 -2.670643
v -1.142366 1.117718 -2.672053
v -1.144619 0.751373 -2.776937
v -1.144619 0.264476 -2.776937
v -1.142366 -0.100051 -2.672053
v -1.140114 -0.240766 -2.670643
v -1.140114 -0.256831 -2.684432
v -1.140114 -0.256831 -2.892269
v -1.140114 -0.256831 -3.100683
v -1.140114 -0.240766 -3.115049
v -1.144225 -0.118927 -3.115049
v -1.143102 -0.002338 -3.115049
v -1.137867 0.008478 -3.328482
v -1.137867 0.008478 -3.785358
v -1.137867 0.008478 -4.038440
v -1.131608 0.024351 -4.048078
v -0.943829 0.959212 -4.048078
v -0.943711 0.975085 -4.038440
v -0.943711 0.975085 -3.785358
v -0.943711 0.975085 -3.328482
v -0.944309 0.987099 -3.115049
v -0.944907 1.118080 -3.115049
v -0.944907 1.247699 -3.115049
v -0.944907 1.258353 -3.100683
v -0.944907 1.258353 -2.892269
v -0.944907 1.258353 -2.684432
v -0.944907 1.247699 -2.670643
v -0.947636 1.117718 -2.672053
v -0.950365 0.751373 -2.776937
v -0.950365 0.264476 -2.776938
v -0.947636 -0.100051 -2.672053
v -0.944907 -0.240766 -2.670643
v -0.944907 -0.256831 -2.684432
v -0.944907 -0.256831 -2.892269
v -0.944907 -0.256831 -3.100683
v -0.944907 -0.240766 -3.115049
v -0.944907 -0.118927 -3.115049
v -0.944309 -0.002338 -3.115049
v -0.943711 0.008478 -3.328482
v -0.943711 0.008478 -3.785358
v -0.943711 0.008478 -4.038440
v -0.943829 0.024351 -4.048078
v -0.947306 0.242367 -3.215609
v -1.123669 0.315418 -3.215609
v -0.770943 0.315418 -3.215609
v -1.196721 0.491781 -3.215609
v -0.697891 0.491781 -3.215609
v -1.123669 0.668145 -3.215609
v -0.770943 0.668145 -3.215609
v -0.947306 0.741197 -3.215609
v 0.378876 0.242367 -3.215609
v 0.202513 0.315418 -3.215609
v 0.555239 0.315418 -3.215609
v 0.129461 0.491781 -3.215609
v 0.628291 0.489916 -3.215609
v 0.378876 0.741197 -3.215609
v 0.202513 0.668145 -3.215609
v 0.555239 0.666280 -3.215609
v -0.479875 0.681421 -4.048078
v -0.464003 0.687861 -4.038440
v -0.464003 0.687861 -3.785358
v -0.464003 0.687861 -3.328482
v -0.464003 0.294294 -3.328482
v -0.464003 0.294294 -3.785358
v -0.464003 0.294294 -4.038440
v -0.479875 0.300780 -4.048078
v -0.088555 0.300549 -4.048078
v -0.104427 0.294055 -4.038440
v -0.104427 0.294055 -3.785358
v -0.104427 0.294055 -3.328482
v -0.088555 0.492523 -4.048078
v -0.104427 0.492548 -4.038440
v -0.104427 0.492548 -3.785358
v -0.104427 0.492548 -3.328482
v -1.374727 0.149547 -3.115048
v -1.537385 0.129536 -3.115048
v -1.537385 0.703100 -3.115049
v -1.319270 0.302630 -4.048078
v -1.336960 0.296207 -4.038440
v -1.384693 0.296207 -3.785358
v -1.430609 0.296207 -3.328482
v -1.319270 0.493065 -4.048078
v -1.336960 0.493108 -4.038440
v -1.384693 0.493108 -3.785358
v -1.430609 0.493108 -3.328482
v -1.377297 0.828786 -3.115049
v -1.281469 0.924704 -3.115049
v -1.327783 0.240589 -3.115048
v -1.186271 0.098687 -3.115048
v -1.439892 0.286487 -3.115048
v -1.537385 0.277556 -3.115049
v -1.441749 0.495450 -3.115048
v -1.537385 0.602000 -3.115049
v -0.508399 0.159379 -3.115049
v -0.607505 0.062007 -3.115049
v -0.589093 1.118080 -3.115049
v -0.608489 0.922497 -3.115049
v -0.509000 0.824325 -3.115049
v 0.189880 0.959212 -4.048078
v 0.183463 0.975085 -4.038440
v 0.183463 0.975085 -3.785358
v 0.183463 0.975085 -3.328482
v 0.178745 0.987099 -3.115049
v 0.178674 1.118080 -3.115049
v 0.183320 1.247699 -3.115049
v 0.183320 1.258353 -3.100682
v 0.183320 1.258353 -2.892269
v 0.183320 1.258353 -2.684432
v 0.183320 1.247699 -2.670643
v 0.186697 1.117718 -2.672053
v 0.190075 0.751373 -2.776937
v 0.190075 0.264476 -2.776937
v 0.186697 -0.100051 -2.672053
v 0.183320 -0.240766 -2.670643
v 0.183320 -0.256831 -2.684432
v 0.183320 -0.256831 -2.892269
v 0.183320 -0.256831 -3.100683
v 0.183320 -0.240766 -3.115049
v 0.178551 -0.118927 -3.115049
v 0.178623 -0.002338 -3.115049
v 0.183463 0.008478 -3.328482
v 0.183462 0.008478 -3.785358
v 0.183462 0.008478 -4.038440
v 0.189880 0.024351 -4.048078
v 0.379161 0.959212 -4.048078
v 0.379170 0.975085 -4.038440
v 0.379170 0.975085 -3.785358
v 0.379170 0.975085 -3.328482
v 0.378606 0.987099 -3.115049
v 0.378041 1.118080 -3.115049
v 0.378041 1.247699 -3.115049
v 0.378041 1.258353 -3.100683
v 0.378041 1.258353 -2.892269
v 0.378041 1.258353 -2.684432
v 0.378041 1.247699 -2.670643
v 0.381007 1.117718 -2.672053
v 0.383972 0.751373 -2.776937
v 0.383972 0.264476 -2.776937
v 0.381007 -0.100051 -2.672053
v 0.378041 -0.240766 -2.670643
v 0.378041 -0.256831 -2.684432
v 0.378041 -0.256831 -2.892269
v 0.378041 -0.256831 -3.100682
v 0.378041 -0.240766 -3.115049
v 0.378041 -0.118927 -3.115049
v 0.378606 -0.002338 -3.115049
v 0.379170 0.008478 -3.328482
v 0.379170 0.008478 -3.785358
v 0.379170 0.008478 -4.038440
v 0.379160 0.024351 -4.048078
v 0.882424 0.290042 -3.115049
v 0.979688 0.291724 -3.115049
v 0.770273 0.733521 -3.115049
v 0.979688 0.849364 -3.115049
v 0.822111 0.151114 -3.115049
v 0.719889 0.054222 -3.115049
v 0.036528 0.061264 -3.115049
v -0.060249 0.156527 -3.115049
v -0.059762 0.827307 -3.115049
v 0.037178 0.923370 -3.115049
v 0.721763 0.924856 -3.115049
v 0.824148 0.827291 -3.115049
v 0.559908 0.670899 -3.227501
v 0.559908 0.670899 -3.486235
v 0.559908 0.670899 -3.883225
v 0.559908 0.670899 -4.040724
v 0.563848 0.674797 -4.048078
v 0.633791 0.732215 -4.048078
v 0.750839 0.681902 -4.048078
v 0.768530 0.688358 -4.038440
v 0.816263 0.688358 -3.785358
v 0.862179 0.688358 -3.328482
v 0.750840 0.492866 -4.048078
v 0.768530 0.492903 -4.038440
v 0.816263 0.492903 -3.785358
v 0.862179 0.492903 -3.328482
v 0.882424 0.695375 -3.115049
v 0.979688 0.695071 -3.115049
v 0.886473 0.495669 -3.115049
v 0.979688 0.401290 -3.115049
v 0.493339 0.605034 -3.215574
vn -0.0000 -0.9987 -0.0509
vn -0.0000 -1.0000 -0.0071
vn 0.3886 -0.9214 -0.0077
vn 0.3847 -0.9213 -0.0568
vn -0.0000 -1.0000 -0.0000
vn 0.3892 -0.9211 -0.0000
vn 0.3886 -0.9214 -0.0078
vn 0.3892 -0.9211 0.0001
vn 0.9227 -0.3854 -0.0000
vn 0.9222 -0.3866 -0.0062
vn 0.9222 -0.3866 -0.0063
vn 0.9194 -0.3906 -0.0459
vn -0.7060 -0.7054 -0.0635
vn -0.7110 -0.7031 -0.0126
vn -0.9088 -0.4171 -0.0093
vn -0.9057 -0.4197 -0.0600
vn -0.7110 -0.7030 -0.0126
vn -0.7290 -0.6844 -0.0119
vn -0.9129 -0.4083 -0.0030
vn -0.9089 -0.4170 -0.0093
vn -0.9129 -0.4082 -0.0030
vn -0.9331 -0.3596 -0.0000
vn -0.9325 -0.3612 -0.0077
vn -0.9057 -0.4196 -0.0600
vn -0.9088 -0.4170 -0.0093
vn -0.9324 -0.3612 -0.0077
vn -0.9286 -0.3668 -0.0569
vn 0.3893 -0.9211 -0.0000
vn 0.9194 -0.3905 -0.0459
vn 0.8935 -0.4490 -0.0070
vn 0.8916 -0.4501 -0.0498
vn 0.9223 -0.3865 -0.0062
vn 0.9228 -0.3854 -0.0000
vn 0.8938 -0.4485 -0.0000
vn 0.8935 -0.4490 -0.0069
vn 0.7071 -0.7071 -0.0000
vn 0.7070 -0.7072 -0.0077
vn 0.7069 -0.7072 -0.0077
vn 0.7053 -0.7068 -0.0546
vn -0.3772 -0.9242 -0.0600
vn -0.3831 -0.9236 -0.0173
vn -0.4523 -0.8917 -0.0148
vn -0.4474 -0.8923 -0.0607
vn -0.4049 -0.9138 -0.0309
vn -0.4748 -0.8798 -0.0216
vn -0.4523 -0.8918 -0.0148
vn -0.4749 -0.8798 -0.0216
vn -0.7289 -0.6845 -0.0119
vn -0.4474 -0.8922 -0.0607
vn -0.7059 -0.7054 -0.0635
vn -0.7639 -0.6450 -0.0203
vn -0.9198 -0.3925 -0.0050
vn -0.9129 -0.4082 -0.0031
vn -0.7990 -0.6008 -0.0243
vn -0.9263 -0.3766 -0.0058
vn -0.9197 -0.3925 -0.0050
vn -0.9198 -0.3924 -0.0050
vn -0.0000 -0.9987 -0.0504
vn 0.3865 -0.9210 -0.0486
vn -0.0000 -0.5469 -0.8372
vn 0.2323 -0.5414 -0.8080
vn 0.3865 -0.9210 -0.0485
vn 0.2322 -0.5414 -0.8081
vn 0.6418 -0.2664 -0.7191
vn 0.9218 -0.3860 -0.0361
vn 0.9218 -0.3860 -0.0360
vn 0.7052 -0.7069 -0.0546
vn 0.7069 -0.7073 -0.0077
vn 0.4331 -0.9013 -0.0004
vn 0.4756 -0.8796 -0.0097
vn 0.4207 -0.9072 -0.0000
vn 0.4331 -0.9014 -0.0000
vn 0.4330 -0.9014 -0.0004
vn 0.4206 -0.9072 -0.0000
vn 0.3180 -0.9481 -0.0000
vn 0.4022 -0.9153 0.0221
vn 0.4331 -0.9014 -0.0004
vn 0.6086 -0.7882 0.0914
vn -0.3254 0.9439 -0.0557
vn -0.3325 0.9430 -0.0155
vn -0.9215 0.3868 -0.0355
vn -0.9168 0.3947 -0.0609
vn -0.3540 0.9348 -0.0270
vn -0.9279 0.3614 -0.0918
vn -0.9215 0.3868 -0.0356
vn -0.9950 -0.0000 -0.1000
vn -0.9993 0.0005 -0.0367
vn -0.9168 0.3948 -0.0609
vn -0.9988 0.0024 -0.0493
vn -0.5242 -0.8507 -0.0388
vn -0.7638 -0.6451 -0.0203
vn -0.4050 -0.9138 -0.0310
vn -0.4501 -0.8912 -0.0564
vn -0.5052 -0.8600 -0.0723
vn -0.5815 -0.8121 -0.0489
vn -0.5815 -0.8120 -0.0488
vn -0.7990 -0.6008 -0.0242
vn -0.8227 -0.5642 -0.0697
vn -0.9303 -0.3641 -0.0438
vn -0.4649 -0.3088 -0.8298
vn -0.6005 -0.2336 -0.7647
vn -0.6005 -0.2335 -0.7647
vn -0.6627 -0.2524 -0.7050
vn -0.9319 -0.3611 -0.0349
vn -0.9319 -0.3610 -0.0349
vn -0.0000 -0.0963 -0.9954
vn 0.0274 -0.0580 -0.9979
vn 0.2322 -0.5414 -0.8080
vn -0.0000 -0.0000 -1.0000
vn 0.0274 -0.0579 -0.9979
vn 0.0650 -0.0259 -0.9976
vn 0.0275 -0.0579 -0.9979
vn 0.0650 -0.0259 -0.9975
vn 0.8936 -0.4469 -0.0414
vn 0.5451 -0.2754 -0.7919
vn 0.8936 -0.4470 -0.0414
vn 0.3875 -0.3872 -0.8366
vn 0.7062 -0.7065 -0.0468
vn 0.7062 -0.7064 -0.0468
vn 0.9994 -0.0002 -0.0344
vn 1.0000 0.0004 -0.0054
vn 1.0000 -0.0000 -0.0051
vn 0.9987 -0.0000 -0.0515
vn 1.0000 -0.0000 -0.0000
vn 1.0000 -0.0004 -0.0054
vn 0.9994 0.0002 -0.0345
vn -0.7059 0.7061 -0.0560
vn -0.7109 0.7032 -0.0113
vn -0.4257 0.9048 -0.0135
vn -0.4202 0.9058 -0.0551
vn -0.7290 0.6845 -0.0081
vn -0.4487 0.8934 -0.0198
vn -0.4256 0.9048 -0.0135
vn -0.4487 0.8935 -0.0199
vn -0.3540 0.9349 -0.0270
vn -0.3987 0.9157 -0.0498
vn -0.9337 0.3242 -0.1517
vn -0.3988 0.9157 -0.0498
vn -0.4554 0.8879 -0.0650
vn -0.9418 0.2865 -0.1756
vn -0.9337 0.3242 -0.1518
vn -0.9827 -0.0000 -0.1853
vn -0.9867 -0.0000 -0.1625
vn -0.9279 0.3614 -0.0919
vn -0.7990 -0.6009 -0.0243
vn -0.5816 -0.8120 -0.0488
vn -0.6245 -0.7750 -0.0967
vn -0.8226 -0.5643 -0.0697
vn -0.5503 -0.8267 -0.1170
vn -0.6245 -0.7750 -0.0968
vn -0.5503 -0.8267 -0.1171
vn -0.3466 -0.4940 -0.7974
vn -0.3597 -0.4226 -0.8319
vn -0.3597 -0.4225 -0.8319
vn -0.0738 -0.0303 -0.9968
vn -0.0895 -0.0623 -0.9940
vn -0.0669 -0.0235 -0.9975
vn -0.0739 -0.0303 -0.9968
vn -0.0670 -0.0235 -0.9975
vn -0.0895 -0.0624 -0.9940
vn -0.4648 -0.3088 -0.8298
vn 0.0684 -0.0371 -0.9970
vn 0.5450 -0.2754 -0.7919
vn 0.0649 -0.0259 -0.9976
vn 0.0683 -0.0371 -0.9970
vn 0.0960 -0.0950 -0.9908
vn 0.3875 -0.3873 -0.8366
vn 0.4187 -0.9072 -0.0399
vn 0.2648 -0.5658 -0.7809
vn 0.4187 -0.9072 -0.0400
vn 0.4187 -0.9073 -0.0400
vn 0.2302 -0.6890 -0.6872
vn 0.3184 -0.9474 -0.0332
vn 0.4187 -0.9073 -0.0399
vn 0.6042 0.7917 0.0899
vn 0.4021 0.9154 0.0215
vn 0.4275 0.9040 -0.0004
vn 0.4694 0.8829 -0.0099
vn 0.4021 0.9154 0.0216
vn 0.3204 0.9473 -0.0000
vn 0.4153 0.9097 -0.0000
vn 0.4275 0.9040 -0.0000
vn 0.4276 0.9040 -0.0004
vn 0.4154 0.9097 -0.0000
vn 0.7071 0.7071 -0.0000
vn 0.7069 0.7073 -0.0077
vn 0.7054 0.7067 -0.0542
vn -0.9211 0.3860 -0.0502
vn -0.9236 0.3834 -0.0068
vn -0.9025 0.4307 -0.0081
vn -0.9001 0.4327 -0.0517
vn -0.9239 0.3825 -0.0000
vn -0.9063 0.4226 -0.0030
vn -0.9024 0.4308 -0.0081
vn -0.9063 0.4227 -0.0028
vn -0.7290 0.6844 -0.0114
vn -0.9000 0.4327 -0.0517
vn -0.9024 0.4307 -0.0081
vn -0.4553 0.8879 -0.0650
vn -0.4999 0.8653 -0.0360
vn -0.5606 0.8268 -0.0459
vn -0.4999 0.8654 -0.0351
vn -0.5000 0.8653 -0.0360
vn -0.4488 0.8934 -0.0199
vn -0.7289 0.6845 -0.0114
vn -0.7639 0.6451 -0.0195
vn -0.5607 0.8268 -0.0459
vn -0.5000 0.8653 -0.0368
vn -0.7990 0.6009 -0.0233
vn -0.5038 0.8570 -0.1085
vn -0.9413 0.2547 -0.2216
vn -0.9419 0.2865 -0.1756
vn -0.5037 0.8570 -0.1085
vn -0.3288 0.5280 -0.7830
vn -0.5179 0.1306 -0.8454
vn -0.9413 0.2546 -0.2217
vn -0.9413 0.2547 -0.2217
vn -0.5179 0.1307 -0.8454
vn -0.5028 -0.0000 -0.8644
vn -0.9726 -0.0000 -0.2326
vn -0.9413 0.2546 -0.2216
vn -0.3466 -0.4939 -0.7974
vn -0.0362 -0.0517 -0.9980
vn -0.0503 -0.0565 -0.9971
vn -0.0502 -0.0564 -0.9971
vn -0.0502 -0.0565 -0.9971
vn -0.2957 0.7139 -0.6347
vn -0.0155 0.0375 -0.9992
vn -0.0000 0.0392 -0.9992
vn -0.0000 0.7754 -0.6315
vn -0.0155 0.0374 -0.9992
vn -0.0000 0.0391 -0.9992
vn 0.0162 0.0390 -0.9991
vn 0.0161 0.0390 -0.9991
vn 0.2958 0.7139 -0.6347
vn 0.0371 -0.0717 -0.9967
vn 0.0219 -0.0673 -0.9975
vn 0.0219 -0.0674 -0.9975
vn 0.2302 -0.6889 -0.6873
vn 0.2648 -0.5658 -0.7808
vn 0.9987 -0.0000 -0.0503
vn 0.9986 -0.0000 -0.0524
vn 0.5485 -0.0000 -0.8361
vn 0.5222 -0.0000 -0.8529
vn 0.5222 -0.0000 -0.8528
vn 0.5477 -0.0000 -0.8367
vn 0.9987 -0.0000 -0.0504
vn 0.7055 0.7067 -0.0542
vn 0.7070 0.7072 -0.0077
vn 0.8965 0.4431 -0.0069
vn 0.8946 0.4441 -0.0493
vn 0.8967 0.4426 -0.0000
vn 0.8965 0.4430 -0.0069
vn 0.9259 0.3777 -0.0000
vn 0.9255 0.3787 -0.0062
vn 0.9230 0.3821 -0.0456
vn 0.9230 0.3822 -0.0456
vn 0.3925 0.9197 -0.0083
vn 0.3897 0.9189 -0.0614
vn 0.3928 0.9196 -0.0000
vn -0.0000 1.0000 -0.0000
vn -0.0000 1.0000 -0.0079
vn 0.3925 0.9197 -0.0084
vn -0.0000 0.9984 -0.0565
vn -0.9129 0.4081 -0.0049
vn -0.9193 0.3935 -0.0057
vn -0.9193 0.3936 -0.0057
vn -0.7991 0.6008 -0.0232
vn -0.7639 0.6450 -0.0195
vn -0.9063 0.4227 -0.0030
vn -0.9129 0.4082 -0.0049
vn -0.6070 0.7892 -0.0932
vn -0.3545 0.4340 -0.8282
vn -0.6071 0.7892 -0.0932
vn -0.8226 0.5645 -0.0689
vn -0.6070 0.7892 -0.0933
vn -0.8226 0.5645 -0.0690
vn -0.4629 0.3072 -0.8315
vn -0.0332 0.0534 -0.9980
vn -0.0720 0.0182 -0.9972
vn -0.5178 0.1307 -0.8454
vn -0.0719 0.0181 -0.9972
vn -0.0719 0.0182 -0.9972
vn -0.1127 -0.0000 -0.9936
vn -0.5178 0.1306 -0.8454
vn -0.0720 0.0181 -0.9972
vn -0.5027 -0.0000 -0.8645
vn 0.0549 0.0227 -0.9982
vn 0.0369 0.0369 -0.9986
vn 0.0549 0.0228 -0.9982
vn 0.7139 0.2957 -0.6348
vn 0.5483 0.5482 -0.6315
vn 0.0370 0.0370 -0.9986
vn 0.0369 0.0370 -0.9986
vn 0.5483 0.5483 -0.6315
vn -0.3826 0.9239 -0.0000
vn -0.3825 0.9235 -0.0296
vn -0.0000 0.9996 -0.0295
vn -0.3825 0.9235 -0.0297
vn 0.2957 0.7139 -0.6347
vn 0.3825 0.9235 -0.0297
vn 0.3825 0.9235 -0.0296
vn 0.3826 0.9239 -0.0000
vn -0.0311 0.0311 -0.9990
vn -0.5483 0.5483 -0.6315
vn -0.7139 0.2957 -0.6347
vn -0.0374 0.0155 -0.9992
vn 0.5485 -0.0000 -0.8362
vn 0.0974 -0.0000 -0.9952
vn 0.0814 -0.0000 -0.9967
vn 0.5221 -0.0000 -0.8529
vn 0.0969 -0.0000 -0.9953
vn 0.0970 -0.0000 -0.9953
vn 0.5476 -0.0000 -0.8367
vn 0.3210 0.9465 -0.0333
vn 0.4133 0.9097 -0.0398
vn 0.3210 0.9465 -0.0334
vn 0.2311 0.6874 -0.6886
vn 0.2620 0.5686 -0.7798
vn 0.4134 0.9097 -0.0399
vn 0.2621 0.5686 -0.7798
vn 0.3871 0.3869 -0.8370
vn 0.7062 0.7065 -0.0468
vn 0.4134 0.9097 -0.0398
vn 0.3928 0.9196 0.0001
vn -0.9228 0.3837 -0.0359
vn -0.9231 0.3820 -0.0447
vn -0.9227 0.3837 -0.0359
vn -0.6458 0.2647 -0.7161
vn -0.5857 0.2408 -0.7739
vn -0.9231 0.3820 -0.0448
vn -0.8226 0.5644 -0.0690
vn -0.0498 0.0575 -0.9971
vn -0.0905 0.0623 -0.9940
vn -0.0498 0.0576 -0.9971
vn -0.3544 0.4340 -0.8283
vn -0.0905 0.0623 -0.9939
vn -0.4628 0.3072 -0.8315
vn 0.0548 -0.0227 -0.9982
vn 0.0635 -0.0000 -0.9980
vn 0.0549 -0.0227 -0.9982
vn 0.7139 -0.2957 -0.6348
vn 0.7754 -0.0000 -0.6315
vn 0.0636 -0.0000 -0.9980
vn 0.7139 0.2957 -0.6347
vn 0.9235 0.3826 -0.0297
vn 0.7068 0.7068 -0.0295
vn 0.9235 0.3826 -0.0296
vn 0.9239 0.3827 -0.0000
vn 0.3827 0.9239 -0.0000
vn 0.3826 0.9235 -0.0296
vn -0.3826 0.9235 -0.0296
vn -0.7068 0.7068 -0.0295
vn -0.3827 0.9239 -0.0000
vn -0.7071 0.7071 -0.0000
vn -0.9239 0.3827 -0.0000
vn -0.9235 0.3826 -0.0296
vn -0.9235 0.3825 -0.0297
vn -0.7139 -0.2957 -0.6347
vn -0.0375 -0.0155 -0.9992
vn -0.0390 -0.0000 -0.9992
vn -0.7754 -0.0000 -0.6315
vn -0.0389 -0.0000 -0.9992
vn -0.7139 0.2957 -0.6348
vn 0.2311 0.6873 -0.6886
vn 0.0220 0.0682 -0.9974
vn 0.0370 0.0725 -0.9967
vn 0.1003 0.0993 -0.9900
vn 0.7062 0.7064 -0.0468
vn 0.8966 0.4410 -0.0412
vn 0.5486 0.2726 -0.7904
vn 0.5485 0.2726 -0.7905
vn 0.6472 0.2623 -0.7158
vn 0.9250 0.3783 -0.0358
vn 0.8966 0.4409 -0.0412
vn 0.9250 0.3783 -0.0357
vn 0.9250 0.3784 -0.0357
vn 0.3900 0.9195 -0.0485
vn 0.9250 0.3784 -0.0358
vn 0.6472 0.2624 -0.7158
vn 0.2346 0.5410 -0.8076
vn 0.3900 0.9196 -0.0485
vn 0.3900 0.9195 -0.0486
vn -0.0000 0.5469 -0.8372
vn -0.0000 0.9987 -0.0504
vn -0.0657 0.0252 -0.9975
vn -0.0715 0.0306 -0.9970
vn -0.0656 0.0251 -0.9975
vn 0.0162 -0.0390 -0.9991
vn 0.0369 -0.0369 -0.9986
vn 0.0162 -0.0391 -0.9991
vn 0.2957 -0.7139 -0.6348
vn 0.5483 -0.5483 -0.6315
vn 0.0369 -0.0370 -0.9986
vn 0.0370 -0.0369 -0.9986
vn 0.7139 -0.2957 -0.6347
vn 0.9235 -0.3825 -0.0297
vn 0.9996 -0.0000 -0.0295
vn 0.9235 -0.3825 -0.0296
vn 0.9239 -0.3826 -0.0000
vn 0.9239 0.3826 -0.0000
vn 0.9235 0.3825 -0.0296
vn 0.9235 0.3825 -0.0297
vn -0.9239 -0.3826 -0.0000
vn -0.9235 -0.3825 -0.0296
vn -0.9996 -0.0000 -0.0295
vn -1.0000 -0.0000 -0.0000
vn -0.9235 -0.3825 -0.0297
vn -0.9235 0.3825 -0.0296
vn -0.9239 0.3826 -0.0000
vn -0.0312 -0.0312 -0.9990
vn -0.7139 -0.2957 -0.6348
vn -0.5483 -0.5483 -0.6315
vn -0.5483 -0.5482 -0.6315
vn -0.2958 -0.7139 -0.6347
vn -0.0155 -0.0375 -0.9992
vn 0.0691 0.0370 -0.9969
vn 0.1002 0.0993 -0.9900
vn 0.0658 0.0256 -0.9975
vn 0.0692 0.0370 -0.9969
vn 0.3871 0.3868 -0.8370
vn 0.0279 0.0580 -0.9979
vn 0.2346 0.5410 -0.8077
vn 0.0658 0.0255 -0.9975
vn 0.0278 0.0579 -0.9979
vn -0.0000 0.0962 -0.9954
vn 0.0278 0.0580 -0.9979
vn -0.0000 0.0963 -0.9954
vn -0.0000 -0.0392 -0.9992
vn -0.0000 -0.7754 -0.6315
vn 0.2957 -0.7139 -0.6347
vn 0.3826 -0.9235 -0.0297
vn 0.7068 -0.7068 -0.0295
vn 0.3826 -0.9235 -0.0296
vn 0.3827 -0.9239 -0.0000
vn 0.9239 -0.3827 -0.0000
vn 0.9235 -0.3826 -0.0296
vn 0.5483 -0.5482 -0.6315
vn -0.3401 0.8212 -0.4583
vn -0.3826 0.9237 -0.0203
vn -0.0000 0.9998 -0.0203
vn -0.0000 0.8883 -0.4592
vn -0.0001 0.9998 -0.0203
vn 0.3826 0.9237 -0.0203
vn 0.3401 0.8212 -0.4583
vn -0.9235 -0.3826 -0.0296
vn -0.7068 -0.7068 -0.0295
vn -0.9239 -0.3827 -0.0000
vn -0.7071 -0.7071 -0.0000
vn -0.3827 -0.9239 -0.0000
vn -0.3826 -0.9235 -0.0296
vn -0.3825 -0.9235 -0.0297
vn -0.2957 -0.7139 -0.6347
vn -0.0000 -0.9996 -0.0295
vn -0.3825 -0.9235 -0.0296
vn -0.3826 -0.9239 -0.0000
vn 0.3826 -0.9239 -0.0000
vn 0.3825 -0.9235 -0.0296
vn 0.3825 -0.9235 -0.0297
vn 0.9237 0.3826 -0.0203
vn 0.7070 0.7069 -0.0203
vn 0.9237 0.3826 -0.0204
vn 0.8211 0.3401 -0.4583
vn 0.6281 0.6281 -0.4592
vn 0.7069 0.7070 -0.0203
vn 0.3401 0.8211 -0.4583
vn 0.3827 0.9237 -0.0204
vn 0.0001 0.0004 -1.0000
vn -0.0000 0.0003 -1.0000
vn -0.0001 0.0004 -1.0000
vn -0.7069 0.7070 -0.0203
vn -0.3826 0.9237 -0.0204
vn -0.3401 0.8211 -0.4583
vn -0.6281 0.6282 -0.4592
vn -0.7070 0.7069 -0.0203
vn -0.6281 0.6281 -0.4592
vn -0.8211 0.3401 -0.4583
vn -0.9237 0.3827 -0.0204
vn -0.9237 0.3826 -0.0203
vn 0.9237 -0.3826 -0.0203
vn 0.9998 -0.0001 -0.0203
vn 0.8212 -0.3401 -0.4583
vn 0.8883 -0.0000 -0.4592
vn 0.9998 -0.0000 -0.0203
vn 0.8212 0.3401 -0.4583
vn 0.9998 0.0001 -0.0203
vn 0.0003 0.0002 -1.0000
vn 0.0002 0.0002 -1.0000
vn 0.0002 0.0003 -1.0000
vn -0.0002 0.0003 -1.0000
vn -0.0002 0.0002 -1.0000
vn -0.0003 0.0002 -1.0000
vn -0.8212 -0.3401 -0.4583
vn -0.9237 -0.3826 -0.0203
vn -0.9998 -0.0000 -0.0203
vn -0.8883 -0.0000 -0.4592
vn -0.9998 -0.0001 -0.0203
vn -0.9998 0.0001 -0.0203
vn -0.8212 0.3401 -0.4583
vn 0.3826 -0.9237 -0.0203
vn 0.7069 -0.7070 -0.0203
vn 0.3826 -0.9237 -0.0204
vn 0.3401 -0.8211 -0.4583
vn 0.6281 -0.6282 -0.4592
vn 0.7070 -0.7070 -0.0203
vn 0.6281 -0.6281 -0.4592
vn 0.8211 -0.3402 -0.4583
vn 0.9237 -0.3827 -0.0204
vn 0.7070 -0.7069 -0.0203
vn 0.0004 -0.0001 -1.0000
vn -0.0002 -0.0000 -1.0000
vn 0.0003 0.0003 -1.0000
vn 0.0003 -0.0000 -1.0000
vn 0.0003 -0.0003 -1.0000
vn 0.0004 0.0001 -1.0000
vn -0.0003 -0.0000 -1.0000
vn -0.0004 -0.0001 -1.0000
vn -0.0004 0.0001 -1.0000
vn -0.7070 -0.7069 -0.0203
vn -0.6282 -0.6281 -0.4592
vn -0.7069 -0.7070 -0.0203
vn -0.6281 -0.6281 -0.4592
vn -0.3402 -0.8211 -0.4583
vn -0.3826 -0.9237 -0.0203
vn -0.0001 -0.9998 -0.0203
vn -0.3401 -0.8211 -0.4583
vn -0.0000 -0.8883 -0.4592
vn -0.0000 -0.9998 -0.0203
vn 0.3401 -0.8212 -0.4583
vn 0.0001 -0.9998 -0.0203
vn 0.0002 -0.0003 -1.0000
vn 0.0002 -0.0002 -1.0000
vn 0.0003 -0.0002 -1.0000
vn -0.0003 -0.0002 -1.0000
vn -0.0002 -0.0002 -1.0000
vn -0.0002 -0.0003 -1.0000
vn -0.0001 -0.0004 -1.0000
vn -0.0000 -0.0003 -1.0000
vn 0.0001 -0.0004 -1.0000
vn 0.3748 -0.9271 -0.0080
vn 0.3679 -0.9279 -0.0597
vn 0.3763 -0.9265 -0.0000
vn 0.3748 -0.9271 -0.0081
vn 0.3762 -0.9265 0.0001
vn 0.9485 -0.3169 -0.0000
vn 0.9475 -0.3196 -0.0073
vn 0.9475 -0.3196 -0.0074
vn 0.9427 -0.3293 -0.0544
vn -0.7050 -0.7064 -0.0630
vn -0.7070 -0.7072 -0.0090
vn -0.8942 -0.4476 -0.0083
vn -0.8922 -0.4478 -0.0590
vn -0.7070 -0.7072 -0.0089
vn -0.8944 -0.4472 -0.0000
vn -0.8942 -0.4475 -0.0083
vn -0.9265 -0.3763 -0.0000
vn -0.9258 -0.3778 -0.0076
vn -0.8922 -0.4477 -0.0590
vn -0.9259 -0.3778 -0.0076
vn -0.9222 -0.3827 -0.0559
vn 0.3762 -0.9265 -0.0000
vn 0.9112 -0.4118 -0.0098
vn 0.9064 -0.4176 -0.0639
vn 0.9156 -0.4020 -0.0031
vn 0.9112 -0.4119 -0.0098
vn 0.9156 -0.4021 -0.0028
vn 0.7290 -0.6844 -0.0119
vn 0.7106 -0.7035 -0.0137
vn 0.7033 -0.7072 -0.0717
vn -0.5990 0.7962 0.0846
vn -0.3859 0.9223 0.0210
vn -0.9215 0.3877 0.0243
vn -0.9685 0.2329 0.0876
vn -0.3858 0.9223 0.0210
vn -0.3002 0.9539 -0.0000
vn -0.9180 0.3966 -0.0000
vn -0.9215 0.3876 0.0243
vn -0.9215 0.3876 0.0242
vn -1.0000 -0.0004 -0.0053
vn -0.9686 0.2328 0.0876
vn -0.9994 0.0002 -0.0336
vn -0.6124 -0.7860 0.0844
vn -0.4018 -0.9155 0.0211
vn -0.4328 -0.9015 -0.0016
vn -0.4753 -0.8796 -0.0181
vn -0.3160 -0.9487 -0.0000
vn -0.4203 -0.9074 -0.0000
vn -0.4327 -0.9015 -0.0000
vn -0.4204 -0.9073 -0.0000
vn -0.7069 -0.7073 -0.0090
vn -0.4754 -0.8796 -0.0181
vn -0.9265 -0.3764 -0.0000
vn 0.9156 -0.4021 -0.0031
vn 0.9224 -0.3862 -0.0051
vn 0.7639 -0.6450 -0.0203
vn 0.9224 -0.3862 -0.0050
vn 0.9289 -0.3702 -0.0058
vn 0.7990 -0.6008 -0.0243
vn 0.3729 -0.9266 -0.0485
vn 0.9477 -0.3176 -0.0332
vn -0.0000 -0.5475 -0.8368
vn 0.2258 -0.5458 -0.8069
vn 0.2257 -0.5458 -0.8069
vn 0.6903 -0.2290 -0.6863
vn 0.7033 -0.7073 -0.0717
vn 0.7105 -0.7036 -0.0137
vn 0.4525 -0.8916 -0.0158
vn 0.4473 -0.8917 -0.0688
vn 0.7290 -0.6845 -0.0083
vn 0.4750 -0.8797 -0.0216
vn 0.4524 -0.8917 -0.0158
vn 0.4749 -0.8798 -0.0216
vn 0.4058 -0.9134 -0.0310
vn 0.3839 -0.9232 -0.0182
vn 0.4472 -0.8918 -0.0688
vn 0.3779 -0.9233 -0.0682
vn -0.0000 -0.6666 -0.7454
vn -0.0000 -0.0710 -0.9975
vn -0.0000 -0.0711 -0.9975
vn -0.0000 -0.0709 -0.9975
vn -0.0000 -0.0716 -0.9974
vn -0.0000 -0.0717 -0.9974
vn 0.9348 0.3513 -0.0521
vn 0.9383 0.3457 -0.0071
vn 0.3914 0.9202 -0.0087
vn 0.3859 0.9203 -0.0644
vn 0.9383 0.3456 -0.0071
vn 0.9390 0.3440 -0.0000
vn 0.3923 0.9198 -0.0000
vn 0.3913 0.9202 -0.0087
vn 0.3860 0.9203 -0.0644
vn -0.9255 0.3745 -0.0569
vn -0.9290 0.3700 -0.0078
vn -0.8972 0.4415 -0.0084
vn -0.8952 0.4416 -0.0596
vn -0.9290 0.3700 -0.0077
vn -0.9296 0.3686 -0.0000
vn -0.8974 0.4412 -0.0000
vn -0.8972 0.4416 -0.0084
vn -0.8974 0.4413 -0.0000
vn -0.7070 0.7071 -0.0090
vn -0.7070 0.7071 -0.0091
vn -0.7053 0.7061 -0.0636
vn -0.7052 0.7061 -0.0636
vn -0.7070 0.7072 -0.0090
vn -0.4249 0.9052 -0.0017
vn -0.4673 0.8839 -0.0186
vn -0.4126 0.9109 -0.0000
vn -0.4249 0.9053 -0.0017
vn -0.4125 0.9110 -0.0000
vn -0.5990 0.7963 0.0845
vn -0.9180 0.3966 0.0001
vn -0.9180 0.3966 -0.0002
vn -0.8943 -0.4456 -0.0414
vn -0.9256 -0.3768 -0.0357
vn -0.7062 -0.7064 -0.0467
vn -0.8942 -0.4457 -0.0414
vn -0.7062 -0.7065 -0.0468
vn -0.3875 -0.3872 -0.8366
vn -0.5457 -0.2747 -0.7917
vn -0.8942 -0.4456 -0.0414
vn -0.6475 -0.2618 -0.7157
vn 0.7289 -0.6845 -0.0119
vn 0.7638 -0.6451 -0.0203
vn 0.5244 -0.8506 -0.0388
vn 0.5817 -0.8119 -0.0489
vn 0.5244 -0.8507 -0.0374
vn 0.5816 -0.8120 -0.0489
vn 0.5061 -0.8594 -0.0724
vn 0.4510 -0.8907 -0.0565
vn 0.5243 -0.8506 -0.0399
vn 0.4059 -0.9134 -0.0310
vn 0.9289 -0.3703 -0.0058
vn 0.9329 -0.3575 -0.0436
vn 0.8227 -0.5642 -0.0697
vn 0.6039 -0.2302 -0.7631
vn 0.8227 -0.5642 -0.0698
vn 0.6038 -0.2303 -0.7631
vn 0.4648 -0.3088 -0.8298
vn 0.6903 -0.2291 -0.6863
vn 0.0285 -0.0604 -0.9978
vn 0.0673 -0.0213 -0.9975
vn -0.0000 -0.0969 -0.9953
vn 0.0284 -0.0604 -0.9978
vn -0.0000 -0.0968 -0.9953
vn 0.0284 -0.0603 -0.9978
vn 0.3780 -0.9233 -0.0682
vn 0.9212 -0.3869 -0.0415
vn 0.9113 -0.3979 -0.1059
vn 0.9281 -0.3610 -0.0915
vn 0.9280 -0.3610 -0.0916
vn 0.9950 -0.0000 -0.1000
vn 0.9990 -0.0011 -0.0446
vn 0.9944 -0.0051 -0.1058
vn 0.1696 -0.0051 -0.9855
vn 0.0200 -0.0012 -0.9998
vn 0.0167 -0.0017 -0.9999
vn 0.1891 -0.0083 -0.9819
vn 0.0166 -0.0017 -0.9999
vn 0.0097 0.0003 -1.0000
vn 0.1892 -0.0083 -0.9819
vn 0.0750 -0.0004 -0.9972
vn -0.0000 -0.0707 -0.9975
vn -0.0000 -0.0704 -0.9975
vn -0.0000 -0.0706 -0.9975
vn -0.0000 -0.0703 -0.9975
vn -0.0000 -0.9984 -0.0573
vn -0.0000 -0.9984 -0.0572
vn 0.0001 -0.6666 -0.7454
vn -0.0000 0.8032 -0.5957
vn -0.0000 0.0792 -0.9969
vn -0.0000 0.0786 -0.9969
vn -0.0000 0.0785 -0.9969
vn -0.0000 0.0784 -0.9969
vn 0.7038 0.7076 -0.0632
vn 0.7106 0.7035 -0.0123
vn 0.9049 0.4255 -0.0089
vn 0.9016 0.4287 -0.0571
vn 0.7290 0.6844 -0.0114
vn 0.9089 0.4170 -0.0030
vn 0.9049 0.4254 -0.0089
vn 0.9017 0.4287 -0.0571
vn 0.9348 0.3512 -0.0521
vn 0.3923 0.9198 0.0001
vn -0.4125 0.9109 -0.0000
vn -0.9184 0.3927 -0.0484
vn -0.9987 -0.0000 -0.0502
vn -0.3004 0.9533 -0.0325
vn -0.9184 0.3927 -0.0483
vn -0.2199 0.7007 -0.6787
vn -0.5430 0.2393 -0.8049
vn -0.9987 -0.0000 -0.0503
vn -0.9184 0.3928 -0.0484
vn -0.5490 -0.0000 -0.8358
vn -0.4185 -0.9074 -0.0399
vn -0.3163 -0.9481 -0.0331
vn -0.4184 -0.9074 -0.0399
vn -0.4184 -0.9074 -0.0400
vn -0.3163 -0.9481 -0.0332
vn -0.2291 -0.6903 -0.6863
vn -0.2647 -0.5659 -0.7808
vn -0.4185 -0.9074 -0.0400
vn -0.2647 -0.5660 -0.7808
vn -0.3875 -0.3873 -0.8366
vn -0.6475 -0.2617 -0.7157
vn -0.5456 -0.2747 -0.7917
vn -0.0684 -0.0370 -0.9970
vn -0.0648 -0.0253 -0.9976
vn -0.0960 -0.0950 -0.9908
vn -0.0683 -0.0370 -0.9970
vn -0.0960 -0.0949 -0.9908
vn 0.3470 -0.4933 -0.7976
vn 0.5512 -0.8261 -0.1173
vn 0.6246 -0.7749 -0.0968
vn 0.3598 -0.4225 -0.8319
vn 0.5512 -0.8261 -0.1172
vn 0.5817 -0.8120 -0.0489
vn 0.7990 -0.6009 -0.0243
vn 0.8226 -0.5643 -0.0697
vn 0.6247 -0.7749 -0.0968
vn 0.8226 -0.5643 -0.0698
vn 0.0894 -0.0623 -0.9940
vn 0.0741 -0.0301 -0.9968
vn 0.0895 -0.0624 -0.9940
vn 0.0742 -0.0301 -0.9968
vn 0.0672 -0.0213 -0.9975
vn 0.9333 -0.3258 -0.1513
vn 0.9867 -0.0000 -0.1625
vn 0.9281 -0.3610 -0.0916
vn 0.5062 -0.8594 -0.0724
vn 0.9408 -0.2903 -0.1750
vn 0.9827 -0.0000 -0.1853
vn 0.3270 0.9430 -0.0626
vn 0.3348 0.9421 -0.0163
vn 0.4259 0.9047 -0.0143
vn 0.4196 0.9056 -0.0616
vn 0.3349 0.9421 -0.0163
vn 0.3568 0.9338 -0.0272
vn 0.4491 0.8933 -0.0199
vn 0.4259 0.9046 -0.0143
vn 0.4491 0.8932 -0.0199
vn 0.7289 0.6845 -0.0114
vn 0.7105 0.7036 -0.0123
vn 0.4197 0.9056 -0.0616
vn 0.7037 0.7076 -0.0632
vn 0.1242 -0.0000 -0.9923
vn 0.9564 -0.0000 -0.2920
vn 0.9827 -0.0004 -0.1851
vn 0.1530 0.0016 -0.9882
vn 1.0000 -0.0000 -0.0023
vn 1.0000 -0.0003 -0.0021
vn 0.9827 -0.0004 -0.1850
vn 1.0000 -0.0001 -0.0015
vn 0.9577 -0.0043 -0.2879
vn 1.0000 -0.0002 -0.0019
vn 0.1697 -0.0052 -0.9855
vn 0.0751 -0.0004 -0.9972
vn 0.1136 0.0002 -0.9935
vn 0.1892 -0.0082 -0.9819
vn 0.0703 0.0004 -0.9975
vn 0.9827 -0.0003 -0.1851
vn 0.1834 -0.0000 -0.9830
vn 0.0231 -0.0000 -0.9997
vn 0.0221 -0.0004 -0.9998
vn 0.1842 -0.0020 -0.9829
vn 0.1241 -0.0000 -0.9923
vn 0.0192 -0.0000 -0.9998
vn 0.0165 -0.0007 -0.9999
vn 0.1559 -0.0017 -0.9878
vn 0.0106 0.0002 -0.9999
vn 0.0687 -0.0004 -0.9976
vn -0.0000 -0.0712 -0.9975
vn 0.0002 -0.6666 -0.7454
vn -0.0000 0.0783 -0.9969
vn -0.0000 0.9993 -0.0380
vn -0.0000 0.9993 -0.0381
vn -0.0000 0.8033 -0.5956
vn 0.0001 0.8033 -0.5956
vn -0.0000 0.0777 -0.9970
vn -0.0000 0.0779 -0.9970
vn -0.0000 0.0780 -0.9970
vn 0.9155 0.4023 -0.0049
vn 0.9089 0.4171 -0.0030
vn 0.7639 0.6450 -0.0195
vn 0.9155 0.4024 -0.0049
vn 0.7991 0.6008 -0.0232
vn 0.9218 0.3877 -0.0057
vn 0.9218 0.3876 -0.0057
vn 0.3891 0.9199 -0.0485
vn 0.9381 0.3446 -0.0344
vn 0.3891 0.9199 -0.0484
vn 0.6704 0.2442 -0.7006
vn 0.2353 0.5424 -0.8065
vn 0.2354 0.5423 -0.8065
vn -0.0000 0.5475 -0.8368
vn -0.8972 0.4397 -0.0412
vn -0.7062 0.7064 -0.0468
vn -0.9287 0.3691 -0.0354
vn -0.8972 0.4396 -0.0412
vn -0.6530 0.2576 -0.7122
vn -0.5491 0.2720 -0.7903
vn -0.5492 0.2720 -0.7902
vn -0.3871 0.3868 -0.8370
vn -0.4105 0.9110 -0.0397
vn -0.7062 0.7065 -0.0468
vn -0.4106 0.9110 -0.0397
vn -0.4105 0.9110 -0.0398
vn -0.3871 0.3869 -0.8370
vn -0.2606 0.5700 -0.7792
vn -0.3003 0.9533 -0.0325
vn -0.2199 0.7008 -0.6787
vn -0.5489 -0.0000 -0.8359
vn -0.5429 0.2393 -0.8050
vn -0.0602 0.0309 -0.9977
vn -0.0978 -0.0000 -0.9952
vn -0.5429 0.2394 -0.8049
vn -0.0210 0.0683 -0.9974
vn -0.0601 0.0308 -0.9977
vn -0.0977 -0.0000 -0.9952
vn -0.0371 -0.0716 -0.9967
vn -0.0371 -0.0717 -0.9967
vn -0.0218 -0.0673 -0.9975
vn -0.0218 -0.0672 -0.9975
vn 0.9398 -0.2606 -0.2210
vn 0.9726 -0.0000 -0.2326
vn 0.5062 -0.8594 -0.0725
vn 0.5148 -0.1335 -0.8468
vn 0.9726 -0.0000 -0.2327
vn 0.5149 -0.1335 -0.8468
vn 0.5021 -0.0000 -0.8648
vn 0.3470 -0.4933 -0.7977
vn 0.3597 -0.4224 -0.8319
vn 0.0519 -0.0584 -0.9969
vn 0.0393 -0.0560 -0.9977
vn 0.0519 -0.0583 -0.9969
vn 0.0895 -0.0623 -0.9940
vn 0.0392 -0.0559 -0.9977
vn -0.0161 0.0390 -0.9991
vn -0.0001 0.0392 -0.9992
vn -0.0161 0.0389 -0.9991
vn 0.0155 0.0374 -0.9992
vn 0.0155 0.0375 -0.9992
vn 0.5003 0.8651 -0.0361
vn 0.7639 0.6451 -0.0195
vn 0.4017 0.9144 -0.0503
vn 0.4584 0.8863 -0.0655
vn 0.5610 0.8265 -0.0459
vn 0.5004 0.8651 -0.0361
vn 0.5611 0.8265 -0.0459
vn 0.7990 0.6009 -0.0233
vn 0.9821 0.0004 -0.1885
vn 1.0000 0.0003 -0.0021
vn 0.9564 0.0001 -0.2920
vn 0.0688 -0.0004 -0.9976
vn 0.1133 -0.0004 -0.9936
vn 0.9821 0.0004 -0.1886
vn 0.0746 0.0004 -0.9972
vn 0.1860 0.0082 -0.9825
vn 0.1698 0.0050 -0.9855
vn 0.9583 0.0043 -0.2859
vn 0.9821 0.0005 -0.1885
vn 1.0000 0.0001 -0.0016
vn 1.0000 0.0002 -0.0021
vn 0.9582 0.0042 -0.2859
vn 1.0000 -0.0004 -0.0014
vn 1.0000 -0.0001 -0.0021
vn 1.0000 -0.0004 -0.0024
vn 1.0000 -0.0008 -0.0015
vn 1.0000 -0.0002 -0.0025
vn 1.0000 -0.0004 -0.0021
vn 1.0000 0.0001 -0.0025
vn 1.0000 -0.0000 -0.0024
vn 1.0000 -0.0006 -0.0020
vn 1.0000 -0.0007 -0.0015
vn 1.0000 -0.0004 -0.0022
vn 1.0000 -0.0005 -0.0021
vn 1.0000 -0.0011 -0.0014
vn 0.1697 -0.0051 -0.9855
vn 0.9577 -0.0043 -0.2878
vn 0.9656 -0.0014 -0.2602
vn 0.1843 -0.0021 -0.9829
vn 1.0000 -0.0004 -0.0015
vn 1.0000 -0.0007 -0.0009
vn 1.0000 -0.0004 -0.0007
vn 1.0000 -0.0002 -0.0004
vn 0.9645 -0.0001 -0.2641
vn 0.9645 -0.0000 -0.2641
vn 0.0228 -0.0694 -0.9973
vn 0.0244 -0.6669 -0.7448
vn 0.1997 -0.0952 -0.9752
vn 0.1997 -0.0953 -0.9752
vn 0.1042 -0.6641 -0.7404
vn 0.1697 0.0050 -0.9855
vn 0.0200 0.0011 -0.9998
vn 0.0221 0.0004 -0.9998
vn 0.1832 0.0019 -0.9831
vn 0.0220 0.0004 -0.9998
vn -0.0000 0.0793 -0.9969
vn -0.0000 -0.6513 0.7588
vn -0.0000 -0.9983 0.0580
vn -0.0000 -0.9983 0.0579
vn 0.0001 -0.9984 -0.0573
vn -0.0001 0.9993 -0.0381
vn 0.9256 0.3759 -0.0446
vn 0.9381 0.3445 -0.0344
vn 0.8226 0.5644 -0.0689
vn 0.9256 0.3760 -0.0445
vn 0.9255 0.3760 -0.0446
vn 0.8226 0.5644 -0.0690
vn 0.4629 0.3072 -0.8315
vn 0.5887 0.2377 -0.7726
vn 0.9256 0.3760 -0.0446
vn 0.5886 0.2377 -0.7727
vn 0.0287 0.0586 -0.9979
vn -0.0000 0.0968 -0.9953
vn 0.0663 0.0232 -0.9975
vn 0.0287 0.0585 -0.9979
vn 0.0662 0.0232 -0.9975
vn -0.1002 0.0993 -0.9900
vn -0.0691 0.0369 -0.9969
vn -0.1003 0.0993 -0.9900
vn -0.5491 0.2719 -0.7903
vn -0.6529 0.2576 -0.7123
vn -0.0656 0.0250 -0.9975
vn -0.0370 0.0727 -0.9967
vn -0.0210 0.0682 -0.9974
vn -0.0370 0.0726 -0.9967
vn 0.0311 0.0311 -0.9990
vn 0.0374 0.0155 -0.9992
vn 0.0375 0.0156 -0.9992
vn 0.2958 0.7139 -0.6348
vn 0.7990 0.6009 -0.0232
vn 0.6075 0.7889 -0.0933
vn 0.8226 0.5645 -0.0689
vn 0.5068 0.8551 -0.1091
vn 0.6074 0.7889 -0.0933
vn 0.5068 0.8551 -0.1092
vn 0.3301 0.5258 -0.7839
vn 0.3546 0.4338 -0.8283
vn 0.3547 0.4338 -0.8283
vn 0.5020 -0.0000 -0.8648
vn 0.0751 -0.0191 -0.9970
vn 0.1074 -0.0000 -0.9942
vn 0.0750 -0.0192 -0.9970
vn 0.0750 -0.0191 -0.9970
vn 0.0392 -0.0560 -0.9977
vn -0.0367 0.0368 -0.9986
vn -0.0552 0.0231 -0.9982
vn -0.0162 0.0390 -0.9991
vn -0.5474 0.5493 -0.6313
vn -0.0552 0.0232 -0.9982
vn -0.7126 0.2983 -0.6350
vn 0.9641 0.0002 -0.2656
vn 0.9651 0.0013 -0.2619
vn 0.1833 0.0019 -0.9831
vn 0.9641 0.0001 -0.2657
vn 1.0000 0.0007 -0.0004
vn 1.0000 0.0005 -0.0008
vn 1.0000 0.0005 -0.0009
vn 1.0000 0.0003 -0.0015
vn 0.9583 0.0042 -0.2859
vn 1.0000 0.0011 -0.0015
vn 1.0000 0.0005 -0.0022
vn 1.0000 0.0004 -0.0022
vn 1.0000 0.0007 -0.0016
vn 1.0000 0.0006 -0.0021
vn 1.0000 -0.0000 -0.0025
vn 1.0000 0.0003 -0.0025
vn 1.0000 0.0005 -0.0021
vn 1.0000 -0.0001 -0.0022
vn 1.0000 0.0002 -0.0020
vn 1.0000 0.0008 -0.0016
vn 1.0000 0.0004 -0.0024
vn 1.0000 -0.0000 -0.0022
vn 1.0000 0.0004 -0.0014
vn 1.0000 -0.0019 -0.0005
vn 1.0000 -0.0014 -0.0004
vn 1.0000 -0.0012 -0.0009
vn 1.0000 -0.0017 -0.0008
vn 1.0000 -0.0012 -0.0004
vn 1.0000 -0.0009 -0.0005
vn 1.0000 -0.0007 -0.0008
vn 1.0000 -0.0011 -0.0008
vn 1.0000 -0.0010 -0.0010
vn 1.0000 -0.0006 -0.0012
vn 1.0000 -0.0013 -0.0012
vn 0.9192 -0.3252 -0.2219
vn 0.9645 -0.0001 -0.2642
vn 1.0000 -0.0006 -0.0003
vn 0.9369 -0.3495 -0.0000
vn 0.9192 -0.3252 -0.2220
vn 0.2042 -0.9789 -0.0000
vn 0.2154 -0.9739 -0.0720
vn 0.1996 -0.0952 -0.9752
vn 0.9193 -0.3252 -0.2219
vn 0.1043 -0.6641 -0.7403
vn 0.0257 -0.9997 -0.0000
vn 0.0256 -0.9981 -0.0554
vn 0.0256 -0.9981 -0.0555
vn 0.0244 -0.6669 -0.7447
vn 0.2154 -0.9739 -0.0721
vn 0.1042 -0.6641 -0.7403
vn 0.0228 0.0760 -0.9968
vn 0.1962 0.1003 -0.9754
vn 0.0228 0.0761 -0.9968
vn 0.0196 0.8022 -0.5967
vn 0.0229 0.0761 -0.9968
vn 0.0804 0.7984 -0.5967
vn -0.0000 0.0100 0.9999
vn -0.0000 -0.0561 0.9984
vn -0.0000 -0.0559 0.9984
vn -0.0000 -0.0562 0.9984
vn -0.0000 -0.0560 0.9984
vn -0.0000 -0.0557 0.9984
vn -0.0000 0.0100 1.0000
vn -0.0000 -0.0556 0.9985
vn -0.0000 -0.0714 -0.9974
vn -0.0000 -0.0714 -0.9975
vn -0.0000 0.8032 -0.5956
vn -0.0000 0.7913 0.6114
vn -0.0000 0.9993 0.0385
vn -0.0000 0.9993 0.0384
vn 0.0734 0.0311 -0.9968
vn 0.4628 0.3072 -0.8315
vn 0.0977 0.0673 -0.9929
vn 0.0733 0.0311 -0.9968
vn 0.0375 -0.0155 -0.9992
vn 0.0389 -0.0000 -0.9992
vn 0.0390 -0.0000 -0.9992
vn 0.0375 0.0155 -0.9992
vn 0.5482 0.5483 -0.6315
vn 0.0807 0.0932 -0.9924
vn 0.0808 0.0933 -0.9924
vn 0.3546 0.4337 -0.8283
vn 0.3302 0.5257 -0.7840
vn 0.0797 0.1274 -0.9886
vn 0.0797 0.1273 -0.9887
vn -0.0657 0.0001 -0.9978
vn -0.0553 0.0231 -0.9982
vn -0.7751 -0.0000 -0.6318
vn -0.7155 -0.2964 -0.6326
vn -0.0552 -0.0228 -0.9982
vn -0.0656 0.0001 -0.9978
vn -0.7056 0.7080 -0.0295
vn -0.9220 0.3860 -0.0297
vn -0.7055 0.7081 -0.0295
vn -0.7059 0.7083 -0.0000
vn -0.9220 0.3860 -0.0296
vn -0.9224 0.3862 -0.0000
vn 0.1371 0.9906 -0.0001
vn 0.9215 0.3883 -0.0000
vn 0.9084 0.3516 -0.2261
vn 0.1460 0.9880 -0.0508
vn 0.9215 0.3883 -0.0001
vn 1.0000 0.0006 -0.0004
vn 0.9641 0.0001 -0.2656
vn 0.9084 0.3516 -0.2260
vn 0.9641 -0.0000 -0.2656
vn 0.1459 0.9880 -0.0508
vn 0.0805 0.7984 -0.5967
vn 1.0000 0.0011 -0.0010
vn 1.0000 0.0017 -0.0009
vn 1.0000 0.0008 -0.0017
vn 1.0000 0.0006 -0.0012
vn 1.0000 0.0011 -0.0008
vn 1.0000 0.0007 -0.0008
vn 1.0000 0.0009 -0.0005
vn 1.0000 0.0018 -0.0008
vn 1.0000 0.0012 -0.0009
vn 1.0000 0.0015 -0.0004
vn 1.0000 0.0019 -0.0005
vn 1.0000 0.0001 -0.0024
vn 0.9496 -0.0000 0.3134
vn 0.9467 0.0854 0.3106
vn 1.0000 -0.0007 -0.0020
vn 0.1400 0.0001 0.9902
vn 0.1442 0.2713 0.9516
vn 0.1594 0.2701 0.9495
vn 0.9467 0.0888 0.3096
vn 0.9467 0.0855 0.3106
vn 0.9467 0.0887 0.3097
vn 1.0000 -0.0012 -0.0014
vn 1.0000 -0.0007 -0.0001
vn 1.0000 -0.0012 -0.0003
vn 0.9394 -0.3428 -0.0001
vn 0.9370 -0.3495 -0.0001
vn 1.0000 -0.0014 -0.0001
vn 1.0000 -0.0019 -0.0003
vn 0.9415 -0.3369 -0.0001
vn 0.9415 -0.3369 -0.0000
vn 0.9369 -0.3495 -0.0001
vn 0.9394 -0.3428 -0.0000
vn 0.0170 0.9992 -0.0369
vn 0.0196 0.8023 -0.5967
vn 0.0170 0.9999 -0.0000
vn 0.0171 0.9999 -0.0000
vn 0.1370 0.9906 -0.0000
vn 0.0196 0.8023 -0.5966
vn 0.0804 0.7985 -0.5966
vn -0.0000 0.0101 0.9999
vn 0.1590 0.2380 0.9582
vn 0.0482 0.0720 0.9962
vn 0.0157 0.0987 0.9950
vn 0.0309 0.2743 0.9611
vn 0.0481 0.0720 0.9962
vn 0.0157 0.0986 0.9950
vn -0.0000 0.1112 0.9938
vn -0.0000 0.1113 0.9938
vn -0.0000 0.2767 0.9610
vn -0.0000 -0.0558 0.9984
vn -0.0000 -0.0705 -0.9975
vn -0.0000 0.0789 -0.9969
vn -0.0001 0.0785 -0.9969
vn -0.1073 -0.0000 -0.9942
vn -0.0170 -0.0000 -0.9999
vn -0.0146 0.0006 -0.9999
vn -0.1313 0.0015 -0.9913
vn -0.0099 -0.0002 -1.0000
vn -0.0611 0.0003 -0.9981
vn -0.0000 0.0678 0.9977
vn -0.0000 0.0674 0.9977
vn -0.0000 0.0677 0.9977
vn -0.0000 -0.0108 0.9999
vn -0.0000 0.0670 0.9978
vn 0.0001 0.9993 0.0385
vn -0.0161 -0.0381 -0.9991
vn -0.0001 -0.0390 -0.9992
vn -0.3022 -0.7114 -0.6345
vn -0.0019 -0.7751 -0.6318
vn -0.0001 -0.0391 -0.9992
vn 0.0155 -0.0375 -0.9992
vn 0.0312 -0.0312 -0.9990
vn 0.0156 -0.0375 -0.9992
vn -0.7752 -0.0001 -0.6318
vn -0.9224 0.3861 -0.0000
vn -0.9996 -0.0001 -0.0295
vn -0.9235 -0.3825 -0.0295
vn 0.1371 0.9906 -0.0000
vn 0.9209 0.3897 -0.0000
vn 0.9214 0.3887 -0.0003
vn 0.9209 0.3897 -0.0001
vn 1.0000 0.0018 -0.0003
vn 1.0000 0.0015 -0.0001
vn 0.9214 0.3887 -0.0001
vn 1.0000 0.0013 -0.0004
vn 0.9214 0.3887 -0.0000
vn 1.0000 0.0009 -0.0016
vn 0.9453 -0.0894 0.3138
vn 0.9454 -0.0852 0.3147
vn 1.0000 0.0006 -0.0020
vn 0.9453 -0.0893 0.3138
vn 0.1594 -0.2689 0.9499
vn 0.1444 -0.2672 0.9528
vn 0.9454 -0.0851 0.3147
vn 0.1400 -0.0000 0.9901
vn 0.9496 -0.0001 0.3134
vn 1.0000 0.0004 -0.0021
vn 1.0000 -0.0010 -0.0015
vn 0.9467 0.0887 0.3096
vn 0.9569 0.0307 0.2888
vn 1.0000 -0.0016 -0.0005
vn 0.1750 0.1081 0.9786
vn 0.9569 0.0307 0.2889
vn 0.1750 0.1080 0.9786
vn 0.1785 0.0099 0.9839
vn 0.9630 0.0009 0.2694
vn 1.0000 -0.0018 -0.0008
vn 0.9630 0.0008 0.2694
vn 1.0000 -0.0020 -0.0004
vn -0.0000 -0.0000 1.0000
vn -0.0000 0.2754 0.9613
vn 0.0178 0.2752 0.9612
vn 0.0170 -0.0000 0.9999
vn -0.0001 0.2754 0.9613
vn -0.0000 0.2765 0.9610
vn 0.0202 0.2757 0.9610
vn 0.1594 0.2701 0.9496
vn 0.1441 0.2713 0.9516
vn 0.1400 -0.0000 0.9902
vn 1.0000 -0.0020 -0.0006
vn 0.9247 -0.3022 0.2317
vn 0.1785 0.0100 0.9839
vn 0.1911 -0.0764 0.9786
vn 0.9246 -0.3023 0.2318
vn 0.9247 -0.3021 0.2318
vn 0.1911 -0.0763 0.9786
vn 0.1015 -0.6495 0.7536
vn 0.2152 -0.9739 0.0726
vn 0.2153 -0.9738 0.0726
vn 0.0256 -0.9981 0.0561
vn 0.0238 -0.6518 0.7580
vn 0.0239 -0.6518 0.7580
vn 0.2152 -0.9739 0.0727
vn 0.1015 -0.6495 0.7535
vn -0.0000 0.1111 0.9938
vn -0.0000 0.1108 0.9938
vn -0.0000 0.0102 0.9999
vn -0.0000 0.1103 0.9939
vn -0.0000 0.1104 0.9939
vn -0.0000 0.2762 0.9611
vn 0.1929 -0.0008 0.9812
vn 0.1883 0.2707 0.9440
vn 0.0330 0.2766 0.9604
vn 0.0336 -0.0003 0.9994
vn 0.1883 0.2708 0.9440
vn 0.0309 0.2744 0.9611
vn -0.0000 0.2768 0.9609
vn -0.0000 0.2753 0.9613
vn -0.0009 -0.2518 0.9678
vn -0.0000 -0.0303 0.9995
vn 0.0571 -0.0018 0.9984
vn 0.2033 -0.0882 0.9751
vn -0.0002 -0.0302 0.9995
vn 0.0571 -0.0017 0.9984
vn 0.2034 -0.0882 0.9751
vn 0.0572 -0.0017 0.9984
vn 0.1590 0.2379 0.9582
vn -0.0000 0.0099 1.0000
vn -0.0000 -0.0715 -0.9974
vn -0.0000 -0.6666 -0.7455
vn -0.1499 -0.0053 -0.9887
vn -0.0183 -0.0013 -0.9998
vn -0.0203 -0.0004 -0.9998
vn -0.1616 -0.0021 -0.9869
vn -0.0182 -0.0013 -0.9998
vn -0.0212 -0.0000 -0.9998
vn -0.1615 -0.0021 -0.9869
vn -0.1607 -0.0000 -0.9870
vn 0.0001 0.8032 -0.5956
vn -0.0000 0.0780 -0.9969
vn -0.0000 0.0781 -0.9969
vn -0.1493 0.0051 -0.9888
vn -0.0182 0.0012 -0.9998
vn -0.0149 0.0017 -0.9999
vn -0.1632 0.0083 -0.9866
vn -0.0088 -0.0003 -1.0000
vn -0.0636 0.0004 -0.9980
vn -1.0000 -0.0000 -0.0003
vn -0.9426 -0.0000 -0.3338
vn -0.9797 -0.0004 -0.2007
vn -0.1074 -0.0000 -0.9942
vn -0.1314 0.0015 -0.9913
vn -0.9796 -0.0004 -0.2007
vn -0.0612 0.0003 -0.9981
vn -0.1040 0.0003 -0.9946
vn -0.9797 -0.0005 -0.2007
vn -0.0634 -0.0004 -0.9980
vn -0.1671 -0.0086 -0.9859
vn -0.1500 -0.0053 -0.9887
vn -0.9476 -0.0048 -0.3195
vn -1.0000 -0.0000 -0.0002
vn -0.9797 -0.0005 -0.2006
vn -0.0000 0.0673 0.9977
vn -0.0000 0.0672 0.9977
vn -0.0000 -0.0109 0.9999
vn -0.0000 0.0671 0.9977
vn 0.0490 -0.0742 0.9960
vn 0.0160 -0.1016 0.9947
vn -0.0000 -0.0107 0.9999
vn 0.1660 -0.2340 0.9580
vn 0.0322 -0.2725 0.9616
vn 0.0160 -0.1017 0.9947
vn -0.0000 -0.2754 0.9613
vn -0.0000 -0.1147 0.9934
vn -0.0000 -0.1146 0.9934
vn -0.3908 -0.9200 -0.0296
vn -0.0025 -0.9996 -0.0295
vn -0.3909 -0.9204 -0.0000
vn -0.0025 -1.0000 -0.0000
vn -0.0024 -0.9996 -0.0295
vn -0.0024 -1.0000 -0.0000
vn 0.0001 0.9998 -0.0203
vn 0.3826 0.9237 -0.0204
vn 0.0789 0.7869 0.6120
vn 0.1890 0.0885 0.9780
vn 0.9074 0.3517 0.2300
vn 0.1458 0.9880 0.0512
vn 0.1891 0.0885 0.9780
vn 0.1785 -0.0108 0.9839
vn 0.9633 -0.0010 0.2683
vn 0.9074 0.3518 0.2300
vn 0.9633 -0.0009 0.2683
vn 1.0000 0.0021 -0.0001
vn 0.1748 -0.1113 0.9783
vn 0.9563 -0.0318 0.2905
vn 0.9633 -0.0009 0.2682
vn 0.1748 -0.1114 0.9783
vn 0.9453 -0.0894 0.3137
vn 1.0000 0.0018 -0.0010
vn 1.0000 0.0016 -0.0009
vn 1.0000 0.0020 -0.0004
vn -0.0000 -0.2752 0.9614
vn -0.0000 -0.2712 0.9625
vn 0.0178 -0.2710 0.9624
vn 0.0202 -0.2745 0.9614
vn -0.0000 -0.0001 1.0000
vn 0.0171 -0.0000 0.9999
vn 0.1443 -0.2672 0.9528
vn 0.1593 -0.2689 0.9499
vn -0.0000 0.2764 0.9610
vn 0.0222 0.1105 0.9936
vn -0.0000 0.1107 0.9939
vn 0.0223 0.0100 0.9997
vn 0.0224 0.0100 0.9997
vn 0.1784 0.0099 0.9839
vn 0.1749 0.1080 0.9786
vn 0.1594 0.2700 0.9496
vn -0.0002 0.2755 0.9613
vn 0.0219 -0.0543 0.9983
vn 0.1910 -0.0764 0.9786
vn 0.0170 0.9992 0.0373
vn 0.0193 0.7905 0.6122
vn 0.0170 0.9992 0.0374
vn 0.0788 0.7869 0.6120
vn 0.1458 0.9880 0.0513
vn 0.1457 0.9880 0.0512
vn -0.0000 0.1106 0.9939
vn -0.0000 0.0675 0.9977
vn -0.0002 0.2754 0.9613
vn -0.0000 0.2755 0.9613
vn 0.1992 -0.2663 0.9431
vn 0.0346 -0.2726 0.9615
vn 0.1929 -0.0009 0.9812
vn 0.0336 -0.0004 0.9994
vn -0.0000 -0.2711 0.9625
vn -0.0003 -0.2712 0.9625
vn -0.0000 -0.2755 0.9613
vn 0.1884 0.2707 0.9440
vn 0.8384 0.1458 0.5252
vn 0.9284 0.0809 0.3627
vn 0.1884 0.2708 0.9440
vn 0.7740 0.0035 0.6332
vn 0.7740 0.0036 0.6332
vn 0.9989 -0.0000 -0.0465
vn 0.9974 -0.0310 -0.0647
vn 0.9974 -0.0311 -0.0647
vn 0.9645 -0.2106 -0.1594
vn -0.0000 -0.2519 0.9678
vn 0.7099 -0.7042 -0.0136
vn -0.0083 -0.9892 -0.1466
vn 0.9284 0.0809 0.3628
vn 0.9283 0.0809 0.3628
vn 0.9645 -0.2107 -0.1594
vn 0.3286 -0.8220 -0.4651
vn -0.0000 -0.9892 -0.1467
vn 0.7099 -0.7042 -0.0135
vn -0.0001 -0.8815 -0.4722
vn 0.0008 -0.2513 0.9679
vn -0.0000 -0.0301 0.9995
vn -0.0000 -0.2503 0.9682
vn 0.0002 -0.0302 0.9995
vn -0.0000 -0.0300 0.9995
vn -0.0000 -0.0302 0.9995
vn 0.0002 -0.0303 0.9995
vn -0.0000 -0.2518 0.9678
vn -0.0210 -0.0693 -0.9974
vn -0.1765 -0.0967 -0.9795
vn -0.0210 -0.0694 -0.9974
vn -0.0226 -0.6669 -0.7448
vn -0.1765 -0.0968 -0.9795
vn -0.0211 -0.0694 -0.9974
vn -0.0227 -0.6669 -0.7448
vn -0.0886 -0.6650 -0.7415
vn -0.1608 -0.0000 -0.9870
vn -0.9542 -0.0001 -0.2990
vn -0.9560 -0.0014 -0.2934
vn -0.1616 -0.0020 -0.9869
vn -0.9542 -0.0000 -0.2990
vn -1.0000 -0.0000 -0.0001
vn -0.9560 -0.0015 -0.2933
vn -0.9476 -0.0048 -0.3194
vn -0.1616 -0.0021 -0.9868
vn -0.9560 -0.0014 -0.2933
vn -0.1500 -0.0054 -0.9887
vn -0.0001 0.7913 0.6114
vn -0.0000 0.0788 -0.9969
vn -0.0202 0.0004 -0.9998
vn -0.1607 0.0019 -0.9870
vn -0.9781 0.0005 -0.2083
vn -0.9476 0.0047 -0.3194
vn -0.9781 0.0005 -0.2082
vn -0.1494 0.0051 -0.9888
vn -0.1633 0.0083 -0.9865
vn -0.1034 -0.0004 -0.9946
vn -0.0590 -0.0003 -0.9983
vn -0.1344 -0.0016 -0.9909
vn -0.9781 0.0004 -0.2083
vn -1.0000 -0.0001 -0.0004
vn -1.0000 -0.0000 -0.0004
vn -1.0000 -0.0001 -0.0003
vn -0.0000 0.0314 0.9995
vn 0.0583 0.0018 0.9983
vn 0.0002 0.0314 0.9995
vn -0.0000 0.2415 0.9704
vn 0.2007 0.0861 0.9759
vn 0.0584 0.0018 0.9983
vn 0.2008 0.0861 0.9758
vn 0.1660 -0.2339 0.9580
vn -0.0000 -0.1145 0.9934
vn -0.0000 -0.1142 0.9935
vn -0.0000 -0.2749 0.9615
vn -0.0000 -0.1138 0.9935
vn -0.0000 -0.0110 0.9999
vn -0.0000 -0.1137 0.9935
vn 0.8211 0.3402 -0.4583
vn 0.6282 0.6281 -0.4592
vn 0.6281 0.6282 -0.4592
vn -0.7058 0.7081 -0.0203
vn -0.9222 0.3861 -0.0203
vn -0.7057 0.7082 -0.0203
vn -0.3402 0.8212 -0.4583
vn -0.6270 0.6292 -0.4594
vn -0.9222 0.3861 -0.0204
vn -0.7058 0.7082 -0.0203
vn -0.8197 0.3432 -0.4585
vn 0.0219 0.0651 0.9976
vn 0.0193 0.7904 0.6122
vn 0.0223 -0.0109 0.9997
vn 0.0219 0.0650 0.9976
vn 0.1784 -0.0108 0.9839
vn 0.1890 0.0886 0.9780
vn -0.0000 -0.1141 0.9935
vn 0.0222 -0.1139 0.9932
vn 0.1747 -0.1114 0.9783
vn -0.0000 -0.2750 0.9614
vn -0.0000 -0.2713 0.9625
vn -0.0001 -0.2712 0.9625
vn -0.0000 -0.2751 0.9614
vn -0.0000 -0.1140 0.9935
vn -0.0002 -0.2712 0.9625
vn -0.0002 -0.2713 0.9625
vn 0.8508 -0.1346 0.5079
vn 0.9978 0.0285 -0.0599
vn 0.7740 0.0035 0.6331
vn 0.8508 -0.1347 0.5080
vn 0.9298 -0.0782 0.3598
vn 0.9978 0.0285 -0.0600
vn 0.9298 -0.0782 0.3597
vn 0.9706 0.1967 -0.1389
vn -0.0000 -0.2514 0.9679
vn -0.0000 -0.2504 0.9681
vn -0.0000 -0.9895 -0.1444
vn 0.0047 -0.9894 -0.1452
vn 0.0050 -0.2519 0.9677
vn -0.0000 -0.9895 -0.1445
vn 0.0007 -0.9892 -0.1467
vn -0.0000 -0.8815 -0.4722
vn -0.0000 -0.8815 -0.4721
vn -0.0000 -0.9894 -0.1453
vn 0.7762 -0.5745 -0.2596
vn 0.1533 -0.9138 -0.3760
vn 0.3287 -0.8220 -0.4651
vn 0.7763 -0.5745 -0.2595
vn 0.5769 -0.8164 -0.0260
vn 0.0603 -0.9977 -0.0317
vn 0.1533 -0.9138 -0.3761
vn 0.1532 -0.9138 -0.3761
vn 0.0602 -0.9977 -0.0318
vn -0.0000 -0.9995 -0.0322
vn -0.0000 -0.9282 -0.3720
vn -0.0000 -0.9282 -0.3721
vn -0.1581 0.2392 0.9580
vn -0.0480 0.0721 0.9962
vn -0.0572 -0.0015 0.9984
vn -0.2037 -0.0851 0.9753
vn -0.2037 -0.0852 0.9753
vn -0.0572 -0.0016 0.9984
vn -0.0000 -0.2513 0.9679
vn 0.0002 -0.6513 0.7588
vn -0.0886 -0.6651 -0.7415
vn -0.0236 -0.9982 -0.0554
vn -0.1900 -0.9790 -0.0734
vn -0.0002 -0.6666 -0.7454
vn -0.0235 -0.9982 -0.0554
vn -0.0236 -0.9997 -0.0000
vn -0.1901 -0.9790 -0.0733
vn -0.0237 -0.9997 -0.0000
vn -0.1792 -0.9838 -0.0000
vn -0.9197 -0.3925 -0.0000
vn -0.8992 -0.3620 -0.2459
vn -0.9542 -0.0000 -0.2991
vn -0.8991 -0.3621 -0.2459
vn -0.1900 -0.9790 -0.0733
vn -0.8991 -0.3620 -0.2459
vn -0.1766 -0.0968 -0.9795
vn -0.0887 -0.6651 -0.7415
vn -1.0000 -0.0001 -0.0002
vn -1.0000 -0.0001 -0.0001
vn -1.0000 -0.0003 -0.0001
vn -1.0000 -0.0002 -0.0002
vn -0.0000 0.0313 0.9995
vn -0.0000 0.0311 0.9995
vn -0.0002 0.0314 0.9995
vn -0.0000 0.2410 0.9705
vn -0.0000 0.2402 0.9707
vn -0.0000 0.0312 0.9995
vn -0.0008 0.2415 0.9704
vn -0.0002 0.0313 0.9995
vn -0.0000 -0.0111 0.9999
vn -0.0685 0.7993 -0.5971
vn -0.0182 0.8023 -0.5966
vn -0.0211 0.0760 -0.9969
vn -0.1730 0.1021 -0.9796
vn -0.0181 0.8023 -0.5966
vn -0.0002 0.8032 -0.5957
vn -0.0210 0.0760 -0.9969
vn -0.0210 0.0759 -0.9969
vn -0.1729 0.1021 -0.9796
vn -0.0211 0.0759 -0.9969
vn -0.9476 0.0046 -0.3194
vn -0.9552 0.0014 -0.2959
vn -0.9537 -0.0000 -0.3007
vn -0.9552 0.0014 -0.2958
vn -1.0000 0.0001 -0.0003
vn -1.0000 0.0001 -0.0004
vn 0.7387 0.6652 0.1089
vn 0.9297 -0.0782 0.3598
vn 0.2009 0.0861 0.9758
vn 0.0035 0.2415 0.9704
vn -0.0000 1.0000 -0.0065
vn 0.7386 0.6653 0.1089
vn 0.7386 0.6652 0.1090
vn 0.0009 1.0000 -0.0065
vn -0.0000 0.8965 -0.4430
vn 0.3531 0.8262 -0.4390
vn -0.9223 0.3860 -0.0203
vn -0.8198 0.3432 -0.4585
vn -0.8885 0.0001 -0.4589
vn -0.8885 -0.0000 -0.4589
vn -0.8217 -0.3403 -0.4572
vn -0.9237 -0.3825 -0.0203
vn -0.9237 -0.3826 -0.0202
vn 0.9990 -0.0158 -0.0419
vn 0.9983 -0.0396 -0.0418
vn 0.9991 -0.0001 -0.0425
vn 0.9999 -0.0000 -0.0169
vn 0.9999 -0.0037 -0.0136
vn 1.0000 -0.0050 -0.0075
vn -0.1580 0.2392 0.9580
vn -0.7226 -0.6912 0.0108
vn -0.9148 0.0968 0.3922
vn -0.2038 -0.0851 0.9753
vn -0.0029 -0.2514 0.9679
vn -0.0000 -0.9894 -0.1452
vn -0.7227 -0.6911 0.0108
vn -0.0002 -0.9894 -0.1453
vn -0.3364 -0.8204 -0.4623
vn -0.9706 -0.1949 -0.1410
vn 1.0000 -0.0050 -0.0001
vn 0.9960 -0.0894 -0.0033
vn 0.9969 -0.0706 -0.0351
vn 1.0000 -0.0051 -0.0029
vn 0.9960 -0.0895 -0.0033
vn 0.9983 -0.0397 -0.0418
vn 1.0000 -0.0051 -0.0030
vn 0.5840 -0.7512 0.3076
vn 0.0606 -0.9237 0.3782
vn 0.5841 -0.7512 0.3075
vn 0.5832 -0.5780 0.5709
vn 0.0607 -0.7101 0.7014
vn 0.0606 -0.9237 0.3783
vn 0.0607 -0.7102 0.7014
vn -0.0000 -0.7115 0.7027
vn -0.0000 -0.9254 0.3789
vn 0.0602 -0.9977 -0.0317
vn -0.0000 -0.9255 0.3788
vn -0.0000 -0.9995 -0.0321
vn -0.0156 0.0987 0.9950
vn -0.0308 0.2743 0.9611
vn -0.0157 0.0987 0.9950
vn -0.0000 -0.0563 0.9984
vn -0.9257 -0.3783 -0.0000
vn -0.9229 -0.3850 -0.0000
vn -1.0000 -0.0002 -0.0000
vn -1.0000 -0.0001 -0.0000
vn -0.1199 0.9928 -0.0000
vn -0.0157 0.9999 -0.0000
vn -0.0156 0.9992 -0.0368
vn -0.1283 0.9904 -0.0513
vn -0.0156 0.9992 -0.0369
vn -0.0001 0.9993 -0.0380
vn -0.1283 0.9904 -0.0514
vn -0.0157 0.9992 -0.0369
vn -0.0685 0.7993 -0.5970
vn -0.0000 0.0670 0.9977
vn -0.0488 -0.0743 0.9960
vn -0.0583 0.0016 0.9983
vn -0.0489 -0.0744 0.9960
vn -0.1651 -0.2352 0.9578
vn -0.2012 0.0832 0.9760
vn -0.0584 0.0016 0.9983
vn -0.2012 0.0833 0.9760
vn 0.0007 0.2410 0.9705
vn 0.0002 0.0313 0.9995
vn -0.0002 0.8965 -0.4430
vn -0.0000 1.0000 -0.0040
vn -0.0000 0.8966 -0.4429
vn -0.0071 1.0000 -0.0064
vn -0.0020 0.2411 0.9705
vn -0.0000 1.0000 -0.0049
vn -0.0003 1.0000 -0.0049
vn -0.1608 0.0001 -0.9870
vn -0.8859 0.3903 -0.2507
vn -0.9537 0.0001 -0.3007
vn -0.9008 0.4343 -0.0000
vn -0.8859 0.3904 -0.2507
vn -0.1729 0.1020 -0.9796
vn -0.0686 0.7993 -0.5970
vn -1.0000 0.0001 -0.0001
vn -1.0000 0.0001 -0.0002
vn -1.0000 0.0002 -0.0002
vn -1.0000 0.0003 -0.0001
vn -0.9317 0.1007 0.3490
vn -0.9310 0.0971 0.3519
vn -0.1399 0.2711 0.9523
vn -0.1260 0.2720 0.9540
vn -0.9310 0.0972 0.3518
vn -0.9310 0.0971 0.3518
vn -0.1221 -0.0000 0.9925
vn -0.9343 -0.0000 0.3566
vn 0.5769 0.8164 -0.0260
vn 0.7842 0.5664 -0.2534
vn 0.1586 0.9150 -0.3710
vn 0.0603 0.9977 -0.0317
vn 0.3532 0.8262 -0.4390
vn 0.1585 0.9150 -0.3710
vn -0.0000 0.9303 -0.3669
vn 0.0602 0.9977 -0.0317
vn -0.0000 0.9303 -0.3668
vn -0.0000 0.9995 -0.0322
vn -0.3910 -0.9204 -0.0000
vn -0.3908 -0.9202 -0.0203
vn -0.0025 -0.9998 -0.0203
vn -0.3909 -0.9202 -0.0203
vn -0.3477 -0.8186 -0.4572
vn -0.0022 -0.8885 -0.4589
vn -0.0024 -0.9998 -0.0203
vn -0.0021 -0.8885 -0.4589
vn 0.3827 -0.9237 -0.0204
vn 0.3402 -0.8212 -0.4583
vn 0.8212 -0.3402 -0.4583
vn 0.9990 0.0153 -0.0413
vn 0.9984 0.0388 -0.0411
vn 1.0000 0.0050 -0.0075
vn 0.9999 0.0037 -0.0136
vn 1.0000 -0.0026 -0.0078
vn 1.0000 -0.0043 -0.0054
vn 1.0000 -0.0000 -0.0088
vn 1.0000 -0.0026 -0.0077
vn 1.0000 -0.0000 -0.0069
vn 1.0000 -0.0025 -0.0063
vn 1.0000 -0.0043 -0.0047
vn -0.9148 0.0969 0.3922
vn -0.8190 0.1547 0.5526
vn -0.1865 0.2709 0.9444
vn -0.9707 -0.1948 -0.1410
vn -0.9992 -0.0200 -0.0357
vn -0.8190 0.1546 0.5526
vn -0.9992 -0.0200 -0.0356
vn -0.9999 0.0002 -0.0114
vn -0.7543 0.0033 0.6565
vn -0.1864 0.2709 0.9444
vn -0.7544 0.0033 0.6565
vn -0.1909 -0.0009 0.9816
vn -0.1544 -0.9138 -0.3757
vn -0.0573 -0.9979 -0.0318
vn -0.1544 -0.9138 -0.3756
vn -0.0574 -0.9978 -0.0317
vn -0.5755 -0.8174 -0.0260
vn -0.7875 -0.5619 -0.2532
vn -0.3365 -0.8204 -0.4623
vn -0.7875 -0.5619 -0.2533
vn -0.9707 -0.1948 -0.1409
vn 0.5832 -0.5780 0.5708
vn 0.5841 -0.7512 0.3076
vn 0.9964 -0.0784 0.0321
vn 0.9964 -0.0601 0.0593
vn 0.9964 -0.0785 0.0321
vn 1.0000 -0.0046 0.0019
vn 0.9964 -0.0600 0.0592
vn 1.0000 -0.0034 0.0034
vn 0.5844 -0.3121 0.7491
vn 0.0607 -0.3839 0.9214
vn 0.0608 -0.7101 0.7015
vn 0.5833 -0.0000 0.8123
vn 0.0607 -0.0001 0.9982
vn 0.0607 -0.3838 0.9214
vn 0.0606 -0.3838 0.9214
vn 0.0607 -0.0000 0.9982
vn 0.0001 -0.0000 1.0000
vn -0.0000 -0.3845 0.9231
vn 0.0607 -0.7101 0.7015
vn -0.0000 -0.3846 0.9231
vn -0.0000 -0.7114 0.7028
vn -0.0328 0.2766 0.9604
vn -0.0334 -0.0003 0.9994
vn 0.0003 0.2754 0.9613
vn -0.0308 0.2744 0.9611
vn -0.0329 0.2766 0.9604
vn -0.1908 -0.0008 0.9816
vn -0.0236 -0.9982 0.0560
vn -0.1898 -0.9790 0.0739
vn -0.0235 -0.9982 0.0560
vn -0.0235 -0.9982 0.0561
vn -0.0221 -0.6518 0.7581
vn -0.1898 -0.9790 0.0740
vn -0.0222 -0.6518 0.7581
vn -0.0863 -0.6504 0.7547
vn -0.0864 -0.6504 0.7547
vn -0.1688 -0.0774 0.9826
vn -0.9061 -0.3359 0.2574
vn -0.1899 -0.9790 0.0739
vn -0.1689 -0.0774 0.9826
vn -0.1565 0.0104 0.9876
vn -0.9523 0.0032 0.3052
vn -0.9060 -0.3359 0.2574
vn -0.9060 -0.3358 0.2575
vn -0.9523 0.0032 0.3051
vn -1.0000 -0.0003 -0.0000
vn -1.0000 -0.0004 -0.0001
vn -0.9523 0.0031 0.3052
vn -0.9445 0.0364 0.3264
vn -0.1536 0.1087 0.9821
vn -0.9445 0.0365 0.3264
vn -0.1398 0.2711 0.9524
vn -0.9317 0.1006 0.3490
vn -1.0000 -0.0003 -0.0002
vn -0.9317 0.1007 0.3491
vn -0.0000 0.0679 0.9977
vn -0.0159 -0.1017 0.9947
vn -0.0321 -0.2725 0.9616
vn -0.0160 -0.1017 0.9947
vn 0.0001 0.8966 -0.4429
vn -0.7487 0.6497 0.1317
vn -0.3618 0.8243 -0.4356
vn 0.0040 1.0000 -0.0049
vn -0.0000 0.2411 0.9705
vn -0.7487 0.6497 0.1318
vn -0.1650 -0.2352 0.9578
vn -0.9175 -0.0928 0.3869
vn -0.3617 0.8242 -0.4356
vn -0.9174 -0.0929 0.3869
vn -0.9759 0.1813 -0.1211
vn -1.0000 0.0001 -0.0000
vn -0.9007 0.4343 -0.0000
vn -1.0000 0.0003 -0.0000
vn -0.9004 0.4351 -0.0000
vn -0.9342 -0.0000 0.3566
vn -0.9293 -0.0968 0.3563
vn -0.9342 -0.0001 0.3566
vn -0.1262 -0.2678 0.9552
vn -0.9294 -0.0968 0.3563
vn -0.1261 -0.2678 0.9552
vn -0.1398 -0.2699 0.9527
vn -0.9299 -0.1014 0.3535
vn -0.9299 -0.1013 0.3536
vn -0.0186 0.2757 0.9611
vn -0.0163 0.2752 0.9612
vn -0.1259 0.2720 0.9540
vn -0.0186 0.2758 0.9610
vn -0.0163 0.2752 0.9613
vn -0.0157 0.0001 0.9999
vn -0.0157 -0.0000 0.9999
vn 0.5831 0.5780 0.5709
vn 0.5841 0.7512 0.3076
vn 0.0606 0.9237 0.3783
vn 0.0608 0.7101 0.7014
vn 0.5840 0.7512 0.3075
vn 0.0602 0.9977 -0.0316
vn 0.0606 0.9237 0.3782
vn -0.0000 0.9995 -0.0321
vn -0.0000 0.9255 0.3788
vn 0.0607 0.7101 0.7014
vn -0.0000 0.9254 0.3789
vn -0.0000 0.7115 0.7027
vn 0.9969 0.0702 -0.0348
vn 0.9984 0.0389 -0.0411
vn 0.5770 0.8164 -0.0260
vn 0.9960 0.0894 -0.0033
vn 0.9969 0.0703 -0.0348
vn 1.0000 0.0050 -0.0001
vn 1.0000 0.0051 -0.0029
vn 1.0000 0.0051 -0.0030
vn 1.0000 0.0026 -0.0077
vn 1.0000 0.0043 -0.0053
vn 1.0000 0.0026 -0.0078
vn 1.0000 0.0043 -0.0054
vn 1.0000 0.0043 -0.0047
vn 1.0000 0.0025 -0.0063
vn 1.0000 -0.0054 -0.0002
vn 1.0000 -0.0052 -0.0027
vn 1.0000 -0.0052 -0.0025
vn 1.0000 -0.0052 -0.0028
vn 0.9996 -0.0110 -0.0263
vn 0.9996 -0.0189 -0.0192
vn 0.9996 -0.0000 -0.0285
vn 0.9996 -0.0111 -0.0264
vn 0.5259 -0.0000 -0.8506
vn 0.5298 -0.3231 -0.7842
vn 0.9996 -0.0111 -0.0263
vn 0.5548 -0.5749 -0.6014
vn -0.9992 -0.0138 -0.0369
vn -0.9993 -0.0001 -0.0369
vn -0.9986 -0.0363 -0.0380
vn -1.0000 -0.0050 -0.0076
vn -0.9999 -0.0038 -0.0137
vn -0.9999 -0.0038 -0.0138
vn -0.9999 -0.0000 -0.0171
vn -0.0576 -0.9239 0.3782
vn -0.0573 -0.9979 -0.0317
vn -0.0578 -0.7103 0.7015
vn -0.0577 -0.9239 0.3783
vn -0.0578 -0.7103 0.7016
vn -0.5817 -0.5787 0.5716
vn -0.5826 -0.7522 0.3080
vn -0.0574 -0.9979 -0.0317
vn -0.5826 -0.7522 0.3079
vn -0.9972 -0.0667 -0.0330
vn -0.9986 -0.0364 -0.0380
vn -0.5755 -0.8174 -0.0261
vn -0.9963 -0.0855 -0.0032
vn -0.9972 -0.0666 -0.0330
vn -0.9963 -0.0854 -0.0032
vn -1.0000 -0.0051 -0.0002
vn -1.0000 -0.0052 -0.0030
vn -0.9986 -0.0363 -0.0379
vn -0.0001 -0.7114 0.7028
vn 0.0001 -0.7114 0.7028
vn 0.5844 -0.3120 0.7491
vn 0.9966 -0.0316 0.0759
vn 0.9966 -0.0000 0.0827
vn 0.5844 -0.3120 0.7490
vn 0.5832 -0.5779 0.5709
vn 0.9964 -0.0600 0.0593
vn 0.9966 -0.0317 0.0759
vn 1.0000 -0.0035 0.0034
vn 1.0000 -0.0019 0.0043
vn 1.0000 -0.0018 0.0044
vn 1.0000 0.0001 0.0047
vn 1.0000 -0.0036 0.0035
vn 1.0000 -0.0036 0.0036
vn 1.0000 -0.0048 0.0020
vn 1.0000 -0.0048 0.0021
vn 1.0000 -0.0035 0.0037
vn 1.0000 -0.0033 0.0034
vn 1.0000 -0.0046 0.0018
vn 1.0000 -0.0049 0.0019
vn 1.0000 -0.0045 0.0020
vn 1.0000 -0.0050 -0.0002
vn 1.0000 -0.0049 0.0020
vn 1.0000 -0.0054 -0.0001
vn 1.0000 -0.0053 -0.0001
vn 0.5844 0.3120 0.7491
vn 0.0607 0.3838 0.9214
vn 0.0608 -0.0000 0.9982
vn 0.5844 0.3121 0.7491
vn 0.0607 0.7101 0.7015
vn 0.0607 0.3839 0.9214
vn 0.0606 0.3839 0.9214
vn -0.0000 0.7114 0.7028
vn -0.0000 0.3846 0.9231
vn 0.0606 0.3838 0.9214
vn 0.0001 0.3845 0.9231
vn -0.0344 -0.2726 0.9615
vn -0.0334 -0.0004 0.9994
vn -0.0344 -0.2725 0.9615
vn -0.0345 -0.2725 0.9615
vn -0.1908 -0.0009 0.9816
vn -0.1971 -0.2665 0.9435
vn 0.0003 0.2755 0.9613
vn -0.0203 -0.0542 0.9983
vn -0.0202 -0.0543 0.9983
vn -0.0202 -0.0542 0.9983
vn -0.0206 0.0101 0.9997
vn -0.1688 -0.0773 0.9826
vn -0.1564 0.0104 0.9876
vn -0.0205 0.1105 0.9937
vn -0.1535 0.1087 0.9821
vn -0.1398 0.2710 0.9524
vn -0.0672 0.7877 0.6123
vn -0.0179 0.7905 0.6121
vn -0.0157 0.9992 0.0373
vn -0.1281 0.9904 0.0519
vn -0.0179 0.7905 0.6122
vn -0.0156 0.9992 0.0373
vn -0.1281 0.9904 0.0518
vn -0.1599 0.9150 -0.3705
vn -0.0573 0.9979 -0.0318
vn -0.3618 0.8242 -0.4356
vn -0.9760 0.1812 -0.1211
vn -0.7955 0.5533 -0.2470
vn -0.0573 0.9978 -0.0318
vn -0.7956 0.5533 -0.2469
vn -0.5755 0.8174 -0.0261
vn -0.9993 0.0182 -0.0321
vn -0.8330 -0.1434 0.5344
vn -0.9993 0.0183 -0.0321
vn -0.9175 -0.0929 0.3868
vn -0.9175 -0.0928 0.3868
vn -0.1972 -0.2665 0.9435
vn -0.9527 -0.0034 0.3040
vn -0.8851 0.3893 0.2550
vn -0.1565 -0.0112 0.9876
vn -0.1668 0.0898 0.9819
vn -0.8851 0.3893 0.2549
vn -0.0673 0.7877 0.6124
vn -0.8851 0.3892 0.2550
vn -0.1282 0.9904 0.0518
vn -1.0000 0.0003 -0.0002
vn -0.9438 -0.0377 0.3283
vn -0.9299 -0.1014 0.3536
vn -0.1535 -0.1121 0.9818
vn -0.9438 -0.0378 0.3283
vn -0.1534 -0.1121 0.9818
vn -1.0000 0.0004 -0.0001
vn -0.9527 -0.0034 0.3039
vn -0.0157 -0.0001 0.9999
vn -0.0164 -0.2710 0.9624
vn -0.0156 -0.0000 0.9999
vn 0.0001 -0.2712 0.9625
vn -0.0186 -0.2745 0.9614
vn -0.1397 -0.2699 0.9527
vn 0.0001 0.2754 0.9613
vn 0.0001 0.2755 0.9613
vn -0.0000 0.2763 0.9611
vn 0.5841 0.7512 0.3075
vn 0.9964 0.0785 0.0321
vn 0.9960 0.0895 -0.0033
vn 0.5832 0.5780 0.5708
vn 0.9964 0.0601 0.0593
vn 0.9964 0.0784 0.0321
vn 0.9964 0.0600 0.0592
vn 1.0000 0.0034 0.0035
vn 1.0000 0.0047 0.0018
vn 0.9964 0.0784 0.0320
vn 1.0000 0.0046 0.0019
vn 1.0000 0.0052 -0.0028
vn 1.0000 0.0054 -0.0002
vn 1.0000 0.0052 -0.0027
vn 1.0000 0.0052 -0.0025
vn 0.9996 0.0110 -0.0263
vn 0.9996 0.0189 -0.0192
vn 0.9996 0.0111 -0.0264
vn 0.5548 0.5749 -0.6014
vn 0.5298 0.3231 -0.7842
vn 0.9996 0.0110 -0.0264
vn 0.5259 0.0001 -0.8506
vn 0.6239 -0.7811 -0.0247
vn 0.9998 -0.0217 -0.0004
vn 0.9997 -0.0226 -0.0103
vn 0.5876 -0.7302 -0.3486
vn 0.9998 -0.0217 -0.0006
vn 1.0000 -0.0053 -0.0002
vn 1.0000 -0.0052 -0.0024
vn 0.9996 -0.0189 -0.0193
vn 0.5548 -0.5748 -0.6015
vn 0.0093 -0.6922 -0.7216
vn 0.0213 -0.6919 -0.7217
vn 0.0184 -0.3814 -0.9242
vn 0.0072 -0.3805 -0.9247
vn 0.0213 -0.6919 -0.7216
vn 0.5547 -0.5749 -0.6015
vn 0.5297 -0.3231 -0.7842
vn 0.0184 -0.3813 -0.9243
vn 0.5258 -0.0000 -0.8506
vn 0.0179 -0.0000 -0.9998
vn 0.0072 -0.3804 -0.9248
vn 0.0068 -0.0000 -1.0000
vn -0.9993 0.0133 -0.0363
vn -0.9987 0.0355 -0.0373
vn -0.9993 -0.0000 -0.0369
vn -0.9999 0.0038 -0.0138
vn -0.9999 0.0038 -0.0137
vn -1.0000 0.0050 -0.0076
vn -1.0000 -0.0026 -0.0078
vn -1.0000 -0.0001 -0.0088
vn -1.0000 -0.0043 -0.0054
vn -1.0000 -0.0042 -0.0047
vn -1.0000 -0.0024 -0.0062
vn -1.0000 -0.0000 -0.0088
vn -1.0000 -0.0025 -0.0061
vn -1.0000 -0.0000 -0.0067
vn -0.0577 -0.3839 0.9216
vn -0.0578 -0.7102 0.7016
vn -0.0001 -0.3845 0.9231
vn -0.0578 -0.0000 0.9983
vn -0.5818 -0.0000 0.8133
vn -0.5829 -0.3124 0.7500
vn -0.0578 -0.3839 0.9215
vn -0.5830 -0.3125 0.7500
vn -0.9967 -0.0749 0.0306
vn -0.9963 -0.0855 -0.0031
vn -0.5826 -0.7521 0.3079
vn -0.9967 -0.0574 0.0566
vn -0.9968 -0.0573 0.0566
vn -1.0000 -0.0035 0.0035
vn -1.0000 -0.0047 0.0019
vn -0.9967 -0.0748 0.0306
vn -1.0000 -0.0051 -0.0000
vn -0.0000 0.3845 0.9231
vn 0.9966 0.0317 0.0759
vn 0.5844 0.3121 0.7490
vn 0.9966 0.0316 0.0759
vn 1.0000 -0.0001 0.0047
vn 1.0000 0.0018 0.0044
vn 0.9964 0.0600 0.0593
vn 1.0000 0.0035 0.0034
vn 1.0000 -0.0017 0.0045
vn 1.0000 -0.0017 0.0047
vn 1.0000 -0.0002 0.0050
vn 1.0000 -0.0035 0.0033
vn 1.0000 -0.0018 0.0047
vn 1.0000 -0.0020 0.0046
vn 1.0000 -0.0019 0.0046
vn 1.0000 -0.0001 0.0050
vn 1.0000 -0.0018 0.0046
vn 1.0000 -0.0001 0.0049
vn 0.0003 -0.2712 0.9625
vn -0.0206 -0.0109 0.9997
vn -0.0202 0.0649 0.9977
vn -0.0205 -0.0109 0.9997
vn -0.0202 0.0650 0.9977
vn -0.0672 0.7877 0.6124
vn -0.0576 0.9239 0.3783
vn -0.0578 0.7103 0.7015
vn -0.0573 0.9979 -0.0317
vn -0.0577 0.9239 0.3782
vn -0.0577 0.9239 0.3783
vn -0.0574 0.9979 -0.0317
vn -0.5754 0.8174 -0.0260
vn -0.5826 0.7522 0.3079
vn -0.5826 0.7522 0.3080
vn -0.5817 0.5787 0.5716
vn -1.0000 0.0051 -0.0002
vn -0.9963 0.0854 -0.0032
vn -0.9973 0.0663 -0.0327
vn -1.0000 0.0052 -0.0030
vn -0.9963 0.0855 -0.0032
vn -0.5755 0.8174 -0.0260
vn -0.7955 0.5533 -0.2469
vn -0.9987 0.0356 -0.0373
vn -0.0205 -0.1139 0.9933
vn -0.0204 -0.1139 0.9933
vn -0.1534 -0.1120 0.9818
vn 0.0002 -0.2713 0.9625
vn 1.0000 0.0045 0.0019
vn 1.0000 0.0048 0.0021
vn 1.0000 0.0046 0.0018
vn 1.0000 0.0033 0.0034
vn 1.0000 0.0035 0.0037
vn 1.0000 0.0049 0.0019
vn 1.0000 0.0049 0.0020
vn 1.0000 0.0036 0.0036
vn 1.0000 0.0035 0.0036
vn 1.0000 0.0048 0.0020
vn 1.0000 0.0053 -0.0001
vn 0.9997 0.0226 -0.0103
vn 1.0000 0.0053 -0.0002
vn 0.9998 0.0216 -0.0004
vn 0.6239 0.7811 -0.0247
vn 0.5876 0.7302 -0.3486
vn 0.0184 0.3813 -0.9243
vn 0.0072 0.3805 -0.9248
vn 0.5297 0.3231 -0.7842
vn 0.0185 0.3814 -0.9242
vn 0.5547 0.5749 -0.6015
vn 0.0213 0.6919 -0.7217
vn 0.0072 0.3805 -0.9247
vn 0.0184 0.3814 -0.9242
vn 0.0212 0.6919 -0.7216
vn 0.0093 0.6922 -0.7216
vn 1.0000 -0.0035 0.0036
vn 0.9998 -0.0194 0.0088
vn 0.9998 -0.0143 0.0156
vn 0.9998 -0.0216 -0.0004
vn 0.9998 -0.0194 0.0087
vn 0.6330 -0.7059 0.3179
vn 0.9998 -0.0144 0.0156
vn 0.6404 -0.5198 0.5654
vn 0.6238 -0.7812 -0.0247
vn 0.5876 -0.7302 -0.3485
vn 0.0265 -0.9028 -0.4291
vn 0.0327 -0.9990 -0.0308
vn 0.0213 -0.6920 -0.7216
vn 0.0265 -0.9028 -0.4292
vn 0.0093 -0.6923 -0.7215
vn 0.0135 -0.9036 -0.4282
vn 0.0327 -0.9990 -0.0309
vn 0.0136 -0.9036 -0.4281
vn 0.0187 -0.9994 -0.0306
vn -1.0000 0.0026 -0.0078
vn -1.0000 0.0043 -0.0054
vn -1.0000 0.0001 -0.0088
vn -1.0000 0.0025 -0.0062
vn -1.0000 0.0024 -0.0062
vn -1.0000 0.0042 -0.0047
vn -1.0000 -0.0052 -0.0028
vn -1.0000 -0.0043 -0.0055
vn -1.0000 -0.0052 -0.0002
vn -1.0000 -0.0054 -0.0002
vn -1.0000 -0.0055 -0.0002
vn -1.0000 -0.0052 -0.0026
vn -1.0000 -0.0041 -0.0048
vn -1.0000 0.0001 -0.0067
vn -1.0000 -0.0025 -0.0062
vn -0.9997 -0.0092 -0.0219
vn -0.9997 -0.0000 -0.0236
vn -0.9997 -0.0157 -0.0162
vn -0.9997 -0.0092 -0.0220
vn -0.8056 -0.4099 -0.4279
vn -0.7866 -0.2356 -0.5707
vn -0.9997 -0.0000 -0.0237
vn -0.7841 -0.0000 -0.6206
vn -0.0577 0.3839 0.9216
vn -0.0578 0.0001 0.9983
vn -0.0578 0.7102 0.7016
vn -0.0578 0.3839 0.9215
vn -0.5830 0.3125 0.7500
vn -0.0578 0.3839 0.9216
vn -0.5829 0.3124 0.7500
vn -0.5830 -0.3124 0.7500
vn -0.9969 -0.0302 0.0724
vn -0.9967 -0.0573 0.0566
vn -0.9969 -0.0000 0.0790
vn -0.9969 -0.0000 0.0789
vn -1.0000 -0.0000 0.0048
vn -1.0000 -0.0018 0.0045
vn -1.0000 -0.0019 0.0045
vn -1.0000 -0.0051 -0.0001
vn -1.0000 -0.0047 0.0020
vn -1.0000 -0.0049 0.0021
vn -1.0000 -0.0037 0.0036
vn -1.0000 -0.0050 0.0020
vn -1.0000 -0.0049 0.0022
vn -1.0000 -0.0038 0.0036
vn -1.0000 -0.0048 0.0022
vn -1.0000 -0.0054 -0.0001
vn -1.0000 -0.0049 0.0020
vn 1.0000 0.0034 0.0034
vn 1.0000 0.0019 0.0044
vn 1.0000 0.0020 0.0046
vn 1.0000 -0.0000 0.0047
vn 1.0000 0.0001 0.0050
vn 1.0000 0.0019 0.0046
vn 1.0000 -0.0000 0.0050
vn 1.0000 -0.0000 0.0049
vn 0.9998 -0.0078 0.0197
vn 0.9998 -0.0000 0.0205
vn 0.9998 -0.0079 0.0197
vn 0.6458 -0.2829 0.7091
vn 0.6541 -0.0000 0.7564
vn -0.5826 0.7521 0.3080
vn -0.9967 0.0749 0.0306
vn -0.9967 0.0574 0.0566
vn -0.9963 0.0855 -0.0031
vn -0.9967 0.0748 0.0306
vn -1.0000 0.0051 -0.0001
vn -1.0000 0.0047 0.0020
vn -0.9968 0.0573 0.0566
vn -1.0000 0.0047 0.0019
vn -1.0000 0.0035 0.0035
vn 0.6238 0.7812 -0.0247
vn 0.9998 0.0217 -0.0004
vn 0.9998 0.0194 0.0087
vn 0.6330 0.7058 0.3179
vn 1.0000 0.0054 -0.0001
vn 0.9998 0.0194 0.0088
vn 0.9998 0.0143 0.0156
vn 0.6330 0.7059 0.3179
vn 0.9998 0.0144 0.0156
vn 0.6404 0.5198 0.5654
vn 0.0093 0.6923 -0.7215
vn 0.0213 0.6920 -0.7216
vn 0.0265 0.9028 -0.4292
vn 0.0136 0.9036 -0.4282
vn 0.0327 0.9990 -0.0309
vn 0.0135 0.9036 -0.4281
vn 0.0187 0.9994 -0.0306
vn 0.0093 -0.6925 -0.7213
vn 0.0093 -0.6924 -0.7215
vn 0.0072 -0.3792 -0.9253
vn 0.0072 -0.3778 -0.9258
vn 0.0072 -0.3805 -0.9248
vn 0.0068 -0.0001 -1.0000
vn 0.0072 -0.3778 -0.9259
vn 0.0072 -0.3791 -0.9253
vn -1.0000 0.0054 -0.0002
vn -1.0000 0.0055 -0.0002
vn -1.0000 0.0052 -0.0028
vn -1.0000 0.0052 -0.0026
vn -1.0000 0.0043 -0.0055
vn -1.0000 0.0052 -0.0027
vn -1.0000 0.0052 -0.0029
vn -1.0000 0.0041 -0.0047
vn -0.9997 0.0092 -0.0219
vn -0.9997 0.0157 -0.0162
vn -1.0000 -0.0001 -0.0067
vn -0.9997 0.0091 -0.0220
vn -0.9997 0.0092 -0.0220
vn -0.7866 0.2356 -0.5708
vn -0.9997 0.0158 -0.0162
vn -0.7866 0.2356 -0.5707
vn -0.8055 0.4096 -0.4282
vn -1.0000 -0.0051 -0.0027
vn -0.9998 -0.0190 -0.0089
vn -0.9998 -0.0185 -0.0005
vn -0.8532 -0.5213 -0.0161
vn -0.8288 -0.5053 -0.2405
vn -0.9997 -0.0158 -0.0162
vn -0.9998 -0.0191 -0.0089
vn -0.0068 -0.0000 -1.0000
vn -0.0272 -0.0000 -0.9996
vn -0.0278 -0.3812 -0.9241
vn -0.0072 -0.3805 -0.9248
vn -0.7841 -0.0000 -0.6207
vn -0.0279 -0.3812 -0.9241
vn -0.8055 -0.4099 -0.4279
vn -0.0313 -0.6916 -0.7216
vn -0.0093 -0.6922 -0.7217
vn -0.5819 -0.0001 0.8133
vn -0.9969 0.0302 0.0724
vn -0.9967 0.0573 0.0566
vn -1.0000 0.0034 0.0035
vn -1.0000 0.0019 0.0044
vn -1.0000 0.0018 0.0045
vn -1.0000 -0.0020 0.0047
vn -1.0000 -0.0037 0.0037
vn -1.0000 -0.0018 0.0046
vn -1.0000 -0.0001 0.0048
vn -1.0000 -0.0001 0.0051
vn -1.0000 -0.0019 0.0047
vn -1.0000 -0.0000 0.0051
vn -1.0000 -0.0000 0.0050
vn -1.0000 -0.0035 0.0037
vn 0.9998 0.0078 0.0197
vn 1.0000 0.0018 0.0046
vn 1.0000 0.0001 0.0049
vn 0.6458 0.2829 0.7091
vn 0.9998 0.0079 0.0197
vn 0.0213 -0.0000 0.9998
vn 0.0366 -0.0001 0.9993
vn 0.0363 -0.3702 0.9282
vn 0.0213 -0.3706 0.9286
vn 0.0367 -0.0000 0.9993
vn 0.6458 -0.2829 0.7092
vn 0.0364 -0.3702 0.9283
vn 0.0364 -0.3702 0.9282
vn 0.0365 -0.6763 0.7357
vn 0.0213 -0.3707 0.9285
vn 0.0364 -0.6763 0.7358
vn 0.0217 -0.6774 0.7353
vn -1.0000 0.0036 0.0037
vn -1.0000 0.0037 0.0036
vn -1.0000 0.0049 0.0021
vn -1.0000 0.0037 0.0037
vn -1.0000 0.0050 0.0020
vn 0.0072 0.3792 -0.9253
vn 0.0068 0.0001 -1.0000
vn 0.0093 0.6924 -0.7215
vn 0.0093 0.6925 -0.7213
vn 0.0072 0.3778 -0.9258
vn 0.0072 0.3791 -0.9253
vn 0.0072 0.3778 -0.9259
vn 0.0217 -0.6775 0.7352
vn 0.0364 -0.6763 0.7357
vn 0.0359 -0.9112 0.4105
vn 0.0215 -0.9120 0.4096
vn 0.6330 -0.7058 0.3179
vn 0.0360 -0.9112 0.4105
vn 0.0360 -0.9112 0.4104
vn 0.6238 -0.7812 -0.0246
vn 0.0215 -0.9121 0.4095
vn 0.0359 -0.9112 0.4104
vn 0.0187 -0.9994 -0.0305
vn 0.0135 -0.9043 -0.4266
vn 0.0187 -0.9994 -0.0303
vn 0.0093 -0.6923 -0.7216
vn 0.0093 -0.6924 -0.7214
vn 0.0135 -0.9043 -0.4267
vn 0.0136 -0.9043 -0.4267
vn 0.0093 -0.6926 -0.7213
vn 0.0136 -0.9050 -0.4252
vn 0.0136 -0.9043 -0.4266
vn 0.0136 -0.9050 -0.4251
vn 0.0187 -0.9994 -0.0299
vn -0.8533 0.5212 -0.0161
vn -0.9998 0.0186 -0.0005
vn -0.9998 0.0191 -0.0089
vn -0.8288 0.5052 -0.2405
vn -0.9998 0.0185 -0.0005
vn -0.9998 0.0190 -0.0089
vn -1.0000 0.0051 -0.0027
vn -0.8291 0.5064 -0.2371
vn -0.8055 0.4099 -0.4279
vn -0.0093 0.6922 -0.7217
vn -0.0313 0.6916 -0.7216
vn -0.0278 0.3812 -0.9241
vn -0.0072 0.3805 -0.9248
vn -0.7866 0.2357 -0.5708
vn -0.0279 0.3812 -0.9241
vn -0.8533 -0.5213 -0.0161
vn -0.9998 -0.0186 -0.0005
vn -0.9998 -0.0167 0.0075
vn -0.8583 -0.4679 0.2106
vn -1.0000 -0.0036 0.0037
vn -0.9998 -0.0124 0.0134
vn -0.8624 -0.3427 0.3726
vn -0.0093 -0.6923 -0.7216
vn -0.0374 -0.9024 -0.4293
vn -0.0135 -0.9036 -0.4282
vn -0.0314 -0.6916 -0.7216
vn -0.8288 -0.5052 -0.2405
vn -0.0375 -0.9024 -0.4292
vn -0.0448 -0.9985 -0.0310
vn -0.0135 -0.9036 -0.4281
vn -0.0374 -0.9024 -0.4292
vn -0.0447 -0.9985 -0.0310
vn -0.0186 -0.9994 -0.0306
vn -1.0000 0.0001 0.0048
vn -1.0000 0.0018 0.0046
vn -1.0000 0.0019 0.0047
vn -1.0000 0.0001 0.0051
vn -1.0000 0.0019 0.0045
vn -1.0000 0.0034 0.0036
vn -1.0000 0.0020 0.0047
vn -1.0000 0.0018 0.0047
vn -0.9998 -0.0068 0.0169
vn -0.9998 -0.0000 0.0176
vn -0.9998 -0.0068 0.0170
vn -0.9998 -0.0000 0.0177
vn -0.8706 -0.0000 0.4920
vn -0.8653 -0.1856 0.4656
vn -0.8624 -0.3426 0.3726
vn 0.0217 0.6774 0.7353
vn 0.0364 0.6763 0.7357
vn 0.0363 0.3702 0.9282
vn 0.0213 0.3707 0.9285
vn 0.0365 0.6763 0.7357
vn 0.0364 0.3702 0.9282
vn 0.0213 0.3706 0.9286
vn 0.0366 0.0001 0.9993
vn 0.0214 -0.0000 0.9998
vn 0.0187 0.9994 -0.0305
vn 0.0327 0.9990 -0.0308
vn 0.0360 0.9112 0.4104
vn 0.0215 0.9121 0.4095
vn 0.0328 0.9990 -0.0308
vn 0.0360 0.9112 0.4105
vn 0.0215 0.9120 0.4096
vn 0.0217 0.6775 0.7352
vn 0.0093 0.6926 -0.7213
vn 0.0093 0.6924 -0.7214
vn 0.0136 0.9043 -0.4267
vn 0.0136 0.9050 -0.4252
vn 0.0093 0.6923 -0.7216
vn 0.0135 0.9036 -0.4282
vn 0.0135 0.9043 -0.4267
vn 0.0136 0.9043 -0.4266
vn 0.0136 0.9036 -0.4281
vn 0.0187 0.9994 -0.0303
vn 0.0187 0.9994 -0.0299
vn 0.0217 -0.6800 0.7329
vn 0.0217 -0.6787 0.7341
vn 0.0215 -0.9127 0.4081
vn 0.0215 -0.9134 0.4066
vn 0.0216 -0.9120 0.4095
vn 0.0215 -0.9127 0.4080
vn 0.0187 -0.9994 -0.0302
vn 0.0215 -0.9134 0.4065
vn 0.0187 -0.9994 -0.0298
vn 0.3763 -0.6427 -0.6674
vn 0.0575 -0.6917 -0.7199
vn 0.0555 -0.3762 -0.9249
vn 0.3751 -0.3491 -0.8588
vn 0.0575 -0.6916 -0.7200
vn 0.0072 -0.3779 -0.9258
vn 0.0555 -0.3761 -0.9249
vn 0.0552 -0.0000 -0.9985
vn 0.3751 -0.3490 -0.8588
vn 0.0553 -0.0000 -0.9985
vn 0.3763 -0.0001 -0.9265
vn -1.0000 0.0036 0.0036
vn -1.0000 0.0048 0.0021
vn -0.9998 0.0167 0.0075
vn -0.9998 0.0124 0.0134
vn -0.8532 0.5213 -0.0161
vn -0.8583 0.4680 0.2106
vn -0.8583 0.4679 0.2106
vn -0.8624 0.3427 0.3725
vn -0.8288 0.5053 -0.2405
vn -0.0375 0.9024 -0.4292
vn -0.0448 0.9985 -0.0310
vn -0.0374 0.9024 -0.4293
vn -0.0093 0.6923 -0.7216
vn -0.0135 0.9036 -0.4282
vn -0.0447 0.9985 -0.0310
vn -0.0374 0.9024 -0.4292
vn -0.0135 0.9036 -0.4281
vn -0.0186 0.9994 -0.0306
vn -0.0093 0.6925 -0.7213
vn -0.0093 0.6924 -0.7215
vn -0.0072 0.3792 -0.9253
vn -0.0071 0.3779 -0.9258
vn -0.0093 0.6923 -0.7215
vn -0.0093 0.6922 -0.7216
vn -0.0072 0.3805 -0.9247
vn -0.0072 0.3791 -0.9253
vn -0.0072 0.3804 -0.9248
vn -0.0072 0.3778 -0.9259
vn -0.0068 0.0001 -1.0000
vn -0.0072 -0.3804 -0.9248
vn -0.0072 -0.3791 -0.9253
vn -0.0093 -0.6922 -0.7216
vn -0.0093 -0.6923 -0.7215
vn -0.0072 -0.3792 -0.9253
vn -0.0071 -0.3792 -0.9253
vn -0.0093 -0.6924 -0.7215
vn -0.0093 -0.6925 -0.7213
vn -0.0071 -0.3779 -0.9258
vn -0.0068 -0.0001 -1.0000
vn -0.0071 -0.3778 -0.9259
vn -0.9998 0.0068 0.0169
vn -0.9998 0.0068 0.0170
vn -0.9998 0.0124 0.0135
vn -0.8624 0.3427 0.3726
vn -0.8653 0.1856 0.4656
vn -0.9998 0.0067 0.0170
vn -0.8653 0.1856 0.4655
vn -0.0217 -0.6775 0.7352
vn -0.0490 -0.6760 0.7353
vn -0.0491 -0.3701 0.9277
vn -0.0213 -0.3707 0.9285
vn -0.0491 -0.3700 0.9277
vn -0.0497 -0.0000 0.9988
vn -0.0213 -0.3706 0.9285
vn -0.0213 -0.0000 0.9998
vn 0.0217 0.6799 0.7330
vn 0.0217 0.6787 0.7341
vn 0.0213 0.3711 0.9284
vn 0.0213 0.3715 0.9282
vn 0.0213 0.3710 0.9284
vn 0.0213 0.3706 0.9285
vn 0.0213 0.0001 0.9998
vn 0.0213 -0.0001 0.9998
vn 0.0213 -0.3710 0.9284
vn 0.0213 -0.3715 0.9282
vn 0.0213 -0.3706 0.9285
vn 0.0213 -0.3711 0.9284
vn 0.0213 -0.3711 0.9283
vn 0.0217 -0.6799 0.7330
vn 0.3763 0.0001 -0.9265
vn 0.0555 0.3762 -0.9249
vn 0.3751 0.3490 -0.8588
vn 0.0554 0.3761 -0.9249
vn 0.0072 0.3779 -0.9258
vn 0.0575 0.6916 -0.7200
vn 0.3751 0.3491 -0.8588
vn 0.0575 0.6917 -0.7199
vn 0.3763 0.6426 -0.6674
vn 0.0622 -0.9041 -0.4227
vn 0.0682 -0.9973 -0.0291
vn 0.0622 -0.9041 -0.4228
vn 0.0623 -0.9041 -0.4228
vn 0.3763 -0.6427 -0.6673
vn 0.3827 -0.8382 -0.3884
vn 0.0682 -0.9973 -0.0290
vn 0.3827 -0.8383 -0.3884
vn 0.3958 -0.9180 -0.0240
vn -0.0186 -0.9994 -0.0305
vn -0.0448 -0.9985 -0.0309
vn -0.0483 -0.9108 0.4101
vn -0.0215 -0.9121 0.4094
vn -0.8583 -0.4680 0.2106
vn -0.0483 -0.9107 0.4102
vn -0.0215 -0.9121 0.4095
vn -0.0490 -0.6760 0.7352
vn -0.0093 -0.6924 -0.7214
vn -0.0135 -0.9043 -0.4267
vn -0.0135 -0.9050 -0.4253
vn -0.0186 -0.9994 -0.0303
vn -0.0135 -0.9050 -0.4252
vn -0.0186 -0.9994 -0.0299
vn -0.0135 0.9043 -0.4267
vn -0.0186 0.9994 -0.0303
vn -0.0093 0.6924 -0.7214
vn -0.0135 0.9043 -0.4268
vn -0.0135 0.9050 -0.4253
vn -0.0136 0.9050 -0.4252
vn -0.0186 0.9994 -0.0299
vn -0.0491 0.3700 0.9277
vn -0.0213 0.3706 0.9285
vn -0.0498 -0.0000 0.9988
vn -0.0491 0.3701 0.9277
vn -0.8624 0.3426 0.3726
vn -0.0491 0.6760 0.7353
vn -0.0213 0.3707 0.9285
vn -0.0490 0.6760 0.7353
vn -0.0217 0.6775 0.7352
vn 0.0215 0.9127 0.4080
vn 0.0187 0.9994 -0.0302
vn 0.0215 0.9120 0.4095
vn 0.0215 0.9127 0.4081
vn 0.0217 0.6800 0.7329
vn 0.0215 0.9134 0.4066
vn 0.0215 0.9134 0.4065
vn 0.0187 0.9994 -0.0298
vn 0.3763 0.6427 -0.6673
vn 0.0622 0.9041 -0.4228
vn 0.3827 0.8382 -0.3885
vn 0.0622 0.9041 -0.4227
vn 0.0136 0.9050 -0.4251
vn 0.0682 0.9973 -0.0290
vn 0.3828 0.8382 -0.3884
vn 0.0682 0.9972 -0.0290
vn 0.3958 0.9180 -0.0240
vn 0.3731 -0.0001 0.9278
vn 0.0674 -0.0001 0.9977
vn 0.0677 -0.3712 0.9261
vn 0.3739 -0.3456 0.8607
vn 0.0673 -0.0001 0.9977
vn 0.0214 -0.0001 0.9998
vn 0.0676 -0.3712 0.9261
vn 0.0676 -0.3713 0.9261
vn 0.0692 -0.6798 0.7301
vn 0.3739 -0.3457 0.8606
vn 0.3830 -0.6312 0.6745
vn 0.3831 -0.6312 0.6744
vn 0.0707 -0.9119 0.4042
vn 0.3946 -0.8407 0.3709
vn 0.0692 -0.6799 0.7301
vn 0.0707 -0.9120 0.4041
vn 0.0682 -0.9973 -0.0289
vn 0.3946 -0.8407 0.3708
vn 0.3763 -0.6426 -0.6674
vn 0.4076 -0.3437 -0.8460
vn 0.4088 -0.6328 -0.6576
vn 0.3763 -0.0000 -0.9265
vn 0.4090 -0.0000 -0.9126
vn 0.4076 -0.3436 -0.8460
vn 0.4090 -0.0000 -0.9125
vn 0.4247 -0.0001 -0.9053
vn 0.4233 -0.3407 -0.8395
vn 0.4088 -0.6329 -0.6576
vn 0.4233 -0.3408 -0.8394
vn 0.4245 -0.6277 -0.6525
vn -0.0490 0.6760 0.7352
vn -0.0483 0.9107 0.4102
vn -0.0215 0.9121 0.4095
vn -0.8583 0.4679 0.2107
vn -0.0215 0.9121 0.4094
vn -0.0483 0.9107 0.4101
vn -0.0447 0.9985 -0.0309
vn -0.0186 0.9994 -0.0305
vn -0.1413 0.6862 -0.7136
vn -0.0119 0.6926 -0.7213
vn -0.0097 0.3768 -0.9263
vn -0.1394 0.3730 -0.9173
vn -0.0119 0.6925 -0.7213
vn -0.0093 0.6925 -0.7214
vn -0.0097 0.3768 -0.9262
vn -0.0097 0.3767 -0.9263
vn -0.0071 0.3778 -0.9259
vn -0.0094 -0.0000 -1.0000
vn -0.1394 0.3729 -0.9173
vn -0.0098 0.3767 -0.9263
vn -0.1395 -0.0000 -0.9902
vn -0.0097 -0.3767 -0.9263
vn -0.1393 -0.3729 -0.9173
vn -0.0072 -0.3778 -0.9259
vn -0.0098 -0.3767 -0.9263
vn -0.0098 -0.3768 -0.9262
vn -0.0072 -0.3778 -0.9258
vn -0.0093 -0.6925 -0.7214
vn -0.0119 -0.6926 -0.7213
vn -0.1394 -0.3730 -0.9173
vn -0.0098 -0.3768 -0.9263
vn -0.0119 -0.6925 -0.7213
vn -0.1413 -0.6861 -0.7136
vn -0.0215 -0.9127 0.4080
vn -0.0186 -0.9994 -0.0302
vn -0.0215 -0.9120 0.4095
vn -0.0217 -0.6788 0.7340
vn -0.0215 -0.9127 0.4081
vn -0.0217 -0.6800 0.7329
vn -0.0215 -0.9134 0.4065
vn -0.0187 -0.9994 -0.0302
vn -0.0215 -0.9128 0.4079
vn -0.0186 -0.9994 -0.0298
vn -0.0217 -0.6799 0.7329
vn -0.0217 -0.6787 0.7341
vn -0.0213 -0.3711 0.9283
vn -0.0213 -0.3715 0.9282
vn -0.0213 -0.3711 0.9284
vn -0.0213 -0.0001 0.9998
vn 0.3831 0.6312 0.6745
vn 0.0692 0.6798 0.7301
vn 0.0677 0.3713 0.9260
vn 0.3739 0.3456 0.8607
vn 0.0676 0.3713 0.9261
vn 0.0676 0.3712 0.9261
vn 0.0673 0.0001 0.9977
vn 0.0674 -0.0000 0.9977
vn 0.3731 -0.0000 0.9278
vn 0.0682 0.9973 -0.0289
vn 0.0707 0.9120 0.4041
vn 0.3946 0.8407 0.3709
vn 0.0707 0.9119 0.4042
vn 0.3830 0.6312 0.6744
vn 0.4247 0.0001 -0.9053
vn 0.4076 0.3437 -0.8460
vn 0.4233 0.3407 -0.8395
vn 0.4076 0.3436 -0.8460
vn 0.3751 0.3491 -0.8587
vn 0.4088 0.6328 -0.6576
vn 0.4233 0.3408 -0.8394
vn 0.4088 0.6329 -0.6575
vn 0.4245 0.6277 -0.6525
vn 0.4447 -0.8954 -0.0238
vn 0.4288 -0.9031 -0.0240
vn 0.4153 -0.8254 -0.3825
vn 0.4310 -0.8188 -0.3792
vn 0.3828 -0.8383 -0.3883
vn 0.4152 -0.8254 -0.3825
vn 0.4152 -0.8253 -0.3826
vn 0.3828 -0.8382 -0.3884
vn 0.4088 -0.6329 -0.6575
vn 0.4311 -0.8187 -0.3793
vn 0.4152 -0.8254 -0.3826
vn 0.4246 -0.6277 -0.6525
vn -0.0217 0.6800 0.7329
vn -0.0217 0.6788 0.7340
vn -0.0215 0.9127 0.4080
vn -0.0215 0.9134 0.4065
vn -0.0215 0.9120 0.4095
vn -0.0215 0.9127 0.4081
vn -0.0186 0.9994 -0.0302
vn -0.0215 0.9128 0.4079
vn -0.0186 0.9994 -0.0298
vn -0.1413 -0.6862 -0.7135
vn -0.0119 -0.6926 -0.7212
vn -0.0162 -0.9054 -0.4241
vn -0.1469 -0.8964 -0.4181
vn -0.0093 -0.6926 -0.7213
vn -0.0162 -0.9055 -0.4241
vn -0.0187 -0.9994 -0.0299
vn -0.0213 -0.9993 -0.0296
vn -0.1469 -0.8965 -0.4181
vn -0.0214 -0.9993 -0.0296
vn -0.1555 -0.9874 -0.0280
vn -0.1555 0.9874 -0.0280
vn -0.0214 0.9993 -0.0296
vn -0.0162 0.9055 -0.4241
vn -0.1469 0.8965 -0.4181
vn -0.0213 0.9993 -0.0296
vn -0.0135 0.9050 -0.4252
vn -0.0093 0.6926 -0.7213
vn -0.0119 0.6926 -0.7212
vn -0.1470 0.8964 -0.4181
vn -0.0162 0.9054 -0.4241
vn -0.1413 0.6862 -0.7135
vn -0.0213 0.0001 0.9998
vn -0.0213 0.3711 0.9284
vn -0.0213 0.3715 0.9282
vn -0.0213 0.3711 0.9283
vn -0.0217 0.6787 0.7341
vn -0.0217 0.6799 0.7329
vn 0.4152 0.8253 -0.3826
vn 0.3828 0.8383 -0.3884
vn 0.3958 0.9180 -0.0241
vn 0.4288 0.9031 -0.0240
vn 0.4152 0.8254 -0.3825
vn 0.4447 0.8954 -0.0238
vn 0.4311 0.8188 -0.3792
vn 0.4152 0.8254 -0.3826
vn 0.4310 0.8188 -0.3793
vn 0.4246 0.6277 -0.6525
vn 0.4307 0.6160 0.6596
vn 0.4150 0.6212 0.6647
vn 0.4052 0.3398 0.8487
vn 0.4207 0.3364 0.8425
vn 0.3831 0.6311 0.6745
vn 0.3732 -0.0000 0.9278
vn 0.4045 0.0001 0.9145
vn 0.4046 -0.0000 0.9145
vn 0.4199 0.0001 0.9076
vn 0.4052 -0.3398 0.8487
vn 0.4045 -0.0001 0.9145
vn 0.3831 -0.6311 0.6745
vn 0.4150 -0.6212 0.6647
vn 0.4052 -0.3399 0.8487
vn 0.4307 -0.6160 0.6596
vn 0.4207 -0.3364 0.8425
vn 0.4045 -0.0000 0.9145
vn 0.4199 -0.0001 0.9076
vn 0.4272 -0.8273 0.3649
vn 0.4288 -0.9031 -0.0239
vn 0.4272 -0.8273 0.3648
vn 0.4447 -0.8954 -0.0237
vn 0.4431 -0.8204 0.3613
vn 0.4150 -0.6213 0.6647
vn 0.4272 -0.8272 0.3649
vn 0.4431 -0.8204 0.3614
vn 0.9990 -0.0303 -0.0316
vn 0.8616 -0.3519 -0.3659
vn 0.8616 -0.1909 -0.4704
vn 0.9991 -0.0163 -0.0401
vn 0.8616 -0.3518 -0.3659
vn 0.8615 -0.1909 -0.4704
vn 0.8616 -0.1908 -0.4704
vn 0.4233 -0.3408 -0.8395
vn 0.8608 -0.0000 -0.5090
vn 0.9991 -0.0162 -0.0401
vn 0.8607 -0.0000 -0.5090
vn 0.9990 -0.0000 -0.0440
vn -0.1555 -0.9874 -0.0279
vn -0.0214 -0.9993 -0.0295
vn -0.0242 -0.9139 0.4052
vn -0.1571 -0.9030 0.3999
vn -0.0213 -0.9993 -0.0295
vn -0.0187 -0.9994 -0.0298
vn -0.0242 -0.9139 0.4053
vn -0.0242 -0.6810 0.7319
vn -0.0242 -0.9138 0.4053
vn -0.0243 -0.6810 0.7319
vn -0.1526 -0.6739 0.7229
vn -0.1526 0.6739 0.7229
vn -0.0242 0.6810 0.7319
vn -0.0242 0.9139 0.4053
vn -0.1571 0.9030 0.4000
vn -0.0215 0.9134 0.4066
vn -0.0241 0.9139 0.4053
vn -0.0213 0.9993 -0.0295
vn -0.1571 0.9030 0.3998
vn -0.1555 0.9874 -0.0279
vn -0.4328 0.9012 -0.0234
vn -0.4041 0.9144 -0.0236
vn -0.3911 0.8351 -0.3867
vn -0.4190 0.8239 -0.3815
vn -0.1470 0.8965 -0.4181
vn -0.3911 0.8351 -0.3868
vn -0.1414 0.6862 -0.7135
vn -0.3846 0.6404 -0.6648
vn -0.3847 0.6404 -0.6648
vn -0.4126 0.6319 -0.6561
vn -0.4126 0.6318 -0.6561
vn -0.3835 0.3478 -0.8555
vn -0.4114 0.3432 -0.8444
vn -0.3835 0.3478 -0.8556
vn -0.3835 0.3477 -0.8556
vn -0.3847 -0.0000 -0.9231
vn -0.4115 0.3431 -0.8444
vn -0.4128 -0.0000 -0.9108
vn -0.3835 -0.3477 -0.8556
vn -0.4114 -0.3431 -0.8444
vn -0.3846 -0.0000 -0.9231
vn -0.1396 -0.0000 -0.9902
vn -0.1394 -0.3729 -0.9173
vn -0.3835 -0.3478 -0.8556
vn -0.3846 -0.6403 -0.6649
vn -0.4114 -0.3432 -0.8444
vn -0.3847 -0.6404 -0.6648
vn -0.4126 -0.6318 -0.6562
vn -0.0243 -0.6809 0.7320
vn -0.0238 -0.3719 0.9280
vn -0.1487 -0.3682 0.9178
vn -0.0242 -0.6809 0.7320
vn -0.0213 -0.3716 0.9282
vn -0.0238 -0.3718 0.9280
vn -0.0238 -0.0000 0.9997
vn -0.1487 -0.3681 0.9178
vn -0.0238 -0.0001 0.9997
vn -0.1483 -0.0001 0.9889
vn 0.4447 0.8954 -0.0237
vn 0.4288 0.9031 -0.0239
vn 0.4272 0.8273 0.3648
vn 0.4431 0.8204 0.3613
vn 0.4272 0.8272 0.3649
vn 0.3831 0.6312 0.6744
vn 0.4150 0.6213 0.6647
vn 0.4431 0.8204 0.3614
vn 0.4307 0.6160 0.6595
vn 0.8615 0.1909 -0.4704
vn 0.9991 0.0162 -0.0401
vn 0.4233 0.3408 -0.8395
vn 0.8616 0.1909 -0.4704
vn 0.8616 0.3519 -0.3658
vn 0.9991 0.0163 -0.0401
vn 0.9990 0.0303 -0.0316
vn 0.9991 -0.0431 -0.0011
vn 0.8644 -0.5026 -0.0134
vn 0.8647 -0.4559 -0.2110
vn 0.9991 -0.0388 -0.0179
vn 0.4311 -0.8188 -0.3792
vn 0.8647 -0.4558 -0.2111
vn 0.8647 -0.4559 -0.2111
vn 0.9990 -0.0304 -0.0316
vn -0.1483 -0.0000 0.9889
vn -0.0238 0.0001 0.9997
vn -0.0238 0.3718 0.9280
vn -0.1487 0.3681 0.9178
vn -0.0238 0.3719 0.9280
vn -0.0242 0.6809 0.7320
vn -0.1487 0.3682 0.9178
vn -0.1470 -0.8964 -0.4181
vn -0.3911 -0.8351 -0.3868
vn -0.3846 -0.6404 -0.6648
vn -0.4041 -0.9144 -0.0236
vn -0.3911 -0.8352 -0.3867
vn -0.3912 -0.8351 -0.3867
vn -0.4328 -0.9012 -0.0234
vn -0.4190 -0.8240 -0.3814
vn -0.4190 -0.8239 -0.3815
vn -0.4126 -0.6319 -0.6561
vn -0.4029 0.8374 0.3694
vn -0.3912 0.6293 0.6715
vn -0.1571 0.9030 0.3999
vn -0.4041 0.9144 -0.0235
vn -0.4028 0.8375 0.3693
vn -0.4029 0.8374 0.3693
vn -0.4328 0.9012 -0.0233
vn -0.4310 0.8257 0.3640
vn -0.4310 0.8257 0.3641
vn -0.4187 0.6208 0.6629
vn 0.4311 0.8187 -0.3793
vn 0.8647 0.4559 -0.2111
vn 0.4447 0.8953 -0.0238
vn 0.8644 0.5026 -0.0134
vn 0.8647 0.4559 -0.2110
vn 0.9991 0.0431 -0.0011
vn 0.9991 0.0388 -0.0179
vn 0.8616 0.3518 -0.3659
vn 0.9990 0.0304 -0.0316
vn 0.9991 0.0432 -0.0011
vn 0.8647 0.4598 0.2021
vn 0.9991 0.0390 0.0171
vn 0.8597 0.3488 0.3731
vn 0.9990 0.0303 0.0325
vn 0.8597 0.3489 0.3731
vn 0.8561 0.1913 0.4801
vn 0.9990 0.0165 0.0414
vn 0.8528 -0.0000 0.5223
vn 0.9990 0.0164 0.0414
vn 0.9990 -0.0000 0.0456
vn 0.4307 -0.6160 0.6595
vn 0.8647 -0.4598 0.2021
vn 0.8597 -0.3488 0.3731
vn 0.8647 -0.4598 0.2020
vn 0.9991 -0.0432 -0.0010
vn 0.9991 -0.0390 0.0171
vn 0.8597 -0.3489 0.3731
vn 0.9990 -0.0303 0.0325
vn 0.4200 -0.0001 0.9075
vn 0.8561 -0.1913 0.4801
vn 0.8561 -0.1914 0.4801
vn 0.9990 -0.0165 0.0414
vn 0.9990 -0.0164 0.0414
vn 0.9991 -0.0432 -0.0011
vn 1.0000 -0.0066 -0.0030
vn 1.0000 -0.0048 -0.0002
vn 1.0000 -0.0034 -0.0036
vn 1.0000 -0.0047 -0.0001
vn 1.0000 -0.0027 -0.0067
vn 1.0000 -0.0000 -0.0049
vn 0.9991 -0.0162 -0.0400
vn 1.0000 0.0001 0.0003
vn 1.0000 -0.0000 -0.0048
vn -0.4328 -0.9012 -0.0233
vn -0.4041 -0.9144 -0.0235
vn -0.4029 -0.8374 0.3693
vn -0.4310 -0.8257 0.3640
vn -0.1571 -0.9030 0.3998
vn -0.4029 -0.8375 0.3693
vn -0.1572 -0.9030 0.4000
vn -0.3912 -0.6293 0.6715
vn -0.4310 -0.8256 0.3641
vn -0.4187 -0.6208 0.6629
vn -0.1488 0.3681 0.9178
vn -0.3820 0.3449 0.8574
vn -0.3812 -0.0000 0.9245
vn -0.3912 0.6293 0.6716
vn -0.3819 0.3450 0.8574
vn -0.3820 0.3450 0.8574
vn -0.4187 0.6207 0.6629
vn -0.4088 0.3401 0.8469
vn -0.3812 0.0001 0.9245
vn -0.4082 -0.0000 0.9129
vn -0.4326 0.9013 -0.0239
vn -0.4327 0.9012 -0.0238
vn -0.4190 0.8239 -0.3816
vn -0.4191 0.8239 -0.3815
vn -0.4190 0.8239 -0.3817
vn -0.4190 0.8238 -0.3817
vn -0.4126 0.6317 -0.6563
vn -0.4191 0.8239 -0.3816
vn -0.4127 0.6315 -0.6565
vn -0.4126 0.6318 -0.6562
vn -0.4114 0.3431 -0.8444
vn -0.4114 0.3430 -0.8444
vn -0.4126 0.6316 -0.6563
vn -0.4114 0.3429 -0.8445
vn -0.4114 0.3430 -0.8445
vn -0.4114 0.3427 -0.8446
vn -0.4114 0.3428 -0.8445
vn -0.4127 0.6314 -0.6565
vn -0.4114 -0.3430 -0.8445
vn -0.4114 -0.3428 -0.8445
vn -0.4114 -0.3429 -0.8445
vn -0.4114 -0.3430 -0.8444
vn -0.4126 -0.6316 -0.6563
vn -0.4127 -0.6314 -0.6565
vn -0.4187 -0.6207 0.6629
vn -0.3820 -0.3450 0.8574
vn -0.4088 -0.3401 0.8469
vn -0.3820 -0.3449 0.8574
vn -0.1488 -0.3681 0.9178
vn 0.9991 0.0162 -0.0400
vn 1.0000 0.0027 -0.0067
vn 1.0000 0.0034 -0.0036
vn 1.0000 -0.0001 0.0003
vn 1.0000 -0.0067 0.0029
vn 1.0000 -0.0034 0.0037
vn 1.0000 -0.0048 -0.0001
vn 0.9991 -0.0390 0.0172
vn 1.0000 0.0003 -0.0001
vn 1.0000 -0.0033 0.0037
vn -0.4190 -0.8238 -0.3817
vn -0.4126 -0.6317 -0.6563
vn -0.4190 -0.8240 -0.3815
vn -0.4327 -0.9012 -0.0238
vn -0.4190 -0.8239 -0.3817
vn -0.4190 -0.8239 -0.3816
vn -0.4326 -0.9013 -0.0239
vn -0.4191 -0.8239 -0.3815
vn -0.4127 -0.6315 -0.6565
vn -0.4186 0.6208 0.6629
vn -0.4187 0.6202 0.6633
vn -0.4327 0.9012 -0.0237
vn -0.4310 0.8257 0.3639
vn -0.4326 0.9013 -0.0238
vn -0.4310 0.8259 0.3635
vn -0.4309 0.8259 0.3636
vn -0.4187 0.6200 0.6635
vn 1.0000 0.0066 -0.0030
vn 1.0000 0.0048 -0.0002
vn 1.0000 -0.0003 0.0001
vn 1.0000 0.0034 -0.0035
vn 1.0000 0.0047 -0.0001
vn 0.9991 0.0390 0.0172
vn 1.0000 0.0067 0.0029
vn 1.0000 0.0048 -0.0001
vn 1.0000 0.0034 0.0037
vn 1.0000 -0.0003 -0.0001
vn 1.0000 0.0033 0.0037
vn 1.0000 0.0027 0.0069
vn 0.9990 -0.0000 0.0455
vn 1.0000 -0.0000 0.0051
vn 1.0000 0.0001 0.0002
vn 1.0000 0.0033 0.0036
vn 1.0000 -0.0027 0.0069
vn 1.0000 0.0001 -0.0003
vn 1.0000 -0.0033 0.0036
vn -0.4326 -0.9013 -0.0238
vn -0.4327 -0.9012 -0.0237
vn -0.4310 -0.8257 0.3639
vn -0.4309 -0.8259 0.3635
vn -0.4310 -0.8256 0.3640
vn -0.4187 -0.6202 0.6633
vn -0.4309 -0.8259 0.3636
vn -0.4187 -0.6200 0.6635
vn -0.4088 0.3392 0.8472
vn -0.4186 0.6207 0.6629
vn -0.4187 0.6202 0.6634
vn -0.4187 0.6199 0.6636
vn -0.4088 0.3384 0.8475
vn -0.4089 0.3383 0.8476
vn -0.4081 -0.0000 0.9129
vn -0.9998 0.0218 -0.0006
vn -0.8676 0.4971 -0.0132
vn -0.8685 0.4499 -0.2082
vn -0.9998 0.0194 -0.0091
vn -0.8685 0.4498 -0.2082
vn -0.4127 0.6315 -0.6564
vn -0.8655 0.3472 -0.3611
vn -0.9998 0.0152 -0.0159
vn -0.8655 0.3473 -0.3611
vn -0.8656 0.1883 -0.4641
vn -0.9998 0.0081 -0.0200
vn -0.8656 0.1882 -0.4641
vn -0.8656 0.1882 -0.4640
vn -0.8646 -0.0000 -0.5024
vn -0.8656 0.1883 -0.4640
vn -0.8646 -0.0000 -0.5025
vn -0.9998 -0.0000 -0.0221
vn -0.8656 -0.1883 -0.4640
vn -0.9998 -0.0081 -0.0200
vn -0.8656 -0.1882 -0.4640
vn -0.8655 -0.3472 -0.3611
vn -0.8656 -0.1883 -0.4641
vn -0.9998 -0.0152 -0.0159
vn -0.4187 -0.6199 0.6636
vn -0.4187 -0.6202 0.6634
vn -0.4088 -0.3392 0.8472
vn -0.4089 -0.3384 0.8475
vn -0.4089 -0.3383 0.8476
vn -0.4127 -0.6315 -0.6564
vn -0.8685 -0.4498 -0.2082
vn -0.8676 -0.4971 -0.0132
vn -0.8685 -0.4499 -0.2082
vn -0.8685 -0.4499 -0.2083
vn -0.9998 -0.0218 -0.0006
vn -0.9998 -0.0194 -0.0091
vn -0.4310 0.8259 0.3636
vn -0.8680 0.4546 0.1998
vn -0.8631 0.3448 0.3689
vn -0.4309 0.8259 0.3635
vn -0.8680 0.4546 0.1997
vn -0.8676 0.4971 -0.0131
vn -0.9998 0.0219 -0.0006
vn -0.9998 0.0196 0.0087
vn -0.8632 0.3448 0.3689
vn -0.9997 0.0152 0.0164
vn -0.9998 -0.0219 -0.0006
vn -0.8680 -0.4546 0.1997
vn -0.9998 -0.0196 0.0087
vn -0.4310 -0.8259 0.3635
vn -0.8680 -0.4546 0.1998
vn -0.8680 -0.4545 0.1998
vn -0.4188 -0.6200 0.6635
vn -0.8632 -0.3448 0.3689
vn -0.8632 -0.3449 0.3688
vn -0.9997 -0.0152 0.0164
vn -0.8599 0.1889 0.4742
vn -0.8564 -0.0000 0.5164
vn -0.4088 0.3384 0.8476
vn -0.8599 0.1890 0.4742
vn -0.9997 0.0082 0.0208
vn -0.9998 0.0082 0.0208
vn -0.9997 -0.0000 0.0229
vn -1.0000 -0.0043 0.0019
vn -1.0000 -0.0058 -0.0000
vn -1.0000 -0.0041 0.0042
vn -1.0000 -0.0057 -0.0000
vn -1.0000 -0.0018 0.0044
vn -1.0000 -0.0000 0.0059
vn -1.0000 -0.0041 0.0041
vn -1.0000 0.0018 0.0044
vn -1.0000 0.0041 0.0042
vn -0.8599 -0.1890 0.4742
vn -0.9997 -0.0082 0.0208
vn -0.4088 -0.3384 0.8475
vn -0.8599 -0.1889 0.4743
vn -0.8599 -0.1889 0.4742
vn -0.8564 -0.0000 0.5163
vn -1.0000 0.0043 0.0019
vn -1.0000 0.0058 -0.0000
vn -1.0000 0.0057 -0.0000
vn -1.0000 -0.0042 -0.0018
vn -1.0000 -0.0042 -0.0042
vn -1.0000 0.0042 -0.0018
vn -1.0000 0.0042 -0.0042
vn -1.0000 -0.0018 -0.0046
vn -1.0000 -0.0000 -0.0061
vn -0.9998 0.0152 0.0164
vn -0.9998 -0.0152 0.0164
vn -0.9998 -0.0082 0.0208
vn -1.0000 0.0018 -0.0046
vn 0.2092 0.5385 -0.8163
vn 0.5757 0.2287 -0.7850
vn 0.0004 0.9984 -0.0565
vn -0.0000 0.7416 -0.6708
vn 0.2092 0.5384 -0.8163
vn -0.0022 0.7417 -0.6708
vn 0.5760 0.2282 -0.7849
vn 0.7038 0.7076 -0.0633
vn 0.9016 0.4287 -0.0572
vn 0.6662 0.3146 -0.6762
vn 0.5412 0.5526 -0.6339
vn 0.5760 0.2281 -0.7850
vn 0.6662 0.3146 -0.6761
vn 0.5761 0.2282 -0.7849
vn 0.5412 0.5526 -0.6338
vn 0.7033 -0.7073 -0.0718
vn 0.3188 -0.6536 -0.6865
vn 0.5309 -0.5447 -0.6492
vn 0.2387 -0.5708 -0.7856
vn 0.3188 -0.6535 -0.6865
vn 0.3188 -0.6536 -0.6864
vn 0.3189 -0.6536 -0.6864
vn 0.9427 -0.3293 -0.0545
vn 0.6611 -0.3066 -0.6847
vn 0.5837 -0.2206 -0.7815
vn 0.7033 -0.7072 -0.0718
vn 0.6611 -0.3067 -0.6847
vn 0.6612 -0.3067 -0.6847
vn 0.5837 -0.2207 -0.7814
vn 0.6580 -0.3135 -0.6847
vn 0.2116 -0.5749 -0.7904
vn -0.0019 -0.7777 -0.6287
vn 0.9426 -0.3293 -0.0545
vn 0.5836 -0.2207 -0.7815
vn 0.2115 -0.5749 -0.7904
vn -0.0000 -0.7777 -0.6286
vn -0.7051 -0.7063 -0.0631
vn -0.8922 -0.4477 -0.0591
vn -0.6692 -0.3329 -0.6643
vn -0.5526 -0.5556 -0.6212
vn -0.9222 -0.3827 -0.0560
vn -0.5898 -0.2554 -0.7661
vn -0.5898 -0.2555 -0.7661
vn -0.5526 -0.5557 -0.6212
vn -0.6692 -0.3330 -0.6643
vn -0.8952 0.4416 -0.0597
vn -0.6672 0.3253 -0.6701
vn -0.5767 0.2438 -0.7797
vn -0.5517 0.5531 -0.6242
vn -0.6672 0.3253 -0.6700
vn -0.5768 0.2438 -0.7797
vn -0.6673 0.3253 -0.6700
vn -0.7052 0.7061 -0.0637
vn -0.4673 0.8839 -0.0187
vn -0.3822 0.5913 -0.7102
vn -0.5990 0.7963 0.0846
vn -0.6908 0.3357 -0.6404
vn -0.3783 0.5940 -0.7100
vn -0.3822 0.5913 -0.7101
vn -0.5518 0.5531 -0.6242
vn -0.6856 0.3253 -0.6513
vn -0.5813 0.2537 -0.7731
vn -0.5647 0.5631 -0.6033
vn 0.3897 0.9189 -0.0615
vn 0.2179 0.5512 -0.8054
vn 0.5905 0.2543 -0.7659
vn 0.0008 0.9984 -0.0565
vn -0.0000 0.7410 -0.6715
vn 0.0040 0.7410 -0.6715
vn 0.5907 0.2542 -0.7658
vn -0.4202 0.9058 -0.0552
vn -0.3162 0.6937 -0.6472
vn -0.4201 0.9058 -0.0552
vn -0.2176 0.6336 -0.7424
vn -0.3162 0.6937 -0.6471
vn -0.3161 0.6938 -0.6471
vn -0.2176 0.6337 -0.7424
vn 0.2299 -0.5850 -0.7778
vn -0.0042 -0.7768 -0.6297
vn 0.3847 -0.9213 -0.0569
vn 0.6017 -0.2658 -0.7532
vn 0.6018 -0.2657 -0.7531
vn -0.0000 -0.7768 -0.6297
vn 0.2299 -0.5850 -0.7777
vn -0.8195 0.0047 -0.5731
vn -0.6185 0.2770 -0.7353
vn -0.9167 0.3948 -0.0610
vn -0.6186 0.2771 -0.7353
vn -0.6186 0.2770 -0.7353
vn -0.2117 0.6361 -0.7420
vn -0.3254 0.9439 -0.0558
vn 0.7055 0.7066 -0.0543
vn 0.6808 0.3350 -0.6514
vn 0.5605 0.5628 -0.6075
vn 0.5906 0.2542 -0.7659
vn 0.6808 0.3349 -0.6514
vn 0.5605 0.5629 -0.6075
vn 0.6043 0.7917 0.0899
vn 0.4694 0.8829 -0.0098
vn 0.3919 0.6046 -0.6934
vn 0.6963 0.3379 -0.6333
vn 0.7054 0.7067 -0.0543
vn 0.3919 0.6046 -0.6935
vn 0.3920 0.6046 -0.6934
vn 0.6962 0.3380 -0.6333
vn 0.6810 -0.3418 -0.6476
vn 0.6018 -0.2657 -0.7532
vn 0.8916 -0.4502 -0.0499
vn 0.7053 -0.7068 -0.0547
vn 0.5605 -0.5641 -0.6064
vn 0.5540 -0.5705 -0.6063
vn 0.9337 0.0006 -0.3582
vn 0.7053 -0.3339 -0.6253
vn 0.9337 0.0005 -0.3582
vn 0.9692 -0.2302 0.0880
vn 0.9337 0.0006 -0.3581
vn 0.7053 -0.3339 -0.6254
vn 0.9987 -0.0000 -0.0516
vn 0.9337 0.0005 -0.3581
vn 0.9692 -0.2301 0.0880
vn 0.9994 0.0002 -0.0346
vn 0.9691 0.2313 0.0857
vn 0.6042 0.7917 0.0898
vn -0.3895 -0.5898 -0.7074
vn -0.7009 -0.3293 -0.6328
vn -0.4754 -0.8796 -0.0182
vn -0.5526 -0.5556 -0.6213
vn -0.3894 -0.5898 -0.7074
vn -0.3894 -0.5899 -0.7074
vn -0.5448 -0.5633 -0.6212
vn -0.7009 -0.3293 -0.6327
vn -0.3895 -0.5899 -0.7074
vn 0.4756 -0.8796 -0.0098
vn 0.3985 -0.6034 -0.6908
vn 0.5605 -0.5640 -0.6064
vn 0.7053 -0.3338 -0.6254
vn 0.3985 -0.6033 -0.6908
vn 0.3985 -0.6034 -0.6907
vn -0.0001 -0.0000 -1.0000
vn -0.9353 0.0005 -0.3539
vn -0.5989 0.7963 0.0846
vn -0.9685 0.2329 0.0877
vn -0.9353 0.0004 -0.3539
vn -0.6907 0.3358 -0.6404
vn -0.9987 -0.0000 -0.0500
vn -0.9353 0.0005 -0.3538
vn -0.9686 0.2329 0.0876
vn -0.9994 -0.0002 -0.0336
vn -0.9700 -0.2271 0.0867
vn -0.9987 -0.0000 -0.0501
vn -0.9700 -0.2272 0.0868
vn -0.7009 -0.3292 -0.6327
vn -0.0000 0.5449 -0.8385
vn -0.0000 0.0951 -0.9955
vn -0.0254 0.0590 -0.9979
vn -0.2149 0.5450 -0.8104
vn -0.0254 0.0589 -0.9979
vn -0.0000 0.9987 -0.0506
vn -0.3601 0.9316 -0.0488
vn -0.3625 0.9320 -0.0000
vn -0.3601 0.9316 -0.0487
vn -0.3600 0.9317 -0.0488
vn -0.2149 0.5451 -0.8104
vn -0.9227 0.3838 -0.0359
vn -0.3624 0.9320 -0.0000
vn 0.0001 0.9984 -0.0566
vn -0.3620 0.9321 -0.0087
vn -0.3591 0.9311 -0.0636
vn -0.3620 0.9321 -0.0086
vn -0.3624 0.9320 0.0001
vn -0.9236 0.3834 -0.0069
vn -0.9211 0.3861 -0.0502
vn -0.0000 0.7381 -0.6747
vn -0.2043 0.5559 -0.8058
vn -0.0000 0.7380 -0.6748
vn -0.0000 0.9984 -0.0567
vn -0.2044 0.5559 -0.8058
vn -0.3591 0.9311 -0.0637
vn -0.2043 0.5559 -0.8057
vn -0.5814 0.2537 -0.7731
vn -0.0000 -0.1144 0.9934
vn 0.0002 -0.2712 0.9625
vn 0.0002 0.2755 0.9613
vn 0.0002 0.2754 0.9613
vn -0.0000 0.2766 0.9610
vn -0.9285 -0.3668 -0.0569
vn -0.3397 -0.9385 -0.0611
vn -0.2041 -0.5850 -0.7849
vn -0.5815 -0.2430 -0.7764
vn -0.0000 -0.9987 -0.0511
vn -0.0000 -0.7729 -0.6346
vn -0.2041 -0.5849 -0.7850
vn -0.0000 -0.7729 -0.6345
vn -0.5815 -0.2431 -0.7764
vn -0.9324 -0.3613 -0.0078
vn -0.3453 -0.9385 -0.0083
vn -0.3397 -0.9385 -0.0612
vn -0.9331 -0.3597 -0.0000
vn -0.3465 -0.9380 -0.0000
vn -0.3465 -0.9380 0.0001
vn -0.3441 -0.9377 -0.0487
vn -0.6627 -0.2525 -0.7050
vn -0.2054 -0.5483 -0.8106
vn -0.3441 -0.9377 -0.0488
vn -0.3442 -0.9376 -0.0488
vn -0.2055 -0.5483 -0.8106
vn -0.0000 -0.5449 -0.8385
vn -0.0000 -0.9987 -0.0506
vn -0.6628 -0.2524 -0.7050
vn -0.0670 -0.0236 -0.9975
vn -0.0247 -0.0601 -0.9979
vn -0.2055 -0.5483 -0.8107
vn -0.0000 -0.0951 -0.9955
vn -0.0000 0.0812 -0.9967
vn -0.0000 0.5222 -0.8529
vn -0.0000 0.0952 -0.9955
vn -0.0000 0.9986 -0.0524
vn -0.0000 0.5222 -0.8528
vn -0.0000 0.9984 -0.0563
vn -0.0000 0.9984 -0.0566
vn -0.0086 0.7437 -0.6685
vn -0.0039 0.7410 -0.6715
vn -0.0009 0.9984 -0.0563
vn -0.0000 0.7437 -0.6685
vn 0.0044 0.7437 -0.6685
vn -0.0000 0.0782 -0.9969
vn -0.0000 -0.1136 0.9935
vn -0.0000 0.1110 0.9938
vn -0.0000 -0.0708 -0.9975
vn -0.0008 -0.9987 -0.0508
vn -0.0000 -0.7795 -0.6264
vn -0.0000 -0.9987 -0.0508
vn 0.0008 -0.9987 -0.0510
vn 0.0042 -0.7795 -0.6264
vn 0.0055 -0.7768 -0.6297
vn -0.0101 -0.7795 -0.6264
vn 0.0001 -0.9987 -0.0511
vn -0.0000 -0.9987 -0.0507
vn -0.0000 -0.9986 -0.0524
vn -0.0000 -0.5222 -0.8528
vn -0.0000 -0.9986 -0.0525
vn -0.0000 -0.5448 -0.8385
vn -0.0000 -0.0813 -0.9967
vn -0.0000 -0.5221 -0.8529
vn -0.0000 -0.0812 -0.9967
vn -0.0000 -0.0962 -0.9954
vn -0.3402 0.8211 -0.4583
vn -0.0000 0.1037 -0.9946
vn -0.0402 0.0970 -0.9945
vn 0.0402 0.0970 -0.9945
vn 0.0401 0.0970 -0.9945
vn -0.0001 0.1036 -0.9946
vn 0.0733 0.0733 -0.9946
vn 0.0970 0.0402 -0.9945
vn 0.0969 0.0402 -0.9945
vn 0.0402 0.0969 -0.9945
vn 0.0732 0.0733 -0.9946
vn -0.6282 0.6281 -0.4592
vn -0.0733 0.0733 -0.9946
vn -0.0970 0.0402 -0.9945
vn -0.0402 0.0969 -0.9945
vn -0.0733 0.0732 -0.9946
vn 0.0970 -0.0402 -0.9945
vn 0.1037 -0.0000 -0.9946
vn 0.0970 -0.0401 -0.9945
vn 0.1037 0.0001 -0.9946
vn -0.0970 -0.0402 -0.9945
vn -0.1037 -0.0001 -0.9946
vn -0.8211 -0.3402 -0.4583
vn -0.1037 -0.0000 -0.9946
vn -0.0970 0.0401 -0.9945
vn 0.0733 -0.0733 -0.9946
vn 0.6282 -0.6281 -0.4592
vn 0.3402 -0.8211 -0.4583
vn 0.0402 -0.0970 -0.9945
vn 0.0402 -0.0969 -0.9945
vn 0.0733 -0.0732 -0.9946
vn -0.0733 -0.0733 -0.9946
vn -0.0402 -0.0970 -0.9945
vn -0.6281 -0.6281 -0.4593
vn -0.8211 -0.3401 -0.4583
vn -0.0969 -0.0402 -0.9945
vn -0.0732 -0.0734 -0.9946
vn -0.0000 -0.1037 -0.9946
vn -0.0000 -0.1036 -0.9946
vn -0.0401 -0.0970 -0.9945
vn 0.0001 -0.1037 -0.9946
vn -0.0000 0.8883 -0.4593
vn -0.0000 0.1036 -0.9946
vn 0.0733 0.0734 -0.9946
vn 0.0002 0.0004 -1.0000
vn -0.8198 0.3431 -0.4585
vn -0.6270 0.6291 -0.4594
vn -0.0731 0.0733 -0.9946
vn -0.0968 0.0405 -0.9945
vn -0.0731 0.0734 -0.9946
vn -0.0733 0.0731 -0.9946
vn 0.8211 -0.3401 -0.4583
vn 0.1036 0.0001 -0.9946
vn -0.1039 -0.0001 -0.9946
vn -0.0969 0.0402 -0.9945
vn -0.1039 0.0007 -0.9946
vn -0.0970 -0.0403 -0.9945
vn -0.3476 -0.8186 -0.4572
vn -0.0413 -0.0971 -0.9944
vn -0.0003 -0.1039 -0.9946
vn -0.0404 -0.0975 -0.9944
vn 0.0001 -0.1039 -0.9946
vn 0.0002 -0.0004 -1.0000
vn 0.0734 -0.0732 -0.9946
vn -0.0413 -0.0970 -0.9944
vn -0.0738 -0.0731 -0.9946
vn -0.0414 -0.0971 -0.9944
vn -0.6340 -0.6233 -0.4578
vn -0.0741 -0.0728 -0.9946
vn -0.0974 -0.0392 -0.9945
vn 0.0602 0.0288 -0.9978
vn 0.5451 0.2285 -0.8066
vn 0.0601 0.0288 -0.9978
vn 0.0220 0.0681 -0.9974
vn 0.2312 0.6873 -0.6886
vn 0.9249 0.3772 -0.0485
vn 0.9248 0.3806 -0.0000
vn 0.9249 0.3772 -0.0484
vn 0.5451 0.2285 -0.8067
vn 0.9248 0.3805 -0.0000
vn 0.9249 0.3771 -0.0485
vn 0.3205 0.9473 -0.0000
vn 0.9248 0.3806 0.0001
vn 0.9267 0.3750 0.0232
vn 0.9691 0.2312 0.0857
vn 0.9267 0.3750 0.0233
vn 0.9248 0.3805 0.0001
vn 0.4021 0.9153 0.0216
vn 0.9267 0.3751 0.0233
vn 0.4023 -0.9152 0.0221
vn 0.9242 -0.3811 0.0243
vn 0.9692 -0.2302 0.0881
vn 0.3181 -0.9481 -0.0000
vn 0.9215 -0.3884 -0.0000
vn 0.9242 -0.3810 0.0243
vn 0.9215 -0.3884 0.0001
vn 0.9217 -0.3848 -0.0484
vn 0.2303 -0.6890 -0.6873
vn 0.5441 -0.2337 -0.8058
vn 0.9217 -0.3849 -0.0484
vn 0.2303 -0.6889 -0.6873
vn 0.0600 -0.0296 -0.9978
vn 0.5440 -0.2337 -0.8059
vn -0.2292 -0.6903 -0.6863
vn -0.5445 -0.2328 -0.8058
vn -0.0602 -0.0297 -0.9977
vn -0.5445 -0.2327 -0.8059
vn -0.5485 -0.0000 -0.8362
vn -0.0975 -0.0000 -0.9952
vn -0.0602 -0.0296 -0.9977
vn -0.3161 -0.9487 -0.0000
vn -0.9222 -0.3867 -0.0000
vn -0.9224 -0.3831 -0.0484
vn -0.5485 -0.0000 -0.8361
vn -0.9224 -0.3831 -0.0485
vn -0.5444 -0.2327 -0.8059
vn -0.9222 -0.3867 0.0001
vn -0.9994 -0.0001 -0.0336
vn -1.0000 0.0004 -0.0053
vn -0.9252 -0.3788 0.0241
vn -0.9700 -0.2272 0.0867
vn -0.6125 -0.7860 0.0844
vn -0.5221 -0.0000 -0.8529
vn -0.0814 -0.0000 -0.9967
vn -0.9986 -0.0000 -0.0524
vn -0.5222 -0.0001 -0.8528
vn -0.9986 0.0001 -0.0524
vn -0.5222 -0.0000 -0.8528
vn -1.0000 -0.0000 -0.0049
vn -1.0000 -0.0000 -0.0050
vn -0.0633 -0.0004 -0.9980
vn -0.0087 0.0003 -1.0000
vn -0.0148 -0.0018 -0.9999
vn -0.1670 -0.0086 -0.9859
vn -0.0114 0.0002 -0.9999
vn -0.0096 0.0002 -1.0000
vn -0.0589 -0.0003 -0.9983
vn -0.5021 -0.0000 -0.8648
vn -0.1123 -0.0000 -0.9937
vn -0.0698 -0.0178 -0.9974
vn -0.5149 -0.1337 -0.8468
vn -0.1122 -0.0000 -0.9937
vn -0.0697 -0.0178 -0.9974
vn -0.3466 -0.4939 -0.7975
vn -0.9397 -0.2609 -0.2210
vn -0.9407 -0.2906 -0.1750
vn -0.9726 -0.0000 -0.2327
vn -0.5149 -0.1337 -0.8467
vn -0.9397 -0.2609 -0.2211
vn -0.5052 -0.8599 -0.0723
vn -0.9331 -0.3261 -0.1513
vn -0.9279 -0.3613 -0.0916
vn -0.9988 -0.0023 -0.0493
vn -0.9993 -0.0005 -0.0367
vn -0.9224 -0.3846 -0.0355
vn -0.9191 -0.3893 -0.0613
vn -0.9279 -0.3613 -0.0915
vn -0.9224 -0.3846 -0.0356
vn -0.4050 -0.9138 -0.0309
vn -0.0947 -0.0000 -0.9955
vn -0.4811 -0.0000 -0.8767
vn -0.0946 -0.0000 -0.9955
vn -0.9722 -0.0000 -0.2344
vn -0.4812 -0.0000 -0.8766
vn -0.9721 -0.0000 -0.2344
vn -0.9988 -0.0000 -0.0495
vn -0.9988 -0.0000 -0.0496
vn -0.4474 -0.8923 -0.0608
vn -0.3349 -0.6752 -0.6572
vn -0.2538 -0.6181 -0.7440
vn -0.4475 -0.8922 -0.0608
vn -0.5567 -0.5560 -0.6171
vn -0.3350 -0.6752 -0.6572
vn -0.5567 -0.5561 -0.6171
vn -0.2539 -0.6181 -0.7440
vn -0.7060 -0.7054 -0.0636
vn -0.6797 -0.3122 -0.6637
vn -0.5567 -0.5560 -0.6172
vn -0.6798 -0.3122 -0.6637
vn -0.6205 -0.2718 -0.7356
vn -0.6204 -0.2719 -0.7356
vn -0.6205 -0.2719 -0.7356
vn -0.8157 -0.0046 -0.5785
vn -0.9191 -0.3893 -0.0614
vn -0.6204 -0.2720 -0.7356
vn -0.9988 -0.0024 -0.0493
vn -0.0113 -0.0002 -0.9999
vn -0.0112 -0.0002 -0.9999
vn -0.9988 -0.0023 -0.0494
vn -0.8157 -0.0047 -0.5785
vn -0.8570 0.0001 -0.5153
vn -0.8570 -0.0000 -0.5154
vn -0.8570 0.0001 -0.5154
vn -0.8570 0.0002 -0.5154
vn -0.8195 0.0048 -0.5731
vn -0.0146 -0.0007 -0.9999
vn -0.1343 -0.0016 -0.9909
vn -0.0147 -0.0007 -0.9999
vn -0.6529 0.2576 -0.7122
vn -0.2360 0.5413 -0.8070
vn -0.0284 0.0583 -0.9979
vn -0.0000 0.5473 -0.8369
vn -0.0000 0.0967 -0.9953
vn -0.3942 0.9190 -0.0000
vn -0.3912 0.9190 -0.0485
vn -0.9287 0.3692 -0.0354
vn -0.3943 0.9190 -0.0000
vn -0.0000 0.5474 -0.8369
vn -0.2361 0.5413 -0.8070
vn -0.2360 0.5414 -0.8070
vn -0.3942 0.9190 0.0001
vn -0.3931 0.9195 -0.0090
vn -0.3870 0.9197 -0.0665
vn -0.3930 0.9195 -0.0090
vn -0.3942 0.9190 -0.0001
vn -0.3871 0.9196 -0.0665
vn -0.0000 0.7387 -0.6740
vn -0.2130 0.5375 -0.8159
vn -0.0000 0.7387 -0.6741
vn -0.2130 0.5374 -0.8160
vn -0.3871 0.9196 -0.0666
vn -0.2131 0.5374 -0.8159
vn -0.0000 0.0778 -0.9970
vn -0.0003 -0.2713 0.9625
vn -0.0003 0.2754 0.9613
vn -0.0000 0.2767 0.9609
vn -0.0000 0.1102 0.9939
vn -0.0001 -0.6513 0.7588
vn -0.3826 -0.9219 -0.0613
vn -0.2256 -0.5722 -0.7885
vn -0.5897 -0.2555 -0.7661
vn -0.3826 -0.9219 -0.0614
vn -0.0000 -0.7748 -0.6322
vn -0.2257 -0.5722 -0.7884
vn 0.0001 -0.7748 -0.6322
vn -0.2256 -0.5723 -0.7884
vn -0.3892 -0.9211 -0.0083
vn -0.3907 -0.9205 -0.0000
vn -0.3892 -0.9211 -0.0082
vn -0.3893 -0.9211 -0.0083
vn -0.0000 -0.9987 -0.0510
vn -0.3907 -0.9205 0.0001
vn -0.0000 -0.5474 -0.8369
vn -0.3878 -0.9205 -0.0485
vn -0.2337 -0.5419 -0.8073
vn -0.3877 -0.9205 -0.0485
vn -0.3907 -0.9205 -0.0002
vn -0.9256 -0.3769 -0.0357
vn -0.2336 -0.5419 -0.8073
vn -0.0000 -0.0967 -0.9953
vn -0.0280 -0.0583 -0.9979
vn -0.2336 -0.5418 -0.8074
vn -0.0281 -0.0583 -0.9979
vn -0.2337 -0.5418 -0.8074
vn -0.6476 -0.2617 -0.7157
vn -0.0000 0.5221 -0.8529
vn -0.0000 0.0814 -0.9967
vn -0.0000 0.0813 -0.9967
vn -0.0001 0.5222 -0.8529
vn 0.0001 0.9986 -0.0524
vn -0.0000 0.7417 -0.6708
vn -0.0081 0.7442 -0.6679
vn -0.0017 0.7416 -0.6708
vn -0.0000 0.7442 -0.6679
vn 0.0042 0.7442 -0.6679
vn -0.0000 0.7443 -0.6679
vn -0.0001 0.0671 0.9977
vn -0.0003 0.2755 0.9613
vn -0.0001 -0.9983 0.0580
vn -0.0001 -0.0709 -0.9975
vn -0.0008 -0.9987 -0.0507
vn -0.0000 -0.7802 -0.6255
vn 0.0004 -0.9987 -0.0510
vn -0.0000 -0.7777 -0.6287
vn 0.0039 -0.7802 -0.6255
vn -0.0022 -0.7777 -0.6286
vn -0.0096 -0.7802 -0.6255
vn 0.0001 -0.9987 -0.0510
vn -0.0000 -0.5476 -0.8368
vn 0.0001 -0.9986 -0.0525
vn -0.0001 -0.5222 -0.8528
vn -0.0000 -0.0814 -0.9967
vn -0.0000 -0.5222 -0.8529
vn -0.0000 -0.5473 -0.8369
vn 0.7327 -0.0092 -0.6805
vn 0.5600 -0.2275 -0.7967
vn 0.5600 -0.2275 -0.7966
vn 0.5601 -0.2275 -0.7966
vn 0.2388 -0.5708 -0.7856
vn 0.2387 -0.5708 -0.7857
vn 0.0126 -0.0001 -0.9999
vn 0.1135 0.0003 -0.9935
vn 0.0107 -0.0003 -0.9999
vn 0.1135 0.0002 -0.9935
vn 0.3270 0.9430 -0.0627
vn 0.4196 0.9056 -0.0617
vn 0.2998 0.6740 -0.6752
vn 0.2044 0.5866 -0.7837
vn 0.4197 0.9056 -0.0617
vn 0.2045 0.5866 -0.7836
vn 0.2999 0.6740 -0.6752
vn 0.0097 -0.0003 -1.0000
vn 0.0166 0.0016 -0.9999
vn 0.1859 0.0082 -0.9825
vn 0.0165 0.0016 -0.9999
vn -0.7131 -0.7011 -0.0000
vn -0.7129 -0.7009 -0.0202
vn -0.7132 -0.7010 -0.0000
vn -0.7130 -0.7009 -0.0202
vn -0.6340 -0.6233 -0.4577
vn -0.5544 -0.5450 -0.6290
vn -0.7128 -0.7008 -0.0293
vn -0.3909 -0.9200 -0.0297
vn -0.9235 -0.3826 -0.0295
vn -0.7128 -0.7007 -0.0293
vn -0.3909 -0.9200 -0.0296
vn -0.0359 -0.0353 -0.9987
vn -0.5544 -0.5449 -0.6290
vn -0.0162 -0.0381 -0.9991
vn -0.5544 -0.5450 -0.6291
vn -0.3023 -0.7113 -0.6345
vn 0.3301 0.5257 -0.7840
vn 0.5177 0.1297 -0.8456
vn 0.0576 0.0144 -0.9982
vn 0.0798 0.1274 -0.9886
vn 0.5026 -0.0000 -0.8645
vn 0.0671 -0.0000 -0.9977
vn 0.9424 0.2848 -0.1756
vn 0.9417 0.2531 -0.2217
vn 0.9423 0.2848 -0.1757
vn 0.9417 0.2530 -0.2217
vn 0.5178 0.1297 -0.8456
vn 0.3302 0.5258 -0.7839
vn 0.9286 0.3595 -0.0919
vn 0.9343 0.3224 -0.1518
vn 0.9343 0.3224 -0.1519
vn 0.9944 0.0052 -0.1059
vn 0.9990 0.0011 -0.0447
vn 0.9209 0.3876 -0.0417
vn 0.9091 0.4027 -0.1063
vn 0.9092 0.4026 -0.1063
vn 0.4811 -0.0000 -0.8767
vn 0.0744 -0.0000 -0.9972
vn 0.0743 -0.0000 -0.9972
vn 0.9722 -0.0000 -0.2344
vn 0.9721 -0.0000 -0.2344
vn 0.4812 -0.0000 -0.8766
vn 0.9990 -0.0000 -0.0450
vn 0.9942 -0.0001 -0.1071
vn 0.9990 0.0011 -0.0446
vn 0.7333 0.0094 -0.6799
vn 0.5543 0.2312 -0.7995
vn 0.7332 0.0093 -0.6799
vn 0.9944 0.0052 -0.1060
vn 0.9092 0.4026 -0.1064
vn 0.5543 0.2312 -0.7996
vn 0.5544 0.2311 -0.7995
vn 0.3270 0.9429 -0.0627
vn 0.2045 0.5865 -0.7837
vn 0.2044 0.5866 -0.7836
vn 0.0127 0.0002 -0.9999
vn 0.1132 -0.0004 -0.9936
vn 0.7779 0.0003 -0.6283
vn 0.7779 0.0002 -0.6283
vn 0.9942 -0.0001 -0.1072
vn 0.7327 -0.0091 -0.6805
vn 0.7332 0.0094 -0.6799
vn 0.7780 -0.0017 -0.6283
vn 0.9942 -0.0000 -0.1072
vn 0.0164 0.0006 -0.9999
vt 0.964916 0.769476
vt 0.957994 0.736369
vt 0.965852 0.736369
vt 0.965852 0.769476
vt 0.957994 0.702099
vt 0.965852 0.702099
vt 0.966788 0.703263
vt 0.966788 0.736369
vt 0.966788 0.769476
vt 0.033029 0.575853
vt 0.033029 0.608963
vt 0.017480 0.608962
vt 0.017480 0.575853
vt 0.033029 0.642073
vt 0.017480 0.643233
vt 0.001930 0.642067
vt 0.001930 0.608960
vt 0.001930 0.575853
vt 0.957994 0.665500
vt 0.965852 0.665500
vt 0.957994 0.636805
vt 0.965852 0.636805
vt 0.966788 0.627738
vt 0.966788 0.665500
vt 0.189228 0.575853
vt 0.189229 0.608960
vt 0.172137 0.608962
vt 0.172137 0.575853
vt 0.189229 0.642067
vt 0.172137 0.643233
vt 0.155045 0.642073
vt 0.155045 0.608963
vt 0.155045 0.575853
vt 0.720866 0.947525
vt 0.720866 0.914418
vt 0.738324 0.914417
vt 0.738324 0.947525
vt 0.720866 0.881312
vt 0.739214 0.880145
vt 0.755782 0.881305
vt 0.755782 0.914415
vt 0.755782 0.947525
vt 0.033029 0.679832
vt 0.017480 0.679831
vt 0.033029 0.717591
vt 0.017480 0.708525
vt 0.001930 0.717591
vt 0.001930 0.679829
vt 0.957994 0.626243
vt 0.965852 0.626243
vt 0.964916 0.624748
vt 0.965852 0.624748
vt 0.966788 0.624748
vt 0.966788 0.626243
vt 0.189229 0.679829
vt 0.172137 0.679831
vt 0.189229 0.717591
vt 0.172137 0.708525
vt 0.155045 0.717591
vt 0.155045 0.679832
vt 0.867228 0.769476
vt 0.867228 0.736366
vt 0.882984 0.736368
vt 0.882984 0.769476
vt 0.867228 0.703256
vt 0.882984 0.702096
vt 0.898739 0.703263
vt 0.898739 0.736369
vt 0.898739 0.769476
vt 0.107951 0.575853
vt 0.107951 0.608960
vt 0.107441 0.608960
vt 0.107441 0.575853
vt 0.107951 0.643231
vt 0.107440 0.643231
vt 0.099601 0.643231
vt 0.099601 0.608960
vt 0.106930 0.575853
vt 0.741885 0.843548
vt 0.755782 0.843546
vt 0.727988 0.843549
vt 0.735111 0.805787
vt 0.745446 0.805787
vt 0.755782 0.805787
vt 0.030744 0.719086
vt 0.017480 0.719086
vt 0.033029 0.720581
vt 0.017480 0.720581
vt 0.001930 0.720581
vt 0.001930 0.719086
vt 0.283983 0.571986
vt 0.276331 0.569524
vt 0.283931 0.569524
vt 0.284920 0.571986
vt 0.270759 0.567097
vt 0.276198 0.565294
vt 0.283127 0.560336
vt 0.286110 0.565393
vt 0.285856 0.571986
vt 0.189229 0.719086
vt 0.172137 0.719086
vt 0.189229 0.720581
vt 0.172137 0.720581
vt 0.155045 0.720581
vt 0.155045 0.719086
vt 0.867228 0.665497
vt 0.882984 0.665499
vt 0.867228 0.627738
vt 0.882984 0.636805
vt 0.898739 0.627738
vt 0.898739 0.665500
vt 0.257848 0.575853
vt 0.250454 0.608960
vt 0.227852 0.608960
vt 0.227852 0.575853
vt 0.250454 0.643231
vt 0.227852 0.643231
vt 0.205196 0.643231
vt 0.205196 0.608960
vt 0.197856 0.575853
vt 0.148444 0.575853
vt 0.148444 0.608963
vt 0.131921 0.608962
vt 0.131921 0.575853
vt 0.148444 0.642073
vt 0.132811 0.643233
vt 0.115398 0.643231
vt 0.115398 0.608960
vt 0.115398 0.575853
vt 0.107951 0.679829
vt 0.107440 0.679829
vt 0.107951 0.708524
vt 0.107440 0.708524
vt 0.099601 0.708524
vt 0.099601 0.679829
vt 0.039437 0.717591
vt 0.039437 0.719086
vt 0.045845 0.717591
vt 0.044422 0.719086
vt 0.045845 0.720581
vt 0.039437 0.720581
vt 0.215338 0.541393
vt 0.220588 0.549081
vt 0.220421 0.554489
vt 0.214788 0.541663
vt 0.227128 0.560645
vt 0.224044 0.565766
vt 0.223750 0.571986
vt 0.219250 0.556437
vt 0.214750 0.540887
vt 0.272027 0.538820
vt 0.276305 0.549806
vt 0.254977 0.557528
vt 0.254846 0.543010
vt 0.255242 0.565294
vt 0.239652 0.567097
vt 0.233891 0.565294
vt 0.234288 0.549950
vt 0.237826 0.538856
vt 0.290837 0.552998
vt 0.292058 0.554895
vt 0.291132 0.547844
vt 0.298949 0.539695
vt 0.299147 0.539426
vt 0.298260 0.537803
vt 0.867228 0.626243
vt 0.882984 0.626243
vt 0.867228 0.624748
vt 0.882984 0.624748
vt 0.898739 0.624748
vt 0.898739 0.626243
vt 0.250454 0.679829
vt 0.227852 0.679829
vt 0.250454 0.708524
vt 0.227852 0.708524
vt 0.205196 0.708524
vt 0.205196 0.679829
vt 0.298169 0.575853
vt 0.298169 0.608960
vt 0.282303 0.608962
vt 0.282303 0.575853
vt 0.298169 0.643231
vt 0.282303 0.643233
vt 0.266436 0.642073
vt 0.266436 0.608963
vt 0.266436 0.575853
vt 0.337660 0.587087
vt 0.337660 0.620194
vt 0.320928 0.620196
vt 0.320928 0.587087
vt 0.337660 0.653301
vt 0.320928 0.654467
vt 0.304196 0.653308
vt 0.304196 0.620197
vt 0.304196 0.587087
vt 0.129642 0.708524
vt 0.122520 0.679829
vt 0.135482 0.679831
vt 0.138188 0.708525
vt 0.148444 0.679832
vt 0.148444 0.717591
vt 0.107951 0.719086
vt 0.107440 0.719086
vt 0.107951 0.720581
vt 0.107440 0.720581
vt 0.106930 0.720581
vt 0.099601 0.719086
vt 0.194643 0.528071
vt 0.199476 0.528428
vt 0.206588 0.533253
vt 0.204697 0.534479
vt 0.203007 0.525409
vt 0.210574 0.533514
vt 0.218750 0.536752
vt 0.223965 0.528776
vt 0.208961 0.518480
vt 0.214738 0.514232
vt 0.271252 0.536731
vt 0.270380 0.534624
vt 0.254803 0.537595
vt 0.254803 0.536731
vt 0.239226 0.534624
vt 0.238354 0.536731
vt 0.296636 0.514204
vt 0.307716 0.518369
vt 0.294458 0.536175
vt 0.286542 0.528632
vt 0.318388 0.525160
vt 0.306699 0.532277
vt 0.312074 0.531762
vt 0.323500 0.528127
vt 0.329771 0.528071
vt 0.314016 0.532937
vt 0.250454 0.719086
vt 0.227852 0.719086
vt 0.257848 0.720581
vt 0.227852 0.720581
vt 0.197856 0.720581
vt 0.205196 0.719086
vt 0.298169 0.679829
vt 0.282303 0.679831
vt 0.298169 0.708524
vt 0.282303 0.708525
vt 0.266436 0.717591
vt 0.266436 0.679832
vt 0.378300 0.587087
vt 0.378300 0.620197
vt 0.361072 0.620196
vt 0.361072 0.587087
vt 0.378300 0.653308
vt 0.361072 0.654467
vt 0.343844 0.653301
vt 0.343844 0.620194
vt 0.343844 0.587087
vt 0.447485 0.589417
vt 0.447485 0.622524
vt 0.446549 0.622524
vt 0.446549 0.589417
vt 0.447485 0.655631
vt 0.446549 0.656795
vt 0.438691 0.656795
vt 0.438691 0.622524
vt 0.445613 0.589417
vt 0.337660 0.691063
vt 0.320928 0.691065
vt 0.337660 0.728825
vt 0.320928 0.719759
vt 0.304196 0.728826
vt 0.304196 0.691067
vt 0.130206 0.720581
vt 0.129924 0.719086
vt 0.139184 0.719086
vt 0.139325 0.720581
vt 0.148444 0.719086
vt 0.148444 0.720581
vt 0.194643 0.465965
vt 0.199250 0.465846
vt 0.197105 0.467479
vt 0.194643 0.466476
vt 0.202820 0.468823
vt 0.200101 0.475349
vt 0.198984 0.480868
vt 0.197105 0.475061
vt 0.194643 0.466986
vt 0.217197 0.512595
vt 0.226111 0.525710
vt 0.215091 0.513468
vt 0.226722 0.525099
vt 0.204166 0.496954
vt 0.200101 0.496856
vt 0.208874 0.475636
vt 0.214716 0.479824
vt 0.211279 0.497002
vt 0.200101 0.518509
vt 0.198984 0.512871
vt 0.440017 0.859322
vt 0.440017 0.866000
vt 0.424772 0.866000
vt 0.424772 0.859322
vt 0.441221 0.867141
vt 0.424772 0.867141
vt 0.408323 0.867141
vt 0.409527 0.866000
vt 0.409527 0.859322
vt 0.283495 0.525710
vt 0.282884 0.525099
vt 0.294516 0.513468
vt 0.292409 0.512595
vt 0.296633 0.479844
vt 0.307705 0.475716
vt 0.315313 0.497086
vt 0.300795 0.497035
vt 0.318366 0.468954
vt 0.323079 0.475472
vt 0.324882 0.481111
vt 0.323079 0.497190
vt 0.324882 0.513241
vt 0.323079 0.518753
vt 0.329771 0.527232
vt 0.327309 0.519089
vt 0.327309 0.497229
vt 0.329771 0.497237
vt 0.327309 0.475317
vt 0.329771 0.467241
vt 0.298169 0.719086
vt 0.282303 0.719086
vt 0.298169 0.720581
vt 0.282303 0.720581
vt 0.266436 0.720581
vt 0.266436 0.719086
vt 0.378300 0.691067
vt 0.361072 0.691065
vt 0.378300 0.728826
vt 0.361072 0.719759
vt 0.343844 0.728825
vt 0.343844 0.691063
vt 0.447485 0.693393
vt 0.446549 0.693393
vt 0.447485 0.731155
vt 0.446549 0.722089
vt 0.438691 0.722089
vt 0.438691 0.693393
vt 0.337660 0.730320
vt 0.320928 0.730320
vt 0.337660 0.731815
vt 0.320928 0.731815
vt 0.304196 0.731815
vt 0.304196 0.730320
vt 0.214308 0.453959
vt 0.209824 0.461482
vt 0.205684 0.461935
vt 0.213432 0.454101
vt 0.203762 0.460740
vt 0.212881 0.455514
vt 0.217197 0.481441
vt 0.214226 0.497018
vt 0.215090 0.480569
vt 0.215090 0.497018
vt 0.385059 0.867141
vt 0.385059 0.866000
vt 0.396691 0.866000
vt 0.396691 0.867141
vt 0.385059 0.864860
vt 0.396691 0.859322
vt 0.218400 0.457733
vt 0.223878 0.465372
vt 0.219838 0.445916
vt 0.226940 0.433631
vt 0.234201 0.444198
vt 0.237804 0.455209
vt 0.440017 0.814530
vt 0.440017 0.841570
vt 0.424772 0.841570
vt 0.424772 0.814530
vt 0.409527 0.841570
vt 0.409527 0.814530
vt 0.452853 0.866000
vt 0.452853 0.867141
vt 0.452853 0.859322
vt 0.464484 0.864860
vt 0.464484 0.866000
vt 0.464484 0.867141
vt 0.294515 0.480569
vt 0.292409 0.481441
vt 0.295380 0.497018
vt 0.294515 0.497018
vt 0.272024 0.455220
vt 0.276295 0.444245
vt 0.294417 0.457918
vt 0.286531 0.465419
vt 0.283105 0.433731
vt 0.291043 0.446313
vt 0.298827 0.454505
vt 0.306610 0.461880
vt 0.329771 0.465965
vt 0.323473 0.465997
vt 0.311966 0.462415
vt 0.313905 0.461236
vt 0.298986 0.454820
vt 0.298038 0.456506
vt 0.378300 0.730320
vt 0.361072 0.730320
vt 0.378300 0.731815
vt 0.361072 0.731815
vt 0.343844 0.731815
vt 0.343844 0.730320
vt 0.447485 0.732650
vt 0.446549 0.732650
vt 0.447485 0.734145
vt 0.446549 0.734145
vt 0.445613 0.734145
vt 0.438691 0.732650
vt 0.223750 0.422050
vt 0.223818 0.428559
vt 0.219517 0.440699
vt 0.218316 0.438782
vt 0.239226 0.459413
vt 0.226111 0.468326
vt 0.238354 0.457306
vt 0.226722 0.468937
vt 0.346217 0.864811
vt 0.347422 0.863670
vt 0.362667 0.863670
vt 0.362667 0.864811
vt 0.347422 0.856992
vt 0.362667 0.856992
vt 0.379116 0.862530
vt 0.379116 0.863670
vt 0.379116 0.864811
vt 0.385059 0.841570
vt 0.396691 0.841570
vt 0.385059 0.818280
vt 0.396691 0.814530
vt 0.270759 0.426939
vt 0.276198 0.428742
vt 0.254977 0.436509
vt 0.255242 0.428742
vt 0.254846 0.451026
vt 0.233891 0.428742
vt 0.239652 0.426939
vt 0.440017 0.750812
vt 0.440017 0.779990
vt 0.424772 0.779990
vt 0.424772 0.750812
vt 0.409527 0.779990
vt 0.409527 0.750812
vt 0.452853 0.841570
vt 0.452853 0.814530
vt 0.464484 0.818280
vt 0.464484 0.841570
vt 0.292543 0.856992
vt 0.292543 0.863670
vt 0.277298 0.863670
vt 0.277298 0.856992
vt 0.293748 0.864811
vt 0.277298 0.864811
vt 0.260849 0.864811
vt 0.260849 0.863670
vt 0.260849 0.862530
vt 0.283495 0.468326
vt 0.282884 0.468937
vt 0.271252 0.457306
vt 0.270380 0.459413
vt 0.290730 0.441178
vt 0.286083 0.428679
vt 0.285856 0.422050
vt 0.291947 0.439278
vt 0.283931 0.424512
vt 0.284920 0.422050
vt 0.276331 0.424512
vt 0.283983 0.422050
vt 0.254803 0.456441
vt 0.254803 0.457306
vt 0.322954 0.864811
vt 0.322954 0.863670
vt 0.334586 0.863670
vt 0.334586 0.864811
vt 0.322954 0.862530
vt 0.334586 0.856992
vt 0.347422 0.839239
vt 0.362667 0.839239
vt 0.347422 0.812200
vt 0.362667 0.812199
vt 0.379116 0.815949
vt 0.379116 0.839239
vt 0.385059 0.779990
vt 0.396691 0.779990
vt 0.385059 0.741701
vt 0.396691 0.750812
vt 0.441221 0.738012
vt 0.440017 0.739856
vt 0.424772 0.739856
vt 0.424772 0.738012
vt 0.409527 0.739856
vt 0.408323 0.738012
vt 0.452853 0.779990
vt 0.452853 0.750812
vt 0.464484 0.741701
vt 0.464484 0.779990
vt 0.292543 0.812200
vt 0.292543 0.839239
vt 0.277298 0.839239
vt 0.277298 0.812199
vt 0.260849 0.839239
vt 0.260849 0.815949
vt 0.305379 0.863670
vt 0.305379 0.864811
vt 0.305379 0.856992
vt 0.317011 0.862530
vt 0.317011 0.863670
vt 0.317011 0.864811
vt 0.216063 0.724447
vt 0.216063 0.725588
vt 0.199614 0.725588
vt 0.199614 0.724447
vt 0.216063 0.726729
vt 0.199614 0.732266
vt 0.183164 0.726729
vt 0.183164 0.725588
vt 0.183164 0.724447
vt 0.322954 0.839239
vt 0.334586 0.839239
vt 0.322954 0.815949
vt 0.334586 0.812199
vt 0.347422 0.777660
vt 0.362667 0.777660
vt 0.347422 0.748482
vt 0.362667 0.748482
vt 0.379116 0.739370
vt 0.379116 0.777660
vt 0.385059 0.739856
vt 0.396691 0.739856
vt 0.385059 0.738012
vt 0.396691 0.738012
vt 0.319554 0.939840
vt 0.324242 0.928522
vt 0.332581 0.933499
vt 0.332581 0.943171
vt 0.332581 0.908390
vt 0.340920 0.928522
vt 0.345608 0.939840
vt 0.452853 0.739856
vt 0.452853 0.738012
vt 0.464484 0.738012
vt 0.464484 0.739856
vt 0.292543 0.748482
vt 0.292543 0.777660
vt 0.277298 0.777660
vt 0.277298 0.748482
vt 0.260849 0.777660
vt 0.260849 0.739370
vt 0.305379 0.839239
vt 0.305379 0.812199
vt 0.317011 0.815949
vt 0.317011 0.839239
vt 0.216063 0.750019
vt 0.199613 0.750019
vt 0.216063 0.773309
vt 0.199614 0.777059
vt 0.183164 0.773309
vt 0.183164 0.750019
vt 0.322954 0.777660
vt 0.334586 0.777660
vt 0.322954 0.739370
vt 0.334586 0.748482
vt 0.347422 0.737526
vt 0.362667 0.737526
vt 0.346217 0.735682
vt 0.362667 0.735682
vt 0.379116 0.735682
vt 0.379116 0.737526
vt 0.301131 0.921417
vt 0.312449 0.916729
vt 0.314826 0.926145
vt 0.307987 0.932984
vt 0.350336 0.926145
vt 0.357175 0.932984
vt 0.352713 0.916729
vt 0.364031 0.921417
vt 0.293748 0.735682
vt 0.292543 0.737526
vt 0.277298 0.737526
vt 0.277298 0.735682
vt 0.260849 0.737526
vt 0.260849 0.735682
vt 0.305379 0.777660
vt 0.305379 0.748482
vt 0.317011 0.739370
vt 0.317011 0.777660
vt 0.216063 0.811598
vt 0.199614 0.811598
vt 0.216063 0.849888
vt 0.199614 0.840777
vt 0.183164 0.849888
vt 0.183164 0.811598
vt 0.322954 0.737526
vt 0.334586 0.737526
vt 0.322954 0.735682
vt 0.334586 0.735682
vt 0.301131 0.895363
vt 0.312449 0.900051
vt 0.307471 0.908390
vt 0.297799 0.908390
vt 0.352713 0.900051
vt 0.357690 0.908390
vt 0.364031 0.895363
vt 0.367362 0.908390
vt 0.305379 0.737526
vt 0.305379 0.735682
vt 0.317011 0.735682
vt 0.317011 0.737526
vt 0.216063 0.851732
vt 0.199614 0.851732
vt 0.216063 0.853576
vt 0.199614 0.853576
vt 0.183164 0.853576
vt 0.183164 0.851732
vt 0.319554 0.876940
vt 0.324242 0.888258
vt 0.314826 0.890635
vt 0.307986 0.883796
vt 0.350336 0.890635
vt 0.357175 0.883796
vt 0.340920 0.888258
vt 0.345608 0.876940
vt 0.332581 0.883280
vt 0.332581 0.873608
vt 0.859894 0.769476
vt 0.852664 0.736369
vt 0.860590 0.736369
vt 0.860590 0.769476
vt 0.852664 0.702099
vt 0.860590 0.702099
vt 0.861285 0.703263
vt 0.861285 0.736369
vt 0.861285 0.769476
vt 0.489418 0.589417
vt 0.489418 0.622528
vt 0.472327 0.622526
vt 0.472327 0.589417
vt 0.489418 0.655638
vt 0.472327 0.656798
vt 0.455235 0.655631
vt 0.455235 0.622524
vt 0.455235 0.589417
vt 0.860590 0.665500
vt 0.861285 0.665500
vt 0.852664 0.665500
vt 0.852664 0.636805
vt 0.860590 0.636805
vt 0.861285 0.627738
vt 0.602792 0.657193
vt 0.602792 0.690300
vt 0.587242 0.690301
vt 0.587242 0.657193
vt 0.602792 0.723406
vt 0.587242 0.724573
vt 0.571692 0.723413
vt 0.571692 0.690303
vt 0.571692 0.657193
vt 0.440834 0.144622
vt 0.457419 0.145130
vt 0.457419 0.162942
vt 0.442228 0.162636
vt 0.470348 0.144298
vt 0.470348 0.162388
vt 0.470348 0.180755
vt 0.457419 0.180894
vt 0.438048 0.181003
vt 0.396764 0.183790
vt 0.396630 0.188235
vt 0.377988 0.188235
vt 0.374453 0.186123
vt 0.395804 0.194677
vt 0.377437 0.194677
vt 0.361245 0.194677
vt 0.361245 0.188235
vt 0.361585 0.186844
vt 0.672155 0.657193
vt 0.672155 0.690300
vt 0.671892 0.690300
vt 0.671892 0.657193
vt 0.672155 0.723406
vt 0.671892 0.724570
vt 0.664093 0.724570
vt 0.664093 0.690300
vt 0.671629 0.657193
vt 0.761725 0.769476
vt 0.761725 0.736369
vt 0.777480 0.736368
vt 0.777480 0.769476
vt 0.761725 0.703263
vt 0.777480 0.702096
vt 0.793236 0.703256
vt 0.793236 0.736366
vt 0.793236 0.769476
vt 0.472327 0.693395
vt 0.455235 0.693393
vt 0.489418 0.693397
vt 0.489418 0.731156
vt 0.472327 0.722089
vt 0.455235 0.731155
vt 0.587242 0.761170
vt 0.571692 0.761172
vt 0.602792 0.761168
vt 0.602792 0.798931
vt 0.587242 0.789864
vt 0.571692 0.798931
vt 0.860590 0.626243
vt 0.861285 0.626243
vt 0.852664 0.626243
vt 0.859894 0.624748
vt 0.860590 0.624748
vt 0.861285 0.624748
vt 0.680007 0.947525
vt 0.680007 0.914415
vt 0.697465 0.914417
vt 0.697465 0.947525
vt 0.680007 0.881305
vt 0.696575 0.880145
vt 0.714923 0.881312
vt 0.714923 0.914418
vt 0.714923 0.947525
vt 0.470348 0.069993
vt 0.470348 0.076920
vt 0.457419 0.076365
vt 0.457419 0.069161
vt 0.470348 0.084945
vt 0.457419 0.084806
vt 0.444694 0.084677
vt 0.444694 0.075955
vt 0.441072 0.069943
vt 0.478810 0.180709
vt 0.476318 0.180709
vt 0.476318 0.162203
vt 0.478810 0.162203
vt 0.476318 0.144021
vt 0.478810 0.144021
vt 0.470348 0.188235
vt 0.457419 0.188235
vt 0.470348 0.194677
vt 0.457419 0.194677
vt 0.439251 0.194677
vt 0.439389 0.188235
vt 0.377253 0.209934
vt 0.361245 0.209934
vt 0.395528 0.209934
vt 0.395712 0.225192
vt 0.377375 0.225192
vt 0.361245 0.225192
vt 0.328348 0.183774
vt 0.328219 0.188235
vt 0.307079 0.188235
vt 0.307603 0.183952
vt 0.329046 0.194677
vt 0.307630 0.194677
vt 0.285289 0.194677
vt 0.285151 0.188235
vt 0.286698 0.180983
vt 0.251286 0.144291
vt 0.265539 0.145102
vt 0.265539 0.162923
vt 0.251286 0.162383
vt 0.283915 0.144556
vt 0.282317 0.162587
vt 0.265539 0.180889
vt 0.251286 0.180754
vt 0.742011 0.657193
vt 0.742011 0.690300
vt 0.741315 0.690300
vt 0.741315 0.657193
vt 0.742011 0.723406
vt 0.741315 0.724570
vt 0.733390 0.724570
vt 0.733390 0.690300
vt 0.740620 0.657193
vt 0.784216 0.476154
vt 0.784216 0.509261
vt 0.766989 0.509262
vt 0.766989 0.476154
vt 0.784216 0.542368
vt 0.766988 0.543534
vt 0.749761 0.543535
vt 0.749761 0.509263
vt 0.749761 0.476154
vt 0.823029 0.476154
vt 0.823029 0.509263
vt 0.807163 0.509262
vt 0.807163 0.476154
vt 0.823029 0.543535
vt 0.807163 0.543534
vt 0.791296 0.542368
vt 0.791296 0.509261
vt 0.791296 0.476154
vt 0.671892 0.761169
vt 0.664093 0.761168
vt 0.672155 0.761168
vt 0.672155 0.798931
vt 0.671892 0.789864
vt 0.664093 0.789864
vt 0.777480 0.665499
vt 0.793236 0.665497
vt 0.761725 0.665500
vt 0.761725 0.627738
vt 0.777480 0.636805
vt 0.793236 0.627738
vt 0.472327 0.732650
vt 0.455235 0.732650
vt 0.489418 0.732651
vt 0.489418 0.734145
vt 0.472327 0.734145
vt 0.455235 0.734145
vt 0.680007 0.843546
vt 0.693904 0.843548
vt 0.680007 0.805787
vt 0.690343 0.805787
vt 0.700678 0.805787
vt 0.707800 0.843549
vt 0.587242 0.800426
vt 0.573977 0.800426
vt 0.602792 0.800426
vt 0.602792 0.801921
vt 0.587242 0.801921
vt 0.571692 0.801921
vt 0.159593 0.571986
vt 0.158898 0.571986
vt 0.157901 0.569524
vt 0.159492 0.565766
vt 0.158202 0.571986
vt 0.150235 0.569524
vt 0.144497 0.567097
vt 0.150066 0.565294
vt 0.156369 0.560645
vt 0.558876 0.657193
vt 0.558876 0.690300
vt 0.558142 0.690300
vt 0.558142 0.657193
vt 0.558876 0.723406
vt 0.558142 0.724570
vt 0.550151 0.724570
vt 0.550151 0.690300
vt 0.557407 0.657193
vt 0.441012 0.001992
vt 0.439332 0.013939
vt 0.417884 0.013939
vt 0.417300 0.001992
vt 0.438217 0.029991
vt 0.417588 0.026023
vt 0.399737 0.027200
vt 0.400279 0.013939
vt 0.393588 0.001992
vt 0.470348 0.029169
vt 0.470348 0.050965
vt 0.457419 0.050410
vt 0.457419 0.029030
vt 0.442501 0.050997
vt 0.478810 0.084991
vt 0.476318 0.084991
vt 0.476318 0.077105
vt 0.478810 0.077105
vt 0.476318 0.070270
vt 0.478810 0.070270
vt 0.485443 0.144021
vt 0.487671 0.144021
vt 0.487671 0.162203
vt 0.485443 0.162203
vt 0.496868 0.144021
vt 0.496868 0.162203
vt 0.496868 0.180709
vt 0.487671 0.180709
vt 0.485443 0.180709
vt 0.478810 0.194677
vt 0.476318 0.194677
vt 0.476318 0.188235
vt 0.478810 0.188235
vt 0.457419 0.209934
vt 0.439205 0.209934
vt 0.470348 0.209934
vt 0.470348 0.225192
vt 0.457419 0.225192
vt 0.439236 0.225192
vt 0.307814 0.209934
vt 0.285335 0.209934
vt 0.329321 0.209934
vt 0.329138 0.225192
vt 0.307692 0.225192
vt 0.285304 0.225192
vt 0.377742 0.231636
vt 0.361245 0.231636
vt 0.396262 0.231636
vt 0.396114 0.236118
vt 0.374171 0.233764
vt 0.361596 0.233034
vt 0.265539 0.188235
vt 0.265539 0.194677
vt 0.251286 0.194677
vt 0.251286 0.188235
vt 0.243781 0.144021
vt 0.245433 0.144021
vt 0.245433 0.162203
vt 0.243781 0.162203
vt 0.245433 0.180709
vt 0.243781 0.180709
vt 0.283862 0.069914
vt 0.279845 0.075983
vt 0.265539 0.076384
vt 0.265539 0.069189
vt 0.279845 0.084685
vt 0.265539 0.084811
vt 0.251286 0.084946
vt 0.251286 0.076925
vt 0.251286 0.070000
vt 0.862520 0.476154
vt 0.862520 0.509263
vt 0.845788 0.509262
vt 0.845788 0.476154
vt 0.862520 0.543535
vt 0.845788 0.543534
vt 0.829056 0.542368
vt 0.829056 0.509261
vt 0.829056 0.476154
vt 0.741315 0.761169
vt 0.733390 0.761168
vt 0.742011 0.761168
vt 0.742011 0.798931
vt 0.741315 0.789864
vt 0.733390 0.789864
vt 0.766989 0.580132
vt 0.749761 0.580132
vt 0.784216 0.580130
vt 0.784216 0.617892
vt 0.766988 0.608826
vt 0.749761 0.608826
vt 0.807163 0.580132
vt 0.791296 0.580130
vt 0.823029 0.580132
vt 0.823029 0.608826
vt 0.807163 0.608826
vt 0.791296 0.617892
vt 0.671892 0.800426
vt 0.664093 0.800426
vt 0.672155 0.800426
vt 0.672155 0.801921
vt 0.671892 0.801921
vt 0.671629 0.801921
vt 0.777480 0.626243
vt 0.793236 0.626243
vt 0.761725 0.626243
vt 0.761725 0.624748
vt 0.777480 0.624748
vt 0.793236 0.624748
vt 0.097487 0.571986
vt 0.091285 0.554895
vt 0.092506 0.552998
vt 0.097186 0.565393
vt 0.085083 0.537803
vt 0.084196 0.539426
vt 0.084394 0.539695
vt 0.092211 0.547844
vt 0.100193 0.560336
vt 0.558876 0.801921
vt 0.560295 0.800426
vt 0.565284 0.800426
vt 0.565284 0.801921
vt 0.558876 0.798931
vt 0.565284 0.798931
vt 0.168005 0.541393
vt 0.168555 0.541663
vt 0.162923 0.554489
vt 0.162755 0.549081
vt 0.168593 0.540887
vt 0.164093 0.556437
vt 0.145529 0.538856
vt 0.149102 0.549950
vt 0.128554 0.557528
vt 0.128544 0.543010
vt 0.128576 0.565294
vt 0.112650 0.567097
vt 0.107054 0.565294
vt 0.107085 0.549806
vt 0.111328 0.538820
vt 0.558142 0.761169
vt 0.550151 0.761168
vt 0.558876 0.761168
vt 0.558142 0.789864
vt 0.550151 0.789864
vt 0.901750 0.476154
vt 0.901750 0.509261
vt 0.885227 0.509262
vt 0.885227 0.476154
vt 0.901750 0.542368
vt 0.884336 0.543534
vt 0.868704 0.543535
vt 0.868704 0.509263
vt 0.868704 0.476154
vt 0.705416 0.120038
vt 0.704216 0.119478
vt 0.704259 0.082715
vt 0.705416 0.104729
vt 0.698078 0.119664
vt 0.696840 0.080982
vt 0.694756 0.046444
vt 0.703455 0.046420
vt 0.705416 0.039790
vt 0.705416 0.063503
vt 0.705416 0.087215
vt 0.705416 0.088318
vt 0.705416 0.089421
vt 0.473826 0.001992
vt 0.470348 0.013939
vt 0.457419 0.013939
vt 0.457419 0.001992
vt 0.360764 0.001992
vt 0.361141 0.013939
vt 0.346312 0.013939
vt 0.346920 0.001992
vt 0.361424 0.020855
vt 0.349951 0.023527
vt 0.335738 0.023645
vt 0.335297 0.013939
vt 0.333075 0.001992
vt 0.476318 0.051150
vt 0.478810 0.051150
vt 0.476318 0.029215
vt 0.478810 0.029215
vt 0.286695 0.029933
vt 0.282259 0.050948
vt 0.265539 0.050429
vt 0.265539 0.029035
vt 0.251286 0.050969
vt 0.251286 0.029170
vt 0.496868 0.070270
vt 0.496868 0.077105
vt 0.487671 0.077105
vt 0.487671 0.070270
vt 0.496868 0.084991
vt 0.487671 0.084991
vt 0.485443 0.084991
vt 0.485443 0.077105
vt 0.485443 0.070270
vt 0.520000 0.144021
vt 0.520000 0.162203
vt 0.543109 0.144021
vt 0.543109 0.162203
vt 0.543109 0.180709
vt 0.520000 0.180709
vt 0.496868 0.188235
vt 0.487671 0.188235
vt 0.496868 0.194677
vt 0.487671 0.194677
vt 0.485443 0.194677
vt 0.485443 0.188235
vt 0.478810 0.225192
vt 0.476318 0.225192
vt 0.476318 0.209934
vt 0.478810 0.209934
vt 0.457419 0.231636
vt 0.439327 0.231636
vt 0.470348 0.231636
vt 0.470348 0.239149
vt 0.457419 0.239055
vt 0.437963 0.238968
vt 0.265539 0.209934
vt 0.251286 0.209934
vt 0.265539 0.225192
vt 0.251286 0.225192
vt 0.307325 0.231636
vt 0.285212 0.231636
vt 0.328587 0.231636
vt 0.329009 0.236138
vt 0.308025 0.235960
vt 0.286787 0.238997
vt 0.245433 0.188235
vt 0.245433 0.194677
vt 0.243781 0.194677
vt 0.243781 0.188235
vt 0.618472 0.180709
vt 0.618472 0.162203
vt 0.627668 0.162203
vt 0.627668 0.180709
vt 0.618472 0.144021
vt 0.627668 0.144021
vt 0.629897 0.144021
vt 0.629897 0.162203
vt 0.629897 0.180709
vt 0.245433 0.077105
vt 0.245433 0.070270
vt 0.245433 0.084991
vt 0.243781 0.084991
vt 0.243781 0.077105
vt 0.243781 0.070270
vt 0.845788 0.580132
vt 0.829056 0.580130
vt 0.862520 0.580132
vt 0.862520 0.608826
vt 0.845788 0.608826
vt 0.829056 0.617892
vt 0.741315 0.800426
vt 0.733390 0.800426
vt 0.742011 0.800426
vt 0.742011 0.801921
vt 0.741315 0.801921
vt 0.740620 0.801921
vt 0.766989 0.619387
vt 0.749761 0.619387
vt 0.784216 0.619387
vt 0.784216 0.620882
vt 0.766989 0.620882
vt 0.749761 0.620882
vt 0.807163 0.619387
vt 0.791296 0.619387
vt 0.823029 0.619387
vt 0.823029 0.620882
vt 0.807163 0.620882
vt 0.791296 0.620882
vt 0.053572 0.466492
vt 0.053572 0.466229
vt 0.056034 0.467240
vt 0.056034 0.474783
vt 0.053572 0.465965
vt 0.059870 0.465906
vt 0.064977 0.468881
vt 0.060264 0.475181
vt 0.058461 0.480714
vt 0.071269 0.531762
vt 0.076644 0.532277
vt 0.069327 0.532937
vt 0.053572 0.528071
vt 0.059843 0.528136
vt 0.064955 0.525160
vt 0.086707 0.514198
vt 0.096802 0.528632
vt 0.088885 0.536175
vt 0.075628 0.518343
vt 0.558142 0.800426
vt 0.550151 0.800426
vt 0.558142 0.801921
vt 0.557407 0.801921
vt 0.188700 0.528071
vt 0.178646 0.534479
vt 0.176755 0.533253
vt 0.183867 0.528424
vt 0.172769 0.533514
vt 0.180279 0.525776
vt 0.159378 0.528776
vt 0.164594 0.536752
vt 0.168548 0.514660
vt 0.174152 0.519962
vt 0.144990 0.536731
vt 0.144117 0.534624
vt 0.128540 0.537595
vt 0.128540 0.536731
vt 0.112963 0.534624
vt 0.112091 0.536731
vt 0.881666 0.580132
vt 0.868704 0.580132
vt 0.894627 0.580130
vt 0.887505 0.617892
vt 0.878960 0.608826
vt 0.868704 0.608826
vt 0.704259 0.155120
vt 0.696840 0.157592
vt 0.705416 0.133882
vt 0.705416 0.147727
vt 0.705416 0.148512
vt 0.705416 0.149297
vt 0.705416 0.173053
vt 0.705416 0.196809
vt 0.703455 0.191000
vt 0.694755 0.191610
vt 0.679212 0.081385
vt 0.673155 0.047917
vt 0.683222 0.119972
vt 0.668434 0.120249
vt 0.661724 0.082488
vt 0.651589 0.049565
vt 0.703188 0.023383
vt 0.705416 0.023383
vt 0.694033 0.023749
vt 0.694002 0.010546
vt 0.703188 0.010455
vt 0.705416 0.006976
vt 0.476318 0.013939
vt 0.478810 0.013939
vt 0.476318 0.001992
vt 0.478810 0.001992
vt 0.283993 0.001992
vt 0.285187 0.013939
vt 0.265539 0.013939
vt 0.265539 0.001992
vt 0.251286 0.013939
vt 0.247086 0.001992
vt 0.496868 0.029215
vt 0.496868 0.051150
vt 0.487671 0.051150
vt 0.487671 0.029215
vt 0.485443 0.051150
vt 0.485443 0.029215
vt 0.245433 0.051150
vt 0.245433 0.029215
vt 0.243781 0.051150
vt 0.243781 0.029215
vt 0.543109 0.070270
vt 0.543109 0.077105
vt 0.520000 0.077105
vt 0.520000 0.070270
vt 0.543109 0.084991
vt 0.520000 0.084991
vt 0.554377 0.180736
vt 0.552238 0.180709
vt 0.552238 0.162203
vt 0.554377 0.162229
vt 0.552238 0.144021
vt 0.554377 0.144047
vt 0.543109 0.188235
vt 0.520000 0.188235
vt 0.543109 0.194677
vt 0.520000 0.194677
vt 0.487671 0.209934
vt 0.485443 0.209934
vt 0.496868 0.209934
vt 0.496868 0.225192
vt 0.487671 0.225192
vt 0.485443 0.225192
vt 0.478810 0.239181
vt 0.476318 0.239181
vt 0.476318 0.231636
vt 0.478810 0.231636
vt 0.470348 0.275842
vt 0.457419 0.275273
vt 0.457419 0.257238
vt 0.470348 0.257617
vt 0.440812 0.276046
vt 0.442199 0.257710
vt 0.245433 0.209934
vt 0.243781 0.209934
vt 0.245433 0.225192
vt 0.243781 0.225192
vt 0.265539 0.231636
vt 0.251286 0.231636
vt 0.265539 0.239066
vt 0.251286 0.239152
vt 0.618472 0.194677
vt 0.618472 0.188235
vt 0.627668 0.188235
vt 0.627668 0.194677
vt 0.629897 0.188235
vt 0.629897 0.194677
vt 0.572230 0.180709
vt 0.572230 0.162203
vt 0.595340 0.162203
vt 0.595340 0.180709
vt 0.572230 0.144021
vt 0.595340 0.144021
vt 0.629897 0.084991
vt 0.627668 0.084991
vt 0.627668 0.077105
vt 0.629897 0.077105
vt 0.618472 0.084991
vt 0.618472 0.077105
vt 0.618472 0.070270
vt 0.627668 0.070270
vt 0.629897 0.070270
vt 0.845788 0.619387
vt 0.829056 0.619387
vt 0.862520 0.619387
vt 0.862520 0.620882
vt 0.845788 0.620882
vt 0.829056 0.620882
vt 0.158202 0.422050
vt 0.158898 0.422050
vt 0.157901 0.424512
vt 0.150235 0.424512
vt 0.159593 0.422050
vt 0.159718 0.428559
vt 0.156753 0.433756
vt 0.150066 0.428742
vt 0.144497 0.426939
vt 0.084516 0.454505
vt 0.084357 0.454820
vt 0.092613 0.441178
vt 0.092300 0.446313
vt 0.085305 0.456506
vt 0.091396 0.439278
vt 0.097487 0.422050
vt 0.097213 0.428679
vt 0.100215 0.433731
vt 0.069439 0.461236
vt 0.071377 0.462415
vt 0.076733 0.461880
vt 0.068031 0.496981
vt 0.060264 0.496925
vt 0.075638 0.475689
vt 0.086710 0.479838
vt 0.082548 0.497009
vt 0.060264 0.518753
vt 0.058461 0.513150
vt 0.099848 0.525710
vt 0.090935 0.512595
vt 0.088828 0.513468
vt 0.100459 0.525099
vt 0.877964 0.619387
vt 0.868704 0.619387
vt 0.887223 0.619387
vt 0.886941 0.620882
vt 0.877823 0.620882
vt 0.868704 0.620882
vt 0.188700 0.526602
vt 0.188700 0.527336
vt 0.186238 0.526341
vt 0.186238 0.518613
vt 0.183012 0.519978
vt 0.184257 0.513526
vt 0.157232 0.525710
vt 0.166146 0.512671
vt 0.156621 0.525099
vt 0.168253 0.513468
vt 0.178258 0.502880
vt 0.183012 0.498360
vt 0.171834 0.498714
vt 0.168766 0.480769
vt 0.175024 0.478032
vt 0.182203 0.476227
vt 0.649596 0.927098
vt 0.649596 0.933776
vt 0.634351 0.933776
vt 0.634351 0.927098
vt 0.650801 0.934916
vt 0.634351 0.934916
vt 0.617902 0.934916
vt 0.619106 0.933776
vt 0.619106 0.927098
vt 0.705416 0.233717
vt 0.703188 0.229516
vt 0.703188 0.215263
vt 0.705416 0.215263
vt 0.694002 0.229515
vt 0.694033 0.215256
vt 0.651589 0.191756
vt 0.661724 0.158386
vt 0.679212 0.158402
vt 0.673155 0.191786
vt 0.647819 0.011095
vt 0.670901 0.010821
vt 0.671026 0.024847
vt 0.648027 0.025945
vt 0.703188 0.004484
vt 0.705416 0.004484
vt 0.693991 0.004484
vt 0.700959 0.005602
vt 0.703188 0.005602
vt 0.705416 0.001992
vt 0.489900 0.005602
vt 0.496868 0.013939
vt 0.487671 0.013939
vt 0.487671 0.005602
vt 0.485443 0.013939
vt 0.485443 0.001992
vt 0.245433 0.013939
vt 0.245433 0.001992
vt 0.243781 0.013939
vt 0.243781 0.001992
vt 0.543109 0.029215
vt 0.543109 0.051150
vt 0.520000 0.051150
vt 0.520000 0.029215
vt 0.627668 0.051150
vt 0.629897 0.051150
vt 0.618472 0.051150
vt 0.618472 0.029215
vt 0.627668 0.029215
vt 0.629897 0.029215
vt 0.554377 0.085017
vt 0.552238 0.084991
vt 0.552238 0.077105
vt 0.554377 0.077132
vt 0.552238 0.070270
vt 0.554377 0.070297
vt 0.011124 0.180680
vt 0.004422 0.180816
vt 0.004422 0.162309
vt 0.011124 0.162164
vt 0.001930 0.180789
vt 0.001930 0.162283
vt 0.001930 0.144101
vt 0.004422 0.144127
vt 0.011124 0.143993
vt 0.554377 0.194704
vt 0.552238 0.194677
vt 0.552238 0.188235
vt 0.554377 0.188261
vt 0.520000 0.209934
vt 0.543109 0.209934
vt 0.543109 0.225192
vt 0.520000 0.225192
vt 0.487671 0.231636
vt 0.485443 0.231636
vt 0.496868 0.231636
vt 0.496868 0.239181
vt 0.487671 0.239181
vt 0.485443 0.239181
vt 0.478810 0.276032
vt 0.476318 0.276032
vt 0.476318 0.257744
vt 0.478810 0.257744
vt 0.470348 0.290625
vt 0.457419 0.290530
vt 0.457419 0.282250
vt 0.470348 0.282629
vt 0.444694 0.290458
vt 0.444694 0.281994
vt 0.618472 0.225192
vt 0.618472 0.209934
vt 0.627668 0.209934
vt 0.627668 0.225192
vt 0.629897 0.209934
vt 0.629897 0.225192
vt 0.245433 0.231636
vt 0.243781 0.231636
vt 0.245433 0.239181
vt 0.243781 0.239181
vt 0.572230 0.194677
vt 0.572230 0.188235
vt 0.595340 0.188235
vt 0.595340 0.194677
vt 0.560962 0.180736
vt 0.560962 0.162229
vt 0.563101 0.162203
vt 0.563101 0.180709
vt 0.560962 0.144047
vt 0.563101 0.144021
vt 0.572230 0.084991
vt 0.572230 0.077105
vt 0.595340 0.077105
vt 0.595340 0.084991
vt 0.572230 0.070270
vt 0.595340 0.070270
vt 0.165028 0.438782
vt 0.163827 0.440699
vt 0.170462 0.455514
vt 0.169912 0.454101
vt 0.169384 0.454180
vt 0.164290 0.446413
vt 0.128554 0.436509
vt 0.128576 0.428742
vt 0.149974 0.444696
vt 0.145747 0.455391
vt 0.128544 0.451026
vt 0.111331 0.455220
vt 0.107096 0.444245
vt 0.107054 0.428742
vt 0.112650 0.426939
vt 0.096812 0.465419
vt 0.088926 0.457918
vt 0.090935 0.481441
vt 0.087963 0.497018
vt 0.088828 0.480569
vt 0.088828 0.497018
vt 0.606270 0.934916
vt 0.606270 0.933776
vt 0.594639 0.934916
vt 0.594639 0.933776
vt 0.594639 0.927098
vt 0.606270 0.927098
vt 0.177659 0.461935
vt 0.174304 0.461980
vt 0.179581 0.460740
vt 0.188700 0.465965
vt 0.184093 0.465858
vt 0.180387 0.465164
vt 0.169117 0.497322
vt 0.168253 0.497315
vt 0.168253 0.481163
vt 0.166146 0.481897
vt 0.674064 0.934916
vt 0.662432 0.934916
vt 0.662432 0.933776
vt 0.674064 0.933776
vt 0.662432 0.927098
vt 0.674064 0.927098
vt 0.649596 0.882305
vt 0.649596 0.909345
vt 0.634351 0.909345
vt 0.634351 0.882305
vt 0.619106 0.909345
vt 0.619106 0.882305
vt 0.700959 0.237022
vt 0.693991 0.235369
vt 0.703188 0.235369
vt 0.703188 0.237022
vt 0.705416 0.235369
vt 0.705416 0.237022
vt 0.671026 0.215235
vt 0.648027 0.215214
vt 0.670901 0.229509
vt 0.647819 0.229504
vt 0.662501 0.120341
vt 0.654725 0.082855
vt 0.669020 0.120064
vt 0.652970 0.082855
vt 0.636919 0.045646
vt 0.642991 0.050115
vt 0.670859 0.004484
vt 0.647750 0.004484
vt 0.640759 0.005602
vt 0.670859 0.005602
vt 0.550099 0.005602
vt 0.543109 0.013939
vt 0.520000 0.013939
vt 0.520000 0.005602
vt 0.627668 0.013939
vt 0.629897 0.013939
vt 0.618472 0.013939
vt 0.625440 0.001992
vt 0.627668 0.001992
vt 0.629897 0.001992
vt 0.552238 0.051150
vt 0.554377 0.051176
vt 0.552238 0.029215
vt 0.554377 0.029242
vt 0.595340 0.051150
vt 0.572230 0.051150
vt 0.572230 0.029215
vt 0.595340 0.029215
vt 0.011124 0.084994
vt 0.004422 0.085097
vt 0.004422 0.077211
vt 0.011124 0.077112
vt 0.001930 0.085071
vt 0.001930 0.077185
vt 0.001930 0.070350
vt 0.004422 0.070377
vt 0.011124 0.070285
vt 0.045584 0.185036
vt 0.026249 0.180274
vt 0.026249 0.161729
vt 0.050052 0.161294
vt 0.026249 0.143588
vt 0.050052 0.143184
vt 0.011124 0.194764
vt 0.004422 0.194784
vt 0.004422 0.188341
vt 0.011124 0.188262
vt 0.001930 0.194757
vt 0.001930 0.188315
vt 0.554377 0.225219
vt 0.552238 0.225192
vt 0.552238 0.209934
vt 0.554377 0.209961
vt 0.520000 0.231636
vt 0.543109 0.231636
vt 0.543109 0.239181
vt 0.520000 0.239181
vt 0.496868 0.276032
vt 0.487671 0.276032
vt 0.487671 0.257744
vt 0.496868 0.257744
vt 0.485443 0.276032
vt 0.485443 0.257744
vt 0.478810 0.290656
vt 0.476318 0.290656
vt 0.476318 0.282756
vt 0.478810 0.282756
vt 0.470348 0.388351
vt 0.457419 0.388470
vt 0.457419 0.368114
vt 0.470348 0.367635
vt 0.438293 0.387331
vt 0.442482 0.367533
vt 0.441058 0.349897
vt 0.457419 0.350643
vt 0.470348 0.349925
vt 0.618472 0.239181
vt 0.618472 0.231636
vt 0.627668 0.231636
vt 0.627668 0.239181
vt 0.629897 0.231636
vt 0.629897 0.239181
vt 0.572230 0.225192
vt 0.572230 0.209934
vt 0.595340 0.209934
vt 0.595340 0.225192
vt 0.251286 0.275859
vt 0.245433 0.276032
vt 0.245433 0.257744
vt 0.251286 0.257628
vt 0.243781 0.276032
vt 0.243781 0.257744
vt 0.279845 0.290475
vt 0.265539 0.290541
vt 0.265539 0.282295
vt 0.279845 0.282061
vt 0.251286 0.290627
vt 0.251286 0.282641
vt 0.265539 0.275340
vt 0.283941 0.276182
vt 0.360764 0.418061
vt 0.361262 0.404378
vt 0.377928 0.404378
vt 0.377874 0.418061
vt 0.361507 0.396648
vt 0.374003 0.393828
vt 0.389815 0.393774
vt 0.391007 0.404378
vt 0.394984 0.418061
vt 0.560962 0.194704
vt 0.560962 0.188261
vt 0.563101 0.188235
vt 0.563101 0.194677
vt 0.236959 0.180789
vt 0.235307 0.180816
vt 0.235307 0.162309
vt 0.236959 0.162283
vt 0.229440 0.180680
vt 0.229440 0.162164
vt 0.229440 0.143993
vt 0.235307 0.144127
vt 0.236959 0.144101
vt 0.560962 0.085017
vt 0.560962 0.077132
vt 0.563101 0.077105
vt 0.563101 0.084991
vt 0.560962 0.070297
vt 0.563101 0.070270
vt 0.144117 0.459488
vt 0.128540 0.456441
vt 0.144990 0.457306
vt 0.128540 0.457306
vt 0.112091 0.457306
vt 0.112963 0.459413
vt 0.099848 0.468326
vt 0.100459 0.468937
vt 0.555796 0.934916
vt 0.557001 0.933776
vt 0.572246 0.933776
vt 0.572246 0.934916
vt 0.557001 0.927098
vt 0.572246 0.927098
vt 0.588695 0.927098
vt 0.588695 0.933776
vt 0.588695 0.934916
vt 0.606270 0.909345
vt 0.594639 0.909345
vt 0.594639 0.882305
vt 0.606270 0.882305
vt 0.470428 0.934916
vt 0.470428 0.933776
vt 0.486580 0.933776
vt 0.486580 0.934916
vt 0.470428 0.927098
vt 0.486580 0.927098
vt 0.501677 0.927098
vt 0.501677 0.933776
vt 0.502733 0.934916
vt 0.662432 0.909345
vt 0.674064 0.909345
vt 0.662432 0.882305
vt 0.674064 0.882305
vt 0.649596 0.818587
vt 0.649596 0.847765
vt 0.634351 0.847765
vt 0.634351 0.818587
vt 0.619106 0.847765
vt 0.619106 0.818587
vt 0.640759 0.237022
vt 0.647750 0.235369
vt 0.670859 0.235369
vt 0.670859 0.237022
vt 0.642991 0.191746
vt 0.654725 0.158381
vt 0.636919 0.196697
vt 0.652970 0.158381
vt 0.638896 0.026311
vt 0.636700 0.026311
vt 0.636482 0.006976
vt 0.638689 0.011187
vt 0.120279 0.028962
vt 0.082793 0.028962
vt 0.082793 0.013827
vt 0.120279 0.013827
vt 0.050052 0.029007
vt 0.050052 0.013854
vt 0.045584 0.001992
vt 0.082793 0.001992
vt 0.120002 0.001992
vt 0.638620 0.004484
vt 0.636482 0.004484
vt 0.636482 0.001992
vt 0.638620 0.005602
vt 0.552238 0.013939
vt 0.554377 0.013966
vt 0.552238 0.005602
vt 0.554377 0.001992
vt 0.595340 0.013939
vt 0.572230 0.013939
vt 0.565240 0.001992
vt 0.595340 0.001992
vt 0.004422 0.051256
vt 0.011124 0.051186
vt 0.001930 0.051229
vt 0.001930 0.029295
vt 0.004422 0.029321
vt 0.011124 0.029277
vt 0.563101 0.051150
vt 0.560962 0.051176
vt 0.560962 0.029242
vt 0.563101 0.029215
vt 0.050052 0.084375
vt 0.026249 0.084684
vt 0.026249 0.076815
vt 0.050052 0.076518
vt 0.026249 0.070010
vt 0.050052 0.069736
vt 0.120002 0.185036
vt 0.082793 0.185036
vt 0.082793 0.161149
vt 0.120279 0.161149
vt 0.082793 0.143050
vt 0.120279 0.143050
vt 0.045584 0.190380
vt 0.026249 0.194706
vt 0.026249 0.188024
vt 0.045584 0.187708
vt 0.011124 0.225318
vt 0.004422 0.225298
vt 0.004422 0.210041
vt 0.011124 0.210041
vt 0.001930 0.225272
vt 0.001930 0.210014
vt 0.554377 0.239208
vt 0.552238 0.239181
vt 0.552238 0.231636
vt 0.554377 0.231662
vt 0.543109 0.276032
vt 0.520000 0.276032
vt 0.520000 0.257744
vt 0.543109 0.257744
vt 0.496868 0.290656
vt 0.487671 0.290656
vt 0.487671 0.282756
vt 0.496868 0.282756
vt 0.485443 0.290656
vt 0.485443 0.282756
vt 0.478810 0.388311
vt 0.476318 0.388311
vt 0.476318 0.367476
vt 0.478810 0.367476
vt 0.476318 0.349686
vt 0.478810 0.349686
vt 0.441012 0.418061
vt 0.439580 0.404378
vt 0.457419 0.404378
vt 0.457419 0.418061
vt 0.470348 0.404378
vt 0.473826 0.418061
vt 0.629897 0.276032
vt 0.627668 0.276032
vt 0.627668 0.257744
vt 0.629897 0.257744
vt 0.618472 0.276032
vt 0.618472 0.257744
vt 0.572230 0.239181
vt 0.572230 0.231636
vt 0.595340 0.231636
vt 0.595340 0.239181
vt 0.560962 0.225219
vt 0.560962 0.209961
vt 0.563101 0.209934
vt 0.563101 0.225192
vt 0.245433 0.290656
vt 0.245433 0.282756
vt 0.243781 0.290656
vt 0.243781 0.282756
vt 0.286637 0.387366
vt 0.265539 0.388426
vt 0.265539 0.367937
vt 0.282265 0.367354
vt 0.251286 0.388340
vt 0.251286 0.367591
vt 0.251286 0.349859
vt 0.265539 0.350378
vt 0.283866 0.349530
vt 0.283993 0.418061
vt 0.285055 0.404378
vt 0.306696 0.404378
vt 0.307082 0.418061
vt 0.307433 0.391328
vt 0.325048 0.390205
vt 0.323851 0.404378
vt 0.330171 0.418061
vt 0.773597 0.119385
vt 0.779735 0.119677
vt 0.779778 0.157402
vt 0.772359 0.158308
vt 0.780935 0.118976
vt 0.780936 0.136085
vt 0.780936 0.153195
vt 0.780936 0.154007
vt 0.780935 0.154820
vt 0.780935 0.177022
vt 0.780935 0.199223
vt 0.778975 0.192870
vt 0.770275 0.192639
vt 0.236959 0.194757
vt 0.235307 0.194784
vt 0.235307 0.188341
vt 0.236959 0.188315
vt 0.229440 0.194764
vt 0.229440 0.188262
vt 0.215145 0.180274
vt 0.215145 0.161729
vt 0.196635 0.185036
vt 0.191683 0.161294
vt 0.191683 0.143184
vt 0.215145 0.143588
vt 0.236959 0.085071
vt 0.235307 0.085097
vt 0.235307 0.077211
vt 0.236959 0.077185
vt 0.229440 0.084994
vt 0.229440 0.077112
vt 0.229440 0.070285
vt 0.235307 0.070377
vt 0.236959 0.070350
vt 0.254905 0.724447
vt 0.254905 0.725588
vt 0.238456 0.725588
vt 0.238456 0.724447
vt 0.254905 0.726729
vt 0.238456 0.732266
vt 0.222006 0.726729
vt 0.222006 0.725588
vt 0.222006 0.724447
vt 0.544165 0.934916
vt 0.544165 0.933776
vt 0.532533 0.934916
vt 0.532533 0.933776
vt 0.532533 0.932635
vt 0.544165 0.927098
vt 0.557001 0.909345
vt 0.572246 0.909345
vt 0.557001 0.882305
vt 0.572246 0.882305
vt 0.588695 0.882305
vt 0.588695 0.909345
vt 0.606270 0.847765
vt 0.594639 0.847765
vt 0.594639 0.818587
vt 0.606270 0.818587
vt 0.470428 0.909345
vt 0.486580 0.909345
vt 0.470428 0.882305
vt 0.486580 0.882305
vt 0.501677 0.882305
vt 0.501677 0.909345
vt 0.662432 0.847765
vt 0.674064 0.847765
vt 0.662432 0.818587
vt 0.674064 0.818587
vt 0.650801 0.805787
vt 0.649596 0.807631
vt 0.634351 0.807631
vt 0.634351 0.805787
vt 0.619106 0.807631
vt 0.617902 0.805787
vt 0.636482 0.237022
vt 0.636482 0.235369
vt 0.638620 0.235369
vt 0.638620 0.237022
vt 0.636482 0.233717
vt 0.638689 0.229502
vt 0.636700 0.215207
vt 0.638896 0.215207
vt 0.191683 0.029007
vt 0.158319 0.028962
vt 0.158319 0.013827
vt 0.191683 0.013854
vt 0.158319 0.001992
vt 0.196635 0.001992
vt 0.026249 0.029142
vt 0.026249 0.013936
vt 0.011124 0.014018
vt 0.006914 0.002098
vt 0.026249 0.002045
vt 0.120279 0.069644
vt 0.082793 0.069644
vt 0.082793 0.050696
vt 0.120279 0.050696
vt 0.050052 0.050766
vt 0.004422 0.014045
vt 0.001930 0.014019
vt 0.001930 0.002098
vt 0.004422 0.002098
vt 0.563101 0.013939
vt 0.560962 0.013966
vt 0.560962 0.001992
vt 0.563101 0.001992
vt 0.026249 0.050976
vt 0.235307 0.051256
vt 0.236959 0.051229
vt 0.229440 0.051186
vt 0.229440 0.029277
vt 0.235307 0.029321
vt 0.236959 0.029295
vt 0.120279 0.084272
vt 0.082793 0.084272
vt 0.082793 0.076419
vt 0.120279 0.076419
vt 0.158318 0.185036
vt 0.158319 0.161149
vt 0.158319 0.143050
vt 0.934687 0.282689
vt 0.950738 0.319898
vt 0.945861 0.319010
vt 0.929869 0.281173
vt 0.966788 0.357107
vt 0.953857 0.356986
vt 0.949622 0.356687
vt 0.941692 0.318556
vt 0.925051 0.279657
vt 0.437449 0.421927
vt 0.440121 0.421927
vt 0.440295 0.426745
vt 0.433245 0.426745
vt 0.442793 0.421927
vt 0.443141 0.426745
vt 0.443489 0.431563
vt 0.440425 0.438909
vt 0.433277 0.438909
vt 0.045584 0.229705
vt 0.026249 0.225378
vt 0.026249 0.210042
vt 0.045584 0.210043
vt 0.011124 0.239421
vt 0.004422 0.239287
vt 0.004422 0.231742
vt 0.011124 0.231821
vt 0.001930 0.239261
vt 0.001930 0.231716
vt 0.554377 0.276059
vt 0.552238 0.276032
vt 0.552238 0.257744
vt 0.554377 0.257770
vt 0.543109 0.290656
vt 0.520000 0.290656
vt 0.520000 0.282756
vt 0.543109 0.282756
vt 0.496868 0.388311
vt 0.487671 0.388311
vt 0.487671 0.367476
vt 0.496868 0.367476
vt 0.485443 0.388311
vt 0.485443 0.367476
vt 0.485443 0.349686
vt 0.487671 0.349686
vt 0.496868 0.349686
vt 0.476318 0.404378
vt 0.476318 0.418061
vt 0.478810 0.404378
vt 0.478810 0.418061
vt 0.780935 0.232038
vt 0.778707 0.228559
vt 0.778707 0.215631
vt 0.780935 0.215631
vt 0.769521 0.228467
vt 0.769552 0.215265
vt 0.629897 0.290656
vt 0.627668 0.290656
vt 0.627668 0.282756
vt 0.629897 0.282756
vt 0.618472 0.290656
vt 0.618472 0.282756
vt 0.595340 0.276032
vt 0.595340 0.257744
vt 0.572230 0.276032
vt 0.572230 0.257744
vt 0.560962 0.239208
vt 0.560962 0.231662
vt 0.563101 0.231636
vt 0.563101 0.239181
vt 0.236959 0.225272
vt 0.235307 0.225298
vt 0.235307 0.210041
vt 0.236959 0.210014
vt 0.229440 0.225318
vt 0.229440 0.210041
vt 0.243781 0.388311
vt 0.243781 0.367476
vt 0.245433 0.367476
vt 0.245433 0.388311
vt 0.243781 0.349686
vt 0.245433 0.349686
vt 0.247086 0.418061
vt 0.251286 0.404378
vt 0.265539 0.404378
vt 0.265539 0.418061
vt 0.772359 0.081286
vt 0.779778 0.083354
vt 0.770275 0.047370
vt 0.778975 0.047878
vt 0.780935 0.042204
vt 0.780936 0.065294
vt 0.780936 0.088383
vt 0.780936 0.088882
vt 0.780936 0.089381
vt 0.780936 0.104179
vt 0.743954 0.118765
vt 0.758741 0.119041
vt 0.754731 0.157629
vt 0.737243 0.156526
vt 0.748675 0.191097
vt 0.727109 0.189448
vt 0.215145 0.194706
vt 0.215145 0.188024
vt 0.196635 0.190380
vt 0.196635 0.187708
vt 0.215145 0.084684
vt 0.215145 0.076815
vt 0.191683 0.084375
vt 0.191683 0.076518
vt 0.191683 0.069736
vt 0.215145 0.070010
vt 0.254905 0.750019
vt 0.238456 0.750019
vt 0.254905 0.773309
vt 0.238456 0.777059
vt 0.222006 0.773309
vt 0.222006 0.750019
vt 0.544165 0.909345
vt 0.532533 0.909345
vt 0.532533 0.886055
vt 0.544165 0.882305
vt 0.557001 0.847765
vt 0.572246 0.847765
vt 0.557001 0.818587
vt 0.572246 0.818587
vt 0.588695 0.818587
vt 0.588695 0.847765
vt 0.606270 0.807631
vt 0.594639 0.807631
vt 0.594639 0.805787
vt 0.606270 0.805787
vt 0.470428 0.847765
vt 0.486580 0.847765
vt 0.470428 0.818587
vt 0.486580 0.818587
vt 0.501677 0.818587
vt 0.501677 0.847765
vt 0.662432 0.807631
vt 0.674064 0.807631
vt 0.662432 0.805787
vt 0.674064 0.805787
vt 0.406401 0.942170
vt 0.411089 0.930852
vt 0.419428 0.935829
vt 0.419428 0.945502
vt 0.419428 0.910735
vt 0.427767 0.930852
vt 0.432455 0.942170
vt 0.235307 0.014045
vt 0.236959 0.014019
vt 0.229440 0.014018
vt 0.233654 0.002098
vt 0.235307 0.002098
vt 0.236959 0.002098
vt 0.215145 0.029142
vt 0.215145 0.013936
vt 0.215145 0.002045
vt 0.158319 0.069644
vt 0.158319 0.050696
vt 0.191683 0.050766
vt 0.215145 0.050976
vt 0.158319 0.084272
vt 0.158319 0.076419
vt 0.945861 0.395238
vt 0.941692 0.394888
vt 0.950738 0.395423
vt 0.934687 0.433740
vt 0.929869 0.433629
vt 0.925051 0.433519
vt 0.398124 0.421927
vt 0.417786 0.421927
vt 0.417786 0.426745
vt 0.402359 0.426745
vt 0.417786 0.438909
vt 0.402349 0.438909
vt 0.443486 0.465765
vt 0.440466 0.465765
vt 0.443482 0.499967
vt 0.440464 0.501823
vt 0.433285 0.501823
vt 0.433286 0.465765
vt 0.045584 0.235042
vt 0.026249 0.239823
vt 0.026249 0.232058
vt 0.045584 0.232374
vt 0.011124 0.276267
vt 0.004422 0.276139
vt 0.004422 0.257850
vt 0.011124 0.257991
vt 0.001930 0.276112
vt 0.001930 0.257823
vt 0.554377 0.290683
vt 0.552238 0.290656
vt 0.552238 0.282756
vt 0.554377 0.282782
vt 0.543109 0.388311
vt 0.520000 0.388311
vt 0.520000 0.367476
vt 0.543109 0.367476
vt 0.520000 0.349686
vt 0.543109 0.349686
vt 0.485443 0.418061
vt 0.485443 0.404378
vt 0.487671 0.404378
vt 0.487671 0.418061
vt 0.496868 0.404378
vt 0.489900 0.418061
vt 0.776479 0.237022
vt 0.769511 0.234530
vt 0.778707 0.234530
vt 0.778707 0.237022
vt 0.780935 0.234530
vt 0.780935 0.237022
vt 0.746545 0.214167
vt 0.746420 0.228193
vt 0.723338 0.227918
vt 0.723546 0.213069
vt 0.629897 0.388311
vt 0.627668 0.388311
vt 0.627668 0.367476
vt 0.629897 0.367476
vt 0.618472 0.388311
vt 0.618472 0.367476
vt 0.618472 0.349686
vt 0.627668 0.349686
vt 0.629897 0.349686
vt 0.595340 0.290656
vt 0.595340 0.282756
vt 0.572230 0.290656
vt 0.572230 0.282756
vt 0.563101 0.276032
vt 0.563101 0.257744
vt 0.560962 0.276059
vt 0.560962 0.257770
vt 0.236959 0.239261
vt 0.235307 0.239287
vt 0.235307 0.231742
vt 0.236959 0.231716
vt 0.229440 0.239421
vt 0.229440 0.231821
vt 0.215145 0.225378
vt 0.215145 0.210042
vt 0.196635 0.229705
vt 0.196635 0.210043
vt 0.243781 0.418061
vt 0.243781 0.404378
vt 0.245433 0.404378
vt 0.245433 0.418061
vt 0.778707 0.023751
vt 0.780935 0.023751
vt 0.769552 0.023758
vt 0.769521 0.009499
vt 0.778707 0.009497
vt 0.780935 0.005297
vt 0.754731 0.080612
vt 0.748675 0.047228
vt 0.737243 0.080628
vt 0.727109 0.047258
vt 0.385934 0.583221
vt 0.383262 0.583221
vt 0.383436 0.578403
vt 0.386282 0.578403
vt 0.380590 0.583221
vt 0.376386 0.578403
vt 0.376418 0.566239
vt 0.383566 0.566239
vt 0.386630 0.573585
vt 0.254905 0.811598
vt 0.238456 0.811598
vt 0.254905 0.849888
vt 0.238456 0.840777
vt 0.222006 0.849888
vt 0.222006 0.811598
vt 0.544165 0.847765
vt 0.532533 0.847765
vt 0.532533 0.809476
vt 0.544165 0.818587
vt 0.557001 0.807631
vt 0.572246 0.807631
vt 0.555796 0.805787
vt 0.572246 0.805787
vt 0.588695 0.805787
vt 0.588695 0.807631
vt 0.394834 0.935314
vt 0.401673 0.928475
vt 0.387978 0.923747
vt 0.399296 0.919059
vt 0.470428 0.807631
vt 0.486580 0.807631
vt 0.470428 0.805787
vt 0.486580 0.805787
vt 0.502733 0.805787
vt 0.501677 0.807631
vt 0.450878 0.923812
vt 0.444022 0.935314
vt 0.437183 0.928475
vt 0.439560 0.919106
vt 0.938939 0.318969
vt 0.918914 0.286016
vt 0.946730 0.356588
vt 0.938483 0.356588
vt 0.931433 0.322548
vt 0.913274 0.292730
vt 0.392787 0.421927
vt 0.395455 0.421927
vt 0.395402 0.426745
vt 0.392680 0.426745
vt 0.395362 0.438909
vt 0.392573 0.431563
vt 0.417785 0.465765
vt 0.417784 0.501823
vt 0.402345 0.501823
vt 0.402346 0.465765
vt 0.855083 0.262238
vt 0.854805 0.252318
vt 0.890002 0.262394
vt 0.886996 0.271355
vt 0.856648 0.240888
vt 0.890849 0.260272
vt 0.443482 0.541594
vt 0.440463 0.541594
vt 0.443482 0.583221
vt 0.440463 0.583221
vt 0.437445 0.583221
vt 0.433284 0.541594
vt 0.050052 0.277038
vt 0.026249 0.276653
vt 0.026249 0.258415
vt 0.050052 0.258838
vt 0.011124 0.290882
vt 0.004422 0.290763
vt 0.004422 0.282862
vt 0.011124 0.282986
vt 0.001930 0.290736
vt 0.001930 0.282836
vt 0.554377 0.388338
vt 0.552238 0.388311
vt 0.552238 0.367476
vt 0.554377 0.367502
vt 0.552238 0.349686
vt 0.554377 0.349713
vt 0.520000 0.404378
vt 0.520000 0.418061
vt 0.543109 0.404378
vt 0.550099 0.418061
vt 0.716279 0.237022
vt 0.723269 0.234530
vt 0.746379 0.234530
vt 0.746379 0.237022
vt 0.625440 0.418061
vt 0.618472 0.404378
vt 0.627668 0.404378
vt 0.627668 0.418061
vt 0.629897 0.404378
vt 0.629897 0.418061
vt 0.595340 0.388311
vt 0.595340 0.367476
vt 0.572230 0.388311
vt 0.572230 0.367476
vt 0.572230 0.349686
vt 0.595340 0.349686
vt 0.563101 0.290656
vt 0.563101 0.282756
vt 0.560962 0.290683
vt 0.560962 0.282782
vt 0.236959 0.276112
vt 0.235307 0.276139
vt 0.235307 0.257850
vt 0.236959 0.257823
vt 0.229440 0.276267
vt 0.229440 0.257991
vt 0.215145 0.239823
vt 0.215145 0.232058
vt 0.196635 0.235042
vt 0.196635 0.232374
vt 0.360928 0.578403
vt 0.360927 0.566239
vt 0.360928 0.583221
vt 0.341265 0.583221
vt 0.345500 0.578403
vt 0.345490 0.566239
vt 0.778707 0.003645
vt 0.780935 0.003645
vt 0.769511 0.003645
vt 0.776479 0.001992
vt 0.778707 0.001992
vt 0.780935 0.001992
vt 0.746545 0.023779
vt 0.746420 0.009504
vt 0.723546 0.023800
vt 0.723338 0.009510
vt 0.718511 0.188899
vt 0.730244 0.156159
vt 0.712438 0.193367
vt 0.728489 0.156159
vt 0.744540 0.118950
vt 0.738020 0.118673
vt 0.386624 0.505181
vt 0.386627 0.539383
vt 0.383607 0.539383
vt 0.383605 0.503325
vt 0.376427 0.539383
vt 0.376426 0.503325
vt 0.254905 0.851732
vt 0.238456 0.851732
vt 0.254905 0.853577
vt 0.238456 0.853577
vt 0.222006 0.853577
vt 0.222006 0.851732
vt 0.544165 0.807631
vt 0.532533 0.807631
vt 0.532533 0.805787
vt 0.544165 0.805787
vt 0.387978 0.897693
vt 0.399296 0.902381
vt 0.394319 0.910720
vt 0.384647 0.910720
vt 0.444538 0.910908
vt 0.454210 0.910980
vt 0.439560 0.902616
vt 0.450878 0.898071
vt 0.938939 0.394206
vt 0.918914 0.427160
vt 0.913274 0.420446
vt 0.931433 0.390627
vt 0.913004 0.331591
vt 0.899494 0.309694
vt 0.918181 0.356588
vt 0.898305 0.356588
vt 0.894969 0.340480
vt 0.886019 0.326370
vt 0.701461 0.611526
vt 0.696644 0.613042
vt 0.712635 0.575205
vt 0.717512 0.574317
vt 0.691826 0.614558
vt 0.708510 0.575677
vt 0.716444 0.537527
vt 0.720631 0.537229
vt 0.733563 0.537108
vt 0.395350 0.465765
vt 0.395350 0.501823
vt 0.392578 0.499967
vt 0.392576 0.465765
vt 0.417784 0.541594
vt 0.417784 0.583221
vt 0.398124 0.583221
vt 0.402345 0.541594
vt 0.773393 0.274776
vt 0.815021 0.257832
vt 0.815921 0.260007
vt 0.781234 0.282436
vt 0.820018 0.269195
vt 0.788788 0.289491
vt 0.500337 0.421927
vt 0.500337 0.462833
vt 0.497318 0.462833
vt 0.497318 0.421927
vt 0.500337 0.503739
vt 0.497318 0.503739
vt 0.490139 0.503739
vt 0.490139 0.462833
vt 0.494299 0.421927
vt 0.120279 0.277167
vt 0.082793 0.277167
vt 0.082793 0.258980
vt 0.120279 0.258980
vt 0.082793 0.235042
vt 0.120002 0.235042
vt 0.050052 0.291597
vt 0.026249 0.291239
vt 0.026249 0.283358
vt 0.050052 0.283730
vt 0.011124 0.388453
vt 0.004422 0.388417
vt 0.004422 0.367582
vt 0.011124 0.367642
vt 0.001930 0.388391
vt 0.001930 0.367556
vt 0.001930 0.349766
vt 0.004422 0.349792
vt 0.011124 0.349872
vt 0.552238 0.404378
vt 0.552238 0.418061
vt 0.554377 0.404404
vt 0.554377 0.418061
vt 0.712001 0.237022
vt 0.712001 0.234530
vt 0.714140 0.234530
vt 0.714140 0.237022
vt 0.712001 0.232038
vt 0.714209 0.227827
vt 0.714416 0.212703
vt 0.712220 0.212703
vt 0.565240 0.418061
vt 0.572230 0.404378
vt 0.595340 0.404378
vt 0.595340 0.418061
vt 0.563101 0.388311
vt 0.563101 0.367476
vt 0.560962 0.388338
vt 0.560962 0.367502
vt 0.560962 0.349713
vt 0.563101 0.349686
vt 0.236959 0.290736
vt 0.235307 0.290763
vt 0.235307 0.282862
vt 0.236959 0.282836
vt 0.229440 0.290882
vt 0.229440 0.282986
vt 0.215145 0.276653
vt 0.215145 0.258415
vt 0.191683 0.277038
vt 0.191683 0.258838
vt 0.338543 0.578403
vt 0.338503 0.566239
vt 0.338597 0.583221
vt 0.335928 0.583221
vt 0.335821 0.578403
vt 0.335715 0.573585
vt 0.360926 0.539383
vt 0.360926 0.503325
vt 0.345487 0.539383
vt 0.345487 0.503325
vt 0.746379 0.003645
vt 0.723269 0.003645
vt 0.716279 0.001992
vt 0.746379 0.001992
vt 0.730244 0.080633
vt 0.728489 0.080633
vt 0.712438 0.042316
vt 0.718511 0.047268
vt 0.045584 0.418183
vt 0.050052 0.404605
vt 0.082793 0.404622
vt 0.082793 0.418183
vt 0.050052 0.388665
vt 0.082793 0.388700
vt 0.120279 0.388700
vt 0.120279 0.404622
vt 0.120002 0.418183
vt 0.386624 0.421927
vt 0.386624 0.463554
vt 0.383605 0.463554
vt 0.383605 0.421927
vt 0.376425 0.463554
vt 0.380586 0.421927
vt 0.890849 0.452903
vt 0.890002 0.450782
vt 0.856648 0.472287
vt 0.854805 0.460857
vt 0.855083 0.450937
vt 0.886996 0.441821
vt 0.432455 0.879335
vt 0.427767 0.890635
vt 0.419428 0.885611
vt 0.419428 0.875939
vt 0.411089 0.890588
vt 0.406401 0.879270
vt 0.394834 0.886126
vt 0.401673 0.892965
vt 0.913004 0.381585
vt 0.899494 0.403482
vt 0.886020 0.386806
vt 0.894969 0.372696
vt 0.856704 0.311941
vt 0.855892 0.287302
vt 0.879673 0.293997
vt 0.872514 0.316255
vt 0.888646 0.343600
vt 0.881296 0.332222
vt 0.891336 0.356588
vt 0.893461 0.356588
vt 0.888179 0.343834
vt 0.882896 0.331081
vt 0.705888 0.575318
vt 0.713694 0.537627
vt 0.685822 0.608334
vt 0.680324 0.601781
vt 0.698570 0.571824
vt 0.705652 0.537627
vt 0.395351 0.541594
vt 0.395351 0.583221
vt 0.392578 0.583221
vt 0.392578 0.541594
vt 0.657624 0.633942
vt 0.656849 0.632002
vt 0.623422 0.653326
vt 0.621578 0.642097
vt 0.621852 0.632415
vt 0.653919 0.623255
vt 0.474639 0.462833
vt 0.474639 0.421927
vt 0.474639 0.503739
vt 0.459200 0.503739
vt 0.459200 0.462833
vt 0.454978 0.421927
vt 0.739506 0.356588
vt 0.756450 0.315682
vt 0.758625 0.316583
vt 0.750339 0.356588
vt 0.768382 0.320389
vt 0.760885 0.356588
vt 0.827145 0.324837
vt 0.808112 0.307315
vt 0.830506 0.292411
vt 0.840839 0.315233
vt 0.500337 0.544645
vt 0.497318 0.544645
vt 0.500337 0.585551
vt 0.497318 0.585551
vt 0.494299 0.585551
vt 0.490139 0.544645
vt 0.158319 0.277167
vt 0.158319 0.258980
vt 0.158318 0.235042
vt 0.120279 0.291716
vt 0.082793 0.291716
vt 0.082793 0.283854
vt 0.120279 0.283854
vt 0.026249 0.388559
vt 0.026249 0.367820
vt 0.050052 0.367998
vt 0.026249 0.350112
vt 0.050052 0.350352
vt 0.001930 0.418167
vt 0.001930 0.404458
vt 0.004422 0.404484
vt 0.004422 0.418167
vt 0.011124 0.404501
vt 0.006914 0.418167
vt 0.026249 0.404553
vt 0.026249 0.418175
vt 0.560962 0.418061
vt 0.560962 0.404404
vt 0.563101 0.404378
vt 0.563101 0.418061
vt 0.236959 0.388391
vt 0.235307 0.388417
vt 0.235307 0.367582
vt 0.236959 0.367556
vt 0.229440 0.388453
vt 0.229440 0.367642
vt 0.229440 0.349872
vt 0.235307 0.349792
vt 0.236959 0.349766
vt 0.215145 0.291239
vt 0.215145 0.283358
vt 0.191683 0.291597
vt 0.191683 0.283730
vt 0.338491 0.539383
vt 0.338492 0.503325
vt 0.335717 0.539383
vt 0.335719 0.505181
vt 0.708510 0.499308
vt 0.712635 0.498976
vt 0.691826 0.460695
vt 0.696644 0.460585
vt 0.701461 0.460475
vt 0.717512 0.498791
vt 0.360925 0.463554
vt 0.360925 0.421927
vt 0.345487 0.463554
vt 0.341265 0.421927
vt 0.714209 0.009511
vt 0.714140 0.003645
vt 0.712001 0.005297
vt 0.712001 0.003645
vt 0.712001 0.001992
vt 0.714140 0.001992
vt 0.714416 0.023807
vt 0.712220 0.023807
vt 0.158319 0.404622
vt 0.158319 0.418183
vt 0.158319 0.388700
vt 0.191683 0.388665
vt 0.191683 0.404605
vt 0.196635 0.418183
vt 0.082793 0.368058
vt 0.120279 0.368058
vt 0.082793 0.350432
vt 0.120279 0.350432
vt 0.815021 0.455343
vt 0.815921 0.453169
vt 0.773393 0.438400
vt 0.781234 0.430739
vt 0.788788 0.423685
vt 0.820018 0.443980
vt 0.879673 0.419179
vt 0.855892 0.425874
vt 0.856704 0.401235
vt 0.872514 0.396921
vt 0.888646 0.369576
vt 0.881296 0.380954
vt 0.882896 0.382095
vt 0.888179 0.369341
vt 0.856744 0.318227
vt 0.856990 0.320588
vt 0.870005 0.324066
vt 0.869820 0.324654
vt 0.285332 0.968048
vt 0.285344 0.968951
vt 0.272596 0.968951
vt 0.272525 0.957612
vt 0.285355 0.969853
vt 0.272601 0.969853
vt 0.259848 0.969853
vt 0.259848 0.968951
vt 0.259848 0.957612
vt 0.705888 0.499936
vt 0.685822 0.466919
vt 0.698570 0.503429
vt 0.680324 0.473472
vt 0.680354 0.562894
vt 0.685587 0.537627
vt 0.666702 0.585029
vt 0.653283 0.568443
vt 0.662397 0.554053
vt 0.665799 0.537627
vt 0.452205 0.462833
vt 0.452205 0.421927
vt 0.452205 0.503739
vt 0.449432 0.503739
vt 0.449432 0.462833
vt 0.449432 0.421927
vt 0.581795 0.636382
vt 0.582619 0.634393
vt 0.540168 0.619438
vt 0.547866 0.611921
vt 0.555242 0.605035
vt 0.586619 0.625425
vt 0.474639 0.544645
vt 0.474639 0.585551
vt 0.454978 0.585551
vt 0.459200 0.544645
vt 0.756450 0.397494
vt 0.758625 0.396593
vt 0.768382 0.392787
vt 0.793306 0.330005
vt 0.787801 0.356588
vt 0.817851 0.339458
vt 0.814303 0.356588
vt 0.158319 0.291716
vt 0.158319 0.283854
vt 0.233654 0.418167
vt 0.229440 0.404501
vt 0.235307 0.404484
vt 0.235307 0.418167
vt 0.236959 0.404458
vt 0.236959 0.418167
vt 0.215145 0.388559
vt 0.215145 0.367820
vt 0.191683 0.367998
vt 0.191683 0.350352
vt 0.215145 0.350112
vt 0.338492 0.463554
vt 0.338492 0.421927
vt 0.335719 0.463554
vt 0.335719 0.421927
vt 0.621852 0.442839
vt 0.621578 0.433156
vt 0.656849 0.443251
vt 0.653919 0.451998
vt 0.623422 0.421927
vt 0.657624 0.441311
vt 0.215145 0.404553
vt 0.215145 0.418175
vt 0.158319 0.368058
vt 0.158319 0.350432
vt 0.830506 0.420765
vt 0.808112 0.405861
vt 0.827145 0.388339
vt 0.840839 0.397943
vt 0.870005 0.389109
vt 0.856990 0.392588
vt 0.856744 0.394949
vt 0.869820 0.388522
vt 0.247100 0.968951
vt 0.247171 0.957612
vt 0.247094 0.969853
vt 0.234341 0.969853
vt 0.234352 0.968951
vt 0.234363 0.968048
vt 0.844467 0.323242
vt 0.833830 0.330986
vt 0.844744 0.323845
vt 0.832745 0.329463
vt 0.086798 0.931200
vt 0.073722 0.931190
vt 0.073719 0.930283
vt 0.086522 0.930287
vt 0.060646 0.931181
vt 0.060647 0.930278
vt 0.060648 0.929376
vt 0.073675 0.918940
vt 0.086426 0.918941
vt 0.680354 0.512359
vt 0.666702 0.490225
vt 0.662397 0.521200
vt 0.653283 0.506811
vt 0.646679 0.600895
vt 0.622648 0.607663
vt 0.623452 0.583157
vt 0.639550 0.578757
vt 0.655853 0.550826
vt 0.658586 0.537627
vt 0.648394 0.562388
vt 0.649722 0.563185
vt 0.655015 0.550406
vt 0.660309 0.537627
vt 0.452205 0.544645
vt 0.452205 0.585551
vt 0.449432 0.585551
vt 0.449432 0.544645
vt 0.523224 0.578533
vt 0.525213 0.577709
vt 0.506280 0.537627
vt 0.516912 0.537627
vt 0.527209 0.537627
vt 0.534741 0.573994
vt 0.596973 0.602498
vt 0.574318 0.587433
vt 0.593240 0.570006
vt 0.607245 0.579800
vt 0.793306 0.383171
vt 0.817851 0.373718
vt 0.826470 0.342776
vt 0.823609 0.356588
vt 0.827127 0.343025
vt 0.821509 0.356588
vt 0.540168 0.455815
vt 0.581795 0.438871
vt 0.582619 0.440860
vt 0.547866 0.463332
vt 0.586619 0.449828
vt 0.555242 0.470218
vt 0.844467 0.389933
vt 0.844744 0.389331
vt 0.833830 0.382189
vt 0.832745 0.383713
vt 0.167435 0.929376
vt 0.167436 0.930278
vt 0.154364 0.930283
vt 0.154408 0.918940
vt 0.167437 0.931181
vt 0.154361 0.931190
vt 0.141285 0.931200
vt 0.141562 0.930287
vt 0.141657 0.918941
vt 0.284266 0.882750
vt 0.284799 0.925399
vt 0.272323 0.925399
vt 0.272123 0.893242
vt 0.259848 0.925399
vt 0.259848 0.893242
vt 0.623452 0.492096
vt 0.622648 0.467590
vt 0.646679 0.474358
vt 0.639550 0.496496
vt 0.655853 0.524427
vt 0.648394 0.512865
vt 0.655015 0.524847
vt 0.649722 0.512068
vt 0.636953 0.570677
vt 0.623748 0.574212
vt 0.623521 0.576065
vt 0.636621 0.569625
vt 0.027488 0.842115
vt 0.027488 0.830811
vt 0.040263 0.830811
vt 0.040192 0.842115
vt 0.027488 0.830005
vt 0.040268 0.830005
vt 0.053047 0.830005
vt 0.053037 0.830811
vt 0.053027 0.831617
vt 0.523224 0.496721
vt 0.525213 0.497544
vt 0.534741 0.501259
vt 0.559346 0.564497
vt 0.553781 0.537627
vt 0.580129 0.537627
vt 0.583747 0.555095
vt 0.826470 0.370400
vt 0.827127 0.370150
vt 0.201050 0.946379
vt 0.201050 0.957726
vt 0.187495 0.957726
vt 0.187582 0.946380
vt 0.201050 0.958638
vt 0.187488 0.958638
vt 0.173925 0.958638
vt 0.173939 0.957726
vt 0.173953 0.956814
vt 0.593240 0.505248
vt 0.574318 0.487820
vt 0.596973 0.472755
vt 0.607245 0.495454
vt 0.247372 0.925399
vt 0.234896 0.925399
vt 0.235430 0.882750
vt 0.247573 0.893242
vt 0.110768 0.929376
vt 0.110783 0.930288
vt 0.098786 0.930288
vt 0.098644 0.918941
vt 0.110797 0.931200
vt 0.098798 0.931200
vt 0.073550 0.886726
vt 0.086153 0.886726
vt 0.060687 0.886727
vt 0.060727 0.844077
vt 0.073425 0.854569
vt 0.085881 0.854569
vt 0.623521 0.499188
vt 0.623748 0.501041
vt 0.636953 0.504576
vt 0.636621 0.505628
vt 0.001950 0.831617
vt 0.001940 0.830811
vt 0.014714 0.830811
vt 0.014785 0.842115
vt 0.001930 0.830005
vt 0.014709 0.830005
vt 0.610999 0.571514
vt 0.611495 0.570436
vt 0.600155 0.563644
vt 0.599469 0.564807
vt 0.126969 0.726060
vt 0.126968 0.725254
vt 0.140065 0.725251
vt 0.140021 0.736555
vt 0.126968 0.724448
vt 0.140068 0.724448
vt 0.153169 0.724448
vt 0.152893 0.725249
vt 0.152798 0.736553
vt 0.559346 0.510756
vt 0.583747 0.520158
vt 0.592665 0.551663
vt 0.589757 0.537627
vt 0.588210 0.537627
vt 0.593840 0.551217
vt 0.228148 0.956814
vt 0.228162 0.957726
vt 0.214606 0.957726
vt 0.214519 0.946380
vt 0.228176 0.958638
vt 0.214613 0.958638
vt 0.129297 0.930288
vt 0.129439 0.918941
vt 0.129285 0.931200
vt 0.117286 0.931200
vt 0.117301 0.930288
vt 0.117315 0.929376
vt 0.167356 0.844077
vt 0.167396 0.886727
vt 0.154533 0.886726
vt 0.154658 0.854569
vt 0.141930 0.886726
vt 0.142202 0.854569
vt 0.109364 0.844076
vt 0.110066 0.886726
vt 0.098239 0.886726
vt 0.097835 0.854569
vt 0.284249 0.881388
vt 0.284258 0.882069
vt 0.272053 0.882069
vt 0.271798 0.880061
vt 0.259848 0.882069
vt 0.259848 0.880061
vt 0.611000 0.503739
vt 0.600155 0.511609
vt 0.611495 0.504817
vt 0.599469 0.510446
vt 0.094823 0.724448
vt 0.107924 0.724448
vt 0.107927 0.725251
vt 0.095099 0.725249
vt 0.121024 0.724448
vt 0.121024 0.725254
vt 0.121023 0.726060
vt 0.107971 0.736555
vt 0.095194 0.736553
vt 0.003018 0.917213
vt 0.002484 0.874415
vt 0.014986 0.874415
vt 0.015187 0.906672
vt 0.027488 0.874415
vt 0.027488 0.906672
vt 0.039991 0.874415
vt 0.052493 0.874415
vt 0.051959 0.917213
vt 0.039789 0.906672
vt 0.592665 0.523590
vt 0.593840 0.524036
vt 0.010492 0.736552
vt 0.010480 0.725248
vt 0.024064 0.725248
vt 0.024150 0.736551
vt 0.010468 0.724447
vt 0.024058 0.724447
vt 0.037648 0.724447
vt 0.037648 0.725248
vt 0.037648 0.736552
vt 0.226840 0.871514
vt 0.227494 0.914164
vt 0.214272 0.914164
vt 0.214026 0.882007
vt 0.201050 0.914164
vt 0.201050 0.882007
vt 0.187829 0.914164
vt 0.188075 0.882007
vt 0.174607 0.914164
vt 0.175261 0.871514
vt 0.247643 0.882069
vt 0.247897 0.880061
vt 0.235438 0.882069
vt 0.235447 0.881388
vt 0.073382 0.843396
vt 0.085787 0.843397
vt 0.060728 0.843397
vt 0.060728 0.842716
vt 0.073629 0.841389
vt 0.085765 0.841389
vt 0.165185 0.725249
vt 0.165043 0.736552
vt 0.165195 0.724448
vt 0.177221 0.724448
vt 0.177207 0.725249
vt 0.177194 0.736552
vt 0.127047 0.811656
vt 0.127008 0.768858
vt 0.139895 0.768858
vt 0.139770 0.801118
vt 0.152525 0.768858
vt 0.152252 0.801121
vt 0.108097 0.768858
vt 0.095467 0.768858
vt 0.120984 0.768858
vt 0.120945 0.811656
vt 0.108222 0.801118
vt 0.095740 0.801121
vt 0.051232 0.725248
vt 0.051145 0.736551
vt 0.051238 0.724447
vt 0.064828 0.724447
vt 0.064816 0.725248
vt 0.064803 0.736552
vt 0.129844 0.886726
vt 0.118017 0.886726
vt 0.118719 0.844076
vt 0.130248 0.854569
vt 0.167355 0.842716
vt 0.167355 0.843396
vt 0.154701 0.843396
vt 0.154454 0.841389
vt 0.142296 0.843397
vt 0.142318 0.841389
vt 0.201050 0.868827
vt 0.201050 0.870835
vt 0.188161 0.870835
vt 0.188440 0.868827
vt 0.175271 0.870835
vt 0.175282 0.870155
vt 0.109342 0.842717
vt 0.109353 0.843396
vt 0.097694 0.843396
vt 0.097426 0.841389
vt 0.271043 0.875400
vt 0.282238 0.875400
vt 0.259848 0.875400
vt 0.259848 0.870817
vt 0.270265 0.870817
vt 0.280228 0.869412
vt 0.070798 0.736552
vt 0.070785 0.725249
vt 0.082807 0.725249
vt 0.082949 0.736552
vt 0.070771 0.724448
vt 0.082797 0.724448
vt 0.003034 0.918480
vt 0.003026 0.917846
vt 0.015257 0.917847
vt 0.015272 0.918391
vt 0.027488 0.917847
vt 0.027488 0.918391
vt 0.039720 0.917847
vt 0.039705 0.918391
vt 0.051951 0.917846
vt 0.051943 0.918480
vt 0.164637 0.768858
vt 0.176491 0.768858
vt 0.175788 0.801122
vt 0.164232 0.801122
vt 0.011803 0.801122
vt 0.011148 0.768858
vt 0.024398 0.768858
vt 0.024645 0.801121
vt 0.037648 0.768858
vt 0.037648 0.801121
vt 0.226819 0.870155
vt 0.226830 0.870835
vt 0.213940 0.870835
vt 0.213661 0.868827
vt 0.130389 0.843396
vt 0.130657 0.841389
vt 0.118730 0.843396
vt 0.118741 0.842717
vt 0.248652 0.875400
vt 0.249431 0.870817
vt 0.237457 0.875400
vt 0.239468 0.869412
vt 0.085657 0.832144
vt 0.085711 0.836727
vt 0.074378 0.836727
vt 0.075151 0.832144
vt 0.062842 0.836728
vt 0.064955 0.830740
vt 0.072204 0.801122
vt 0.071501 0.768858
vt 0.083355 0.768858
vt 0.083760 0.801122
vt 0.127048 0.812923
vt 0.127047 0.812289
vt 0.139727 0.812292
vt 0.139736 0.812834
vt 0.152157 0.812293
vt 0.152153 0.812834
vt 0.095840 0.812833
vt 0.095835 0.812293
vt 0.108266 0.812292
vt 0.108256 0.812834
vt 0.120945 0.812289
vt 0.120944 0.812923
vt 0.050898 0.768858
vt 0.050651 0.801121
vt 0.064148 0.768858
vt 0.063493 0.801122
vt 0.153705 0.836727
vt 0.165241 0.836728
vt 0.142372 0.836727
vt 0.142426 0.832144
vt 0.152932 0.832144
vt 0.163128 0.830740
vt 0.222412 0.858176
vt 0.224615 0.864165
vt 0.212833 0.864165
vt 0.211980 0.859581
vt 0.201050 0.864165
vt 0.201050 0.859582
vt 0.189268 0.864165
vt 0.177485 0.864165
vt 0.179689 0.858176
vt 0.190121 0.859581
vt 0.096639 0.836727
vt 0.107364 0.836727
vt 0.095828 0.832143
vt 0.105387 0.830737
vt 0.279835 0.868677
vt 0.280031 0.869045
vt 0.269940 0.869045
vt 0.269841 0.868677
vt 0.259848 0.869045
vt 0.259848 0.868677
vt 0.164092 0.812294
vt 0.164074 0.812834
vt 0.175778 0.812294
vt 0.175767 0.812833
vt 0.072225 0.812833
vt 0.072214 0.812294
vt 0.083900 0.812294
vt 0.083918 0.812834
vt 0.095863 0.814919
vt 0.095843 0.813199
vt 0.108222 0.813199
vt 0.107936 0.814919
vt 0.120846 0.813200
vt 0.120749 0.813476
vt 0.003219 0.919033
vt 0.003127 0.918757
vt 0.015307 0.918757
vt 0.015595 0.920476
vt 0.027488 0.918757
vt 0.027488 0.920476
vt 0.039669 0.918757
vt 0.039382 0.920476
vt 0.051850 0.918757
vt 0.051757 0.919033
vt 0.011822 0.812833
vt 0.011812 0.812294
vt 0.024730 0.812294
vt 0.024746 0.812833
vt 0.037648 0.812294
vt 0.037648 0.812833
vt 0.131444 0.836727
vt 0.132255 0.832143
vt 0.120719 0.836727
vt 0.122696 0.830737
vt 0.249756 0.869045
vt 0.249854 0.868677
vt 0.239664 0.869045
vt 0.239861 0.868677
vt 0.085775 0.830005
vt 0.085634 0.830371
vt 0.075474 0.830372
vt 0.075571 0.830005
vt 0.065161 0.830372
vt 0.065368 0.830005
vt 0.050566 0.812294
vt 0.050549 0.812833
vt 0.063483 0.812294
vt 0.063474 0.812833
vt 0.139770 0.813199
vt 0.127146 0.813200
vt 0.152149 0.813199
vt 0.152129 0.814919
vt 0.140056 0.814919
vt 0.127243 0.813476
vt 0.083957 0.813199
vt 0.072316 0.813199
vt 0.084256 0.814919
vt 0.072407 0.814919
vt 0.152609 0.830372
vt 0.162922 0.830372
vt 0.142449 0.830371
vt 0.142308 0.830005
vt 0.152512 0.830005
vt 0.162715 0.830005
vt 0.132593 0.830371
vt 0.132695 0.830005
vt 0.122889 0.830371
vt 0.123083 0.830005
vt 0.221981 0.857443
vt 0.222196 0.857809
vt 0.211623 0.857809
vt 0.211516 0.857443
vt 0.201050 0.857809
vt 0.201050 0.857443
vt 0.095490 0.830371
vt 0.105194 0.830371
vt 0.095388 0.830005
vt 0.105000 0.830005
vt 0.190478 0.857809
vt 0.179905 0.857809
vt 0.180120 0.857443
vt 0.190585 0.857443
vt 0.556656 0.938783
vt 0.566860 0.943563
vt 0.563404 0.951818
vt 0.556686 0.952609
vt 0.577063 0.948342
vt 0.567461 0.957539
vt 0.556604 0.968329
vt 0.581081 0.958336
vt 0.572885 0.961667
vt 0.585099 0.968329
vt 0.571840 0.968329
vt 0.164035 0.813199
vt 0.163736 0.814919
vt 0.175676 0.813199
vt 0.175585 0.814919
vt 0.050510 0.813199
vt 0.037648 0.813199
vt 0.063372 0.813199
vt 0.063270 0.814919
vt 0.050194 0.814919
vt 0.037648 0.814919
vt 0.095970 0.824129
vt 0.095917 0.819523
vt 0.107171 0.819523
vt 0.106405 0.824129
vt 0.118622 0.819523
vt 0.116495 0.825569
vt 0.016366 0.925080
vt 0.005243 0.925080
vt 0.027488 0.925080
vt 0.027488 0.929685
vt 0.017137 0.929685
vt 0.007267 0.931126
vt 0.038611 0.925080
vt 0.037840 0.929685
vt 0.049734 0.925080
vt 0.047710 0.931126
vt 0.012026 0.814919
vt 0.011924 0.813199
vt 0.024786 0.813199
vt 0.025101 0.814919
vt 0.581081 0.978323
vt 0.572885 0.974992
vt 0.577063 0.988316
vt 0.567461 0.979119
vt 0.537430 0.947399
vt 0.547043 0.943091
vt 0.550193 0.951504
vt 0.546261 0.957146
vt 0.140822 0.819523
vt 0.129370 0.819523
vt 0.152075 0.819523
vt 0.152022 0.824129
vt 0.141587 0.824129
vt 0.131497 0.825569
vt 0.085058 0.819523
vt 0.074398 0.819523
vt 0.085861 0.824129
vt 0.076388 0.824129
vt 0.566860 0.993096
vt 0.563404 0.984841
vt 0.556656 0.997876
vt 0.556686 0.984050
vt 0.547043 0.993568
vt 0.550193 0.985155
vt 0.537430 0.989260
vt 0.546261 0.979513
vt 0.533148 0.978795
vt 0.540930 0.975306
vt 0.528866 0.968329
vt 0.541804 0.968329
vt 0.533148 0.957864
vt 0.540930 0.961353
vt 0.162934 0.819523
vt 0.162131 0.824129
vt 0.173594 0.819523
vt 0.171604 0.824129
vt 0.049350 0.819523
vt 0.037648 0.819523
vt 0.061052 0.819523
vt 0.058834 0.824129
vt 0.048505 0.824129
vt 0.037648 0.824129
vt 0.095846 0.826138
vt 0.095990 0.825854
vt 0.106118 0.825853
vt 0.106071 0.826138
vt 0.116395 0.825853
vt 0.116295 0.826137
vt 0.007457 0.931694
vt 0.007362 0.931410
vt 0.017425 0.931410
vt 0.017473 0.931694
vt 0.027488 0.931410
vt 0.027488 0.931694
vt 0.037552 0.931410
vt 0.037504 0.931694
vt 0.047615 0.931410
vt 0.047520 0.931694
vt 0.016462 0.824129
vt 0.014244 0.819523
vt 0.025946 0.819523
vt 0.026791 0.824129
vt 0.141874 0.825853
vt 0.131597 0.825853
vt 0.152002 0.825854
vt 0.152146 0.826138
vt 0.141921 0.826138
vt 0.131697 0.826137
vt 0.086161 0.825854
vt 0.076482 0.825854
vt 0.086211 0.826138
vt 0.076575 0.826138
vt 0.161831 0.825854
vt 0.161781 0.826138
vt 0.171510 0.825854
vt 0.171417 0.826138
vt 0.048189 0.825854
vt 0.037648 0.825854
vt 0.058729 0.825854
vt 0.058625 0.826138
vt 0.048137 0.826138
vt 0.037648 0.826138
vt 0.494418 0.938783
vt 0.504642 0.943573
vt 0.501178 0.951847
vt 0.494446 0.952640
vt 0.514866 0.948364
vt 0.505244 0.957581
vt 0.494364 0.968396
vt 0.518893 0.958380
vt 0.510679 0.961718
vt 0.522921 0.968395
vt 0.509633 0.968395
vt 0.518893 0.978411
vt 0.510679 0.975073
vt 0.514866 0.988427
vt 0.505244 0.979210
vt 0.016670 0.826138
vt 0.016566 0.825854
vt 0.027107 0.825854
vt 0.027159 0.826138
vt 0.504642 0.993217
vt 0.501178 0.984943
vt 0.494418 0.998008
vt 0.494446 0.984151
vt 0.475146 0.947418
vt 0.484782 0.943100
vt 0.487938 0.951532
vt 0.483997 0.957187
vt 0.484782 0.993690
vt 0.487938 0.985259
vt 0.475146 0.989373
vt 0.483997 0.979604
vt 0.466563 0.968395
vt 0.470855 0.957907
vt 0.478653 0.961403
vt 0.479530 0.968395
vt 0.470855 0.978884
vt 0.478653 0.975388
vt 0.287720 0.076082
vt 0.287720 0.076777
vt 0.285857 0.076221
vt 0.290108 0.073786
vt 0.287720 0.077473
vt 0.285857 0.084667
vt 0.321184 0.065213
vt 0.304452 0.070647
vt 0.302861 0.069313
vt 0.316946 0.060843
vt 0.300229 0.064804
vt 0.312573 0.056104
vt 0.406557 0.067082
vt 0.400149 0.049624
vt 0.401470 0.047127
vt 0.410352 0.061895
vt 0.393741 0.032167
vt 0.396279 0.033551
vt 0.405646 0.043692
vt 0.414566 0.056815
vt 0.437656 0.076082
vt 0.422107 0.071582
vt 0.423721 0.069998
vt 0.435431 0.073934
vt 0.426238 0.065266
vt 0.437656 0.077473
vt 0.437656 0.076777
vt 0.439334 0.076202
vt 0.439334 0.084662
vt 0.403473 0.150592
vt 0.420565 0.144390
vt 0.422131 0.145824
vt 0.408014 0.154457
vt 0.437656 0.138188
vt 0.435033 0.140843
vt 0.424748 0.150144
vt 0.412475 0.158771
vt 0.287720 0.138188
vt 0.304948 0.144279
vt 0.303282 0.145693
vt 0.290213 0.140787
vt 0.322176 0.150370
vt 0.317534 0.154284
vt 0.312993 0.158613
vt 0.300564 0.150011
vt 0.326906 0.166236
vt 0.325437 0.167949
vt 0.331636 0.182103
vt 0.337037 0.180028
vt 0.321004 0.170612
vt 0.287720 0.343900
vt 0.304452 0.349334
vt 0.302879 0.350504
vt 0.290112 0.345887
vt 0.321184 0.354769
vt 0.316925 0.358788
vt 0.312537 0.362975
vt 0.300257 0.354633
vt 0.287720 0.281794
vt 0.287720 0.282730
vt 0.285857 0.282282
vt 0.290238 0.279674
vt 0.287720 0.283667
vt 0.285857 0.290507
vt 0.326410 0.371292
vt 0.325017 0.372632
vt 0.331636 0.387815
vt 0.328982 0.385099
vt 0.320670 0.375030
vt 0.437656 0.283667
vt 0.437656 0.282730
vt 0.439334 0.282237
vt 0.439334 0.290496
vt 0.437656 0.281794
vt 0.435012 0.279576
vt 0.414530 0.362184
vt 0.426147 0.354323
vt 0.430485 0.364518
vt 0.424175 0.372603
vt 0.332656 0.387815
vt 0.338772 0.389327
vt 0.330647 0.389255
vt 0.332146 0.387815
vt 0.334927 0.393774
vt 0.329713 0.393756
vt 0.322176 0.269612
vt 0.304948 0.275703
vt 0.303384 0.274652
vt 0.317748 0.265898
vt 0.300725 0.270536
vt 0.313323 0.261667
vt 0.331636 0.237879
vt 0.326906 0.253745
vt 0.325784 0.252099
vt 0.337393 0.239932
vt 0.321553 0.249465
vt 0.420565 0.275592
vt 0.422045 0.274482
vt 0.403473 0.269390
vt 0.407823 0.265699
vt 0.412180 0.261468
vt 0.424612 0.270341
vt 0.362476 0.236076
vt 0.349657 0.233764
vt 0.387914 0.239900
vt 0.393741 0.237879
vt 0.393322 0.237879
vt 0.392902 0.237879
vt 0.362907 0.237879
vt 0.332911 0.237879
vt 0.332273 0.237879
vt 0.393741 0.182103
vt 0.398607 0.166348
vt 0.400069 0.168061
vt 0.388218 0.180056
vt 0.404456 0.170716
vt 0.418112 0.188235
vt 0.417624 0.183971
vt 0.417560 0.194677
vt 0.417377 0.209934
vt 0.417499 0.225192
vt 0.417866 0.231636
vt 0.417207 0.235937
vt 0.398607 0.253634
vt 0.399738 0.251973
vt 0.403931 0.249341
vt 0.349326 0.186123
vt 0.362380 0.183859
vt 0.331899 0.182103
vt 0.332162 0.182103
vt 0.362569 0.182103
vt 0.392977 0.182103
vt 0.393359 0.182103
vt 0.345465 0.188235
vt 0.346016 0.194677
vt 0.346200 0.209934
vt 0.346078 0.225192
vt 0.345710 0.231636
vt 0.226738 0.422050
vt 0.234219 0.424512
vt 0.226215 0.424512
vt 0.225244 0.422050
vt 0.395149 0.722089
vt 0.395149 0.732650
vt 0.386873 0.732650
vt 0.386873 0.722089
vt 0.388367 0.734145
vt 0.386873 0.734145
vt 0.385380 0.734145
vt 0.385380 0.732650
vt 0.385380 0.731155
vt 0.395149 0.656795
vt 0.395149 0.693393
vt 0.386873 0.693393
vt 0.386873 0.656795
vt 0.385380 0.693393
vt 0.385380 0.655631
vt 0.388367 0.589418
vt 0.395149 0.622524
vt 0.386873 0.622524
vt 0.386873 0.589417
vt 0.385380 0.622524
vt 0.385380 0.589417
vt 0.279845 0.334569
vt 0.285857 0.334397
vt 0.285857 0.343042
vt 0.279845 0.343403
vt 0.287720 0.340912
vt 0.287720 0.342406
vt 0.265539 0.343216
vt 0.251286 0.342870
vt 0.251286 0.334463
vt 0.265539 0.334549
vt 0.245433 0.342755
vt 0.243781 0.342755
vt 0.243781 0.334434
vt 0.245433 0.334434
vt 0.627668 0.342755
vt 0.629897 0.342755
vt 0.618472 0.342755
vt 0.618472 0.334434
vt 0.627668 0.334434
vt 0.629897 0.334434
vt 0.595340 0.342755
vt 0.572230 0.342755
vt 0.572230 0.334434
vt 0.595340 0.334434
vt 0.563101 0.342755
vt 0.560962 0.342781
vt 0.560962 0.334460
vt 0.563101 0.334434
vt 0.235307 0.342861
vt 0.236959 0.342834
vt 0.229440 0.342948
vt 0.229440 0.334633
vt 0.235307 0.334540
vt 0.236959 0.334514
vt 0.215145 0.343210
vt 0.191683 0.343472
vt 0.191683 0.335187
vt 0.215145 0.334910
vt 0.158319 0.343560
vt 0.120279 0.343560
vt 0.120279 0.335280
vt 0.158319 0.335280
vt 0.082793 0.343560
vt 0.050052 0.343472
vt 0.050052 0.335187
vt 0.082793 0.335280
vt 0.026249 0.343210
vt 0.011124 0.342948
vt 0.011124 0.334633
vt 0.026249 0.334910
vt 0.004422 0.342861
vt 0.001930 0.342834
vt 0.001930 0.334514
vt 0.004422 0.334540
vt 0.552238 0.342755
vt 0.554377 0.342781
vt 0.543109 0.342755
vt 0.543109 0.334434
vt 0.552238 0.334434
vt 0.554377 0.334460
vt 0.520000 0.342755
vt 0.496868 0.342755
vt 0.496868 0.334434
vt 0.520000 0.334434
vt 0.487671 0.342755
vt 0.485443 0.342755
vt 0.485443 0.334434
vt 0.487671 0.334434
vt 0.476318 0.342755
vt 0.478810 0.342755
vt 0.470348 0.342914
vt 0.470348 0.334474
vt 0.476318 0.334434
vt 0.478810 0.334434
vt 0.457419 0.343392
vt 0.444694 0.343668
vt 0.444694 0.334635
vt 0.457419 0.334593
vt 0.437656 0.343900
vt 0.437656 0.342406
vt 0.439334 0.343218
vt 0.435417 0.345960
vt 0.437656 0.340912
vt 0.439334 0.334441
vt 0.904683 0.769476
vt 0.904683 0.736369
vt 0.906176 0.736369
vt 0.906176 0.769476
vt 0.904683 0.703263
vt 0.906176 0.702099
vt 0.914452 0.702099
vt 0.914452 0.736369
vt 0.907670 0.769476
vt 0.904683 0.665500
vt 0.906176 0.665500
vt 0.904683 0.627738
vt 0.906176 0.636805
vt 0.914452 0.636805
vt 0.914452 0.665500
vt 0.904683 0.626243
vt 0.906176 0.626243
vt 0.904683 0.624748
vt 0.906176 0.624748
vt 0.907670 0.624748
vt 0.914452 0.626243
vt 0.226215 0.569524
vt 0.225244 0.571986
vt 0.234219 0.569524
vt 0.226738 0.571986
vt 0.255342 0.424512
vt 0.255361 0.422050
vt 0.416990 0.732650
vt 0.416990 0.722089
vt 0.416990 0.734145
vt 0.416990 0.693393
vt 0.416990 0.656795
vt 0.416990 0.622524
vt 0.416990 0.589417
vt 0.285857 0.312382
vt 0.279845 0.312452
vt 0.287720 0.312289
vt 0.265539 0.312475
vt 0.251286 0.312475
vt 0.245433 0.312475
vt 0.243781 0.312475
vt 0.627668 0.312475
vt 0.629897 0.312475
vt 0.618472 0.312475
vt 0.595340 0.312475
vt 0.572230 0.312475
vt 0.563101 0.312475
vt 0.560962 0.312502
vt 0.235307 0.312581
vt 0.236959 0.312555
vt 0.229440 0.312687
vt 0.215145 0.313005
vt 0.191683 0.313322
vt 0.158319 0.313428
vt 0.120279 0.313428
vt 0.082793 0.313428
vt 0.050052 0.313322
vt 0.026249 0.313005
vt 0.011124 0.312687
vt 0.004422 0.312581
vt 0.001930 0.312555
vt 0.552238 0.312475
vt 0.554377 0.312502
vt 0.543109 0.312475
vt 0.520000 0.312475
vt 0.496868 0.312475
vt 0.487671 0.312475
vt 0.485443 0.312475
vt 0.476318 0.312475
vt 0.478810 0.312475
vt 0.470348 0.312475
vt 0.457419 0.312475
vt 0.444694 0.312452
vt 0.437656 0.312289
vt 0.439334 0.312382
vt 0.936293 0.736369
vt 0.936293 0.769476
vt 0.936293 0.702099
vt 0.936293 0.665500
vt 0.936293 0.636805
vt 0.936293 0.626243
vt 0.936293 0.624748
vt 0.255342 0.569524
vt 0.255361 0.571986
vt 0.349030 0.948102
vt 0.332581 0.948102
vt 0.332581 0.947078
vt 0.347433 0.944245
vt 0.316131 0.948102
vt 0.317729 0.944245
vt 0.304500 0.936471
vt 0.305224 0.935747
vt 0.292868 0.924839
vt 0.296725 0.923242
vt 0.372293 0.924839
vt 0.360662 0.936471
vt 0.359938 0.935747
vt 0.368436 0.923242
vt 0.292868 0.891940
vt 0.296725 0.893538
vt 0.293892 0.908390
vt 0.292868 0.908390
vt 0.368436 0.893538
vt 0.371269 0.908390
vt 0.372293 0.891940
vt 0.372293 0.908390
vt 0.304500 0.880309
vt 0.305224 0.881033
vt 0.316131 0.868677
vt 0.317729 0.872534
vt 0.349030 0.868677
vt 0.360662 0.880309
vt 0.359938 0.881033
vt 0.347433 0.872534
vt 0.332581 0.868677
vt 0.332581 0.869702
vt 0.434280 0.946576
vt 0.419428 0.949408
vt 0.435878 0.950433
vt 0.419428 0.950433
vt 0.402979 0.950432
vt 0.404576 0.946576
vt 0.391347 0.938801
vt 0.392071 0.938077
vt 0.379716 0.927170
vt 0.383573 0.925572
vt 0.459141 0.927170
vt 0.447509 0.938801
vt 0.446785 0.938077
vt 0.455284 0.925644
vt 0.379716 0.894271
vt 0.383573 0.895868
vt 0.380740 0.910720
vt 0.379716 0.910720
vt 0.458116 0.911009
vt 0.459141 0.911017
vt 0.455284 0.896302
vt 0.459141 0.894865
vt 0.435878 0.871008
vt 0.434280 0.874937
vt 0.419428 0.872032
vt 0.419428 0.871008
vt 0.404576 0.874865
vt 0.402979 0.871008
vt 0.391347 0.882639
vt 0.392071 0.883363
vt 0.446785 0.883653
vt 0.444022 0.886386
vt 0.447509 0.882936
vt 0.327309 0.467602
vt 0.329771 0.466603
vt 0.197219 0.719086
vt 0.197219 0.708524
vt 0.197219 0.720581
vt 0.196581 0.720581
vt 0.196581 0.719086
vt 0.196581 0.708524
vt 0.197219 0.679829
vt 0.197219 0.643231
vt 0.196581 0.679829
vt 0.196581 0.643231
vt 0.197219 0.608960
vt 0.197219 0.575853
vt 0.196581 0.608960
vt 0.196581 0.575853
vt 0.258687 0.575853
vt 0.258687 0.608960
vt 0.258267 0.608960
vt 0.258267 0.575853
vt 0.258687 0.642067
vt 0.258267 0.643231
vt 0.258687 0.679829
vt 0.258267 0.679829
vt 0.258687 0.717591
vt 0.258267 0.708524
vt 0.258687 0.719086
vt 0.258267 0.719086
vt 0.258687 0.720581
vt 0.258267 0.720581
vt 0.327309 0.526646
vt 0.329771 0.527652
vt 0.053572 0.527689
vt 0.056034 0.526681
vt 0.053572 0.527306
vt 0.056034 0.519052
vt 0.610050 0.798931
vt 0.610432 0.789864
vt 0.610432 0.800426
vt 0.610050 0.800426
vt 0.618321 0.789864
vt 0.618321 0.800426
vt 0.610814 0.801921
vt 0.610432 0.801921
vt 0.610050 0.801921
vt 0.610050 0.723406
vt 0.610432 0.724570
vt 0.610432 0.761169
vt 0.610050 0.761168
vt 0.618321 0.724570
vt 0.618321 0.761168
vt 0.610814 0.657193
vt 0.618321 0.690300
vt 0.610432 0.690300
vt 0.610432 0.657193
vt 0.610050 0.690300
vt 0.610050 0.657193
vt 0.053572 0.496899
vt 0.056034 0.496903
vt 0.641222 0.789864
vt 0.641222 0.800426
vt 0.641222 0.801921
vt 0.641222 0.724570
vt 0.641222 0.761169
vt 0.641222 0.690300
vt 0.641222 0.657193
vt 0.400639 0.390111
vt 0.405934 0.374439
vt 0.415774 0.379147
vt 0.418137 0.391229
vt 0.396608 0.418061
vt 0.402072 0.404378
vt 0.418878 0.404378
vt 0.418810 0.418061
vt 0.329909 0.404378
vt 0.330671 0.418061
vt 0.334085 0.404378
vt 0.331170 0.418061
vt 0.194643 0.526639
vt 0.197105 0.518627
vt 0.197105 0.526359
vt 0.194643 0.527355
vt 0.054555 0.708524
vt 0.054555 0.719086
vt 0.046561 0.719086
vt 0.046561 0.708524
vt 0.047277 0.720581
vt 0.046561 0.720581
vt 0.054555 0.643231
vt 0.054555 0.679829
vt 0.046561 0.679829
vt 0.046561 0.643231
vt 0.045845 0.679829
vt 0.045845 0.642067
vt 0.047277 0.575853
vt 0.054555 0.608960
vt 0.046561 0.608960
vt 0.046561 0.575853
vt 0.045845 0.608960
vt 0.045845 0.575853
vt 0.197105 0.496819
vt 0.194643 0.496812
vt 0.077104 0.719086
vt 0.077104 0.708524
vt 0.077104 0.720581
vt 0.077104 0.679829
vt 0.077104 0.643231
vt 0.077104 0.608960
vt 0.077104 0.575853
vt 0.310414 0.379546
vt 0.302140 0.373042
vt 0.295535 0.364681
vt 0.393741 0.387815
vt 0.400149 0.370357
vt 0.401652 0.371865
vt 0.396702 0.384908
vt 0.406557 0.352900
vt 0.410326 0.357682
vt 0.422107 0.348400
vt 0.423664 0.349914
vt 0.394533 0.389255
vt 0.393025 0.387815
vt 0.395633 0.393756
vt 0.386040 0.389327
vt 0.392309 0.387815
vt 0.395918 0.404378
vt 0.395796 0.418061
vt 0.362119 0.389543
vt 0.362483 0.387815
vt 0.349536 0.393828
vt 0.345592 0.404378
vt 0.345967 0.418061
vt 0.414249 0.244765
vt 0.422663 0.251382
vt 0.429353 0.260138
vt 0.265539 0.257282
vt 0.282351 0.257804
vt 0.295877 0.260291
vt 0.302656 0.251513
vt 0.311105 0.244859
vt 0.098228 0.422050
vt 0.099224 0.424512
vt 0.098970 0.422050
vt 0.106922 0.424512
vt 0.679905 0.798931
vt 0.680646 0.789864
vt 0.680646 0.800426
vt 0.679905 0.800426
vt 0.688606 0.789864
vt 0.688606 0.800426
vt 0.681387 0.801921
vt 0.680646 0.801921
vt 0.679905 0.801921
vt 0.679905 0.723406
vt 0.680646 0.724570
vt 0.680646 0.761169
vt 0.679905 0.761168
vt 0.688606 0.724570
vt 0.688606 0.761168
vt 0.681387 0.657193
vt 0.688606 0.690300
vt 0.680646 0.690300
vt 0.680646 0.657193
vt 0.679905 0.690300
vt 0.679905 0.657193
vt 0.279845 0.129811
vt 0.285857 0.129698
vt 0.285857 0.138178
vt 0.279845 0.138547
vt 0.287720 0.136705
vt 0.287720 0.137446
vt 0.251286 0.129594
vt 0.265539 0.129729
vt 0.265539 0.138189
vt 0.251286 0.137649
vt 0.243781 0.129549
vt 0.245433 0.129549
vt 0.245433 0.137469
vt 0.243781 0.137469
vt 0.627668 0.137469
vt 0.629897 0.137469
vt 0.618472 0.137469
vt 0.618472 0.129549
vt 0.627668 0.129549
vt 0.629897 0.129549
vt 0.572230 0.137469
vt 0.595340 0.137469
vt 0.572230 0.129549
vt 0.595340 0.129549
vt 0.560962 0.137495
vt 0.563101 0.137469
vt 0.560962 0.129575
vt 0.563101 0.129549
vt 0.235307 0.137575
vt 0.236959 0.137548
vt 0.229440 0.137444
vt 0.229440 0.129528
vt 0.235307 0.129655
vt 0.236959 0.129629
vt 0.215145 0.137051
vt 0.191683 0.136658
vt 0.191683 0.128768
vt 0.215145 0.129148
vt 0.158319 0.136527
vt 0.120279 0.136527
vt 0.120279 0.128641
vt 0.158319 0.128641
vt 0.082793 0.136527
vt 0.050052 0.136658
vt 0.050052 0.128768
vt 0.082793 0.128641
vt 0.026249 0.137051
vt 0.011124 0.137444
vt 0.011124 0.129528
vt 0.026249 0.129148
vt 0.004422 0.137575
vt 0.001930 0.137548
vt 0.001930 0.129629
vt 0.004422 0.129655
vt 0.552238 0.137469
vt 0.554377 0.137495
vt 0.543109 0.137469
vt 0.543109 0.129549
vt 0.552238 0.129549
vt 0.554377 0.129575
vt 0.496868 0.129549
vt 0.520000 0.129549
vt 0.520000 0.137469
vt 0.496868 0.137469
vt 0.485443 0.129549
vt 0.487671 0.129549
vt 0.487671 0.137469
vt 0.485443 0.137469
vt 0.476318 0.137469
vt 0.478810 0.137469
vt 0.470348 0.137654
vt 0.470348 0.129595
vt 0.476318 0.129549
vt 0.478810 0.129549
vt 0.444694 0.129818
vt 0.457419 0.129734
vt 0.457419 0.138208
vt 0.444694 0.138575
vt 0.437656 0.137446
vt 0.439334 0.138197
vt 0.437656 0.136705
vt 0.439334 0.129703
vt 0.799179 0.769476
vt 0.799179 0.736369
vt 0.799920 0.736369
vt 0.799920 0.769476
vt 0.799179 0.703263
vt 0.799920 0.702099
vt 0.807880 0.702099
vt 0.807880 0.736369
vt 0.800661 0.769476
vt 0.807880 0.636805
vt 0.807880 0.665500
vt 0.799920 0.665500
vt 0.799920 0.636805
vt 0.799179 0.665500
vt 0.799179 0.627738
vt 0.800661 0.624748
vt 0.807880 0.626243
vt 0.799920 0.626243
vt 0.799920 0.624748
vt 0.799179 0.626243
vt 0.799179 0.624748
vt 0.106922 0.569524
vt 0.099224 0.569524
vt 0.098970 0.571986
vt 0.098228 0.571986
vt 0.128586 0.422050
vt 0.128584 0.424512
vt 0.711004 0.789864
vt 0.711004 0.800426
vt 0.711004 0.801921
vt 0.711004 0.724570
vt 0.711004 0.761169
vt 0.711004 0.690300
vt 0.711004 0.657193
vt 0.285857 0.107177
vt 0.279845 0.107242
vt 0.287720 0.107089
vt 0.265539 0.107264
vt 0.251286 0.107264
vt 0.245433 0.107264
vt 0.243781 0.107264
vt 0.627668 0.107264
vt 0.629897 0.107264
vt 0.618472 0.107264
vt 0.572230 0.107264
vt 0.595340 0.107264
vt 0.560962 0.107291
vt 0.563101 0.107264
vt 0.235307 0.107371
vt 0.236959 0.107344
vt 0.229440 0.107256
vt 0.215145 0.106911
vt 0.191683 0.106566
vt 0.158319 0.106451
vt 0.120279 0.106451
vt 0.082793 0.106451
vt 0.050052 0.106566
vt 0.026249 0.106911
vt 0.011124 0.107256
vt 0.004422 0.107371
vt 0.001930 0.107344
vt 0.552238 0.107264
vt 0.554377 0.107291
vt 0.543109 0.107264
vt 0.520000 0.107264
vt 0.496868 0.107264
vt 0.487671 0.107264
vt 0.485443 0.107264
vt 0.476318 0.107264
vt 0.478810 0.107264
vt 0.470348 0.107264
vt 0.457419 0.107264
vt 0.444694 0.107242
vt 0.437656 0.107089
vt 0.439334 0.107177
vt 0.830278 0.736369
vt 0.830278 0.769476
vt 0.830278 0.702099
vt 0.830278 0.665500
vt 0.830278 0.636805
vt 0.830278 0.626243
vt 0.830278 0.624748
vt 0.128584 0.569524
vt 0.128586 0.571986
vt 0.392272 0.032167
vt 0.385582 0.028869
vt 0.393981 0.029026
vt 0.393007 0.032167
vt 0.388673 0.023645
vt 0.394404 0.023684
vt 0.393721 0.013939
vt 0.392485 0.001992
vt 0.388954 0.013939
vt 0.391382 0.001992
vt 0.331636 0.032167
vt 0.326410 0.048690
vt 0.325191 0.046423
vt 0.329332 0.033375
vt 0.320945 0.043200
vt 0.325703 0.027121
vt 0.331506 0.001992
vt 0.324819 0.013939
vt 0.307222 0.013939
vt 0.307749 0.001992
vt 0.307814 0.025944
vt 0.415531 0.038382
vt 0.424191 0.045470
vt 0.430561 0.054238
vt 0.429469 0.160238
vt 0.422889 0.168760
vt 0.414692 0.175250
vt 0.310643 0.175175
vt 0.302405 0.168659
vt 0.295742 0.160138
vt 0.295511 0.053947
vt 0.302175 0.045081
vt 0.310645 0.038066
vt 0.526590 0.809476
vt 0.514661 0.818587
vt 0.514661 0.807631
vt 0.526590 0.807631
vt 0.514661 0.805787
vt 0.526590 0.805787
vt 0.526590 0.886055
vt 0.514661 0.882305
vt 0.514661 0.847765
vt 0.526590 0.847765
vt 0.526590 0.932635
vt 0.514661 0.927098
vt 0.514661 0.909345
vt 0.526590 0.909345
vt 0.526590 0.934916
vt 0.514661 0.934916
vt 0.514661 0.933776
vt 0.526590 0.933776
vt 0.160250 0.466101
vt 0.157232 0.468630
vt 0.156621 0.469234
vt 0.180468 0.466077
vt 0.168082 0.459723
vt 0.188700 0.466526
vt 0.186238 0.467527
vt 0.188700 0.467087
vt 0.186238 0.475129
vt 0.496771 0.798931
vt 0.497331 0.789864
vt 0.497331 0.800426
vt 0.496771 0.800426
vt 0.505191 0.789864
vt 0.505191 0.800426
vt 0.497892 0.801921
vt 0.497331 0.801921
vt 0.496771 0.801921
vt 0.496771 0.723406
vt 0.497331 0.724570
vt 0.497331 0.761169
vt 0.496771 0.761168
vt 0.505191 0.724570
vt 0.505191 0.761168
vt 0.497892 0.657193
vt 0.505191 0.690300
vt 0.497331 0.690300
vt 0.497331 0.657193
vt 0.496771 0.690300
vt 0.496771 0.657193
vt 0.188700 0.496844
vt 0.186238 0.496850
vt 0.527650 0.789864
vt 0.527650 0.800426
vt 0.527650 0.801921
vt 0.527650 0.724570
vt 0.527650 0.761169
vt 0.527649 0.690300
vt 0.527650 0.657193
vt 0.339148 0.028869
vt 0.331108 0.029026
vt 0.330575 0.023684
vt 0.332757 0.032167
vt 0.332196 0.032167
vt 0.331155 0.013939
vt 0.332291 0.001992
vt 0.373391 0.023527
vt 0.362085 0.028398
vt 0.362514 0.032167
vt 0.376725 0.013939
vt 0.376073 0.001992
vt 0.437183 0.893153
s 1
f 666/1/1 815/2/2 2437/3/3 816/4/4
f 815/2/2 667/5/5 817/6/6 2437/3/3
f 2437/3/7 817/6/8 3/7/9 818/8/10
f 816/4/4 2437/3/3 818/8/11 4/9/12
f 5/10/13 819/11/14 2438/12/15 820/13/16
f 819/11/17 6/14/18 821/15/19 2438/12/15
f 2438/12/20 821/15/21 2/16/22 822/17/23
f 820/13/24 2438/12/25 822/17/26 1/18/27
f 667/5/5 823/19/5 2439/20/6 817/6/6
f 823/19/5 668/21/5 824/22/6 2439/20/6
f 2439/20/28 824/22/28 8/23/9 825/24/9
f 817/6/6 2439/20/8 825/24/9 3/7/9
f 4/25/29 818/26/10 2440/27/30 826/28/31
f 818/26/32 3/29/33 827/30/34 2440/27/30
f 2440/27/35 827/30/34 9/31/36 828/32/37
f 826/28/31 2440/27/30 828/32/38 10/33/39
f 11/34/40 829/35/41 2441/36/42 830/37/43
f 829/35/41 12/38/44 831/39/45 2441/36/46
f 2441/36/42 831/39/47 6/40/48 819/41/14
f 830/37/49 2441/36/42 819/41/14 5/42/50
f 6/14/18 832/43/51 2442/44/52 821/15/53
f 832/43/51 13/45/54 833/46/55 2442/44/56
f 2442/44/57 833/46/55 7/47/22 834/48/22
f 821/15/21 2442/44/57 834/48/22 2/16/22
f 668/21/5 835/49/58 2443/50/59 824/22/6
f 835/49/58 669/51/60 836/52/61 2443/50/62
f 2443/50/59 836/52/63 15/53/64 837/54/65
f 824/22/28 2443/50/59 837/54/66 8/23/9
f 3/29/33 825/55/33 2444/56/34 827/30/34
f 825/55/33 8/57/33 838/58/34 2444/56/34
f 2444/56/34 838/58/34 16/59/36 839/60/36
f 827/30/34 2444/56/34 839/60/36 9/31/36
f 10/61/67 828/62/68 2445/63/69 840/64/70
f 828/62/68 9/65/36 841/66/71 2445/63/72
f 2445/63/73 841/66/74 17/67/75 842/68/76
f 840/64/70 2445/63/77 842/68/76 18/69/78
f 19/70/79 843/71/80 2446/72/81 844/73/82
f 843/71/80 20/74/83 845/75/84 2446/72/81
f 2446/72/85 845/75/84 720/76/86 846/77/87
f 844/73/88 2446/72/85 846/77/87 721/78/89
f 6/40/48 831/39/47 2447/79/90 832/80/91
f 831/39/45 12/38/92 847/81/93 2447/79/90
f 2447/79/90 847/81/93 21/82/94 848/83/95
f 832/80/91 2447/79/90 848/83/96 13/84/54
f 13/45/97 849/85/98 2448/86/99 833/46/55
f 849/85/98 22/87/100 850/88/101 2448/86/99
f 2448/86/99 850/88/102 14/89/103 851/90/104
f 833/46/55 2448/86/99 851/90/105 7/47/22
f 669/91/60 852/92/106 2449/93/107 836/94/108
f 852/92/106 670/95/109 853/96/109 2449/93/110
f 2449/93/110 853/96/109 24/97/109 854/98/111
f 836/94/61 2449/93/112 854/98/113 15/99/64
f 8/57/33 837/100/66 2450/101/114 838/58/34
f 837/100/65 15/102/64 855/103/115 2450/101/116
f 2450/101/116 855/103/115 25/104/117 856/105/118
f 838/58/34 2450/101/116 856/105/119 16/59/36
f 9/65/36 839/106/36 2451/107/71 841/66/71
f 839/106/36 16/108/36 857/109/71 2451/107/71
f 2451/107/74 857/109/74 26/110/75 858/111/75
f 841/66/74 2451/107/74 858/111/75 17/67/75
f 693/112/120 859/113/121 2452/114/122 860/115/123
f 859/113/121 694/116/124 861/117/124 2452/114/122
f 2452/114/122 861/117/124 691/118/124 862/119/125
f 860/115/123 2452/114/122 862/119/125 692/120/126
f 29/121/127 863/122/128 2453/123/129 864/124/130
f 863/122/128 30/125/131 865/126/132 2453/123/129
f 2453/123/133 865/126/134 20/127/135 843/128/80
f 864/124/130 2453/123/133 843/128/80 19/129/79
f 20/74/83 866/130/136 2454/131/137 845/75/84
f 866/130/138 31/132/139 867/133/140 2454/131/141
f 2454/131/141 867/133/140 719/134/142 868/135/143
f 845/75/144 2454/131/141 868/135/143 720/76/86
f 13/45/145 848/136/146 2455/137/147 849/85/148
f 848/136/95 21/138/94 869/139/149 2455/137/147
f 2455/137/150 869/139/151 32/140/152 870/141/153
f 849/85/148 2455/137/150 870/141/154 22/87/100
f 33/142/109 871/143/109 2456/144/155 872/145/156
f 871/143/109 23/146/109 873/147/157 2456/144/155
f 2456/144/158 873/147/159 14/148/103 850/149/101
f 872/145/160 2456/144/158 850/149/101 22/150/161
f 35/151/109 874/152/109 2457/153/109 875/154/109
f 24/97/109 853/96/109 2457/153/109 874/152/109
f 670/95/109 876/155/109 2457/153/109 853/96/109
f 643/156/109 877/157/109 2457/153/109 876/155/109
f 23/146/109 878/158/109 2457/153/109 877/157/109
f 34/159/109 875/154/109 2457/153/109 878/158/109
f 15/99/64 854/98/113 2458/160/162 855/161/163
f 854/98/164 24/97/109 879/162/109 2458/160/165
f 2458/160/162 879/162/109 36/163/109 880/164/166
f 855/161/115 2458/160/162 880/164/166 25/165/167
f 16/108/36 856/166/118 2459/167/168 857/109/71
f 856/166/118 25/168/167 881/169/169 2459/167/170
f 2459/167/171 881/169/169 37/170/172 882/171/173
f 857/109/74 2459/167/174 882/171/173 26/110/75
f 694/116/124 883/172/124 2460/173/124 861/117/124
f 883/172/124 695/174/124 884/175/124 2460/173/124
f 2460/173/124 884/175/124 690/176/124 885/177/124
f 861/117/124 2460/173/124 885/177/124 691/118/124
f 28/178/175 886/179/176 2461/180/177 887/181/178
f 886/179/179 27/182/180 888/183/181 2461/180/182
f 2461/180/183 888/183/184 39/184/185 889/185/186
f 887/181/178 2461/180/183 889/185/186 40/186/187
f 41/187/188 890/188/189 2462/189/190 891/190/191
f 890/188/189 42/191/192 892/192/193 2462/189/190
f 2462/189/194 892/192/195 30/193/196 863/194/128
f 891/190/197 2462/189/198 863/194/128 29/195/127
f 31/196/199 866/197/136 2463/198/200 893/199/201
f 866/197/136 20/127/83 865/126/134 2463/198/202
f 2463/198/203 865/126/204 30/125/205 894/200/206
f 893/199/207 2463/198/208 894/200/206 55/201/209
f 31/132/139 895/202/210 2464/203/211 867/133/212
f 895/202/213 43/204/214 896/205/215 2464/203/216
f 2464/203/217 896/205/218 718/206/219 897/207/220
f 867/133/140 2464/203/221 897/207/220 719/134/142
f 32/208/222 898/209/223 2465/210/224 870/211/154
f 898/209/223 44/212/109 899/213/109 2465/210/225
f 2465/210/226 899/213/109 33/142/109 872/145/156
f 870/211/154 2465/210/224 872/145/160 22/150/161
f 34/159/109 878/158/109 2466/214/109 900/215/109
f 23/146/109 871/143/109 2466/214/109 878/158/109
f 33/142/109 899/213/109 2466/214/109 871/143/109
f 44/212/109 901/216/109 2466/214/109 899/213/109
f 45/217/109 900/215/109 2466/214/109 901/216/109
f 47/218/227 902/219/228 2467/220/229 903/221/230
f 902/219/231 35/151/109 875/154/109 2467/220/232
f 2467/220/232 875/154/109 34/159/109 904/222/233
f 903/221/230 2467/220/229 904/222/234 46/223/235
f 48/224/109 905/225/109 2468/226/109 906/227/109
f 49/228/109 907/229/109 2468/226/109 905/225/109
f 36/163/109 879/162/109 2468/226/109 907/229/109
f 24/97/109 874/152/109 2468/226/109 879/162/109
f 35/151/109 906/227/109 2468/226/109 874/152/109
f 36/163/109 907/229/109 2469/230/236 880/164/166
f 907/229/109 49/228/109 908/231/237 2469/230/236
f 2469/230/236 908/231/238 37/232/239 881/233/169
f 880/164/166 2469/230/236 881/233/240 25/165/167
f 695/174/124 909/234/241 2470/235/242 884/175/124
f 909/234/241 696/236/243 910/237/244 2470/235/242
f 2470/235/242 910/237/245 689/238/246 911/239/247
f 884/175/124 2470/235/242 911/239/241 690/176/124
f 27/182/180 912/240/180 2471/241/181 888/183/181
f 912/240/180 38/242/180 913/243/181 2471/241/181
f 2471/241/184 913/243/184 51/244/185 914/245/185
f 888/183/184 2471/241/184 914/245/185 39/184/185
f 40/246/248 889/247/249 2472/248/250 915/249/251
f 889/247/249 39/250/185 916/251/252 2472/248/250
f 2472/248/253 916/251/252 52/252/254 917/253/255
f 915/249/251 2472/248/253 917/253/255 53/254/256
f 53/255/257 917/256/255 2473/257/258 918/258/259
f 917/256/255 52/259/254 919/260/260 2473/257/258
f 2473/257/258 919/260/260 647/261/261 920/262/262
f 918/258/259 2473/257/263 920/262/262 648/263/264
f 42/191/192 921/264/192 2474/265/265 892/192/193
f 921/264/192 54/266/192 922/267/266 2474/265/265
f 2474/265/265 922/267/267 55/268/268 894/269/269
f 892/192/270 2474/265/271 894/269/269 30/193/196
f 43/270/214 895/271/210 2475/272/272 923/273/273
f 895/271/213 31/196/139 893/199/201 2475/272/272
f 2475/272/274 893/199/207 55/201/209 924/274/275
f 923/273/273 2475/272/276 924/274/277 67/275/278
f 43/276/214 925/277/279 2476/278/280 896/279/281
f 925/277/279 56/280/109 926/281/109 2476/278/282
f 2476/278/283 926/281/109 717/282/109 927/283/284
f 896/279/285 2476/278/286 927/283/284 718/284/287
f 45/217/109 928/285/288 2477/286/289 900/215/109
f 928/285/290 57/287/291 929/288/292 2477/286/293
f 2477/286/294 929/288/295 46/223/235 904/222/233
f 900/215/109 2477/286/289 904/222/233 34/159/109
f 717/282/109 926/281/109 2478/289/109 930/290/109
f 56/280/109 931/291/109 2478/289/109 926/281/109
f 58/292/109 932/293/109 2478/289/109 931/291/109
f 45/217/109 901/216/109 2478/289/109 932/293/109
f 44/212/109 933/294/109 2478/289/109 901/216/109
f 712/295/109 930/290/109 2478/289/109 933/294/109
f 60/296/296 934/297/297 2479/298/298 935/299/261
f 934/297/299 47/300/227 903/301/230 2479/298/298
f 2479/298/298 903/301/230 46/302/300 936/303/301
f 935/299/261 2479/298/298 936/303/302 59/304/303
f 35/151/109 902/219/231 2480/305/304 906/227/109
f 902/219/228 47/218/227 937/306/305 2480/305/304
f 2480/305/304 937/306/305 61/307/306 938/308/307
f 906/227/109 2480/305/304 938/308/307 48/224/109
f 62/309/109 939/310/109 2481/311/109 940/312/109
f 63/313/109 941/314/109 2481/311/109 939/310/109
f 688/315/109 942/316/109 2481/311/109 941/314/109
f 697/317/109 943/318/109 2481/311/109 942/316/109
f 49/228/109 905/225/109 2481/311/109 943/318/109
f 48/224/109 940/312/109 2481/311/109 905/225/109
f 696/319/308 944/320/309 2482/321/310 910/322/311
f 944/320/309 697/317/109 942/316/109 2482/321/310
f 2482/321/310 942/316/109 688/315/109 945/323/312
f 910/322/311 2482/321/310 945/323/313 689/324/314
f 38/242/180 946/325/315 2483/326/316 913/243/181
f 946/325/317 50/327/318 947/328/319 2483/326/320
f 2483/326/320 947/328/321 64/329/322 948/330/323
f 913/243/184 2483/326/324 948/330/323 51/244/185
f 39/250/185 914/331/185 2484/332/252 916/251/252
f 914/331/185 51/333/185 949/334/252 2484/332/252
f 2484/332/252 949/334/252 65/335/254 950/336/254
f 916/251/252 2484/332/252 950/336/254 52/252/254
f 52/259/254 950/337/254 2485/338/260 919/260/325
f 950/337/254 65/339/254 951/340/260 2485/338/325
f 2485/338/260 951/340/260 646/341/261 952/342/261
f 919/260/260 2485/338/260 952/342/261 647/261/261
f 54/266/192 953/343/326 2486/344/327 922/267/266
f 953/343/328 66/345/329 954/346/330 2486/344/331
f 2486/344/331 954/346/330 67/347/278 924/348/277
f 922/267/267 2486/344/327 924/348/332 55/268/268
f 68/349/109 955/350/109 2487/351/333 956/352/334
f 955/350/109 56/280/109 925/277/279 2487/351/333
f 2487/351/335 925/277/279 43/276/214 923/353/336
f 956/352/337 2487/351/335 923/353/336 67/354/338
f 58/292/109 957/355/339 2488/356/340 932/293/109
f 957/355/341 69/357/342 958/358/343 2488/356/344
f 2488/356/344 958/358/343 57/287/291 928/285/288
f 932/293/109 2488/356/340 928/285/288 45/217/109
f 57/359/345 959/360/346 2489/361/347 929/362/295
f 959/360/348 70/363/349 960/364/185 2489/361/347
f 2489/361/347 960/364/185 59/304/350 936/303/351
f 929/362/295 2489/361/347 936/303/301 46/302/300
f 58/292/109 931/291/109 2490/365/109 961/366/109
f 56/280/109 955/350/109 2490/365/109 931/291/109
f 68/349/109 962/367/109 2490/365/109 955/350/109
f 71/368/109 963/369/109 2490/365/109 962/367/109
f 72/370/109 961/366/109 2490/365/109 963/369/109
f 74/371/296 964/372/296 2491/373/261 965/374/261
f 964/372/296 60/296/296 935/299/261 2491/373/261
f 2491/373/261 935/299/261 59/304/303 966/375/303
f 965/374/261 2491/373/261 966/375/303 73/376/303
f 47/300/227 934/297/352 2492/377/353 937/378/305
f 934/297/352 60/296/354 967/379/355 2492/377/353
f 2492/377/353 967/379/355 75/380/356 968/381/357
f 937/378/305 2492/377/353 968/381/358 61/382/306
f 76/383/359 969/384/360 2493/385/361 970/386/362
f 969/384/360 62/309/109 940/312/109 2493/385/363
f 2493/385/363 940/312/109 48/224/109 938/308/307
f 970/386/362 2493/385/361 938/308/307 61/307/364
f 77/387/109 971/388/109 2494/389/109 972/390/109
f 78/391/109 973/392/109 2494/389/109 971/388/109
f 79/393/109 974/394/109 2494/389/109 973/392/109
f 63/313/109 939/310/109 2494/389/109 974/394/109
f 62/309/109 972/390/109 2494/389/109 939/310/109
f 50/395/365 975/396/366 2495/397/367 947/398/319
f 975/396/366 63/313/109 974/394/109 2495/397/367
f 2495/397/367 974/394/109 79/393/109 976/399/368
f 947/398/319 2495/397/367 976/399/368 64/400/322
f 51/333/185 948/401/369 2496/402/370 949/334/252
f 948/401/369 64/403/322 977/404/371 2496/402/370
f 2496/402/370 977/404/372 80/405/373 978/406/374
f 949/334/252 2496/402/375 978/406/376 65/335/254
f 65/339/254 978/407/377 2497/408/378 951/340/325
f 978/407/379 80/409/380 979/410/381 2497/408/382
f 2497/408/383 979/410/381 645/411/384 980/412/385
f 951/340/260 2497/408/378 980/412/385 646/341/261
f 66/413/329 981/414/386 2498/415/387 954/416/330
f 981/414/388 71/368/109 962/367/109 2498/415/387
f 2498/415/387 962/367/109 68/349/109 956/352/337
f 954/416/330 2498/415/387 956/352/337 67/354/278
f 72/370/109 982/417/389 2499/418/390 961/366/109
f 982/417/391 81/419/392 983/420/393 2499/418/394
f 2499/418/395 983/420/393 69/357/396 957/355/341
f 961/366/109 2499/418/390 957/355/339 58/292/109
f 69/421/396 984/422/397 2500/423/398 958/424/343
f 984/422/399 82/425/400 985/426/124 2500/423/398
f 2500/423/398 985/426/124 70/427/401 959/428/402
f 958/424/343 2500/423/398 959/428/403 57/429/345
f 70/363/349 986/430/349 2501/431/185 960/364/185
f 986/430/349 83/432/349 987/433/185 2501/431/185
f 2501/431/185 987/433/185 73/376/350 966/375/350
f 960/364/185 2501/431/185 966/375/350 59/304/350
f 644/434/109 988/435/109 2502/436/109 989/437/109
f 78/391/109 971/388/109 2502/436/109 988/435/109
f 77/387/109 990/438/109 2502/436/109 971/388/109
f 72/370/109 963/369/109 2502/436/109 990/438/109
f 71/368/109 991/439/109 2502/436/109 963/369/109
f 617/440/109 989/437/109 2502/436/109 991/439/109
f 85/441/296 992/442/296 2503/443/261 993/444/261
f 992/442/296 74/371/296 965/374/261 2503/443/261
f 2503/443/261 965/374/261 73/376/303 994/445/303
f 993/444/261 2503/443/261 994/445/303 84/446/303
f 60/296/354 964/372/354 2504/447/355 967/379/355
f 964/372/354 74/371/354 995/448/355 2504/447/355
f 2504/447/355 995/448/355 86/449/356 996/450/356
f 967/379/355 2504/447/355 996/450/356 75/380/356
f 87/451/404 997/452/405 2505/453/406 998/454/407
f 997/452/408 76/455/359 970/456/362 2505/453/406
f 2505/453/406 970/456/362 61/457/306 968/458/409
f 998/454/407 2505/453/406 968/458/409 75/459/410
f 62/309/109 969/384/360 2506/460/411 972/390/109
f 969/384/360 76/383/412 999/461/413 2506/460/411
f 2506/460/411 999/461/414 88/462/415 1000/463/416
f 972/390/109 2506/460/411 1000/463/416 77/387/109
f 79/393/109 973/392/109 2507/464/417 976/399/418
f 973/392/109 78/391/109 1001/465/419 2507/464/417
f 2507/464/420 1001/465/419 80/466/373 977/467/372
f 976/399/368 2507/464/420 977/467/372 64/400/421
f 80/466/373 1001/465/419 2508/468/422 979/469/423
f 1001/465/424 78/391/109 988/435/109 2508/468/425
f 2508/468/425 988/435/109 644/434/109 1002/470/426
f 979/469/423 2508/468/427 1002/470/428 645/471/384
f 77/387/109 1000/463/416 2509/472/429 990/438/109
f 1000/463/416 88/462/415 1003/473/430 2509/472/429
f 2509/472/429 1003/473/430 81/419/431 982/417/391
f 990/438/109 2509/472/429 982/417/389 72/370/109
f 81/474/431 1004/475/432 2510/476/433 983/477/393
f 1004/475/434 89/478/435 1005/479/36 2510/476/433
f 2510/476/433 1005/479/36 82/425/436 984/422/437
f 983/477/438 2510/476/433 984/422/397 69/421/396
f 82/425/400 1006/480/400 2511/481/124 985/426/124
f 1006/480/400 90/482/400 1007/483/124 2511/481/124
f 2511/481/124 1007/483/124 83/484/401 986/485/401
f 985/426/124 2511/481/124 986/485/401 70/427/401
f 83/432/349 1008/486/349 2512/487/185 987/433/185
f 1008/486/349 91/488/349 1009/489/185 2512/487/185
f 2512/487/185 1009/489/185 84/446/350 994/445/350
f 987/433/185 2512/487/185 994/445/350 73/376/350
f 93/490/439 1010/491/440 2513/492/441 1011/493/442
f 1010/491/440 85/441/296 993/444/261 2513/492/443
f 2513/492/441 993/444/261 84/446/303 1012/494/444
f 1011/493/442 2513/492/441 1012/494/444 92/495/445
f 74/371/354 992/442/354 2514/496/355 995/448/355
f 992/442/354 85/441/354 1013/497/355 2514/496/355
f 2514/496/355 1013/497/355 94/498/356 1014/499/356
f 995/448/355 2514/496/355 1014/499/356 86/449/356
f 95/500/404 1015/501/404 2515/502/407 1016/503/407
f 1015/501/404 87/451/404 998/454/407 2515/502/407
f 2515/502/407 998/454/407 75/459/410 996/504/410
f 1016/503/407 2515/502/407 996/504/410 86/505/410
f 76/455/359 997/452/446 2516/506/447 999/507/413
f 997/452/446 87/451/448 1017/508/449 2516/506/447
f 2516/506/447 1017/508/449 96/509/450 1018/510/451
f 999/507/413 2516/506/447 1018/510/452 88/511/453
f 88/512/453 1018/513/452 2517/514/454 1003/515/430
f 1018/513/455 96/516/456 1019/517/5 2517/514/454
f 2517/514/454 1019/517/5 89/518/457 1004/519/458
f 1003/515/430 2517/514/454 1004/519/459 81/520/431
f 89/478/435 1020/521/435 2518/522/36 1005/479/36
f 1020/521/435 97/523/435 1021/524/36 2518/522/36
f 2518/522/36 1021/524/36 90/482/436 1006/480/436
f 1005/479/36 2518/522/36 1006/480/436 82/425/436
f 90/482/400 1022/525/400 2519/526/124 1007/483/124
f 1022/525/400 98/527/400 1023/528/124 2519/526/124
f 2519/526/124 1023/528/124 91/529/401 1008/530/401
f 1007/483/124 2519/526/124 1008/530/401 83/484/401
f 91/488/349 1024/531/460 2520/532/461 1009/489/185
f 1024/531/462 99/533/463 1025/534/464 2520/532/461
f 2520/532/465 1025/534/464 92/495/466 1012/494/467
f 1009/489/185 2520/532/465 1012/494/444 84/446/350
f 671/535/468 1026/536/468 2521/537/468 1027/538/468
f 672/539/469 1028/540/469 2521/537/469 1026/536/469
f 673/541/470 1027/538/470 2521/537/470 1028/540/470
f 85/441/354 1010/491/440 2522/542/471 1013/497/355
f 1010/491/472 93/490/473 1029/543/474 2522/542/471
f 2522/542/475 1029/543/476 100/544/477 1030/545/478
f 1013/497/355 2522/542/475 1030/545/479 94/498/356
f 101/546/404 1031/547/404 2523/548/407 1032/549/407
f 1031/547/404 95/500/404 1016/503/407 2523/548/407
f 2523/548/407 1016/503/407 86/505/410 1014/550/410
f 1032/549/407 2523/548/407 1014/550/410 94/551/410
f 87/451/448 1015/501/448 2524/552/449 1017/508/449
f 1015/501/448 95/500/448 1033/553/449 2524/552/449
f 2524/552/449 1033/553/449 102/554/450 1034/555/450
f 1017/508/449 2524/552/449 1034/555/450 96/509/450
f 96/516/456 1034/556/456 2525/557/5 1019/517/5
f 1034/556/456 102/558/456 1035/559/5 2525/557/5
f 2525/557/5 1035/559/5 97/560/457 1020/561/457
f 1019/517/5 2525/557/5 1020/561/457 89/518/457
f 97/523/435 1036/562/435 2526/563/36 1021/524/36
f 1036/562/435 103/564/435 1037/565/36 2526/563/36
f 2526/563/36 1037/565/36 98/527/436 1022/525/436
f 1021/524/36 2526/563/36 1022/525/436 90/482/436
f 98/527/400 1038/566/480 2527/567/481 1023/528/124
f 1038/566/480 104/568/482 1039/569/483 2527/567/484
f 2527/567/484 1039/569/483 99/570/485 1024/571/460
f 1023/528/124 2527/567/486 1024/571/460 91/529/401
f 674/572/487 1040/573/487 2528/574/487 1041/575/487
f 672/539/488 1026/536/488 2528/574/488 1040/573/488
f 671/535/489 1041/575/489 2528/574/489 1026/536/489
f 673/541/490 1028/540/490 2529/576/490 1042/577/490
f 672/539/491 1043/578/491 2529/576/491 1028/540/491
f 675/579/492 1042/577/492 2529/576/492 1043/578/492
f 105/580/493 1044/581/494 2530/582/495 1045/583/496
f 1044/581/494 101/546/404 1032/549/407 2530/582/497
f 2530/582/498 1032/549/407 94/551/410 1030/584/479
f 1045/583/496 2530/582/495 1030/584/479 100/585/499
f 95/500/448 1031/547/448 2531/586/449 1033/553/449
f 1031/547/448 101/546/448 1046/587/449 2531/586/449
f 2531/586/449 1046/587/449 106/588/450 1047/589/450
f 1033/553/449 2531/586/449 1047/589/450 102/554/450
f 102/558/456 1047/590/456 2532/591/5 1035/559/5
f 1047/590/456 106/592/456 1048/593/5 2532/591/5
f 2532/591/5 1048/593/5 103/594/457 1036/595/457
f 1035/559/5 2532/591/5 1036/595/457 97/560/457
f 103/564/435 1049/596/500 2533/597/501 1037/565/36
f 1049/596/502 107/598/503 1050/599/504 2533/597/501
f 2533/597/505 1050/599/506 104/568/507 1038/566/508
f 1037/565/36 2533/597/509 1038/566/480 98/527/436
f 676/600/510 1051/601/510 2534/602/510 1052/603/510
f 672/539/511 1040/573/512 2534/602/513 1051/601/514
f 674/572/515 1052/603/515 2534/602/515 1040/573/515
f 672/539/516 1053/604/516 2535/605/516 1043/578/516
f 677/606/517 1054/607/517 2535/605/517 1053/604/517
f 675/579/518 1043/578/518 2535/605/518 1054/607/518
f 101/546/448 1044/581/494 2536/608/519 1046/587/449
f 1044/581/494 105/580/493 1055/609/520 2536/608/519
f 2536/608/521 1055/609/522 108/610/523 1056/611/524
f 1046/587/449 2536/608/521 1056/611/524 106/588/450
f 106/592/456 1056/612/524 2537/613/525 1048/593/5
f 1056/612/524 108/614/526 1057/615/527 2537/613/528
f 2537/613/528 1057/615/527 107/616/529 1049/617/500
f 1048/593/5 2537/613/530 1049/617/500 103/594/457
f 678/618/531 1058/619/531 2538/620/531 1059/621/531
f 672/539/109 1051/601/532 2538/620/532 1058/619/532
f 676/600/533 1059/621/533 2538/620/533 1051/601/533
f 677/606/534 1053/604/534 2539/622/534 1060/623/534
f 672/539/535 1061/624/535 2539/622/535 1053/604/535
f 679/625/536 1060/623/536 2539/622/536 1061/624/536
f 679/625/537 1061/624/537 2540/626/537 1062/627/537
f 672/539/538 1058/619/538 2540/626/538 1061/624/538
f 678/618/539 1062/627/539 2540/626/539 1058/619/539
f 779/628/1 1063/629/2 2541/630/540 1064/631/541
f 1063/629/2 780/632/5 1065/633/542 2541/630/543
f 2541/630/540 1065/633/544 111/634/545 1066/635/546
f 1064/631/541 2541/630/540 1066/635/547 112/636/548
f 117/637/549 1067/638/550 2542/639/551 1068/640/552
f 1067/638/553 118/641/449 1069/642/554 2542/639/555
f 2542/639/555 1069/642/554 110/643/556 1070/644/557
f 1068/640/558 2542/639/555 1070/644/559 109/645/560
f 111/634/545 1065/633/561 2543/646/544 1071/647/545
f 1065/633/542 780/632/5 1072/648/5 2543/646/542
f 2543/646/542 1072/648/5 781/649/5 1073/650/542
f 1071/647/545 2543/646/561 1073/650/561 120/651/545
f 112/652/548 1066/653/547 2544/654/562 1074/655/563
f 1066/653/546 111/656/545 1075/657/564 2544/654/562
f 2544/654/565 1075/657/566 121/658/567 1076/659/568
f 1074/655/563 2544/654/565 1076/659/568 122/660/569
f 113/661/109 1077/662/109 2545/663/109 1078/664/109
f 1077/662/109 124/665/109 1079/666/109 2545/663/109
f 2545/663/109 1079/666/109 125/667/109 1080/668/109
f 1078/664/109 2545/663/109 1080/668/109 114/669/109
f 609/670/109 1081/671/109 2546/672/109 1082/673/109
f 1081/671/109 610/674/109 1083/675/109 2546/672/109
f 2546/672/109 1083/675/109 127/676/109 1084/677/109
f 1082/673/109 2546/672/109 1084/677/109 115/678/109
f 131/679/570 1085/680/571 2547/681/572 1086/682/573
f 1085/680/574 133/683/575 1087/684/576 2547/681/577
f 2547/681/578 1087/684/576 706/685/407 1088/686/579
f 1086/682/580 2547/681/578 1088/686/579 707/687/581
f 116/688/582 1089/689/583 2548/690/584 1090/691/585
f 1089/689/583 134/692/586 1091/693/587 2548/690/588
f 2548/690/584 1091/693/589 118/694/449 1067/695/590
f 1090/691/591 2548/690/584 1067/695/590 117/696/549
f 110/643/556 1069/642/554 2549/697/554 1092/698/556
f 1069/642/554 118/641/449 1093/699/449 2549/697/554
f 2549/697/554 1093/699/449 135/700/449 1094/701/554
f 1092/698/556 2549/697/554 1094/701/554 119/702/592
f 121/658/567 1075/657/593 2550/703/594 1095/704/595
f 1075/657/564 111/656/545 1071/705/545 2550/703/596
f 2550/703/596 1071/705/545 120/706/545 1096/707/597
f 1095/704/595 2550/703/594 1096/707/597 136/708/598
f 120/651/545 1073/650/561 2551/709/599 1097/710/600
f 1073/650/542 781/649/5 1098/711/58 2551/709/599
f 2551/709/599 1098/711/58 782/712/601 1099/713/602
f 1097/710/600 2551/709/599 1099/713/603 138/714/604
f 122/715/605 1076/716/606 2552/717/607 1100/718/608
f 1076/716/606 121/719/609 1101/720/610 2552/717/607
f 2552/717/611 1101/720/612 139/721/613 1102/722/614
f 1100/718/615 2552/717/611 1102/722/614 140/723/616
f 143/724/109 1103/725/109 2553/726/109 1104/727/109
f 1103/725/109 777/728/109 1105/729/109 2553/726/109
f 2553/726/109 1105/729/109 778/730/109 1106/731/109
f 1104/727/109 2553/726/109 1106/731/109 123/732/109
f 144/733/617 1107/734/618 2554/735/619 1108/736/617
f 1107/734/620 125/667/109 1079/666/109 2554/735/618
f 2554/735/619 1079/666/109 124/665/109 1109/737/621
f 1108/736/617 2554/735/619 1109/737/622 145/738/617
f 125/667/109 1110/739/109 2555/740/109 1080/668/109
f 1110/739/109 146/741/109 1111/742/109 2555/740/109
f 2555/740/109 1111/742/109 126/743/109 1112/744/109
f 1080/668/109 2555/740/109 1112/744/109 114/669/109
f 127/676/109 1083/675/109 2556/745/109 1113/746/109
f 1083/675/109 610/674/109 1114/747/109 2556/745/109
f 2556/745/109 1114/747/109 611/748/109 1115/749/109
f 1113/746/109 2556/745/109 1115/749/109 148/750/109
f 613/751/109 1116/752/109 2557/753/109 1117/754/109
f 1116/752/109 614/755/109 1118/756/109 2557/753/109
f 2557/753/109 1118/756/109 149/757/109 1119/758/109
f 1117/754/109 2557/753/109 1119/758/109 132/759/109
f 150/760/109 1120/761/109 2558/762/109 1121/763/109
f 1120/761/109 128/764/109 1122/765/109 2558/762/109
f 2558/762/109 1122/765/109 132/759/109 1123/766/109
f 1121/763/109 2558/762/109 1123/766/109 151/767/109
f 153/768/623 1124/769/624 2559/770/625 1125/771/626
f 1124/769/627 154/772/628 1126/773/629 2559/770/625
f 2559/770/630 1126/773/629 760/774/261 1127/775/262
f 1125/771/631 2559/770/625 1127/775/262 761/776/264
f 129/777/632 1128/778/633 2560/779/634 1129/780/635
f 1128/778/636 155/781/637 1130/782/638 2560/779/634
f 2560/779/639 1130/782/640 156/783/355 1131/784/641
f 1129/780/635 2560/779/634 1131/784/642 130/785/643
f 130/786/644 1131/787/645 2561/788/646 1132/789/647
f 1131/787/645 156/790/355 1133/791/648 2561/788/646
f 2561/788/649 1133/791/650 133/792/575 1085/793/574
f 1132/789/647 2561/788/649 1085/793/574 131/794/651
f 706/685/407 1087/684/576 2562/795/576 1134/796/407
f 1087/684/652 133/683/575 1135/797/575 2562/795/576
f 2562/795/653 1135/797/575 157/798/575 1136/799/576
f 1134/796/407 2562/795/576 1136/799/576 705/800/407
f 118/694/449 1091/693/589 2563/801/589 1093/802/449
f 1091/693/587 134/692/586 1137/803/586 2563/801/587
f 2563/801/587 1137/803/586 158/804/586 1138/805/587
f 1093/802/449 2563/801/589 1138/805/589 135/806/449
f 119/702/592 1094/701/554 2564/807/654 1139/808/655
f 1094/701/554 135/700/449 1140/809/656 2564/807/657
f 2564/807/657 1140/809/658 159/810/659 1141/811/660
f 1139/808/655 2564/807/661 1141/811/660 137/812/662
f 121/719/663 1095/813/664 2565/814/665 1101/720/610
f 1095/813/664 136/815/598 1142/816/666 2565/814/667
f 2565/814/665 1142/816/668 160/817/669 1143/818/670
f 1101/720/612 2565/814/671 1143/818/670 139/721/672
f 136/708/598 1096/707/673 2566/819/674 1144/820/675
f 1096/707/597 120/706/545 1097/821/600 2566/819/674
f 2566/819/674 1097/821/600 138/822/604 1145/823/676
f 1144/820/677 2566/819/674 1145/823/678 161/824/679
f 138/825/680 1099/826/602 2567/827/681 1146/828/682
f 1099/826/602 782/829/601 1147/830/683 2567/827/684
f 2567/827/681 1147/830/685 783/831/109 1148/832/109
f 1146/828/682 2567/827/686 1148/832/109 163/833/109
f 140/834/687 1102/835/614 2568/836/688 1149/837/689
f 1102/835/614 139/838/672 1150/839/690 2568/836/688
f 2568/836/688 1150/839/691 807/840/692 1151/841/693
f 1149/837/689 2568/836/688 1151/841/693 808/842/694
f 166/843/695 1152/844/696 2569/845/697 1153/846/698
f 1152/844/696 141/847/109 1154/848/109 2569/845/699
f 2569/845/699 1154/848/109 784/849/109 1155/850/700
f 1153/846/701 2569/845/697 1155/850/700 785/851/702
f 168/852/109 1156/853/109 2570/854/109 1157/855/109
f 1156/853/109 143/724/109 1104/727/109 2570/854/109
f 2570/854/109 1104/727/109 123/732/109 1158/856/109
f 1157/855/109 2570/854/109 1158/856/109 141/847/109
f 776/857/617 1159/858/703 2571/859/704 1160/860/617
f 1159/858/705 777/728/109 1103/725/109 2571/859/704
f 2571/859/706 1103/725/109 143/724/109 1161/861/621
f 1160/860/617 2571/859/704 1161/861/622 171/862/617
f 145/863/617 1162/864/707 2572/865/707 1108/866/617
f 1162/864/708 172/867/5 1163/868/5 2572/865/708
f 2572/865/708 1163/868/5 173/869/5 1164/870/708
f 1108/866/617 2572/865/707 1164/870/707 144/871/617
f 174/872/709 1165/873/620 2573/874/618 1166/875/617
f 1165/873/620 146/741/109 1110/739/109 2573/874/620
f 2573/874/618 1110/739/109 125/667/109 1107/734/620
f 1166/875/617 2573/874/618 1107/734/618 144/733/617
f 126/743/109 1111/742/109 2574/876/109 1167/877/109
f 1111/742/109 146/741/109 1168/878/109 2574/876/109
f 2574/876/109 1168/878/109 175/879/109 1169/880/109
f 1167/877/109 2574/876/109 1169/880/109 147/881/109
f 149/757/109 1118/756/109 2575/882/109 1170/883/109
f 1118/756/109 614/755/109 1171/884/109 2575/882/109
f 2575/882/109 1171/884/109 615/885/109 1172/886/109
f 1170/883/109 2575/882/109 1172/886/109 176/887/109
f 148/750/109 1115/749/109 2576/888/109 1173/889/109
f 1115/749/109 611/748/109 1174/890/109 2576/888/109
f 2576/888/109 1174/890/109 612/891/109 1175/892/109
f 1173/889/109 2576/888/109 1175/892/109 178/893/109
f 132/759/109 1119/758/109 2577/894/109 1123/766/109
f 1119/758/109 149/757/109 1176/895/109 2577/894/109
f 2577/894/109 1176/895/109 179/896/109 1177/897/109
f 1123/766/109 2577/894/109 1177/897/109 151/767/109
f 180/898/710 1178/899/711 2578/900/712 1179/901/710
f 1178/899/711 150/760/109 1121/763/109 2578/900/713
f 2578/900/713 1121/763/109 151/767/109 1180/902/714
f 1179/901/710 2578/900/712 1180/902/714 181/903/710
f 152/904/109 1181/905/109 2579/906/109 1182/907/109
f 1181/905/109 762/908/109 1183/909/109 2579/906/109
f 2579/906/109 1183/909/109 763/910/109 1184/911/109
f 1182/907/109 2579/906/109 1184/911/109 182/912/109
f 169/913/715 1185/914/716 2580/915/717 1186/916/718
f 1185/914/716 183/917/719 1187/918/720 2580/915/717
f 2580/915/721 1187/918/720 154/919/628 1124/920/627
f 1186/916/722 2580/915/721 1124/920/627 153/921/723
f 760/774/261 1126/773/629 2581/922/629 1188/923/261
f 1126/773/724 154/772/628 1189/924/628 2581/922/629
f 2581/922/724 1189/924/628 184/925/628 1190/926/629
f 1188/923/261 2581/922/629 1190/926/629 759/927/261
f 156/783/355 1130/782/640 2582/928/640 1191/929/355
f 1130/782/638 155/781/637 1192/930/637 2582/928/638
f 2582/928/638 1192/930/637 185/931/637 1193/932/638
f 1191/929/355 2582/928/640 1193/932/640 186/933/355
f 133/792/575 1133/791/650 2583/934/650 1135/935/575
f 1133/791/648 156/790/355 1191/936/355 2583/934/648
f 2583/934/648 1191/936/355 186/937/355 1194/938/648
f 1135/935/575 2583/934/725 1194/938/725 157/939/575
f 705/800/407 1136/799/576 2584/940/726 1195/941/727
f 1136/799/576 157/798/575 1196/942/728 2584/940/729
f 2584/940/726 1196/942/728 187/943/730 1197/944/731
f 1195/941/732 2584/940/733 1197/944/731 704/945/734
f 135/806/449 1138/805/589 2585/946/735 1140/947/658
f 1138/805/587 158/804/586 1198/948/736 2585/946/737
f 2585/946/738 1198/948/739 188/949/740 1199/950/741
f 1140/947/658 2585/946/742 1199/950/743 159/951/744
f 137/952/745 1141/953/746 2586/954/747 1200/955/748
f 1141/953/746 159/956/659 1201/957/749 2586/954/750
f 2586/954/750 1201/957/751 189/958/109 1202/959/109
f 1200/955/748 2586/954/750 1202/959/109 162/960/109
f 190/961/752 1203/962/753 2587/963/754 1204/964/755
f 1203/962/756 160/965/669 1142/966/757 2587/963/754
f 2587/963/754 1142/966/666 136/708/758 1144/820/759
f 1204/964/755 2587/963/760 1144/820/761 161/824/679
f 191/967/109 1205/968/762 2588/969/763 1206/970/109
f 1205/968/764 161/971/679 1145/972/676 2588/969/765
f 2588/969/765 1145/972/676 138/825/604 1146/828/682
f 1206/970/109 2588/969/765 1146/828/766 163/833/109
f 193/973/109 1207/974/109 2589/975/109 1208/976/109
f 163/833/109 1148/832/109 2589/975/109 1207/974/109
f 783/831/109 1209/977/109 2589/975/109 1148/832/109
f 756/978/109 1210/979/109 2589/975/109 1209/977/109
f 162/960/109 1211/980/109 2589/975/109 1210/979/109
f 192/981/109 1208/976/109 2589/975/109 1211/980/109
f 807/840/692 1150/839/691 2590/982/767 1212/983/768
f 1150/839/769 139/838/672 1143/984/670 2590/982/767
f 2590/982/767 1143/984/670 160/965/770 1213/985/771
f 1212/983/768 2590/982/767 1213/985/771 806/986/772
f 165/987/773 1214/988/774 2591/989/775 1215/990/776
f 1214/988/777 164/991/778 1216/992/779 2591/989/775
f 2591/989/780 1216/992/781 183/993/782 1185/994/783
f 1215/990/784 2591/989/780 1185/994/783 169/995/785
f 167/996/786 1217/997/787 2592/998/788 1218/999/789
f 195/1000/790 1219/1001/791 2592/998/792 1217/997/787
f 196/1002/793 1220/1003/794 2592/998/792 1219/1001/795
f 166/1004/796 1153/1005/701 2592/998/788 1220/1003/794
f 785/1006/797 1221/1007/798 2592/998/788 1153/1005/799
f 812/1008/800 1218/999/789 2592/998/801 1221/1007/798
f 197/1009/802 1222/1010/803 2593/1011/804 1223/1012/805
f 1222/1010/803 168/852/109 1157/855/109 2593/1011/804
f 2593/1011/804 1157/855/109 141/847/109 1152/844/696
f 1223/1012/805 2593/1011/804 1152/844/696 166/843/796
f 167/1013/806 1224/1014/807 2594/1015/808 1225/1016/809
f 1224/1014/807 142/1017/109 1226/1018/109 2594/1015/808
f 2594/1015/808 1226/1018/109 809/1019/109 1227/1020/810
f 1225/1016/809 2594/1015/808 1227/1020/810 810/1021/811
f 171/862/617 1161/861/622 2595/1022/812 1228/1023/617
f 1161/861/621 143/724/109 1156/853/109 2595/1022/619
f 2595/1022/619 1156/853/109 168/852/109 1229/1024/620
f 1228/1023/617 2595/1022/619 1229/1024/618 199/1025/617
f 170/1026/109 1230/1027/109 2596/1028/109 1231/1029/109
f 1230/1027/109 152/904/109 1182/907/109 2596/1028/109
f 2596/1028/109 1182/907/109 182/912/109 1232/1030/109
f 1231/1029/109 2596/1028/109 1232/1030/109 200/1031/109
f 201/1032/5 1233/1033/5 2597/1034/708 1234/1035/708
f 1233/1033/5 775/1036/5 1235/1037/708 2597/1034/708
f 2597/1034/707 1235/1037/707 776/1038/617 1160/1039/617
f 1234/1035/707 2597/1034/707 1160/1039/617 171/1040/617
f 172/867/5 1236/1041/5 2598/1042/5 1163/868/5
f 1236/1041/5 202/1043/5 1237/1044/5 2598/1042/5
f 2598/1042/5 1237/1044/5 203/1045/5 1238/1046/5
f 1163/868/5 2598/1042/5 1238/1046/5 173/869/5
f 173/869/5 1239/1047/5 2599/1048/708 1164/870/708
f 1239/1047/5 204/1049/5 1240/1050/708 2599/1048/708
f 2599/1048/707 1240/1050/707 174/1051/617 1166/1052/813
f 1164/870/707 2599/1048/707 1166/1052/617 144/871/617
f 205/1053/617 1241/1054/620 2600/1055/620 1242/1056/617
f 1241/1054/620 175/879/109 1168/878/109 2600/1055/620
f 2600/1055/620 1168/878/109 146/741/109 1165/873/620
f 1242/1056/617 2600/1055/620 1165/873/620 174/872/617
f 147/881/109 1169/880/109 2601/1057/109 1243/1058/109
f 1169/880/109 175/879/109 1244/1059/109 2601/1057/109
f 2601/1057/109 1244/1059/109 206/1060/109 1245/1061/109
f 1243/1058/109 2601/1057/109 1245/1061/109 177/1062/109
f 179/896/109 1176/895/109 2602/1063/109 1246/1064/109
f 1176/895/109 149/757/109 1170/883/109 2602/1063/109
f 2602/1063/109 1170/883/109 176/887/109 1247/1065/109
f 1246/1064/109 2602/1063/109 1247/1065/109 207/1066/109
f 176/887/109 1172/886/109 2603/1067/109 1248/1068/109
f 1172/886/109 615/885/109 1249/1069/109 2603/1067/109
f 2603/1067/109 1249/1069/109 616/1070/109 1250/1071/109
f 1248/1068/109 2603/1067/109 1250/1071/109 208/1072/109
f 151/767/109 1177/897/109 2604/1073/714 1180/902/714
f 1177/897/109 179/896/109 1251/1074/814 2604/1073/714
f 2604/1073/713 1251/1074/714 210/1075/710 1252/1076/710
f 1180/902/714 2604/1073/714 1252/1076/710 181/903/710
f 211/1077/261 1253/1078/261 2605/1079/815 1254/1080/815
f 1253/1078/261 212/1081/261 1255/1082/815 2605/1079/815
f 2605/1079/816 1255/1082/816 180/1083/817 1179/1084/817
f 1254/1080/816 2605/1079/816 1179/1084/817 181/1085/818
f 182/912/109 1184/911/109 2606/1086/819 1256/1087/711
f 1184/911/109 763/910/109 1257/1088/820 2606/1086/819
f 2606/1086/819 1257/1088/821 764/1089/710 1258/1090/710
f 1256/1087/711 2606/1086/819 1258/1090/710 213/1091/710
f 154/919/628 1187/918/720 2607/1092/822 1189/1093/628
f 1187/918/823 183/917/719 1259/1094/824 2607/1092/825
f 2607/1092/825 1259/1094/824 214/1095/826 1260/1096/827
f 1189/1093/628 2607/1092/822 1260/1096/828 184/1097/628
f 759/927/261 1190/926/629 2608/1098/829 1261/1099/385
f 1190/926/629 184/925/628 1262/1100/830 2608/1098/831
f 2608/1098/831 1262/1100/830 215/1101/832 1263/1102/833
f 1261/1099/385 2608/1098/831 1263/1102/834 758/1103/835
f 186/933/355 1193/932/640 2609/1104/836 1264/1105/837
f 1193/932/638 185/931/637 1265/1106/838 2609/1104/839
f 2609/1104/836 1265/1106/838 216/1107/840 1266/1108/841
f 1264/1105/837 2609/1104/836 1266/1108/842 217/1109/843
f 157/939/575 1194/938/650 2610/1110/844 1196/1111/728
f 1194/938/648 186/937/355 1264/1112/845 2610/1110/846
f 2610/1110/847 1264/1112/837 217/1113/848 1267/1114/849
f 1196/1111/850 2610/1110/847 1267/1114/849 187/1115/851
f 704/1116/852 1197/1117/853 2611/1118/854 1268/1119/855
f 1197/1117/856 187/1120/730 1269/1121/857 2611/1118/854
f 2611/1118/858 1269/1121/857 218/1122/109 1270/1123/109
f 1268/1119/859 2611/1118/858 1270/1123/109 703/1124/109
f 189/958/109 1201/957/751 2612/1125/860 1271/1126/109
f 1201/957/749 159/956/659 1199/1127/741 2612/1125/861
f 2612/1125/861 1199/1127/741 188/1128/740 1272/1129/862
f 1271/1126/109 2612/1125/860 1272/1129/863 219/1130/109
f 220/1131/109 1273/1132/109 2613/1133/109 1274/1134/109
f 192/981/109 1211/980/109 2613/1133/109 1273/1132/109
f 162/960/109 1202/959/109 2613/1133/109 1211/980/109
f 189/958/109 1271/1126/109 2613/1133/109 1202/959/109
f 219/1130/109 1274/1134/109 2613/1133/109 1271/1126/109
f 806/986/772 1213/985/771 2614/1135/864 1275/1136/865
f 1213/985/771 160/965/866 1203/962/753 2614/1135/864
f 2614/1135/864 1203/962/753 190/961/752 1276/1137/867
f 1275/1136/868 2614/1135/864 1276/1137/869 805/1138/870
f 190/1139/871 1204/1140/872 2615/1141/873 1277/1142/874
f 1204/1140/872 161/971/679 1205/968/764 2615/1141/873
f 2615/1141/875 1205/968/876 191/967/109 1278/1143/109
f 1277/1142/877 2615/1141/875 1278/1143/109 222/1144/109
f 193/973/109 1279/1145/109 2616/1146/109 1207/974/109
f 223/1147/109 1280/1148/109 2616/1146/109 1279/1145/109
f 222/1144/109 1278/1143/109 2616/1146/109 1280/1148/109
f 191/967/109 1206/970/109 2616/1146/109 1278/1143/109
f 163/833/109 1207/974/109 2616/1146/109 1206/970/109
f 225/1149/227 1281/1150/878 2617/1151/879 1282/1152/230
f 1281/1150/880 193/973/109 1208/976/109 2617/1151/232
f 2617/1151/232 1208/976/109 192/981/109 1283/1153/881
f 1282/1152/230 2617/1151/229 1283/1153/882 224/1154/300
f 183/993/782 1216/992/781 2618/1155/883 1259/1156/884
f 1216/992/779 164/991/778 1284/1157/885 2618/1155/883
f 2618/1155/883 1284/1157/885 194/1158/886 1285/1159/887
f 1259/1156/884 2618/1155/888 1285/1159/889 214/1160/890
f 195/1000/790 1217/997/787 2619/1161/891 1286/1162/892
f 167/996/786 1225/1163/809 2619/1161/891 1217/997/893
f 810/1164/894 1287/1165/895 2619/1161/896 1225/1163/809
f 787/1166/897 1288/1167/898 2619/1161/896 1287/1165/895
f 198/1168/899 1289/1169/900 2619/1161/901 1288/1167/898
f 226/1170/902 1286/1162/903 2619/1161/891 1289/1169/904
f 196/1002/905 1219/1001/906 2620/1171/907 1290/1172/908
f 1219/1001/909 195/1000/909 1291/1173/909 2620/1171/909
f 2620/1171/910 1291/1173/911 227/1174/912 1292/1175/913
f 1290/1172/914 2620/1171/915 1292/1175/916 259/1176/917
f 166/1004/918 1220/1003/919 2621/1177/920 1223/1178/921
f 1220/1003/919 196/1002/922 1293/1179/923 2621/1177/920
f 2621/1177/920 1293/1179/924 228/1180/925 1294/1181/926
f 1223/1178/805 2621/1177/920 1294/1181/927 197/1182/802
f 199/1025/617 1229/1024/618 2622/1183/928 1295/1184/929
f 1229/1024/620 168/852/109 1222/1010/803 2622/1183/928
f 2622/1183/928 1222/1010/803 197/1009/802 1296/1185/930
f 1295/1184/929 2622/1183/928 1296/1185/931 229/1186/932
f 198/1187/933 1297/1188/934 2623/1189/935 1298/1190/936
f 1297/1188/934 170/1026/109 1231/1029/109 2623/1189/937
f 2623/1189/937 1231/1029/109 200/1031/109 1299/1191/803
f 1298/1190/936 2623/1189/935 1299/1191/803 230/1192/802
f 231/1193/5 1300/1194/5 2624/1195/708 1301/1196/708
f 1300/1194/5 201/1032/5 1234/1035/708 2624/1195/708
f 2624/1195/707 1234/1035/707 171/1040/617 1228/1197/617
f 1301/1196/707 2624/1195/707 1228/1197/617 199/1198/617
f 200/1031/109 1232/1030/109 2625/1199/712 1302/1200/714
f 1232/1030/109 182/912/109 1256/1087/711 2625/1199/712
f 2625/1199/712 1256/1087/938 213/1091/710 1303/1201/710
f 1302/1200/713 2625/1199/712 1303/1201/710 232/1202/710
f 233/1203/5 1304/1204/5 2626/1205/5 1305/1206/5
f 1304/1204/5 774/1207/5 1306/1208/5 2626/1205/5
f 2626/1205/5 1306/1208/5 775/1036/5 1233/1033/5
f 1305/1206/5 2626/1205/5 1233/1033/5 201/1032/5
f 234/1209/939 1307/1210/940 2627/1211/940 1308/1212/939
f 1307/1210/941 203/1045/5 1237/1044/5 2627/1211/941
f 2627/1211/941 1237/1044/5 202/1043/5 1309/1213/941
f 1308/1212/939 2627/1211/940 1309/1213/940 235/1214/939
f 203/1045/5 1310/1215/5 2628/1216/5 1238/1046/5
f 1310/1215/5 236/1217/5 1311/1218/5 2628/1216/5
f 2628/1216/5 1311/1218/5 204/1049/5 1239/1047/5
f 1238/1046/5 2628/1216/5 1239/1047/5 173/869/5
f 174/1051/813 1240/1050/707 2629/1219/942 1242/1220/617
f 1240/1050/708 204/1049/5 1312/1221/5 2629/1219/708
f 2629/1219/708 1312/1221/5 237/1222/5 1313/1223/708
f 1242/1220/617 2629/1219/707 1313/1223/707 205/1224/617
f 238/1225/617 1314/1226/618 2630/1227/618 1315/1228/617
f 1314/1226/620 206/1060/109 1244/1059/109 2630/1227/620
f 2630/1227/620 1244/1059/109 175/879/109 1241/1054/620
f 1315/1228/617 2630/1227/618 1241/1054/620 205/1053/617
f 239/1229/109 1316/1230/109 2631/1231/109 1317/1232/109
f 1316/1230/109 209/1233/109 1318/1234/109 2631/1231/109
f 2631/1231/109 1318/1234/109 177/1062/109 1245/1061/109
f 1317/1232/109 2631/1231/109 1245/1061/109 206/1060/109
f 210/1075/710 1251/1074/814 2632/1235/814 1319/1236/710
f 1251/1074/814 179/896/109 1246/1064/109 2632/1235/814
f 2632/1235/814 1246/1064/109 207/1066/109 1320/1237/814
f 1319/1236/710 2632/1235/814 1320/1237/814 240/1238/710
f 207/1066/109 1247/1065/109 2633/1239/109 1321/1240/109
f 1247/1065/109 176/887/109 1248/1068/109 2633/1239/109
f 2633/1239/109 1248/1068/109 208/1072/109 1322/1241/109
f 1321/1240/109 2633/1239/109 1322/1241/109 241/1242/109
f 244/1243/261 1323/1244/261 2634/1245/815 1324/1246/815
f 1323/1244/261 211/1077/261 1254/1080/815 2634/1245/815
f 2634/1245/816 1254/1080/943 181/1085/817 1252/1247/817
f 1324/1246/816 2634/1245/816 1252/1247/817 210/1248/817
f 245/1249/261 1325/1250/261 2635/1251/261 1326/1252/261
f 1325/1250/261 246/1253/261 1327/1254/261 2635/1251/261
f 2635/1251/261 1327/1254/261 212/1081/261 1253/1078/261
f 1326/1252/261 2635/1251/261 1253/1078/261 211/1077/261
f 764/1255/817 1328/1256/815 2636/1257/815 1258/1258/817
f 1328/1256/815 765/1259/261 1329/1260/261 2636/1257/815
f 2636/1257/815 1329/1260/261 247/1261/261 1330/1262/815
f 1258/1258/817 2636/1257/816 1330/1262/816 213/1263/817
f 184/1097/628 1260/1096/828 2637/1264/944 1262/1265/945
f 1260/1096/828 214/1095/826 1331/1266/946 2637/1264/947
f 2637/1264/948 1331/1266/949 248/1267/950 1332/1268/951
f 1262/1265/945 2637/1264/952 1332/1268/953 215/1269/832
f 758/1270/835 1263/1271/834 2638/1272/954 1333/1273/955
f 1263/1271/834 215/1274/832 1334/1275/956 2638/1272/954
f 2638/1272/957 1334/1275/958 249/1276/109 1335/1277/109
f 1333/1273/955 2638/1272/954 1335/1277/109 757/1278/109
f 251/1279/109 1336/1280/959 2639/1281/960 1337/1282/109
f 1336/1280/961 217/1283/848 1266/1284/962 2639/1281/960
f 2639/1281/960 1266/1284/962 216/1285/963 1338/1286/964
f 1337/1282/109 2639/1281/960 1338/1286/964 250/1287/109
f 187/1120/730 1267/1288/849 2640/1289/965 1269/1121/857
f 1267/1288/849 217/1283/848 1336/1280/961 2640/1289/965
f 2640/1289/965 1336/1280/961 251/1279/109 1339/1290/109
f 1269/1121/966 2640/1289/967 1339/1290/109 218/1122/109
f 703/1124/109 1270/1123/109 2641/1291/109 1340/1292/109
f 218/1122/109 1341/1293/109 2641/1291/109 1270/1123/109
f 252/1294/109 1342/1295/109 2641/1291/109 1341/1293/109
f 220/1131/109 1274/1134/109 2641/1291/109 1342/1295/109
f 219/1130/109 1343/1296/109 2641/1291/109 1274/1134/109
f 698/1297/109 1340/1292/109 2641/1291/109 1343/1296/109
f 192/981/109 1273/1132/109 2642/1298/968 1283/1153/881
f 1273/1132/109 220/1131/109 1344/1299/969 2642/1298/968
f 2642/1298/968 1344/1299/970 253/1300/291 1345/1301/295
f 1283/1153/882 2642/1298/968 1345/1301/295 224/1154/971
f 214/1160/972 1285/1159/889 2643/1302/973 1331/1303/974
f 1285/1159/887 194/1158/886 1346/1304/975 2643/1302/976
f 2643/1302/976 1346/1304/977 221/1305/978 1347/1306/979
f 1331/1303/949 2643/1302/973 1347/1306/980 248/1307/950
f 805/1308/981 1276/1309/867 2644/1310/982 1348/1311/983
f 1276/1309/867 190/1139/871 1277/1142/874 2644/1310/984
f 2644/1310/985 1277/1142/986 222/1144/109 1349/1312/109
f 1348/1311/983 2644/1310/985 1349/1312/109 804/1313/109
f 223/1147/109 1279/1145/109 2645/1314/987 1350/1315/988
f 1279/1145/109 193/973/109 1281/1150/878 2645/1314/987
f 2645/1314/987 1281/1150/989 225/1149/227 1351/1316/990
f 1350/1315/991 2645/1314/987 1351/1316/990 255/1317/992
f 804/1313/109 1349/1312/109 2646/1318/109 1352/1319/109
f 222/1144/109 1280/1148/109 2646/1318/109 1349/1312/109
f 223/1147/109 1353/1320/109 2646/1318/109 1280/1148/109
f 798/1321/109 1354/1322/109 2646/1318/109 1353/1320/109
f 799/1323/109 1352/1319/109 2646/1318/109 1354/1322/109
f 257/1324/296 1355/1325/297 2647/1326/298 1356/1327/261
f 1355/1325/299 225/1328/227 1282/1329/230 2647/1326/298
f 2647/1326/298 1282/1329/230 224/1330/300 1357/1331/301
f 1356/1327/261 2647/1326/298 1357/1331/302 256/1332/303
f 230/1333/802 1358/1334/993 2648/1335/994 1298/1336/995
f 1358/1334/996 258/1337/997 1359/1338/998 2648/1335/994
f 2648/1335/994 1359/1338/999 226/1170/1000 1289/1169/1001
f 1298/1336/995 2648/1335/994 1289/1169/900 198/1168/899
f 292/1339/1002 1360/1340/1003 2649/1341/1004 1361/1342/1005
f 1360/1340/1006 227/1174/912 1291/1173/1007 2649/1341/1008
f 2649/1341/1009 1291/1173/909 195/1000/1010 1286/1162/1011
f 1361/1342/1012 2649/1341/1013 1286/1162/1014 226/1170/1015
f 260/1343/1016 1362/1344/1017 2650/1345/1018 1363/1346/1019
f 1362/1344/1020 228/1180/1021 1293/1179/1022 2650/1345/1023
f 2650/1345/1024 1293/1179/1025 196/1002/1025 1290/1172/1025
f 1363/1346/1019 2650/1345/1026 1290/1172/908 259/1176/1026
f 197/1182/802 1294/1181/926 2651/1347/1027 1296/1348/930
f 1294/1181/1028 228/1180/1029 1364/1349/1030 2651/1347/1027
f 2651/1347/1031 1364/1349/1030 261/1350/1032 1365/1351/1033
f 1296/1348/1034 2651/1347/1035 1365/1351/1033 229/1352/1036
f 261/1353/1032 1366/1354/1037 2652/1355/1038 1365/1356/1033
f 1366/1354/1037 231/1193/5 1301/1196/708 2652/1355/1038
f 2652/1355/1039 1301/1196/707 199/1198/617 1295/1357/1040
f 1365/1356/1041 2652/1355/1039 1295/1357/1040 229/1358/1042
f 230/1192/802 1299/1191/803 2653/1359/1043 1367/1360/1044
f 1299/1191/803 200/1031/109 1302/1200/714 2653/1359/1043
f 2653/1359/1045 1302/1200/714 232/1202/710 1368/1361/1046
f 1367/1360/1044 2653/1359/1047 1368/1361/1046 262/1362/1048
f 263/1363/5 1369/1364/5 2654/1365/5 1370/1366/5
f 1369/1364/5 233/1203/5 1305/1206/5 2654/1365/5
f 2654/1365/5 1305/1206/5 201/1032/5 1300/1194/5
f 1370/1366/5 2654/1365/5 1300/1194/5 231/1193/5
f 213/1263/817 1330/1262/815 2655/1367/815 1303/1368/817
f 1330/1262/815 247/1261/261 1371/1369/261 2655/1367/815
f 2655/1367/815 1371/1369/261 264/1370/261 1372/1371/815
f 1303/1368/817 2655/1367/816 1372/1371/816 232/1372/817
f 773/1373/939 1373/1374/940 2656/1375/940 1374/1376/939
f 1373/1374/941 774/1207/5 1304/1204/5 2656/1375/941
f 2656/1375/941 1304/1204/5 233/1203/5 1375/1377/941
f 1374/1376/939 2656/1375/940 1375/1377/940 265/1378/939
f 266/1379/1049 1376/1380/1050 2657/1381/1051 1377/1382/1049
f 1376/1380/1052 234/1383/939 1308/1384/939 2657/1381/1053
f 2657/1381/1053 1308/1384/939 235/1385/939 1378/1386/1054
f 1377/1382/1055 2657/1381/1051 1378/1386/1056 267/1387/1055
f 268/1388/939 1379/1389/940 2658/1390/940 1380/1391/939
f 1379/1389/941 236/1217/5 1310/1215/5 2658/1390/941
f 2658/1390/941 1310/1215/5 203/1045/5 1307/1210/941
f 1380/1391/939 2658/1390/940 1307/1210/940 234/1209/939
f 204/1049/5 1311/1218/5 2659/1392/5 1312/1221/5
f 1311/1218/5 236/1217/5 1381/1393/5 2659/1392/5
f 2659/1392/5 1381/1393/5 269/1394/5 1382/1395/5
f 1312/1221/5 2659/1392/5 1382/1395/5 237/1222/5
f 205/1224/617 1313/1223/707 2660/1396/707 1315/1397/617
f 1313/1223/708 237/1222/5 1383/1398/5 2660/1396/708
f 2660/1396/708 1383/1398/5 270/1399/5 1384/1400/708
f 1315/1397/617 2660/1396/707 1384/1400/942 238/1401/617
f 271/1402/617 1385/1403/1057 2661/1404/618 1386/1405/617
f 1385/1403/1058 239/1229/109 1317/1232/109 2661/1404/618
f 2661/1404/618 1317/1232/109 206/1060/109 1314/1226/620
f 1386/1405/617 2661/1404/619 1314/1226/618 238/1225/617
f 664/1406/109 1387/1407/109 2662/1408/109 1388/1409/109
f 1387/1407/109 665/1410/109 1389/1411/109 2662/1408/109
f 2662/1408/109 1389/1411/109 209/1233/109 1316/1230/109
f 1388/1409/109 2662/1408/109 1316/1230/109 239/1229/109
f 273/1412/261 1390/1413/261 2663/1414/815 1391/1415/815
f 1390/1413/261 244/1243/261 1324/1246/815 2663/1414/815
f 2663/1414/816 1324/1246/816 210/1248/817 1319/1416/817
f 1391/1415/815 2663/1414/815 1319/1416/1059 240/1417/817
f 240/1238/710 1320/1237/714 2664/1418/714 1392/1419/710
f 1320/1237/814 207/1066/109 1321/1240/109 2664/1418/814
f 2664/1418/814 1321/1240/109 241/1242/109 1393/1420/814
f 1392/1419/710 2664/1418/714 1393/1420/714 274/1421/710
f 279/1422/261 1394/1423/261 2665/1424/261 1395/1425/261
f 1394/1423/261 245/1249/261 1326/1252/261 2665/1424/261
f 2665/1424/261 1326/1252/261 211/1077/261 1323/1244/261
f 1395/1425/261 2665/1424/261 1323/1244/261 244/1243/261
f 280/1426/1060 1396/1427/1060 2666/1428/1061 1397/1429/1061
f 1396/1427/1060 281/1430/1060 1398/1431/1061 2666/1428/1061
f 2666/1428/1062 1398/1431/1062 246/1253/261 1325/1250/261
f 1397/1429/1062 2666/1428/1062 1325/1250/261 245/1249/261
f 766/1432/261 1399/1433/261 2667/1434/261 1400/1435/261
f 1399/1433/261 282/1436/261 1401/1437/261 2667/1434/261
f 2667/1434/261 1401/1437/261 247/1261/261 1329/1260/261
f 1400/1435/261 2667/1434/261 1329/1260/261 765/1259/261
f 215/1274/832 1332/1438/953 2668/1439/1063 1334/1275/956
f 1332/1438/953 248/1440/1064 1402/1441/1065 2668/1439/1066
f 2668/1439/1066 1402/1441/1065 283/1442/109 1403/1443/109
f 1334/1275/958 2668/1439/1066 1403/1443/109 249/1276/109
f 757/1278/109 1335/1277/109 2669/1444/109 1404/1445/109
f 249/1276/109 1405/1446/109 2669/1444/109 1335/1277/109
f 284/1447/109 1406/1448/109 2669/1444/109 1405/1446/109
f 285/1449/109 1407/1450/109 2669/1444/109 1406/1448/109
f 250/1287/109 1408/1451/109 2669/1444/109 1407/1450/109
f 730/1452/109 1404/1445/109 2669/1444/109 1408/1451/109
f 285/1449/109 1409/1453/109 2670/1454/109 1407/1450/109
f 252/1294/109 1341/1293/109 2670/1454/109 1409/1453/109
f 218/1122/109 1339/1290/109 2670/1454/109 1341/1293/109
f 251/1279/109 1337/1282/109 2670/1454/109 1339/1290/109
f 250/1287/109 1407/1450/109 2670/1454/109 1337/1282/109
f 252/1294/109 1410/1455/1067 2671/1456/1068 1342/1295/109
f 1410/1455/1067 286/1457/342 1411/1458/343 2671/1456/1069
f 2671/1456/1069 1411/1458/343 253/1300/291 1344/1299/1070
f 1342/1295/109 2671/1456/1068 1344/1299/969 220/1131/109
f 224/1330/300 1345/1459/1071 2672/1460/347 1357/1331/301
f 1345/1459/295 253/1461/345 1412/1462/346 2672/1460/347
f 2672/1460/347 1412/1462/348 287/1463/349 1413/1464/185
f 1357/1331/351 2672/1460/347 1413/1464/185 256/1332/350
f 283/1442/109 1402/1441/1065 2673/1465/1072 1414/1466/109
f 1402/1441/1065 248/1440/1064 1347/1467/979 2673/1465/1073
f 2673/1465/1073 1347/1467/1074 221/1468/1075 1415/1469/1076
f 1414/1466/109 2673/1465/1072 1415/1469/1077 254/1470/109
f 223/1147/109 1350/1315/988 2674/1471/1078 1353/1320/109
f 1350/1315/1079 255/1317/992 1416/1472/1080 2674/1471/1078
f 2674/1471/1078 1416/1472/1080 797/1473/1081 1417/1474/1082
f 1353/1320/109 2674/1471/1083 1417/1474/1082 798/1321/109
f 255/1475/992 1351/1476/990 2675/1477/1084 1418/1478/1085
f 1351/1476/990 225/1328/227 1355/1325/299 2675/1477/1084
f 2675/1477/1086 1355/1325/352 257/1324/354 1419/1479/1087
f 1418/1478/1088 2675/1477/1084 1419/1479/1087 288/1480/1089
f 290/1481/296 1420/1482/296 2676/1483/261 1421/1484/261
f 1420/1482/296 257/1324/296 1356/1327/261 2676/1483/261
f 2676/1483/261 1356/1327/261 256/1332/303 1422/1485/303
f 1421/1484/261 2676/1483/261 1422/1485/303 289/1486/303
f 291/1487/1090 1423/1488/1091 2677/1489/1092 1424/1490/1093
f 1423/1488/1094 258/1337/1095 1358/1334/1096 2677/1489/1097
f 2677/1489/1097 1358/1334/1098 230/1333/802 1367/1491/1044
f 1424/1490/1099 2677/1489/1097 1367/1491/1044 262/1492/1100
f 292/1339/1002 1361/1342/1012 2678/1493/1101 1425/1494/1102
f 1361/1342/1103 226/1170/1104 1359/1338/1104 2678/1493/1101
f 2678/1493/1105 1359/1338/1106 258/1337/1107 1426/1495/1107
f 1425/1494/1108 2678/1493/1109 1426/1495/1110 326/1496/1111
f 227/1174/1112 1427/1497/1113 2679/1498/1114 1292/1175/1115
f 1427/1497/1113 293/1499/1116 1428/1500/1117 2679/1498/1114
f 2679/1498/1114 1428/1500/1117 294/1501/1118 1429/1502/1119
f 1292/1175/916 2679/1498/1120 1429/1502/1121 259/1176/1122
f 228/1180/1123 1362/1344/1124 2680/1503/1125 1364/1349/1126
f 1362/1344/1127 260/1343/1128 1430/1504/1129 2680/1503/1125
f 2680/1503/1125 1430/1504/1130 295/1505/1032 1431/1506/1032
f 1364/1349/1131 2680/1503/1132 1431/1506/1032 261/1350/1032
f 295/1507/1032 1432/1508/1037 2681/1509/1037 1431/1510/1032
f 1432/1508/1037 263/1363/5 1370/1366/5 2681/1509/1037
f 2681/1509/1037 1370/1366/5 231/1193/5 1366/1354/1037
f 1431/1510/1032 2681/1509/1037 1366/1354/1037 261/1353/1032
f 232/1372/818 1372/1371/816 2682/1511/1133 1368/1512/1134
f 1372/1371/815 264/1370/261 1433/1513/1135 2682/1511/1133
f 2682/1511/1133 1433/1513/1136 291/1514/1137 1424/1515/1099
f 1368/1512/1138 2682/1511/1133 1424/1515/1099 262/1516/1139
f 265/1378/939 1375/1377/940 2683/1517/940 1434/1518/939
f 1375/1377/941 233/1203/5 1369/1364/5 2683/1517/941
f 2683/1517/941 1369/1364/5 263/1363/5 1435/1519/941
f 1434/1518/939 2683/1517/940 1435/1519/940 296/1520/939
f 247/1261/261 1401/1437/261 2684/1521/261 1371/1369/261
f 1401/1437/261 282/1436/261 1436/1522/261 2684/1521/261
f 2684/1521/261 1436/1522/261 297/1523/261 1437/1524/261
f 1371/1369/261 2684/1521/261 1437/1524/261 264/1370/261
f 772/1525/1049 1438/1526/1054 2685/1527/1051 1439/1528/1140
f 1438/1526/1054 773/1529/939 1374/1530/939 2685/1527/1053
f 2685/1527/1051 1374/1530/939 265/1531/939 1440/1532/1052
f 1439/1528/1049 2685/1527/1051 1440/1532/1050 298/1533/1049
f 299/1534/1141 1441/1535/1142 2686/1536/1143 1442/1537/1144
f 1441/1535/1145 266/1379/1055 1377/1382/1055 2686/1536/1146
f 2686/1536/1146 1377/1382/1140 267/1387/1140 1443/1538/1147
f 1442/1537/1144 2686/1536/1146 1443/1538/1148 300/1539/1149
f 301/1540/1140 1444/1541/1150 2687/1542/1054 1445/1543/1140
f 1444/1541/1150 268/1544/939 1380/1545/939 2687/1542/1150
f 2687/1542/1150 1380/1545/939 234/1383/939 1376/1380/1052
f 1445/1543/1049 2687/1542/1054 1376/1380/1050 266/1379/1049
f 302/1546/939 1446/1547/940 2688/1548/940 1447/1549/939
f 1446/1547/941 269/1394/5 1381/1393/5 2688/1548/941
f 2688/1548/941 1381/1393/5 236/1217/5 1379/1389/941
f 1447/1549/939 2688/1548/940 1379/1389/940 268/1388/939
f 237/1222/5 1382/1395/5 2689/1550/5 1383/1398/5
f 1382/1395/5 269/1394/5 1448/1551/5 2689/1550/5
f 2689/1550/5 1448/1551/5 303/1552/5 1449/1553/5
f 1383/1398/5 2689/1550/5 1449/1553/5 270/1399/5
f 304/1554/5 1450/1555/708 2690/1556/708 1451/1557/5
f 1450/1555/707 271/1558/617 1386/1559/617 2690/1556/707
f 2690/1556/707 1386/1559/617 238/1401/617 1384/1400/707
f 1451/1557/5 2690/1556/708 1384/1400/708 270/1399/5
f 663/1560/617 1452/1561/703 2691/1562/705 1453/1563/617
f 1452/1561/703 664/1406/109 1388/1409/109 2691/1562/1151
f 2691/1562/1151 1388/1409/109 239/1229/109 1385/1403/1058
f 1453/1563/709 2691/1562/705 1385/1403/1057 271/1402/617
f 306/1564/109 1454/1565/109 2692/1566/109 1455/1567/109
f 1454/1565/109 277/1568/109 1456/1569/109 2692/1566/109
f 2692/1566/109 1456/1569/109 243/1570/109 1457/1571/109
f 1455/1567/109 2692/1566/109 1457/1571/109 272/1572/109
f 307/1573/261 1458/1574/261 2693/1575/815 1459/1576/815
f 1458/1574/261 273/1412/261 1391/1415/815 2693/1575/815
f 2693/1575/815 1391/1415/815 240/1417/710 1392/1577/710
f 1459/1576/815 2693/1575/815 1392/1577/710 274/1578/710
f 308/1579/261 1460/1580/261 2694/1581/261 1461/1582/261
f 1460/1580/261 279/1422/261 1395/1425/261 2694/1581/261
f 2694/1581/261 1395/1425/261 244/1243/261 1390/1413/261
f 1461/1582/261 2694/1581/261 1390/1413/261 273/1412/261
f 275/1583/109 1462/1584/1152 2695/1585/714 1463/1586/109
f 1462/1584/1152 309/1587/710 1464/1588/710 2695/1585/713
f 2695/1585/1153 1464/1588/710 274/1421/710 1393/1420/714
f 1463/1586/109 2695/1585/714 1393/1420/814 241/1242/109
f 649/1589/109 1465/1590/109 2696/1591/109 1466/1592/109
f 1465/1590/109 650/1593/109 1467/1594/109 2696/1591/109
f 2696/1591/109 1467/1594/109 275/1583/109 1468/1595/109
f 1466/1592/109 2696/1591/109 1468/1595/109 242/1596/109
f 312/1597/1154 1469/1598/1155 2697/1599/1156 1470/1600/1157
f 1469/1598/1155 278/1601/109 1471/1602/109 2697/1599/1156
f 2697/1599/1156 1471/1602/109 724/1603/109 1472/1604/1158
f 1470/1600/1157 2697/1599/1156 1472/1604/1158 725/1605/1159
f 314/1606/1060 1473/1607/1060 2698/1608/1061 1474/1609/1061
f 1473/1607/1060 280/1426/1060 1397/1429/1061 2698/1608/1061
f 2698/1608/1062 1397/1429/1062 245/1249/261 1394/1423/261
f 1474/1609/1062 2698/1608/1062 1394/1423/261 279/1422/261
f 280/1610/1060 1475/1611/1160 2699/1612/1161 1396/1613/1060
f 1475/1611/1162 315/1614/1163 1476/1615/1163 2699/1612/1161
f 2699/1612/1161 1476/1615/1163 316/1616/1163 1477/1617/1164
f 1396/1613/1060 2699/1612/1161 1477/1617/1164 281/1618/1060
f 767/1619/1060 1478/1620/1060 2700/1621/1061 1479/1622/1061
f 1478/1620/1060 317/1623/1060 1480/1624/1061 2700/1621/1165
f 2700/1621/1062 1480/1624/1062 282/1436/261 1399/1433/261
f 1479/1622/1062 2700/1621/1062 1399/1433/261 766/1432/261
f 284/1447/109 1481/1625/1166 2701/1626/1167 1406/1448/109
f 1481/1625/1166 318/1627/1168 1482/1628/1169 2701/1626/1170
f 2701/1626/1170 1482/1628/1169 319/1629/431 1483/1630/1171
f 1406/1448/109 2701/1626/1167 1483/1630/1171 285/1449/109
f 252/1294/109 1409/1453/109 2702/1631/1172 1410/1455/1067
f 1409/1453/109 285/1449/109 1483/1630/1171 2702/1631/1172
f 2702/1631/1172 1483/1630/1173 319/1629/392 1484/1632/393
f 1410/1455/1067 2702/1631/1172 1484/1632/393 286/1457/396
f 286/1633/396 1485/1634/397 2703/1635/398 1411/1636/343
f 1485/1634/399 320/1637/400 1486/1638/124 2703/1635/398
f 2703/1635/398 1486/1638/124 287/1639/401 1412/1640/402
f 1411/1636/343 2703/1635/398 1412/1640/403 253/1641/345
f 256/1332/350 1413/1464/185 2704/1642/185 1422/1485/350
f 1413/1464/185 287/1463/349 1487/1643/349 2704/1642/185
f 2704/1642/185 1487/1643/349 321/1644/349 1488/1645/185
f 1422/1485/350 2704/1642/185 1488/1645/185 289/1486/350
f 255/1646/992 1418/1647/1085 2705/1648/406 1416/1649/1174
f 1418/1647/1088 288/1650/1175 1489/1651/407 2705/1648/406
f 2705/1648/1176 1489/1651/407 796/1652/404 1490/1653/1177
f 1416/1649/1174 2705/1648/1176 1490/1653/1177 797/1654/1081
f 288/1480/1089 1419/1479/1087 2706/1655/1087 1491/1656/1089
f 1419/1479/1087 257/1324/354 1420/1482/354 2706/1655/1087
f 2706/1655/1087 1420/1482/354 290/1481/354 1492/1657/1087
f 1491/1656/1089 2706/1655/1087 1492/1657/1087 322/1658/1089
f 324/1659/296 1493/1660/296 2707/1661/261 1494/1662/261
f 1493/1660/296 290/1481/296 1421/1484/261 2707/1661/261
f 2707/1661/261 1421/1484/261 289/1486/303 1495/1663/303
f 1494/1662/261 2707/1661/261 1495/1663/303 323/1664/303
f 325/1665/1178 1496/1666/1179 2708/1667/1180 1497/1668/1178
f 1496/1666/1181 326/1496/1182 1426/1495/1183 2708/1667/1184
f 2708/1667/1184 1426/1495/1185 258/1337/1095 1423/1488/1094
f 1497/1668/1178 2708/1667/1186 1423/1488/1091 291/1487/1178
f 292/1339/1187 1498/1669/1188 2709/1670/1189 1360/1340/1190
f 1498/1669/1191 327/1671/1192 1499/1672/1193 2709/1670/1194
f 2709/1670/1189 1499/1672/1193 293/1499/1195 1427/1497/1196
f 1360/1340/1197 2709/1670/1189 1427/1497/1113 227/1174/912
f 259/1176/1198 1429/1502/1199 2710/1673/1200 1363/1346/1201
f 1429/1502/1199 294/1501/1118 1500/1674/1202 2710/1673/1203
f 2710/1673/1200 1500/1674/1204 328/1675/1205 1501/1676/1206
f 1363/1346/1207 2710/1673/1200 1501/1676/1208 260/1343/1209
f 329/1677/1210 1502/1678/1211 2711/1679/1212 1503/1680/1213
f 1502/1678/1214 330/1681/1215 1504/1682/1216 2711/1679/1212
f 2711/1679/1212 1504/1682/1216 294/1683/1217 1428/1684/1218
f 1503/1680/1213 2711/1679/1212 1428/1684/1218 293/1685/1219
f 260/1343/1220 1501/1676/1206 2712/1686/1221 1430/1504/1130
f 1501/1676/1208 328/1675/1222 1505/1687/1223 2712/1686/1224
f 2712/1686/1225 1505/1687/1226 331/1688/1227 1506/1689/1228
f 1430/1504/1129 2712/1686/1225 1506/1689/1229 295/1505/1032
f 296/1520/939 1435/1519/940 2713/1690/1230 1507/1691/1231
f 1435/1519/941 263/1363/5 1432/1508/1037 2713/1690/1230
f 2713/1690/1230 1432/1508/1037 295/1507/1032 1506/1692/1228
f 1507/1691/1232 2713/1690/1230 1506/1692/1233 331/1693/1234
f 264/1370/261 1437/1524/261 2714/1694/1135 1433/1513/1135
f 1437/1524/261 297/1523/261 1508/1695/1135 2714/1694/1135
f 2714/1694/1136 1508/1695/1136 325/1696/1137 1497/1697/1137
f 1433/1513/1136 2714/1694/1136 1497/1697/1137 291/1514/1137
f 298/1533/1049 1440/1532/1050 2715/1698/1053 1509/1699/1055
f 1440/1532/1052 265/1531/939 1434/1700/939 2715/1698/1053
f 2715/1698/1053 1434/1700/939 296/1701/939 1510/1702/1051
f 1509/1699/1055 2715/1698/1053 1510/1702/1051 332/1703/1049
f 282/1436/261 1480/1624/1062 2716/1704/1062 1436/1522/261
f 1480/1624/1061 317/1623/1060 1511/1705/1060 2716/1704/1061
f 2716/1704/1061 1511/1705/1060 333/1706/1060 1512/1707/1061
f 1436/1522/261 2716/1704/1062 1512/1707/1062 297/1523/261
f 771/1708/1149 1513/1709/1235 2717/1710/1236 1514/1711/1215
f 1513/1709/1235 772/1525/1237 1439/1528/1140 2717/1710/1236
f 2717/1710/1236 1439/1528/1055 298/1533/1055 1515/1712/1238
f 1514/1711/1215 2717/1710/1236 1515/1712/1239 334/1713/1240
f 335/1714/1241 1516/1715/1242 2718/1716/1243 1517/1717/1244
f 1516/1715/1245 299/1534/1141 1442/1537/1246 2718/1716/1243
f 2718/1716/1243 1442/1537/1246 300/1539/1247 1518/1718/1211
f 1517/1717/1244 2718/1716/1243 1518/1718/1248 336/1719/1210
f 337/1720/1249 1519/1721/1250 2719/1722/1251 1520/1723/1252
f 1519/1721/1253 301/1540/1055 1445/1543/1055 2719/1722/1254
f 2719/1722/1254 1445/1543/1140 266/1379/1140 1441/1535/1145
f 1520/1723/1255 2719/1722/1256 1441/1535/1142 299/1534/1257
f 338/1724/1049 1521/1725/1150 2720/1726/1051 1522/1727/1049
f 1521/1725/1150 302/1728/939 1447/1729/939 2720/1726/1051
f 2720/1726/1051 1447/1729/939 268/1544/939 1444/1541/1150
f 1522/1727/1258 2720/1726/1051 1444/1541/1150 301/1540/1055
f 339/1730/939 1523/1731/940 2721/1732/940 1524/1733/939
f 1523/1731/941 303/1552/5 1448/1551/5 2721/1732/941
f 2721/1732/941 1448/1551/5 269/1394/5 1446/1547/941
f 1524/1733/939 2721/1732/940 1446/1547/940 302/1546/939
f 340/1734/5 1525/1735/5 2722/1736/5 1526/1737/5
f 1525/1735/5 304/1554/5 1451/1557/5 2722/1736/5
f 2722/1736/5 1451/1557/5 270/1399/5 1449/1553/5
f 1526/1737/5 2722/1736/5 1449/1553/5 303/1552/5
f 662/1738/5 1527/1739/708 2723/1740/708 1528/1741/5
f 1527/1739/707 663/1742/617 1453/1743/813 2723/1740/707
f 2723/1740/707 1453/1743/617 271/1558/617 1450/1555/707
f 1528/1741/5 2723/1740/708 1450/1555/708 304/1554/5
f 342/1744/617 1529/1745/618 2724/1746/619 1530/1747/617
f 1529/1745/620 306/1564/109 1455/1567/109 2724/1746/619
f 2724/1746/619 1455/1567/109 272/1572/109 1531/1748/1259
f 1530/1747/1260 2724/1746/619 1531/1748/1259 305/1749/1260
f 313/1750/1261 1532/1751/1262 2725/1752/1263 1533/1753/1264
f 1532/1751/1265 277/1568/109 1454/1565/109 2725/1752/1263
f 2725/1752/1263 1454/1565/109 306/1564/109 1534/1754/1266
f 1533/1753/1267 2725/1752/1263 1534/1754/1266 343/1755/1268
f 309/1756/818 1535/1757/816 2726/1758/943 1464/1759/817
f 1535/1757/815 344/1760/261 1536/1761/261 2726/1758/815
f 2726/1758/815 1536/1761/261 307/1573/261 1459/1576/815
f 1464/1759/1269 2726/1758/815 1459/1576/815 274/1578/1059
f 345/1762/261 1537/1763/261 2727/1764/261 1538/1765/261
f 1537/1763/261 308/1579/261 1461/1582/261 2727/1764/261
f 2727/1764/261 1461/1582/261 273/1412/261 1458/1574/261
f 1538/1765/261 2727/1764/261 1458/1574/261 307/1573/261
f 346/1766/1060 1539/1767/1060 2728/1768/1061 1540/1769/1061
f 1539/1767/1060 314/1606/1060 1474/1609/1061 2728/1768/1061
f 2728/1768/1062 1474/1609/1062 279/1422/261 1460/1580/261
f 1540/1769/1062 2728/1768/1062 1460/1580/261 308/1579/261
f 650/1593/109 1541/1770/1270 2729/1771/820 1467/1594/109
f 1541/1770/1271 651/1772/710 1542/1773/710 2729/1771/821
f 2729/1771/821 1542/1773/710 309/1587/710 1462/1584/1152
f 1467/1594/109 2729/1771/820 1462/1584/1152 275/1583/109
f 311/1774/109 1543/1775/109 2730/1776/109 1544/1777/109
f 1543/1775/109 348/1778/109 1545/1779/109 2730/1776/109
f 2730/1776/109 1545/1779/109 310/1780/109 1546/1781/109
f 1544/1777/109 2730/1776/109 1546/1781/109 276/1782/109
f 349/1783/1272 1547/1784/1273 2731/1785/1274 1548/1786/1275
f 1547/1784/1273 311/1774/109 1549/1787/109 2731/1785/1274
f 2731/1785/1274 1549/1787/109 710/1788/109 1550/1789/1276
f 1548/1786/1275 2731/1785/1274 1550/1789/1276 711/1790/1277
f 351/1791/1278 1551/1792/1279 2732/1793/1280 1552/1794/1278
f 312/1795/1281 1470/1796/1282 2732/1793/1283 1551/1792/1279
f 725/1797/1284 1553/1798/1285 2732/1793/1286 1470/1796/1157
f 709/1799/1287 1554/1800/1288 2732/1793/1283 1553/1798/1285
f 313/1801/1289 1555/1802/1290 2732/1793/1280 1554/1800/1288
f 350/1803/1291 1552/1794/1291 2732/1793/1292 1555/1802/1290
f 314/1804/1060 1556/1805/1293 2733/1806/1294 1473/1807/1060
f 1556/1805/1294 352/1808/1163 1557/1809/1295 2733/1806/1294
f 2733/1806/1296 1557/1809/1163 315/1614/1163 1475/1611/1162
f 1473/1807/1060 2733/1806/1294 1475/1611/1160 280/1610/1060
f 315/1614/1163 1558/1810/1297 2734/1811/1298 1476/1615/1299
f 1558/1810/1297 353/1812/1300 1559/1813/1301 2734/1811/1298
f 2734/1811/1302 1559/1813/1301 354/1814/1303 1560/1815/1304
f 1476/1615/1163 2734/1811/1298 1560/1815/1305 316/1616/1295
f 767/1816/1060 1561/1817/1296 2735/1818/1161 1478/1819/1060
f 1561/1817/1296 768/1820/1163 1562/1821/1163 2735/1818/1293
f 2735/1818/1293 1562/1821/1295 355/1822/1295 1563/1823/1162
f 1478/1819/1060 2735/1818/1161 1563/1823/1160 317/1824/1060
f 318/1825/1168 1564/1826/1306 2736/1827/1307 1482/1828/1169
f 1564/1826/1306 356/1829/1308 1565/1830/1309 2736/1827/1307
f 2736/1827/1310 1565/1830/1311 357/1831/457 1566/1832/458
f 1482/1828/1169 2736/1827/1310 1566/1832/459 319/1833/431
f 286/1633/396 1484/1834/393 2737/1835/433 1485/1634/397
f 1484/1834/393 319/1836/431 1566/1837/459 2737/1835/433
f 2737/1835/433 1566/1837/434 357/1838/435 1567/1839/36
f 1485/1634/437 2737/1835/433 1567/1839/36 320/1637/436
f 320/1637/400 1568/1840/400 2738/1841/124 1486/1638/124
f 1568/1840/400 358/1842/400 1569/1843/124 2738/1841/124
f 2738/1841/124 1569/1843/124 321/1844/401 1487/1845/401
f 1486/1638/124 2738/1841/124 1487/1845/401 287/1639/401
f 289/1486/350 1488/1645/185 2739/1846/185 1495/1663/350
f 1488/1645/185 321/1644/349 1570/1847/349 2739/1846/185
f 2739/1846/185 1570/1847/349 359/1848/349 1571/1849/185
f 1495/1663/350 2739/1846/185 1571/1849/185 323/1664/350
f 288/1650/1175 1491/1850/1175 2740/1851/407 1489/1651/407
f 1491/1850/1175 322/1852/1175 1572/1853/407 2740/1851/407
f 2740/1851/407 1572/1853/407 795/1854/404 1573/1855/404
f 1489/1651/407 2740/1851/407 1573/1855/404 796/1652/404
f 322/1658/1089 1492/1657/1087 2741/1856/1087 1574/1857/1089
f 1492/1657/1087 290/1481/354 1493/1660/354 2741/1856/1087
f 2741/1856/1087 1493/1660/354 324/1659/354 1575/1858/1087
f 1574/1857/1089 2741/1856/1087 1575/1858/1087 360/1859/1089
f 362/1860/439 1576/1861/440 2742/1862/441 1577/1863/442
f 1576/1861/440 324/1659/296 1494/1662/261 2742/1862/443
f 2742/1862/1312 1494/1662/261 323/1664/303 1578/1864/444
f 1577/1863/442 2742/1862/441 1578/1864/1313 361/1865/445
f 363/1866/1314 1579/1867/1315 2743/1868/1316 1580/1869/1317
f 1579/1867/1318 364/1870/1319 1581/1871/1320 2743/1868/1321
f 2743/1868/1316 1581/1871/1322 326/1496/1323 1496/1666/1181
f 1580/1869/1317 2743/1868/1316 1496/1666/1179 325/1665/1178
f 364/1870/1319 1582/1872/1324 2744/1873/1325 1581/1871/1326
f 1582/1872/1327 327/1671/1192 1498/1669/1328 2744/1873/1325
f 2744/1873/1325 1498/1669/1191 292/1339/1002 1425/1494/1329
f 1581/1871/1322 2744/1873/1325 1425/1494/1330 326/1496/1331
f 365/1874/1332 1583/1875/1333 2745/1876/1334 1584/1877/1335
f 1583/1875/1333 329/1677/1336 1503/1680/1213 2745/1876/1334
f 2745/1876/1334 1503/1680/1337 293/1685/1219 1499/1878/1338
f 1584/1877/1335 2745/1876/1334 1499/1878/1338 327/1879/1339
f 330/1681/1340 1585/1880/1236 2746/1881/1341 1504/1682/1216
f 1585/1880/1342 332/1703/1140 1586/1882/1343 2746/1881/1341
f 2746/1881/1341 1586/1882/1344 328/1883/1345 1500/1884/1346
f 1504/1682/1216 2746/1881/1341 1500/1884/1346 294/1683/1347
f 366/1885/1210 1587/1886/1211 2747/1887/1211 1588/1888/1210
f 1587/1886/1348 334/1713/1240 1589/1889/1340 2747/1887/1211
f 2747/1887/1214 1589/1889/1340 330/1681/1215 1502/1678/1211
f 1588/1888/1210 2747/1887/1211 1502/1678/1211 329/1677/1210
f 332/1703/1140 1510/1702/1051 2748/1890/1349 1586/1882/1344
f 1510/1702/1053 296/1701/939 1507/1891/1232 2748/1890/1349
f 2748/1890/1349 1507/1891/1232 331/1892/1227 1505/1893/1350
f 1586/1882/1343 2748/1890/1349 1505/1893/1350 328/1883/1345
f 297/1523/261 1512/1707/1062 2749/1894/1351 1508/1695/1135
f 1512/1707/1061 333/1706/1060 1590/1895/1352 2749/1894/1353
f 2749/1894/1353 1590/1895/1352 363/1896/1354 1580/1897/1355
f 1508/1695/1136 2749/1894/1351 1580/1897/1356 325/1696/1137
f 334/1713/1240 1515/1712/1239 2750/1898/1342 1589/1889/1340
f 1515/1712/1238 298/1533/1055 1509/1699/1140 2750/1898/1357
f 2750/1898/1357 1509/1699/1140 332/1703/1055 1585/1880/1342
f 1589/1889/1340 2750/1898/1342 1585/1880/1236 330/1681/1340
f 317/1824/1060 1563/1823/1160 2751/1899/1358 1511/1900/1060
f 1563/1823/1162 355/1822/1163 1591/1901/1295 2751/1899/1161
f 2751/1899/1161 1591/1901/1163 367/1902/1163 1592/1903/1293
f 1511/1900/1060 2751/1899/1358 1592/1903/1161 333/1904/1060
f 770/1905/1210 1593/1906/1211 2752/1907/1211 1594/1908/1210
f 1593/1906/1359 771/1708/1149 1514/1711/1215 2752/1907/1211
f 2752/1907/1359 1514/1711/1215 334/1713/1240 1587/1886/1360
f 1594/1908/1210 2752/1907/1211 1587/1886/1211 366/1885/1210
f 353/1812/1300 1595/1909/1361 2753/1910/1362 1559/1813/1301
f 1595/1909/1361 335/1714/1363 1517/1717/1364 2753/1910/1362
f 2753/1910/1362 1517/1717/1364 336/1719/1336 1596/1911/1365
f 1559/1813/1301 2753/1910/1362 1596/1911/1366 354/1814/1367
f 299/1912/1141 1516/1913/1368 2754/1914/1369 1597/1915/1370
f 1516/1913/1371 335/1916/1241 1598/1917/1372 2754/1914/1369
f 2754/1914/1369 1598/1917/1373 368/1918/1374 1599/1919/1375
f 1597/1915/1370 2754/1914/1369 1599/1919/1376 369/1920/1377
f 337/1921/1378 1520/1922/1252 2755/1923/1379 1600/1924/1380
f 1520/1922/1252 299/1925/1141 1597/1926/1381 2755/1923/1379
f 2755/1923/1379 1597/1926/1382 369/1927/1383 1601/1928/1384
f 1600/1924/1385 2755/1923/1386 1601/1928/1384 370/1929/1387
f 371/1930/1388 1602/1931/1250 2756/1932/1389 1603/1933/1390
f 1602/1931/1391 338/1724/1140 1522/1727/1140 2756/1932/1392
f 2756/1932/1392 1522/1727/1140 301/1540/1140 1519/1721/1393
f 1603/1933/1390 2756/1932/1389 1519/1721/1394 337/1720/1395
f 372/1934/1049 1604/1935/1050 2757/1936/1054 1605/1937/1049
f 1604/1935/1052 339/1938/939 1524/1939/939 2757/1936/1150
f 2757/1936/1150 1524/1939/939 302/1728/939 1521/1725/1150
f 1605/1937/1049 2757/1936/1054 1521/1725/1150 338/1724/1049
f 373/1940/939 1606/1941/940 2758/1942/940 1607/1943/939
f 1606/1941/941 340/1734/5 1526/1737/5 2758/1942/941
f 2758/1942/941 1526/1737/5 303/1552/5 1523/1731/941
f 1607/1943/939 2758/1942/940 1523/1731/940 339/1730/939
f 661/1944/5 1608/1945/5 2759/1946/5 1609/1947/5
f 1608/1945/5 662/1738/5 1528/1741/5 2759/1946/5
f 2759/1946/5 1528/1741/5 304/1554/5 1525/1735/5
f 1609/1947/5 2759/1946/5 1525/1735/5 340/1734/5
f 375/1948/5 1610/1949/708 2760/1950/708 1611/1951/5
f 1610/1949/707 342/1952/617 1530/1953/617 2760/1950/707
f 2760/1950/942 1530/1953/617 305/1954/617 1612/1955/707
f 1611/1951/5 2760/1950/708 1612/1955/708 341/1956/5
f 343/1755/1268 1534/1754/1266 2761/1957/1396 1613/1958/1397
f 1534/1754/1266 306/1564/109 1529/1745/620 2761/1957/1396
f 2761/1957/1398 1529/1745/618 342/1744/617 1614/1959/1399
f 1613/1958/1400 2761/1957/1401 1614/1959/1402 376/1960/1403
f 343/1961/1404 1615/1962/1405 2762/1963/1406 1533/1964/1407
f 1615/1962/1408 377/1965/1409 1616/1966/1409 2762/1963/1410
f 2762/1963/1410 1616/1966/1291 350/1803/1291 1555/1802/1411
f 1533/1964/1412 2762/1963/1413 1555/1802/1290 313/1801/1414
f 651/1967/817 1617/1968/816 2763/1969/816 1542/1970/817
f 1617/1968/815 652/1971/261 1618/1972/261 2763/1969/815
f 2763/1969/815 1618/1972/261 344/1760/261 1535/1757/815
f 1542/1970/817 2763/1969/816 1535/1757/816 309/1756/817
f 344/1760/261 1619/1973/261 2764/1974/261 1536/1761/261
f 1619/1973/261 379/1975/261 1620/1976/261 2764/1974/261
f 2764/1974/261 1620/1976/261 345/1762/261 1538/1765/261
f 1536/1761/261 2764/1974/261 1538/1765/261 307/1573/261
f 380/1977/1060 1621/1978/1060 2765/1979/1061 1622/1980/1061
f 1621/1978/1060 346/1766/1415 1540/1769/1061 2765/1979/1061
f 2765/1979/1062 1540/1769/1062 308/1579/261 1537/1763/261
f 1622/1980/1062 2765/1979/1062 1537/1763/261 345/1762/261
f 346/1981/1060 1623/1982/1293 2766/1983/1161 1539/1984/1060
f 1623/1982/1294 381/1985/1163 1624/1986/1163 2766/1983/1293
f 2766/1983/1293 1624/1986/1163 352/1808/1163 1556/1805/1294
f 1539/1984/1060 2766/1983/1161 1556/1805/1293 314/1804/1060
f 382/1987/710 1625/1988/710 2767/1989/713 1626/1990/714
f 1625/1988/710 347/1991/710 1627/1992/1152 2767/1989/713
f 2767/1989/713 1627/1992/1416 310/1780/109 1545/1779/109
f 1626/1990/814 2767/1989/713 1545/1779/109 348/1778/109
f 383/1993/1268 1628/1994/1266 2768/1995/1417 1629/1996/1418
f 1628/1994/1266 348/1778/109 1543/1775/109 2768/1995/1417
f 2768/1995/1417 1543/1775/109 311/1774/109 1547/1784/1273
f 1629/1996/1418 2768/1995/1417 1547/1784/1273 349/1783/1272
f 351/1791/1278 1630/1997/1278 2769/1998/1419 1551/1792/1279
f 384/1999/1291 1631/2000/1420 2769/1998/1421 1630/1997/1291
f 349/2001/1422 1548/2002/1423 2769/1998/1419 1631/2000/1420
f 711/2003/1277 1632/2004/1424 2769/1998/1419 1548/2002/1423
f 727/2005/1425 1633/2006/1426 2769/1998/1427 1632/2004/1424
f 312/1795/1281 1551/1792/1279 2769/1998/1427 1633/2006/1426
f 385/2007/1428 1634/2008/1428 2770/2009/1428 1635/2010/1428
f 1634/2008/1429 351/1791/1429 1552/1794/1429 2770/2009/1429
f 2770/2009/1430 1552/1794/1430 350/1803/1430 1636/2011/1430
f 1635/2010/1430 2770/2009/1430 1636/2011/1430 409/2012/1430
f 352/1808/1295 1637/2013/1431 2771/2014/1432 1557/1809/1163
f 1637/2013/1433 386/2015/1434 1638/2016/1435 2771/2014/1432
f 2771/2014/1436 1638/2016/1437 353/1812/1438 1558/1810/1297
f 1557/1809/1163 2771/2014/1432 1558/1810/1297 315/1614/1163
f 768/1820/1163 1639/2017/1439 2772/2018/1440 1562/1821/1163
f 1639/2017/1305 769/2019/1303 1640/2020/1332 2772/2018/1440
f 2772/2018/1440 1640/2020/1332 387/2021/1441 1641/2022/1442
f 1562/1821/1443 2772/2018/1440 1641/2022/1444 355/1822/1443
f 356/1829/1308 1642/2023/1308 2773/2024/1309 1565/1830/1309
f 1642/2023/1308 388/2025/1308 1643/2026/1309 2773/2024/1309
f 2773/2024/1311 1643/2026/1311 389/2027/457 1644/2028/457
f 1565/1830/1311 2773/2024/1311 1644/2028/457 357/1831/457
f 320/1637/436 1567/1839/36 2774/2029/36 1568/1840/436
f 1567/1839/36 357/1838/435 1644/2030/435 2774/2029/36
f 2774/2029/36 1644/2030/435 389/2031/435 1645/2032/36
f 1568/1840/436 2774/2029/36 1645/2032/36 358/1842/436
f 358/1842/400 1646/2033/400 2775/2034/124 1569/1843/124
f 1646/2033/400 390/2035/400 1647/2036/124 2775/2034/124
f 2775/2034/124 1647/2036/124 359/2037/401 1570/2038/401
f 1569/1843/124 2775/2034/124 1570/2038/401 321/1844/401
f 323/1664/350 1571/1849/185 2776/2039/465 1578/1864/444
f 1571/1849/185 359/1848/349 1648/2040/460 2776/2039/461
f 2776/2039/461 1648/2040/462 391/2041/1445 1649/2042/1446
f 1578/1864/444 2776/2039/465 1649/2042/1447 361/1865/466
f 322/1852/1175 1574/2043/1175 2777/2044/407 1572/1853/407
f 1574/2043/1175 360/2045/1175 1650/2046/407 2777/2044/407
f 2777/2044/407 1650/2046/407 794/2047/404 1651/2048/404
f 1572/1853/407 2777/2044/407 1651/2048/404 795/1854/404
f 360/1859/1089 1575/1858/1087 2778/2049/1448 1652/2050/1449
f 1575/1858/1087 324/1659/354 1576/1861/440 2778/2049/1450
f 2778/2049/1450 1576/1861/472 362/1860/1451 1653/2051/1452
f 1652/2050/1453 2778/2049/1454 1653/2051/1452 392/2052/1455
f 680/2053/468 1654/2054/468 2779/2055/468 1655/2056/468
f 682/2057/469 1656/2058/469 2779/2055/469 1654/2054/469
f 681/2059/470 1655/2056/470 2779/2055/470 1656/2058/470
f 333/1904/1060 1592/1903/1161 2780/2060/1456 1590/2061/1457
f 1592/1903/1293 367/1902/1295 1657/2062/1458 2780/2060/1459
f 2780/2060/1459 1657/2062/1458 364/2063/1460 1579/2064/1315
f 1590/2061/1457 2780/2060/1456 1579/2064/1461 363/2065/1314
f 367/1902/1295 1658/2066/1462 2781/2067/1463 1657/2062/1458
f 1658/2066/1440 365/1874/1332 1584/1877/1335 2781/2067/1463
f 2781/2067/1463 1584/1877/1335 327/1879/1339 1582/2068/1464
f 1657/2062/1458 2781/2067/1463 1582/2068/1324 364/2063/1460
f 387/2021/1465 1659/2069/1466 2782/2070/1467 1660/2071/1468
f 1659/2069/1333 366/1885/1336 1588/1888/1336 2782/2070/1333
f 2782/2070/1333 1588/1888/1336 329/1677/1336 1583/1875/1333
f 1660/2071/1468 2782/2070/1333 1583/1875/1467 365/1874/1332
f 355/1822/1295 1641/2022/1444 2783/2072/1469 1591/1901/1295
f 1641/2022/1442 387/2021/1441 1660/2071/1468 2783/2072/1469
f 2783/2072/1469 1660/2071/1468 365/1874/1332 1658/2066/1440
f 1591/1901/1295 2783/2072/1469 1658/2066/1462 367/1902/1163
f 769/2019/1303 1661/2073/1333 2784/2074/1470 1640/2020/1332
f 1661/2073/1333 770/1905/1336 1594/1908/1336 2784/2074/1333
f 2784/2074/1333 1594/1908/1336 366/1885/1336 1659/2069/1333
f 1640/2020/1332 2784/2074/1333 1659/2069/1471 387/2021/1465
f 368/1918/1374 1598/1917/1372 2785/2075/1472 1662/2076/1473
f 1598/1917/1474 335/1916/1363 1595/2077/1361 2785/2075/1472
f 2785/2075/1475 1595/2077/1361 353/2078/1300 1663/2079/1476
f 1662/2076/1477 2785/2075/1475 1663/2079/1478 411/2080/1479
f 371/2081/1480 1603/2082/1481 2786/2083/1482 1664/2084/1483
f 1603/2082/1481 337/1921/1484 1600/1924/1385 2786/2083/1482
f 2786/2083/1485 1600/1924/1486 370/1929/1487 1665/2085/1488
f 1664/2084/1489 2786/2083/1485 1665/2085/1487 393/2086/1487
f 369/1927/1377 1666/2087/1490 2787/2088/1491 1601/1928/1492
f 1666/2087/1493 394/2089/1494 1667/2090/1495 2787/2088/1496
f 2787/2088/1497 1667/2090/1498 395/2091/1499 1668/2092/1500
f 1601/1928/1384 2787/2088/1497 1668/2092/1501 370/1929/1487
f 396/2093/1502 1669/2094/1503 2788/2095/1504 1670/2096/1505
f 1669/2094/1503 372/1934/1055 1605/1937/1055 2788/2095/1504
f 2788/2095/1504 1605/1937/1055 338/1724/1055 1602/1931/1393
f 1670/2096/1506 2788/2095/1507 1602/1931/1253 371/1930/1508
f 397/2097/1140 1671/2098/1056 2789/2099/1051 1672/2100/1049
f 1671/2098/1054 373/2101/939 1607/2102/939 2789/2099/1053
f 2789/2099/1053 1607/2102/939 339/1938/939 1604/1935/1052
f 1672/2100/1055 2789/2099/1051 1604/1935/1050 372/1934/1049
f 660/2103/939 1673/2104/940 2790/2105/940 1674/2106/939
f 1673/2104/941 661/1944/5 1609/1947/5 2790/2105/941
f 2790/2105/941 1609/1947/5 340/1734/5 1606/1941/941
f 1674/2106/1509 2790/2105/940 1606/1941/940 373/1940/939
f 399/2107/5 1675/2108/5 2791/2109/5 1676/2110/5
f 1675/2108/5 375/1948/5 1611/1951/5 2791/2109/5
f 2791/2109/5 1611/1951/5 341/1956/5 1677/2111/5
f 1676/2110/5 2791/2109/5 1677/2111/5 374/2112/5
f 376/2113/1510 1614/2114/1402 2792/2115/1511 1678/2116/1512
f 1614/2114/1399 342/1952/1513 1610/1949/707 2792/2115/1514
f 2792/2115/1511 1610/1949/708 375/1948/5 1679/2117/1515
f 1678/2116/1516 2792/2115/1511 1679/2117/1517 400/2118/1518
f 400/2119/1518 1680/2120/1519 2793/2121/1520 1678/2122/1516
f 1680/2120/1519 377/1965/407 1615/1962/1521 2793/2121/1522
f 2793/2121/1522 1615/1962/1408 343/1961/1404 1613/2123/1397
f 1678/2122/1523 2793/2121/1524 1613/2123/1525 376/2124/1526
f 350/1803/1527 1616/1966/1527 2794/2125/1527 1636/2011/1527
f 1616/1966/1528 377/1965/1528 1681/2126/1528 2794/2125/1528
f 2794/2125/1529 1681/2126/1529 401/2127/1529 1682/2128/1529
f 1636/2011/1530 2794/2125/1530 1682/2128/1530 409/2012/1530
f 382/2129/1059 1683/2130/815 2795/2131/815 1625/2132/1059
f 1683/2130/815 402/2133/261 1684/2134/261 2795/2131/815
f 2795/2131/815 1684/2134/261 378/2135/261 1685/2136/815
f 1625/2132/817 2795/2131/815 1685/2136/815 347/2137/817
f 652/1971/261 1686/2138/261 2796/2139/261 1618/1972/261
f 1686/2138/261 653/2140/261 1687/2141/261 2796/2139/261
f 2796/2139/261 1687/2141/261 379/1975/261 1619/1973/261
f 1618/1972/261 2796/2139/261 1619/1973/261 344/1760/261
f 379/1975/261 1688/2142/1062 2797/2143/1062 1620/1976/261
f 1688/2142/1061 404/2144/1060 1689/2145/1060 2797/2143/1061
f 2797/2143/1061 1689/2145/1060 380/1977/1060 1622/1980/1061
f 1620/1976/261 2797/2143/1062 1622/1980/1062 345/1762/261
f 380/2146/1060 1690/2147/1160 2798/2148/1294 1621/2149/1060
f 1690/2147/1162 405/2150/1163 1691/2151/1163 2798/2148/1294
f 2798/2148/1294 1691/2151/1163 381/1985/1163 1623/1982/1294
f 1621/2149/1060 2798/2148/1294 1623/1982/1293 346/1981/1060
f 381/1985/1443 1692/2152/1531 2799/2153/1532 1624/1986/1443
f 1692/2152/1533 406/2154/1534 1693/2155/1535 2799/2153/1536
f 2799/2153/1536 1693/2155/1535 386/2015/1537 1637/2013/1431
f 1624/1986/1443 2799/2153/1532 1637/2013/1538 352/1808/1539
f 407/2156/1540 1694/2157/1541 2800/2158/1542 1695/2159/1543
f 1694/2157/1544 382/1987/1545 1626/1990/714 2800/2158/1546
f 2800/2158/1547 1626/1990/814 348/1778/109 1628/1994/1266
f 1695/2159/1548 2800/2158/1549 1628/1994/1266 383/1993/1268
f 349/2001/1422 1631/2000/1550 2801/2160/1551 1629/2161/1418
f 1631/2000/1420 384/1999/1291 1696/2162/1291 2801/2160/1551
f 2801/2160/1551 1696/2162/1409 408/2163/1409 1697/2164/1552
f 1629/2161/1418 2801/2160/1553 1697/2164/1552 383/2165/1404
f 384/1999/1554 1630/1997/1554 2802/2166/1554 1698/2167/1554
f 1630/1997/1429 351/1791/1429 1634/2008/1429 2802/2166/1429
f 2802/2166/1555 1634/2008/1555 385/2007/1555 1699/2168/1555
f 1698/2167/1554 2802/2166/1554 1699/2168/1554 432/2169/1554
f 353/2170/1300 1638/2171/1435 2803/2172/1556 1663/2173/1557
f 1638/2171/1558 386/2174/1559 1700/2175/1560 2803/2172/1561
f 2803/2172/1562 1700/2175/1563 410/2176/1564 1701/2177/1565
f 1663/2173/1557 2803/2172/1556 1701/2177/1565 411/2178/1479
f 388/2025/1308 1702/2179/1308 2804/2180/1309 1643/2026/1309
f 1702/2179/1308 412/2181/1308 1703/2182/1309 2804/2180/1309
f 2804/2180/1311 1703/2182/1311 413/2183/457 1704/2184/457
f 1643/2026/1311 2804/2180/1311 1704/2184/457 389/2027/457
f 358/1842/436 1645/2032/36 2805/2185/36 1646/2033/436
f 1645/2032/36 389/2031/435 1704/2186/435 2805/2185/36
f 2805/2185/36 1704/2186/435 413/2187/435 1705/2188/36
f 1646/2033/436 2805/2185/36 1705/2188/36 390/2035/436
f 390/2035/400 1706/2189/480 2806/2190/481 1647/2036/124
f 1706/2189/480 414/2191/482 1707/2192/483 2806/2190/484
f 2806/2190/484 1707/2192/483 391/2193/485 1648/2194/460
f 1647/2036/124 2806/2190/486 1648/2194/460 359/2037/401
f 680/2053/489 1708/2195/489 2807/2196/489 1654/2054/489
f 683/2197/487 1709/2198/487 2807/2196/487 1708/2195/487
f 682/2057/488 1654/2054/488 2807/2196/488 1709/2198/488
f 360/2045/1175 1652/2199/1566 2808/2200/495 1650/2046/407
f 1652/2199/1453 392/2201/1567 1710/2202/1568 2808/2200/498
f 2808/2200/495 1710/2202/1569 793/2203/1570 1711/2204/1571
f 1650/2046/407 2808/2200/495 1711/2204/1572 794/2047/404
f 684/2205/492 1712/2206/492 2809/2207/492 1713/2208/492
f 681/2059/490 1656/2058/490 2809/2207/490 1712/2206/490
f 682/2057/491 1713/2208/491 2809/2207/491 1656/2058/491
f 369/1920/1377 1599/1919/1375 2810/2209/1573 1714/2210/1574
f 1599/1919/1375 368/1918/1374 1715/2211/1575 2810/2209/1573
f 2810/2209/1573 1715/2211/1575 415/2212/1576 1716/2213/1577
f 1714/2210/1574 2810/2209/1573 1716/2213/1577 416/2214/1578
f 396/2215/1579 1670/2216/1505 2811/2217/1580 1717/2218/1581
f 1670/2216/1582 371/2081/1583 1664/2084/1584 2811/2217/1585
f 2811/2217/1585 1664/2084/1586 393/2086/1487 1718/2219/1587
f 1717/2218/1581 2811/2217/1585 1718/2219/1587 417/2220/1588
f 370/1929/1487 1668/2092/1501 2812/2221/1501 1665/2085/1487
f 1668/2092/1500 395/2091/1499 1719/2222/1499 2812/2221/1501
f 2812/2221/1501 1719/2222/1499 418/2223/1499 1720/2224/1501
f 1665/2085/1487 2812/2221/1501 1720/2224/1501 393/2086/1487
f 419/2225/1589 1721/2226/1590 2813/2227/1591 1722/2228/1592
f 1721/2226/1593 394/2229/1494 1666/2230/1493 2813/2227/1591
f 2813/2227/1591 1666/2230/1493 369/1920/1377 1714/2210/1594
f 1722/2228/1595 2813/2227/1591 1714/2210/1574 416/2214/1578
f 394/2089/1494 1723/2231/1596 2814/2232/1597 1667/2090/1495
f 1723/2231/1598 420/2233/1599 1724/2234/1600 2814/2232/1597
f 2814/2232/1601 1724/2234/1602 421/2235/1603 1725/2236/1604
f 1667/2090/1605 2814/2232/1597 1725/2236/1606 395/2091/1607
f 422/2237/1149 1726/2238/1147 2815/2239/1608 1727/2240/1609
f 1726/2238/1147 397/2097/1055 1672/2100/1140 2815/2239/1608
f 2815/2239/1608 1672/2100/1140 372/1934/1055 1669/2094/1503
f 1727/2240/1609 2815/2239/1610 1669/2094/1503 396/2093/1579
f 659/2241/1049 1728/2242/1052 2816/2243/1053 1729/2244/1055
f 1728/2242/1611 660/2245/939 1674/2246/939 2816/2243/1053
f 2816/2243/1053 1674/2246/939 373/2101/939 1671/2098/1054
f 1729/2244/1055 2816/2243/1053 1671/2098/1056 397/2097/1049
f 424/2247/1509 1730/2248/940 2817/2249/940 1731/2250/939
f 1730/2248/941 399/2107/5 1676/2110/5 2817/2249/941
f 2817/2249/941 1676/2110/5 374/2112/5 1732/2251/941
f 1731/2250/939 2817/2249/940 1732/2251/940 398/2252/939
f 400/2118/1518 1679/2117/1517 2818/2253/1517 1733/2254/1518
f 1679/2117/1515 375/1948/5 1675/2108/5 2818/2253/1515
f 2818/2253/1515 1675/2108/5 399/2107/5 1734/2255/1515
f 1733/2254/1518 2818/2253/1517 1734/2255/1517 425/2256/1518
f 425/2257/1518 1735/2258/1612 2819/2259/1613 1733/2260/1518
f 1735/2258/1612 401/2127/1614 1681/2126/1614 2819/2259/1613
f 2819/2259/1613 1681/2126/1615 377/1965/1615 1680/2120/1519
f 1733/2260/1518 2819/2259/1613 1680/2120/1519 400/2119/1518
f 426/2261/1616 1736/2262/1617 2820/2263/1618 1737/2264/1619
f 1736/2262/1617 402/2133/261 1683/2130/815 2820/2263/1618
f 2820/2263/1620 1683/2130/1621 382/2129/1059 1694/2265/1541
f 1737/2264/1622 2820/2263/1623 1694/2265/1541 407/2266/1624
f 402/2133/261 1738/2267/261 2821/2268/261 1684/2134/261
f 1738/2267/261 427/2269/261 1739/2270/261 2821/2268/261
f 2821/2268/261 1739/2270/261 403/2271/261 1740/2272/261
f 1684/2134/261 2821/2268/261 1740/2272/261 378/2135/261
f 653/2140/261 1741/2273/1062 2822/2274/1062 1687/2141/261
f 1741/2273/1061 654/2275/1060 1742/2276/1060 2822/2274/1061
f 2822/2274/1165 1742/2276/1060 404/2144/1415 1688/2142/1061
f 1687/2141/261 2822/2274/1062 1688/2142/1062 379/1975/261
f 404/2277/1060 1743/2278/1625 2823/2279/1161 1689/2280/1060
f 1743/2278/1164 429/2281/1163 1744/2282/1163 2823/2279/1161
f 2823/2279/1161 1744/2282/1163 405/2150/1163 1690/2147/1162
f 1689/2280/1060 2823/2279/1161 1690/2147/1160 380/2146/1060
f 405/2150/1443 1745/2283/1626 2824/2284/1627 1691/2151/1443
f 1745/2283/1628 430/2285/1629 1746/2286/1630 2824/2284/1631
f 2824/2284/1631 1746/2286/1632 406/2154/1633 1692/2152/1431
f 1691/2151/1295 2824/2284/1627 1692/2152/1634 381/1985/1295
f 410/2176/1635 1700/2175/1560 2825/2287/1636 1747/2288/1637
f 1700/2175/1638 386/2174/1434 1693/2289/1535 2825/2287/1636
f 2825/2287/1636 1693/2289/1535 406/2290/1639 1748/2291/1640
f 1747/2288/1637 2825/2287/1636 1748/2291/1641 431/2292/1637
f 383/2165/1642 1697/2164/1552 2826/2293/1643 1695/2294/1543
f 1697/2164/1644 408/2163/407 1749/2295/1645 2826/2293/1646
f 2826/2293/1643 1749/2295/1645 426/2296/1616 1737/2297/1619
f 1695/2294/1647 2826/2293/1643 1737/2297/1619 407/2298/1648
f 408/2163/1649 1696/2162/1649 2827/2299/1649 1750/2300/1649
f 1696/2162/1650 384/1999/1650 1698/2167/1650 2827/2299/1650
f 2827/2299/1651 1698/2167/1651 432/2169/1651 1751/2301/1651
f 1750/2300/1652 2827/2299/1652 1751/2301/1652 460/2302/1652
f 409/2012/1527 1752/2303/1653 2828/2304/1654 1635/2010/1527
f 1752/2303/1653 433/2305/1655 1753/2306/1656 2828/2304/1657
f 2828/2304/1658 1753/2306/1656 434/2307/1659 1754/2308/1660
f 1635/2010/1430 2828/2304/1657 1754/2308/1660 385/2007/1430
f 435/2309/1661 1755/2310/1662 2829/2311/1663 1756/2312/1664
f 1755/2310/1662 411/2178/1479 1701/2177/1665 2829/2311/1666
f 2829/2311/1666 1701/2177/1565 410/2176/1564 1757/2313/1667
f 1756/2312/1668 2829/2311/1666 1757/2313/1669 436/2314/1670
f 412/2181/1671 1758/2315/1672 2830/2316/1673 1703/2182/1309
f 1758/2315/1674 437/2317/1675 1759/2318/1676 2830/2316/1673
f 2830/2316/1677 1759/2318/1678 438/2319/529 1760/2320/500
f 1703/2182/1311 2830/2316/1677 1760/2320/500 413/2183/457
f 390/2035/436 1705/2188/36 2831/2321/509 1706/2189/480
f 1705/2188/36 413/2187/435 1760/2322/500 2831/2321/501
f 2831/2321/501 1760/2322/1679 438/2323/1680 1761/2324/504
f 1706/2189/480 2831/2321/509 1761/2324/506 414/2191/1681
f 685/2325/510 1762/2326/510 2832/2327/510 1763/2328/510
f 682/2057/511 1709/2198/512 2832/2327/513 1762/2326/514
f 683/2197/515 1763/2328/515 2832/2327/515 1709/2198/515
f 684/2205/518 1713/2208/518 2833/2329/518 1764/2330/518
f 682/2057/516 1765/2331/516 2833/2329/516 1713/2208/516
f 792/2332/517 1764/2330/517 2833/2329/517 1765/2331/517
f 368/1918/1374 1662/2076/1477 2834/2333/1682 1715/2211/1575
f 1662/2076/1477 411/2080/1479 1766/2334/1683 2834/2333/1682
f 2834/2333/1682 1766/2334/1683 439/2335/1684 1767/2336/1685
f 1715/2211/1575 2834/2333/1682 1767/2336/1685 415/2212/1576
f 416/2214/1578 1716/2213/1577 2835/2337/1686 1768/2338/1687
f 1716/2213/1577 415/2212/1576 1769/2339/1688 2835/2337/1689
f 2835/2337/1689 1769/2339/1688 440/2340/1690 1770/2341/1691
f 1768/2338/1687 2835/2337/1686 1770/2341/1691 441/2342/1692
f 396/2343/1502 1717/2344/1693 2836/2345/1694 1771/2346/1695
f 1717/2344/1581 417/2347/1696 1772/2348/1697 2836/2345/1694
f 2836/2345/1698 1772/2348/1699 442/2349/1700 1773/2350/1701
f 1771/2346/1702 2836/2345/1698 1773/2350/1703 449/2351/1704
f 393/2086/1487 1720/2224/1501 2837/2352/1705 1718/2219/1587
f 1720/2224/1501 418/2223/1499 1774/2353/1706 2837/2352/1707
f 2837/2352/1707 1774/2353/1708 443/2354/1709 1775/2355/1710
f 1718/2219/1711 2837/2352/1707 1775/2355/1712 417/2220/1713
f 395/2091/1607 1725/2236/1606 2838/2356/1606 1719/2222/1607
f 1725/2236/1604 421/2235/1603 1776/2357/1603 2838/2356/1604
f 2838/2356/1604 1776/2357/1603 444/2358/1603 1777/2359/1604
f 1719/2222/1607 2838/2356/1606 1777/2359/1606 418/2223/1607
f 420/2360/1714 1723/2361/1715 2839/2362/1716 1778/2363/1717
f 1723/2361/1598 394/2229/1494 1721/2226/1593 2839/2362/1718
f 2839/2362/1716 1721/2226/1590 419/2225/1589 1779/2364/1719
f 1778/2363/1720 2839/2362/1716 1779/2364/1719 445/2365/1721
f 420/2366/1599 1780/2367/1722 2840/2368/1723 1724/2369/1724
f 1780/2367/1722 446/2370/1725 1781/2371/1726 2840/2368/1727
f 2840/2368/1728 1781/2371/1729 447/2372/1730 1782/2373/1731
f 1724/2369/1732 2840/2368/1723 1782/2373/1733 421/2374/1734
f 448/2375/1210 1783/2376/1211 2841/2377/1735 1784/2378/1736
f 1783/2376/1737 422/2237/1149 1727/2240/1738 2841/2377/1739
f 2841/2377/1739 1727/2240/1738 396/2093/1502 1771/2379/1702
f 1784/2378/1736 2841/2377/1739 1771/2379/1702 449/2380/1740
f 658/2381/1240 1785/2382/1238 2842/2383/1342 1786/2384/1340
f 1785/2382/1238 659/2241/1055 1729/2244/1140 2842/2383/1357
f 2842/2383/1357 1729/2244/1055 397/2097/1258 1726/2238/1147
f 1786/2384/1340 2842/2383/1342 1726/2238/1147 422/2237/1149
f 451/2385/1049 1787/2386/1051 2843/2387/1053 1788/2388/1049
f 1787/2386/1053 424/2389/939 1731/2390/939 2843/2387/1053
f 2843/2387/1053 1731/2390/939 398/2391/939 1789/2392/1052
f 1788/2388/1049 2843/2387/1053 1789/2392/1050 423/2393/1049
f 425/2256/1518 1734/2255/1517 2844/2394/1741 1790/2395/1742
f 1734/2255/1515 399/2107/5 1730/2248/941 2844/2394/1743
f 2844/2394/1744 1730/2248/940 424/2247/939 1791/2396/1745
f 1790/2395/1746 2844/2394/1741 1791/2396/1747 452/2397/1748
f 452/2398/1749 1792/2399/1750 2845/2400/1751 1790/2401/1752
f 1792/2399/1753 453/2402/1754 1793/2403/1755 2845/2400/1756
f 2845/2400/1757 1793/2403/1758 401/2127/1759 1735/2258/1612
f 1790/2401/1752 2845/2400/1757 1735/2258/1612 425/2257/1518
f 401/2127/1760 1793/2403/1761 2846/2404/1762 1682/2128/1760
f 1793/2403/1755 453/2402/1754 1794/2405/1763 2846/2404/1762
f 2846/2404/1764 1794/2405/1763 433/2305/1765 1752/2303/1766
f 1682/2128/1767 2846/2404/1762 1752/2303/1768 409/2012/1767
f 454/2406/1616 1795/2407/1617 2847/2408/1617 1796/2409/1616
f 1795/2407/1617 427/2269/261 1738/2267/261 2847/2408/1617
f 2847/2408/1617 1738/2267/261 402/2133/261 1736/2262/1617
f 1796/2409/1616 2847/2408/1617 1736/2262/1617 426/2261/1616
f 427/2269/261 1797/2410/1062 2848/2411/1062 1739/2270/261
f 1797/2410/1061 455/2412/1060 1798/2413/1060 2848/2411/1061
f 2848/2411/1165 1798/2413/1060 428/2414/1060 1799/2415/1061
f 1739/2270/261 2848/2411/1062 1799/2415/1062 403/2271/261
f 654/2416/1060 1800/2417/1769 2849/2418/1358 1742/2419/1060
f 1800/2417/1160 655/2420/1163 1801/2421/1163 2849/2418/1358
f 2849/2418/1358 1801/2421/1163 429/2281/1163 1743/2278/1164
f 1742/2419/1060 2849/2418/1358 1743/2278/1296 404/2277/1060
f 429/2281/1295 1802/2422/1305 2850/2423/1770 1744/2282/1295
f 1802/2422/1304 457/2424/1303 1803/2425/1771 2850/2423/1770
f 2850/2423/1772 1803/2425/1771 430/2285/1629 1745/2283/1628
f 1744/2282/1443 2850/2423/1770 1745/2283/1626 405/2150/1443
f 431/2292/1773 1748/2291/1640 2851/2426/1774 1804/2427/1775
f 1748/2291/1776 406/2290/1777 1746/2428/1632 2851/2426/1778
f 2851/2426/1774 1746/2428/1632 430/2429/1779 1805/2430/1780
f 1804/2427/1781 2851/2426/1774 1805/2430/1782 458/2431/1783
f 436/2314/1670 1757/2313/1669 2852/2432/1669 1806/2433/1670
f 1757/2313/1667 410/2176/1564 1747/2288/1637 2852/2432/1667
f 2852/2432/1667 1747/2288/1637 431/2292/1637 1807/2434/1667
f 1806/2433/1670 2852/2432/1669 1807/2434/1669 459/2435/1670
f 408/2163/1784 1750/2300/1784 2853/2436/1645 1749/2295/1785
f 1750/2300/1786 460/2302/1786 1808/2437/1787 2853/2436/1645
f 2853/2436/1645 1808/2437/1787 454/2438/1616 1796/2439/1616
f 1749/2295/1645 2853/2436/1645 1796/2439/1616 426/2296/1616
f 385/2007/1554 1754/2308/1788 2854/2440/1789 1699/2168/1554
f 1754/2308/1790 434/2307/1659 1809/2441/1791 2854/2440/1792
f 2854/2440/1792 1809/2441/1793 461/2442/1794 1810/2443/1795
f 1699/2168/1554 2854/2440/1789 1810/2443/1796 432/2169/1554
f 433/2444/1765 1811/2445/1797 2855/2446/1798 1753/2447/1799
f 1811/2445/1800 462/2448/1340 1812/2449/1211 2855/2446/1798
f 2855/2446/1801 1812/2449/1211 463/2450/1210 1813/2451/1802
f 1753/2447/1799 2855/2446/1801 1813/2451/1803 434/2452/1659
f 464/2453/1804 1814/2454/1805 2856/2455/1806 1815/2456/1807
f 1814/2454/1808 435/2309/1661 1756/2312/1809 2856/2455/1810
f 2856/2455/1810 1756/2312/1809 436/2314/1811 1816/2457/1812
f 1815/2456/1813 2856/2455/1806 1816/2457/1814 465/2458/1815
f 411/2080/1479 1755/2459/1662 2857/2460/1816 1766/2334/1817
f 1755/2459/1662 435/2461/1818 1817/2462/1819 2857/2460/1820
f 2857/2460/1816 1817/2462/1819 466/2463/1821 1818/2464/1822
f 1766/2334/1683 2857/2460/1816 1818/2464/1823 439/2335/1684
f 686/2465/537 1819/2466/537 2858/2467/537 1820/2468/537
f 682/2057/538 1821/2469/538 2858/2467/538 1819/2466/538
f 687/2470/539 1820/2468/539 2858/2467/539 1821/2469/539
f 685/2325/533 1822/2471/533 2859/2472/533 1762/2326/533
f 687/2470/531 1821/2469/531 2859/2472/531 1822/2471/531
f 682/2057/532 1762/2326/532 2859/2472/532 1821/2469/532
f 415/2212/1576 1767/2336/1685 2860/2473/1824 1769/2339/1688
f 1767/2336/1685 439/2335/1684 1823/2474/1825 2860/2473/1826
f 2860/2473/1826 1823/2474/1827 467/2475/1828 1824/2476/1829
f 1769/2339/1688 2860/2473/1824 1824/2476/1829 440/2340/1690
f 468/2477/1830 1825/2478/1830 2861/2479/1831 1826/2480/1832
f 1825/2478/1830 419/2225/1589 1722/2228/1592 2861/2479/1831
f 2861/2479/1833 1722/2228/1592 416/2214/1578 1768/2338/1687
f 1826/2480/1832 2861/2479/1833 1768/2338/1687 441/2342/1692
f 441/2342/1692 1770/2341/1691 2862/2481/1834 1827/2482/1835
f 1770/2341/1691 440/2340/1690 1828/2483/1836 2862/2481/1834
f 2862/2481/1837 1828/2483/1836 469/2484/1838 1829/2485/1839
f 1827/2482/1835 2862/2481/1840 1829/2485/1839 470/2486/1841
f 442/2349/1700 1772/2348/1697 2863/2487/1842 1830/2488/1843
f 1772/2348/1699 417/2347/1696 1831/2489/1844 2863/2487/1842
f 2863/2487/1842 1831/2489/1844 471/2490/1845 1832/2491/1846
f 1830/2488/1843 2863/2487/1842 1832/2491/1847 472/2492/1848
f 418/2223/1607 1777/2359/1606 2864/2493/1849 1774/2353/1850
f 1777/2359/1604 444/2358/1603 1833/2494/1851 2864/2493/1852
f 2864/2493/1852 1833/2494/1853 473/2495/1854 1834/2496/1855
f 1774/2353/1856 2864/2493/1852 1834/2496/1857 443/2354/1709
f 417/2347/1696 1775/2497/1710 2865/2498/1858 1831/2489/1859
f 1775/2497/1710 443/2499/1860 1835/2500/1861 2865/2498/1858
f 2865/2498/1862 1835/2500/1863 474/2501/1864 1836/2502/1865
f 1831/2489/1866 2865/2498/1862 1836/2502/1865 471/2490/1845
f 421/2374/1867 1782/2373/1733 2866/2503/1733 1776/2504/1734
f 1782/2373/1731 447/2372/1210 1837/2505/1210 2866/2503/1731
f 2866/2503/1731 1837/2505/1210 475/2506/1210 1838/2507/1731
f 1776/2504/1868 2866/2503/1733 1838/2507/1733 444/2508/1734
f 446/2509/1725 1780/2510/1869 2867/2511/1870 1839/2512/1871
f 1780/2510/1872 420/2360/1873 1778/2363/1874 2867/2511/1875
f 2867/2511/1870 1778/2363/1874 445/2365/1876 1840/2513/1877
f 1839/2512/1871 2867/2511/1870 1840/2513/1878 476/2514/1879
f 477/2515/1880 1841/2516/1881 2868/2517/1882 1842/2518/1883
f 1841/2516/1884 445/2365/1885 1779/2364/1886 2868/2517/1887
f 2868/2517/1883 1779/2364/1888 419/2225/1889 1825/2478/1830
f 1842/2518/1882 2868/2517/1890 1825/2478/1891 468/2477/1892
f 446/2370/1725 1843/2519/1893 2869/2520/1894 1781/2371/1895
f 1843/2519/1896 464/2521/1804 1815/2522/1897 2869/2520/1898
f 2869/2520/1899 1815/2522/1897 465/2523/1900 1844/2524/1901
f 1781/2371/1729 2869/2520/1902 1844/2524/1903 447/2372/1210
f 457/2424/1367 1845/2525/1333 2870/2526/1904 1803/2425/1771
f 1845/2525/1333 448/2375/1336 1784/2378/1905 2870/2526/1906
f 2870/2526/1907 1784/2378/1905 449/2380/1908 1846/2527/1909
f 1803/2425/1771 2870/2526/1904 1846/2527/1909 430/2285/1629
f 657/2528/1210 1847/2529/1211 2871/2530/1211 1848/2531/1210
f 1847/2529/1910 658/2381/1240 1786/2384/1340 2871/2530/1211
f 2871/2530/1737 1786/2384/1340 422/2237/1149 1783/2376/1211
f 1848/2531/1210 2871/2530/1211 1783/2376/1211 448/2375/1210
f 462/2448/1340 1849/2532/1342 2872/2533/1342 1850/2534/1340
f 1849/2532/1342 451/2385/1140 1788/2388/1140 2872/2533/1357
f 2872/2533/1357 1788/2388/1237 423/2393/1237 1851/2535/1239
f 1850/2534/1340 2872/2533/1342 1851/2535/1239 450/2536/1240
f 452/2537/1748 1791/2538/1745 2873/2539/1911 1792/2540/1750
f 1791/2538/1745 424/2389/939 1787/2386/1053 2873/2539/1912
f 2873/2539/1913 1787/2386/1051 451/2385/1049 1852/2541/1914
f 1792/2540/1915 2873/2539/1913 1852/2541/1914 453/2542/1754
f 453/2542/1916 1852/2541/1914 2874/2543/1917 1794/2544/1918
f 1852/2541/1914 451/2385/1258 1849/2532/1342 2874/2543/1917
f 2874/2543/1917 1849/2532/1342 462/2448/1340 1811/2445/1797
f 1794/2544/1918 2874/2543/1917 1811/2445/1797 433/2444/1919
f 479/2545/1920 1853/2546/1921 2875/2547/1922 1854/2548/1923
f 1853/2546/1924 455/2412/1060 1797/2410/1061 2875/2547/1925
f 2875/2547/1925 1797/2410/1062 427/2269/261 1795/2407/1617
f 1854/2548/1926 2875/2547/1922 1795/2407/1617 454/2406/1616
f 455/2549/1060 1855/2550/1161 2876/2551/1358 1798/2552/1060
f 1855/2550/1161 480/2553/1163 1856/2554/1295 2876/2551/1161
f 2876/2551/1161 1856/2554/1163 456/2555/1163 1857/2556/1162
f 1798/2552/1060 2876/2551/1358 1857/2556/1162 428/2557/1060
f 655/2420/1443 1858/2558/1444 2877/2559/1469 1801/2421/1443
f 1858/2558/1444 656/2560/1441 1859/2561/1468 2877/2559/1462
f 2877/2559/1462 1859/2561/1468 457/2424/1303 1802/2422/1304
f 1801/2421/1163 2877/2559/1469 1802/2422/1305 429/2281/1163
f 459/2435/1670 1807/2434/1669 2878/2562/1927 1860/2563/1928
f 1807/2434/1667 431/2292/1637 1804/2427/1929 2878/2562/1927
f 2878/2562/1927 1804/2427/1929 458/2431/1930 1861/2564/1931
f 1860/2563/1932 2878/2562/1927 1861/2564/1933 482/2565/1934
f 442/2349/1700 1862/2566/1935 2879/2567/1936 1773/2350/1703
f 1862/2566/1937 458/2568/1930 1805/2569/1938 2879/2567/1936
f 2879/2567/1936 1805/2569/1939 430/2570/1629 1846/2571/1909
f 1773/2350/1703 2879/2567/1936 1846/2571/1940 449/2351/1704
f 465/2458/1815 1816/2457/1814 2880/2572/1814 1863/2573/1815
f 1816/2457/1812 436/2314/1811 1806/2433/1811 2880/2572/1812
f 2880/2572/1812 1806/2433/1811 459/2435/1811 1864/2574/1812
f 1863/2573/1815 2880/2572/1814 1864/2574/1814 483/2575/1815
f 460/2302/1786 1865/2576/1941 2881/2577/1942 1808/2437/1787
f 1865/2576/1941 484/2578/1943 1866/2579/1944 2881/2577/1945
f 2881/2577/1945 1866/2579/1944 479/2580/1946 1854/2581/1926
f 1808/2437/1787 2881/2577/1947 1854/2581/1948 454/2438/1616
f 432/2169/1949 1810/2443/1796 2882/2582/1950 1751/2301/1949
f 1810/2443/1951 461/2442/1794 1867/2583/1952 2882/2582/1953
f 2882/2582/1953 1867/2583/1954 484/2578/1943 1865/2576/1941
f 1751/2301/1955 2882/2582/1953 1865/2576/1956 460/2302/1955
f 434/2452/1659 1813/2451/1957 2883/2584/1958 1809/2585/1793
f 1813/2451/1959 463/2450/1336 1868/2586/1333 2883/2584/1958
f 2883/2584/1958 1868/2586/1960 485/2587/1332 1869/2588/1961
f 1809/2585/1793 2883/2584/1958 1869/2588/1961 461/2589/1962
f 463/2450/1210 1812/2449/1211 2884/2590/1211 1870/2591/1210
f 1812/2449/1963 462/2448/1340 1850/2534/1340 2884/2590/1360
f 2884/2590/1964 1850/2534/1340 450/2536/1965 1871/2592/1360
f 1870/2591/1210 2884/2590/1211 1871/2592/1211 478/2593/1210
f 435/2461/1661 1814/2594/1966 2885/2595/1967 1817/2462/1968
f 1814/2594/1966 464/2596/1969 1872/2597/1970 2885/2595/1971
f 2885/2595/1971 1872/2597/1972 486/2598/1973 1873/2599/1974
f 1817/2462/1819 2885/2595/1975 1873/2599/1976 466/2463/1821
f 439/2335/1684 1818/2464/1822 2886/2600/1977 1823/2474/1827
f 1818/2464/1822 466/2463/1821 1874/2601/1978 2886/2600/1979
f 2886/2600/1979 1874/2601/1978 487/2602/1978 1875/2603/1980
f 1823/2474/1827 2886/2600/1977 1875/2603/1980 467/2475/1828
f 440/2340/1690 1824/2476/1829 2887/2604/1981 1828/2483/1836
f 1824/2476/1829 467/2475/1828 1876/2605/1982 2887/2604/1981
f 2887/2604/1983 1876/2605/1982 488/2606/1984 1877/2607/1985
f 1828/2483/1836 2887/2604/1986 1877/2607/1985 469/2484/1987
f 489/2608/1988 1878/2609/1989 2888/2610/1990 1879/2611/1991
f 1878/2609/1992 468/2477/1993 1826/2480/1832 2888/2610/1990
f 2888/2610/1990 1826/2480/1994 441/2342/1692 1827/2482/1835
f 1879/2611/1991 2888/2610/1990 1827/2482/1995 470/2486/1996
f 490/2612/1997 1880/2613/1998 2889/2614/1999 1881/2615/2000
f 1880/2613/2001 470/2616/2002 1829/2617/2003 2889/2614/1999
f 2889/2614/2004 1829/2617/2003 469/2618/2005 1882/2619/2006
f 1881/2615/2007 2889/2614/2004 1882/2619/2006 501/2620/2008
f 458/2568/1930 1862/2566/1935 2890/2621/2009 1883/2622/2010
f 1862/2566/1935 442/2349/1700 1830/2488/1843 2890/2621/2009
f 2890/2621/2009 1830/2488/2011 472/2492/1848 1884/2623/2012
f 1883/2622/2010 2890/2621/2009 1884/2623/2013 491/2624/2014
f 472/2492/1848 1832/2491/1846 2891/2625/2015 1885/2626/2016
f 1832/2491/1846 471/2490/1845 1886/2627/2017 2891/2625/2015
f 2891/2625/2015 1886/2627/2017 492/2628/2018 1887/2629/2019
f 1885/2626/2020 2891/2625/2015 1887/2629/2021 493/2630/2022
f 444/2508/1734 1838/2507/1733 2892/2631/2023 1833/2632/2024
f 1838/2507/2025 475/2506/1210 1888/2633/2026 2892/2631/2023
f 2892/2631/2023 1888/2633/2026 494/2634/2027 1889/2635/2028
f 1833/2632/2024 2892/2631/2029 1889/2635/2030 473/2636/1854
f 443/2499/1709 1834/2637/1857 2893/2638/2031 1835/2500/2032
f 1834/2637/2033 473/2639/1854 1890/2640/2034 2893/2638/2031
f 2893/2638/2031 1890/2640/2035 495/2641/2036 1891/2642/2037
f 1835/2500/1863 2893/2638/2038 1891/2642/2037 474/2501/2039
f 447/2372/1210 1844/2524/2040 2894/2643/1903 1837/2505/1210
f 1844/2524/1901 465/2523/1900 1863/2644/1900 2894/2643/1901
f 2894/2643/1901 1863/2644/1900 483/2645/1900 1892/2646/1901
f 1837/2505/1210 2894/2643/2040 1892/2646/2040 475/2506/1210
f 464/2596/1969 1843/2647/1893 2895/2648/2041 1872/2597/1970
f 1843/2647/2042 446/2509/1725 1839/2512/1871 2895/2648/2043
f 2895/2648/2043 1839/2512/1871 476/2514/2044 1893/2649/2045
f 1872/2597/2046 2895/2648/2043 1893/2649/2045 486/2598/2047
f 476/2514/2044 1840/2513/2048 2896/2650/2049 1894/2651/2050
f 1840/2513/1878 445/2365/2051 1841/2516/1881 2896/2650/2052
f 2896/2650/2053 1841/2516/1881 477/2515/1884 1895/2652/2054
f 1894/2651/2055 2896/2650/2054 1895/2652/2056 496/2653/2057
f 656/2560/1465 1896/2654/1466 2897/2655/2058 1859/2561/1332
f 1896/2654/1333 657/2528/1336 1848/2531/1336 2897/2655/1333
f 2897/2655/1333 1848/2531/1336 448/2375/1336 1845/2525/1333
f 1859/2561/1332 2897/2655/1333 1845/2525/2058 457/2424/1367
f 484/2656/1943 1897/2657/2059 2898/2658/2060 1866/2659/1944
f 1897/2657/2061 480/2553/1163 1855/2550/1161 2898/2658/2060
f 2898/2658/2062 1855/2550/1161 455/2549/1060 1853/2660/1924
f 1866/2659/1944 2898/2658/2062 1853/2660/1924 479/2661/2063
f 480/2553/1443 1898/2662/1462 2899/2663/1469 1856/2554/1295
f 1898/2662/1462 485/2587/1468 1899/2664/1468 2899/2663/1469
f 2899/2663/1469 1899/2664/1468 481/2665/1465 1900/2666/1442
f 1856/2554/1295 2899/2663/1469 1900/2666/1442 456/2555/1443
f 483/2575/1815 1864/2574/1814 2900/2667/2064 1901/2668/2065
f 1864/2574/1812 459/2435/1811 1860/2563/2066 2900/2667/2067
f 2900/2667/2068 1860/2563/2069 482/2565/2070 1902/2669/2071
f 1901/2668/2065 2900/2667/2068 1902/2669/2072 497/2670/2073
f 498/2671/2074 1903/2672/2075 2901/2673/2076 1904/2674/2077
f 1903/2672/2078 482/2675/2079 1861/2676/1933 2901/2673/2076
f 2901/2673/2076 1861/2676/2080 458/2568/1783 1883/2622/2081
f 1904/2674/2077 2901/2673/2076 1883/2622/2010 491/2624/2014
f 461/2589/1962 1869/2588/1961 2902/2677/2082 1867/2678/1954
f 1869/2588/1961 485/2587/1468 1898/2662/1462 2902/2677/2083
f 2902/2677/2083 1898/2662/1462 480/2553/1539 1897/2657/2059
f 1867/2678/2084 2902/2677/2082 1897/2657/2059 484/2656/1943
f 485/2587/1332 1868/2586/1333 2903/2679/1960 1899/2664/1468
f 1868/2586/1333 463/2450/1336 1870/2591/1336 2903/2679/1333
f 2903/2679/1333 1870/2591/1336 478/2593/1336 1905/2680/1333
f 1899/2664/1468 2903/2679/1333 1905/2680/2085 481/2665/1465
f 466/2463/1821 1873/2599/2086 2904/2681/2087 1874/2601/1978
f 1873/2599/2088 486/2598/2089 1906/2682/2090 2904/2681/2091
f 2904/2681/2092 1906/2682/2093 499/2683/2094 1907/2684/2095
f 1874/2601/1978 2904/2681/2087 1907/2684/2087 487/2602/2096
f 467/2475/1828 1875/2603/1980 2905/2685/2097 1876/2605/1982
f 1875/2603/1980 487/2602/2098 1908/2686/2099 2905/2685/2097
f 2905/2685/2097 1908/2686/2099 500/2687/2100 1909/2688/2101
f 1876/2605/1982 2905/2685/2097 1909/2688/2101 488/2606/1984
f 501/2620/2008 1882/2619/2006 2906/2689/2102 1910/2690/2103
f 1882/2619/2006 469/2618/2005 1877/2691/2104 2906/2689/2102
f 2906/2689/2105 1877/2691/1985 488/2692/2106 1911/2693/2107
f 1910/2690/2108 2906/2689/2109 1911/2693/2110 511/2694/2111
f 477/2515/2112 1842/2518/1882 2907/2695/2113 1912/2696/2114
f 1842/2518/1882 468/2477/1892 1878/2609/2115 2907/2695/2116
f 2907/2695/2116 1878/2609/2115 489/2608/1988 1913/2697/2117
f 1912/2696/2118 2907/2695/2113 1913/2697/2117 508/2698/2119
f 489/2699/2120 1879/2700/2121 2908/2701/2122 1914/2702/2123
f 1879/2700/1991 470/2703/2002 1880/2704/2124 2908/2701/2125
f 2908/2701/2125 1880/2704/2124 490/2705/2126 1915/2706/2127
f 1914/2702/2128 2908/2701/2125 1915/2706/2129 512/2707/2130
f 491/2624/2014 1884/2623/2013 2909/2708/2131 1916/2709/2132
f 1884/2623/2013 472/2492/1848 1885/2626/2133 2909/2708/2131
f 2909/2708/2131 1885/2626/2020 493/2630/2022 1917/2710/2134
f 1916/2709/2132 2909/2708/2131 1917/2710/2135 502/2711/2136
f 471/2490/1845 1836/2502/1865 2910/2712/2137 1886/2627/2138
f 1836/2502/1865 474/2501/2139 1918/2713/2140 2910/2712/2137
f 2910/2712/2137 1918/2713/2141 503/2714/2140 1919/2715/2142
f 1886/2627/2138 2910/2712/2137 1919/2715/2142 492/2628/2143
f 493/2630/2144 1887/2629/2145 2911/2716/2146 1920/2717/2147
f 1887/2629/2019 492/2628/2018 1921/2718/2148 2911/2716/2146
f 2911/2716/2149 1921/2718/2148 504/2719/2150 1922/2720/2151
f 1920/2717/2152 2911/2716/2149 1922/2720/2151 505/2721/2153
f 475/2506/1210 1892/2646/2040 2912/2722/2154 1888/2633/2155
f 1892/2646/1901 483/2645/1900 1901/2723/2156 2912/2722/2154
f 2912/2722/2157 1901/2723/2156 497/2724/2073 1923/2725/2158
f 1888/2633/2026 2912/2722/2159 1923/2725/2160 494/2634/2027
f 473/2639/1854 1889/2726/2161 2913/2727/2162 1890/2640/2163
f 1889/2726/2030 494/2728/2027 1924/2729/2164 2913/2727/2162
f 2913/2727/2162 1924/2729/2165 506/2730/2166 1925/2731/2167
f 1890/2640/2035 2913/2727/2162 1925/2731/2168 495/2641/2036
f 474/2501/2169 1891/2642/2170 2914/2732/2171 1918/2713/2140
f 1891/2642/2170 495/2641/2036 1926/2733/2172 2914/2732/2173
f 2914/2732/2174 1926/2733/2175 507/2734/2172 1927/2735/2176
f 1918/2713/2177 2914/2732/2178 1927/2735/2178 503/2714/2140
f 486/2598/2179 1893/2649/2180 2915/2736/2181 1906/2682/2090
f 1893/2649/2045 476/2514/2182 1894/2651/2183 2915/2736/2184
f 2915/2736/2184 1894/2651/2185 496/2653/2186 1928/2737/2184
f 1906/2682/2093 2915/2736/2181 1928/2737/2184 499/2683/2090
f 496/2653/2057 1895/2652/2056 2916/2738/2187 1929/2739/2188
f 1895/2652/2054 477/2515/2112 1912/2696/2114 2916/2738/2187
f 2916/2738/2189 1912/2696/2118 508/2698/2119 1930/2740/2190
f 1929/2739/2188 2916/2738/2187 1930/2740/2190 509/2741/2191
f 497/2742/2073 1902/2743/2192 2917/2744/2193 1931/2745/2194
f 1902/2743/2192 482/2675/1934 1903/2672/2195 2917/2744/2193
f 2917/2744/2196 1903/2672/2075 498/2671/2197 1932/2746/2198
f 1931/2745/2199 2917/2744/2193 1932/2746/2200 510/2747/2201
f 500/2687/2202 1908/2686/2203 2918/2748/2204 1933/2749/2205
f 1908/2686/2099 487/2602/2206 1907/2684/2087 2918/2748/2204
f 2918/2748/2207 1907/2684/2095 499/2683/2094 1934/2750/2208
f 1933/2749/2209 2918/2748/2207 1934/2750/2210 519/2751/2211
f 511/2752/2212 1911/2753/2213 2919/2754/2214 1935/2755/2215
f 1911/2753/2213 488/2756/2106 1909/2757/2101 2919/2754/2214
f 2919/2754/2214 1909/2757/2101 500/2758/2100 1936/2759/2216
f 1935/2755/2217 2919/2754/2214 1936/2759/2216 522/2760/2218
f 513/2761/2219 1937/2762/2220 2920/2763/2221 1938/2764/2222
f 1937/2762/2220 490/2612/1997 1881/2615/2000 2920/2763/2221
f 2920/2763/2221 1881/2615/2223 501/2620/2008 1939/2765/2224
f 1938/2764/2225 2920/2763/2226 1939/2765/2008 525/2766/2008
f 514/2767/2227 1940/2768/2228 2921/2769/2229 1941/2770/2230
f 1940/2768/2227 498/2671/2074 1904/2674/2077 2921/2769/2229
f 2921/2769/2229 1904/2674/2077 491/2624/2014 1916/2709/2231
f 1941/2770/2232 2921/2769/2233 1916/2709/2132 502/2711/2136
f 502/2711/2234 1917/2710/2135 2922/2771/2235 1942/2772/2236
f 1917/2710/2134 493/2630/2237 1920/2717/2147 2922/2771/2238
f 2922/2771/2239 1920/2717/2152 505/2721/2153 1943/2773/2240
f 1942/2772/2241 2922/2771/2239 1943/2773/2242 515/2774/2243
f 492/2628/2018 1919/2715/2244 2923/2775/2245 1921/2718/2148
f 1919/2715/2142 503/2714/2140 1944/2776/2246 2923/2775/2245
f 2923/2775/2245 1944/2776/2246 516/2777/2247 1945/2778/2248
f 1921/2718/2249 2923/2775/2250 1945/2778/2248 504/2719/2150
f 517/2779/2251 1946/2780/2252 2924/2781/2253 1947/2782/2254
f 1946/2780/2252 505/2783/2255 1922/2784/2151 2924/2781/2256
f 2924/2781/2253 1922/2784/2151 504/2785/2257 1948/2786/2258
f 1947/2782/2254 2924/2781/2253 1948/2786/2258 528/2787/2259
f 494/2728/2260 1923/2788/2158 2925/2789/2261 1924/2729/2164
f 1923/2788/2158 497/2742/2073 1931/2745/2262 2925/2789/2261
f 2925/2789/2261 1931/2745/2199 510/2747/2263 1949/2790/2264
f 1924/2729/2165 2925/2789/2261 1949/2790/2265 506/2730/2166
f 495/2641/2036 1925/2731/2167 2926/2791/2266 1926/2733/2267
f 1925/2731/2268 506/2730/2269 1950/2792/2270 2926/2791/2271
f 2926/2791/2271 1950/2792/2272 518/2793/2273 1951/2794/2271
f 1926/2733/2267 2926/2791/2266 1951/2794/2271 507/2734/2274
f 499/2683/2094 1928/2737/2184 2927/2795/2275 1934/2750/2208
f 1928/2737/2276 496/2653/2277 1929/2739/2188 2927/2795/2275
f 2927/2795/2275 1929/2739/2188 509/2741/2191 1952/2796/2278
f 1934/2750/2210 2927/2795/2279 1952/2796/2278 519/2751/2211
f 520/2797/2280 1953/2798/2281 2928/2799/2282 1954/2800/2283
f 1953/2798/2284 509/2801/2191 1930/2802/2285 2928/2799/2286
f 2928/2799/2287 1930/2802/2285 508/2803/2119 1955/2804/2288
f 1954/2800/2289 2928/2799/2282 1955/2804/2290 524/2805/2291
f 521/2806/2292 1956/2807/2293 2929/2808/2294 1957/2809/2294
f 1956/2807/2295 510/2747/2263 1932/2746/2200 2929/2808/2296
f 2929/2808/2294 1932/2746/2198 498/2671/2197 1940/2768/2227
f 1957/2809/2294 2929/2808/2294 1940/2768/2227 514/2767/2227
f 501/2620/2008 1910/2690/2103 2930/2810/2297 1939/2765/2298
f 1910/2690/2108 511/2694/2111 1958/2811/2299 2930/2810/2297
f 2930/2810/2297 1958/2811/2299 523/2812/2300 1959/2813/2301
f 1939/2765/2008 2930/2810/2302 1959/2813/2303 525/2766/2008
f 524/2814/2304 1955/2815/2305 2931/2816/2306 1960/2817/2307
f 1955/2815/2288 508/2818/2119 1913/2819/2308 2931/2816/2309
f 2931/2816/2310 1913/2819/2117 489/2699/2311 1914/2702/2123
f 1960/2817/2312 2931/2816/2313 1914/2702/2123 512/2707/2314
f 512/2707/2130 1915/2706/2129 2932/2820/2315 1961/2821/2316
f 1915/2706/2127 490/2705/2317 1937/2822/2318 2932/2820/2319
f 2932/2820/2320 1937/2822/2318 513/2823/2321 1962/2824/2322
f 1961/2821/2316 2932/2820/2323 1962/2824/2324 533/2825/2325
f 526/2826/2326 1963/2827/2327 2933/2828/2328 1964/2829/2329
f 1963/2827/2330 514/2767/2227 1941/2770/2230 2933/2828/2331
f 2933/2828/2331 1941/2770/2332 502/2711/2136 1942/2772/2236
f 1964/2829/2333 2933/2828/2331 1942/2772/2241 515/2774/2334
f 527/2830/2335 1965/2831/2336 2934/2832/2337 1966/2833/2338
f 1965/2831/2336 515/2834/2334 1943/2835/2339 2934/2832/2340
f 2934/2832/2337 1943/2835/2242 505/2783/2255 1946/2780/2252
f 1966/2833/2338 2934/2832/2337 1946/2780/2252 517/2779/2251
f 516/2777/2341 1944/2776/2342 2935/2836/2343 1967/2837/2344
f 1944/2776/2246 503/2714/2140 1927/2735/2171 2935/2836/2343
f 2935/2836/2343 1927/2735/2171 507/2734/2345 1968/2838/2346
f 1967/2837/2344 2935/2836/2343 1968/2838/2346 530/2839/2347
f 528/2840/2348 1948/2841/2258 2936/2842/2349 1969/2843/2350
f 1948/2841/2351 504/2844/2257 1945/2845/2352 2936/2842/2353
f 2936/2842/2353 1945/2845/2248 516/2846/2247 1970/2847/2354
f 1969/2843/2355 2936/2842/2356 1970/2847/2357 535/2848/2358
f 506/2730/2359 1949/2790/2360 2937/2849/2361 1950/2792/2362
f 1949/2790/2363 510/2747/2364 1956/2807/2292 2937/2849/2365
f 2937/2849/2361 1956/2807/2293 521/2806/2292 1971/2850/2366
f 1950/2792/2272 2937/2849/2361 1971/2850/2361 518/2793/2273
f 507/2734/2345 1951/2794/2271 2938/2851/2367 1968/2838/2346
f 1951/2794/2271 518/2793/2273 1972/2852/2368 2938/2851/2367
f 2938/2851/2369 1972/2852/2370 529/2853/2371 1973/2854/2372
f 1968/2838/2346 2938/2851/2369 1973/2854/2372 530/2839/2373
f 531/2855/2374 1974/2856/2375 2939/2857/2376 1975/2858/2377
f 1974/2856/2378 519/2859/2211 1952/2860/2278 2939/2857/2379
f 2939/2857/2379 1952/2860/2278 509/2801/2191 1953/2798/2284
f 1975/2858/2380 2939/2857/2376 1953/2798/2381 520/2797/2382
f 522/2760/2383 1936/2759/2384 2940/2861/2385 1976/2862/2386
f 1936/2759/2387 500/2758/2202 1933/2863/2209 2940/2861/2385
f 2940/2861/2388 1933/2863/2209 519/2864/2211 1974/2865/2378
f 1976/2862/2389 2940/2861/2388 1974/2865/2375 531/2866/2390
f 523/2867/2391 1958/2868/2392 2941/2869/2393 1977/2870/2394
f 1958/2868/2392 511/2752/2395 1935/2755/2396 2941/2869/2397
f 2941/2869/2398 1935/2755/2399 522/2760/2218 1978/2871/2400
f 1977/2870/2394 2941/2869/2398 1978/2871/2400 542/2872/2401
f 532/2873/2402 1979/2874/2403 2942/2875/2404 1980/2876/2405
f 1979/2874/2403 524/2814/2304 1960/2817/2406 2942/2875/2404
f 2942/2875/2407 1960/2817/2312 512/2707/2314 1961/2821/2408
f 1980/2876/2409 2942/2875/2407 1961/2821/2408 533/2825/2410
f 534/2877/2411 1981/2878/2412 2943/2879/2413 1982/2880/2414
f 1981/2878/2415 513/2761/2219 1938/2764/2416 2943/2879/2413
f 2943/2879/2417 1938/2764/2225 525/2766/2224 1983/2881/2418
f 1982/2880/2419 2943/2879/2413 1983/2881/2420 543/2882/2421
f 521/2806/2422 1957/2809/2423 2944/2883/2424 1984/2884/2425
f 1957/2809/2294 514/2767/2227 1963/2827/2330 2944/2883/2424
f 2944/2883/2424 1963/2827/2327 526/2826/2426 1985/2885/2427
f 1984/2884/2425 2944/2883/2424 1985/2885/2428 538/2886/2429
f 526/2887/2426 1964/2888/2430 2945/2889/2431 1986/2890/2432
f 1964/2888/2430 515/2891/2334 1965/2892/2336 2945/2889/2433
f 2945/2889/2433 1965/2892/2336 527/2893/2434 1987/2894/2435
f 1986/2890/2436 2945/2889/2437 1987/2894/2438 544/2895/2439
f 536/2896/2440 1988/2897/2441 2946/2898/2442 1989/2899/2443
f 1988/2897/2444 527/2830/2445 1966/2833/2446 2946/2898/2442
f 2946/2898/2447 1966/2833/2448 517/2779/2251 1990/2900/2251
f 1989/2899/2449 2946/2898/2447 1990/2900/2450 545/2901/2251
f 517/2779/2251 1947/2782/2451 2947/2902/2452 1990/2900/2251
f 1947/2782/2254 528/2787/2453 1991/2903/2454 2947/2902/2455
f 2947/2902/2456 1991/2903/2457 537/2904/2458 1992/2905/2459
f 1990/2900/2460 2947/2902/2452 1992/2905/2461 545/2901/2251
f 518/2793/2273 1971/2850/2361 2948/2906/2462 1972/2852/2368
f 1971/2850/2361 521/2806/2292 1984/2884/2425 2948/2906/2462
f 2948/2906/2463 1984/2884/2464 538/2886/2465 1993/2907/2466
f 1972/2852/2370 2948/2906/2467 1993/2907/2468 529/2853/2371
f 539/2908/2469 1994/2909/2470 2949/2910/2471 1995/2911/2472
f 1994/2909/2470 530/2912/2373 1973/2913/2372 2949/2910/2473
f 2949/2910/2473 1973/2913/2372 529/2914/2371 1996/2915/2474
f 1995/2911/2475 2949/2910/2473 1996/2915/2474 546/2916/2476
f 540/2917/2477 1997/2918/2478 2950/2919/2479 1998/2920/2480
f 1997/2918/2478 531/2855/2374 1975/2858/2377 2950/2919/2479
f 2950/2919/2481 1975/2858/2482 520/2797/2382 1999/2921/2280
f 1998/2920/2480 2950/2919/2481 1999/2921/2382 541/2922/2483
f 541/2922/2484 1999/2921/2382 2951/2923/2485 2000/2924/2486
f 1999/2921/2280 520/2797/2382 1954/2800/2487 2951/2923/2485
f 2951/2923/2488 1954/2800/2289 524/2805/2291 1979/2925/2403
f 2000/2924/2486 2951/2923/2489 1979/2925/2403 532/2926/2490
f 543/2882/2491 1983/2881/2420 2952/2927/2492 2001/2928/2493
f 1983/2881/2418 525/2766/2298 1959/2813/2303 2952/2927/2494
f 2952/2927/2492 1959/2813/2495 523/2812/2300 2002/2929/2496
f 2001/2928/2497 2952/2927/2492 2002/2929/2498 547/2930/2499
f 533/2825/2325 1962/2824/2324 2953/2931/2500 2003/2932/2501
f 1962/2824/2322 513/2823/2321 1981/2933/2412 2953/2931/2502
f 2953/2931/2503 1981/2933/2412 534/2934/2504 2004/2935/2505
f 2003/2932/2506 2953/2931/2502 2004/2935/2507 550/2936/2508
f 535/2848/2509 1970/2847/2510 2954/2937/2511 2005/2938/2512
f 1970/2847/2510 516/2846/2247 1967/2939/2513 2954/2937/2514
f 2954/2937/2514 1967/2939/2513 530/2940/2347 1994/2941/2470
f 2005/2938/2515 2954/2937/2514 1994/2941/2516 539/2942/2469
f 537/2943/2458 1991/2944/2517 2955/2945/2518 2006/2946/2519
f 1991/2944/2517 528/2840/2348 1969/2843/2350 2955/2945/2518
f 2955/2945/2518 1969/2843/2355 535/2848/2358 2007/2947/2520
f 2006/2946/2521 2955/2945/2518 2007/2947/2520 553/2948/2522
f 544/2895/2439 1987/2894/2438 2956/2949/2523 2008/2950/2524
f 1987/2894/2435 527/2893/2434 1988/2951/2525 2956/2949/2526
f 2956/2949/2523 1988/2951/2525 536/2952/2440 2009/2953/2527
f 2008/2950/2524 2956/2949/2523 2009/2953/2528 554/2954/2529
f 546/2916/2476 1996/2915/2474 2957/2955/2530 2010/2956/2531
f 1996/2915/2532 529/2914/2371 1993/2957/2466 2957/2955/2533
f 2957/2955/2530 1993/2957/2466 538/2958/2534 2011/2959/2535
f 2010/2956/2536 2957/2955/2533 2011/2959/2537 552/2960/2538
f 522/2760/2383 1976/2862/2386 2958/2961/2539 1978/2871/2540
f 1976/2862/2541 531/2866/2390 1997/2962/2478 2958/2961/2542
f 2958/2961/2542 1997/2962/2478 540/2963/2543 2012/2964/2544
f 1978/2871/2540 2958/2961/2539 2012/2964/2545 542/2872/2546
f 547/2965/2547 2002/2966/2498 2959/2967/2548 2013/2968/2549
f 2002/2966/2498 523/2867/2391 1977/2870/2394 2959/2967/2548
f 2959/2967/2550 1977/2870/2551 542/2872/2401 2014/2969/2552
f 2013/2968/2553 2959/2967/2550 2014/2969/2554 559/2970/2555
f 548/2971/2556 2015/2972/2557 2960/2973/2558 2016/2974/2559
f 2015/2972/2560 541/2922/2561 2000/2924/2486 2960/2973/2562
f 2960/2973/2563 2000/2924/2486 532/2926/2490 2017/2975/2564
f 2016/2974/2565 2960/2973/2563 2017/2975/2564 549/2976/2566
f 549/2977/2567 2017/2978/2564 2961/2979/2568 2018/2980/2569
f 2017/2978/2570 532/2873/2402 1980/2876/2405 2961/2979/2568
f 2961/2979/2571 1980/2876/2409 533/2825/2410 2003/2932/2572
f 2018/2980/2573 2961/2979/2571 2003/2932/2506 550/2936/2508
f 534/2877/2574 1982/2880/2419 2962/2981/2575 2019/2982/2576
f 1982/2880/2419 543/2882/2577 2020/2983/2578 2962/2981/2579
f 2962/2981/2575 2020/2983/2580 551/2984/2581 2021/2985/2582
f 2019/2982/2583 2962/2981/2575 2021/2985/2584 561/2986/2585
f 552/2987/2538 2011/2988/2586 2963/2989/2587 2022/2990/2588
f 2011/2988/2586 538/2991/2465 1985/2992/2427 2963/2989/2587
f 2963/2989/2587 1985/2992/2589 526/2887/2426 1986/2890/2432
f 2022/2990/2590 2963/2989/2591 1986/2890/2592 544/2895/2593
f 555/2993/2594 2023/2994/2595 2964/2995/2596 2024/2996/2597
f 2023/2994/2598 536/2896/2599 1989/2899/2443 2964/2995/2600
f 2964/2995/2601 1989/2899/2602 545/2901/2251 2025/2997/2603
f 2024/2996/2604 2964/2995/2605 2025/2997/2603 556/2998/2606
f 556/2998/2606 2025/2997/2603 2965/2999/2607 2026/3000/2608
f 2025/2997/2603 545/2901/2251 1992/2905/2609 2965/2999/2610
f 2965/2999/2611 1992/2905/2612 537/2904/2613 2027/3001/2614
f 2026/3000/2615 2965/2999/2616 2027/3001/2617 563/3002/2618
f 535/2848/2509 2005/2938/2512 2966/3003/2619 2007/2947/2620
f 2005/2938/2621 539/2942/2469 2028/3004/2622 2966/3003/2623
f 2966/3003/2619 2028/3004/2622 557/3005/2624 2029/3006/2625
f 2007/2947/2626 2966/3003/2627 2029/3006/2625 553/2948/2628
f 557/3007/2629 2028/3008/2630 2967/3009/2631 2030/3010/2632
f 2028/3008/2630 539/2908/2469 1995/2911/2472 2967/3009/2631
f 2967/3009/2633 1995/2911/2475 546/2916/2476 2031/3011/2476
f 2030/3010/2632 2967/3009/2633 2031/3011/2476 565/3012/2634
f 558/3013/2635 2032/3014/2636 2968/3015/2637 2033/3016/2638
f 2032/3014/2636 540/2917/2477 1998/2920/2480 2968/3015/2639
f 2968/3015/2640 1998/2920/2480 541/2922/2483 2015/2972/2641
f 2033/3016/2638 2968/3015/2639 2015/2972/2642 548/2971/2643
f 559/2970/2555 2014/2969/2644 2969/3017/2645 2034/3018/2646
f 2014/2969/2644 542/2872/2546 2012/2964/2545 2969/3017/2645
f 2969/3017/2647 2012/2964/2544 540/2963/2543 2032/3019/2636
f 2034/3018/2646 2969/3017/2647 2032/3019/2636 558/3020/2648
f 551/2984/2649 2020/2983/2580 2970/3021/2650 2035/3022/2651
f 2020/2983/2580 543/2882/2577 2001/2928/2493 2970/3021/2652
f 2970/3021/2650 2001/2928/2653 547/2930/2499 2036/3023/2654
f 2035/3022/2655 2970/3021/2650 2036/3023/2656 567/3024/2657
f 560/3025/2658 2037/3026/2659 2971/3027/2660 2038/3028/2661
f 2037/3026/2659 550/2936/2508 2004/2935/2662 2971/3027/2663
f 2971/3027/2664 2004/2935/2665 534/2934/2504 2019/3029/2666
f 2038/3028/2667 2971/3027/2668 2019/3029/2666 561/3030/2669
f 562/3031/2670 2039/3032/2671 2972/3033/2672 2040/3034/2673
f 2039/3032/2671 552/2987/2538 2022/2990/2674 2972/3033/2675
f 2972/3033/2672 2022/2990/2590 544/2895/2593 2008/2950/2676
f 2040/3034/2673 2972/3033/2677 2008/2950/2676 554/2954/2678
f 563/3035/2679 2027/3036/2680 2973/3037/2681 2041/3038/2682
f 2027/3036/2680 537/2943/2683 2006/2946/2519 2973/3037/2684
f 2973/3037/2684 2006/2946/2521 553/2948/2685 2042/3039/2686
f 2041/3038/2687 2973/3037/2684 2042/3039/2688 571/3040/2689
f 564/3041/2690 2043/3042/2691 2974/3043/2692 2044/3044/2693
f 2043/3042/2694 554/2954/2678 2009/2953/2695 2974/3043/2692
f 2974/3043/2692 2009/2953/2527 536/2952/2696 2023/3045/2697
f 2044/3044/2698 2974/3043/2699 2023/3045/2697 555/3046/2700
f 565/3012/2701 2031/3011/2476 2975/3047/2702 2045/3048/2703
f 2031/3011/2476 546/2916/2476 2010/2956/2531 2975/3047/2702
f 2975/3047/2704 2010/2956/2536 552/2960/2538 2039/3049/2705
f 2045/3048/2703 2975/3047/2704 2039/3049/2705 562/3050/2706
f 547/2965/2547 2013/2968/2553 2976/3051/2707 2036/3052/2656
f 2013/2968/2708 559/2970/2709 2046/3053/2710 2976/3051/2711
f 2976/3051/2711 2046/3053/2710 566/3054/2712 2047/3055/2713
f 2036/3052/2656 2976/3051/2714 2047/3055/2715 567/3056/2716
f 568/3057/2717 2048/3058/2718 2977/3059/2719 2049/3060/2720
f 2048/3058/2718 558/3013/2721 2033/3016/2638 2977/3059/2719
f 2977/3059/2719 2033/3016/2638 548/2971/2722 2050/3061/2723
f 2049/3060/2720 2977/3059/2719 2050/3061/2724 578/3062/2725
f 548/2971/2722 2016/2974/2559 2978/3063/2726 2050/3061/2727
f 2016/2974/2559 549/2976/2728 2051/3064/2729 2978/3063/2726
f 2978/3063/2730 2051/3064/2729 569/3065/2731 2052/3066/2732
f 2050/3061/2733 2978/3063/2726 2052/3066/2732 578/3062/2734
f 549/2977/2567 2018/2980/2569 2979/3067/2735 2051/3068/2729
f 2018/2980/2569 550/2936/2508 2037/3026/2736 2979/3067/2737
f 2979/3067/2737 2037/3026/2736 560/3025/2738 2053/3069/2739
f 2051/3068/2740 2979/3067/2741 2053/3069/2742 569/3070/2731
f 570/3071/2743 2054/3072/2744 2980/3073/2745 2055/3074/2746
f 2054/3072/2747 561/2986/2669 2021/2985/2584 2980/3073/2748
f 2980/3073/2749 2021/2985/2750 551/2984/2581 2056/3075/2751
f 2055/3074/2752 2980/3073/2748 2056/3075/2753 577/3076/2754
f 571/3040/2755 2042/3039/2756 2981/3077/2757 2057/3078/2758
f 2042/3039/2759 553/2948/2760 2029/3006/2625 2981/3077/2761
f 2981/3077/2761 2029/3006/2625 557/3005/2624 2058/3079/2762
f 2057/3078/2758 2981/3077/2763 2058/3079/2764 576/3080/2765
f 572/3081/2766 2059/3082/2767 2982/3083/2768 2060/3084/2769
f 2059/3082/2767 562/3031/2670 2040/3034/2770 2982/3083/2771
f 2982/3083/2771 2040/3034/2673 554/2954/2678 2043/3042/2772
f 2060/3084/2773 2982/3083/2768 2043/3042/2772 564/3041/2774
f 573/3085/2775 2061/3086/2776 2983/3087/2777 2062/3088/2778
f 2061/3086/2776 564/3041/2690 2044/3044/2779 2983/3087/2777
f 2983/3087/2780 2044/3044/2698 555/3046/2781 2063/3089/2782
f 2062/3088/2778 2983/3087/2780 2063/3089/2783 574/3090/2784
f 574/3091/2785 2063/3092/2783 2984/3093/2786 2064/3094/2787
f 2063/3092/2782 555/2993/2594 2024/2996/2597 2984/3093/2788
f 2984/3093/2789 2024/2996/2604 556/2998/2606 2065/3095/2790
f 2064/3094/2791 2984/3093/2789 2065/3095/2790 575/3096/2792
f 575/3096/2792 2065/3095/2790 2985/3097/2793 2066/3098/2794
f 2065/3095/2795 556/2998/2796 2026/3000/2797 2985/3097/2793
f 2985/3097/2798 2026/3000/2615 563/3002/2618 2067/3099/2799
f 2066/3098/2800 2985/3097/2798 2067/3099/2801 582/3100/2802
f 576/3101/2765 2058/3102/2803 2986/3103/2804 2068/3104/2805
f 2058/3102/2806 557/3007/2624 2030/3010/2807 2986/3103/2808
f 2986/3103/2808 2030/3010/2632 565/3012/2634 2069/3105/2809
f 2068/3104/2810 2986/3103/2808 2069/3105/2811 580/3106/2812
f 566/3054/2813 2046/3053/2814 2987/3107/2815 2070/3108/2816
f 2046/3053/2814 559/2970/2555 2034/3018/2646 2987/3107/2815
f 2987/3107/2817 2034/3018/2646 558/3020/2818 2048/3109/2819
f 2070/3108/2820 2987/3107/2817 2048/3109/2718 568/3110/2821
f 577/3076/2754 2056/3075/2751 2988/3111/2822 2071/3112/2823
f 2056/3075/2751 551/2984/2649 2035/3022/2824 2988/3111/2825
f 2988/3111/2825 2035/3022/2655 567/3024/2716 2072/3113/2826
f 2071/3112/2827 2988/3111/2822 2072/3113/2826 584/3114/2828
f 579/3115/2829 2073/3116/2830 2989/3117/2831 2074/3118/2832
f 2073/3116/2830 560/3025/2658 2038/3028/2833 2989/3117/2831
f 2989/3117/2834 2038/3028/2667 561/3030/2669 2054/3119/2747
f 2074/3118/2832 2989/3117/2835 2054/3119/2747 570/3120/2836
f 580/3106/2837 2069/3105/2838 2990/3121/2839 2075/3122/2840
f 2069/3105/2809 565/3012/2701 2045/3048/2703 2990/3121/2839
f 2990/3121/2841 2045/3048/2703 562/3050/2706 2059/3123/2842
f 2075/3122/2843 2990/3121/2841 2059/3123/2842 572/3124/2766
f 563/3035/2679 2041/3038/2844 2991/3125/2845 2067/3126/2846
f 2041/3038/2844 571/3040/2689 2076/3127/2847 2991/3125/2848
f 2991/3125/2849 2076/3127/2847 581/3128/2850 2077/3129/2851
f 2067/3126/2801 2991/3125/2845 2077/3129/2852 582/3130/2853
f 572/3081/2766 2060/3084/2769 2992/3131/2854 2078/3132/2855
f 2060/3084/2856 564/3041/2774 2061/3086/2857 2992/3131/2858
f 2992/3131/2859 2061/3086/2857 573/3085/2860 2079/3133/2861
f 2078/3132/2855 2992/3131/2859 2079/3133/2862 588/3134/2863
f 567/3056/2716 2047/3055/2864 2993/3135/2865 2072/3136/2826
f 2047/3055/2713 566/3054/2866 2080/3137/2867 2993/3135/2868
f 2993/3135/2865 2080/3137/2867 583/3138/2869 2081/3139/2870
f 2072/3136/2871 2993/3135/2868 2081/3139/2870 584/3140/2872
f 583/3138/2873 2080/3137/2867 2994/3141/2874 2082/3142/2875
f 2080/3137/2867 566/3054/2813 2070/3108/2816 2994/3141/2874
f 2994/3141/2874 2070/3108/2820 568/3110/2821 2083/3143/2876
f 2082/3142/2875 2994/3141/2874 2083/3143/2876 585/3144/2877
f 585/3145/2877 2083/3146/2878 2995/3147/2879 2084/3148/2880
f 2083/3146/2876 568/3057/2717 2049/3060/2720 2995/3147/2879
f 2995/3147/2879 2049/3060/2720 578/3062/2725 2085/3149/2881
f 2084/3148/2882 2995/3147/2879 2085/3149/2881 592/3150/2883
f 569/3070/2884 2053/3069/2742 2996/3151/2885 2086/3152/2886
f 2053/3069/2742 560/3025/2738 2073/3116/2830 2996/3151/2887
f 2996/3151/2885 2073/3116/2830 579/3115/2888 2087/3153/2889
f 2086/3152/2890 2996/3151/2887 2087/3153/2889 586/3154/2891
f 578/3062/2892 2052/3066/2732 2997/3155/2893 2085/3149/2881
f 2052/3066/2732 569/3065/2731 2086/3156/2886 2997/3155/2893
f 2997/3155/2894 2086/3156/2890 586/3157/2891 2088/3158/2895
f 2085/3149/2881 2997/3155/2893 2088/3158/2896 592/3150/2883
f 579/3159/2897 2074/3160/2832 2998/3161/2898 2089/3162/2899
f 570/3163/2743 2090/3164/2900 2998/3161/2898 2074/3160/2832
f 587/3165/124 2089/3162/2901 2998/3161/2898 2090/3164/2900
f 570/3163/2743 2055/3166/2752 2999/3167/2902 2090/3164/2900
f 577/3168/2754 2091/3169/2903 2999/3167/2902 2055/3166/2904
f 587/3165/2905 2090/3164/2900 2999/3167/2902 2091/3169/2906
f 581/3128/2907 2076/3127/2908 3000/3170/2909 2092/3171/2910
f 2076/3127/2908 571/3040/2755 2057/3078/2911 3000/3170/2912
f 3000/3170/2909 2057/3078/2913 576/3080/2765 2093/3172/2914
f 2092/3171/2915 3000/3170/2909 2093/3172/2914 591/3173/2916
f 580/3106/2837 2075/3122/2917 3001/3174/2918 2094/3175/2919
f 2075/3122/2843 572/3124/2766 2078/3176/2920 3001/3174/2921
f 3001/3174/2922 2078/3176/2855 588/3177/2923 2095/3178/2924
f 2094/3175/2925 3001/3174/2918 2095/3178/2924 594/3179/2926
f 589/3180/2927 2096/3181/2928 3002/3182/2929 2097/3183/2930
f 2096/3181/2928 573/3085/2775 2062/3088/2778 3002/3182/2931
f 3002/3182/2932 2062/3088/2778 574/3090/2784 2098/3184/2933
f 2097/3183/2934 3002/3182/2932 2098/3184/2933 595/3185/2935
f 574/3091/2936 2064/3094/2937 3003/3186/2938 2098/3187/2939
f 2064/3094/2937 575/3096/2792 2099/3188/2792 3003/3186/2940
f 3003/3186/2941 2099/3188/2792 590/3189/2792 2100/3190/2942
f 2098/3187/2939 3003/3186/2938 2100/3190/2943 595/3191/2944
f 590/3189/2792 2099/3188/2792 3004/3192/2945 2101/3193/2946
f 2099/3188/2792 575/3096/2792 2066/3098/2794 3004/3192/2947
f 3004/3192/2948 2066/3098/2800 582/3100/2802 2102/3194/2949
f 2101/3193/2946 3004/3192/2948 2102/3194/2949 596/3195/2950
f 591/3196/2951 2093/3197/2914 3005/3198/2952 2103/3199/2953
f 2093/3197/2914 576/3101/2765 2068/3104/2805 3005/3198/2952
f 3005/3198/2954 2068/3104/2955 580/3106/2837 2094/3175/2919
f 2103/3199/2953 3005/3198/2954 2094/3175/2919 594/3179/2926
f 577/3168/2754 2071/3200/2956 3006/3201/2957 2091/3169/2903
f 584/3202/2828 2104/3203/2958 3006/3201/2957 2071/3200/2823
f 587/3165/2959 2091/3169/2906 3006/3201/2957 2104/3203/2958
f 586/3204/2891 2087/3205/2889 3007/3206/2960 2105/3207/2961
f 579/3159/2829 2089/3162/2962 3007/3206/2960 2087/3205/2963
f 587/3165/2964 2105/3207/2965 3007/3206/2960 2089/3162/2962
f 582/3130/2853 2077/3129/2852 3008/3208/2966 2102/3209/2967
f 2077/3129/2968 581/3128/2850 2106/3210/2969 3008/3208/2970
f 3008/3208/2971 2106/3210/2969 593/3211/2972 2107/3212/2973
f 2102/3209/2967 3008/3208/2966 2107/3212/2973 596/3213/2974
f 588/3134/2975 2079/3133/2861 3009/3214/2861 2108/3215/2976
f 2079/3133/2861 573/3085/2860 2096/3181/2977 3009/3214/2978
f 3009/3214/2978 2096/3181/2977 589/3180/2979 2109/3216/2980
f 2108/3215/2976 3009/3214/2861 2109/3216/2981 597/3217/2982
f 584/3202/2828 2081/3218/2870 3010/3219/2983 2104/3203/2958
f 583/3220/2873 2110/3221/2984 3010/3219/2983 2081/3218/2870
f 587/3165/2985 2104/3203/2986 3010/3219/2983 2110/3221/2987
f 583/3220/2869 2082/3222/2988 3011/3223/2989 2110/3221/2990
f 585/3224/2877 2111/3225/2991 3011/3223/2989 2082/3222/2875
f 587/3165/2992 2110/3221/2990 3011/3223/2989 2111/3225/2993
f 585/3224/2877 2084/3226/2882 3012/3227/2994 2111/3225/2993
f 592/3228/2995 2112/3229/2996 3012/3227/2994 2084/3226/2882
f 587/3165/2997 2111/3225/2998 3012/3227/2994 2112/3229/2996
f 592/3228/2995 2088/3230/2896 3013/3231/2999 2112/3229/2996
f 586/3204/2891 2105/3207/2965 3013/3231/2999 2088/3230/2896
f 587/3165/3000 2112/3229/2996 3013/3231/2999 2105/3207/3001
f 593/3211/3002 2106/3210/3003 3014/3232/3004 2113/3233/3005
f 2106/3210/3003 581/3128/2907 2092/3171/2910 3014/3232/3004
f 3014/3232/2910 2092/3171/3006 591/3173/2916 2114/3234/3007
f 2113/3233/3008 3014/3232/2910 2114/3234/3007 601/3235/3009
f 594/3179/2926 2095/3178/2924 3015/3236/3010 2115/3237/2926
f 2095/3178/2924 588/3177/3011 2108/3238/3012 3015/3236/3010
f 3015/3236/3010 2108/3238/3012 597/3239/3013 2116/3240/3014
f 2115/3237/2926 3015/3236/3010 2116/3240/3015 603/3241/3016
f 598/3242/3017 2117/3243/3018 3016/3244/3019 2118/3245/3020
f 2117/3243/3018 589/3180/2927 2097/3183/2930 3016/3244/3019
f 3016/3244/3021 2097/3183/2934 595/3185/3022 2119/3246/3023
f 2118/3245/3020 3016/3244/3019 2119/3246/3023 599/3247/3024
f 599/3248/3024 2119/3249/3025 3017/3250/3026 2120/3251/3027
f 2119/3249/3023 595/3191/2944 2100/3190/2943 3017/3250/3028
f 3017/3250/3029 2100/3190/2943 590/3189/2792 2121/3252/3030
f 2120/3251/3027 3017/3250/3031 2121/3252/3032 600/3253/3033
f 600/3253/3033 2121/3252/3032 3018/3254/3034 2122/3255/3035
f 2121/3252/3030 590/3189/2792 2101/3193/2946 3018/3254/3036
f 3018/3254/3036 2101/3193/2947 596/3195/2950 2123/3256/3037
f 2122/3255/3035 3018/3254/3038 2123/3256/3037 604/3257/3039
f 601/3258/3040 2114/3259/3041 3019/3260/3042 2124/3261/3043
f 2114/3259/3041 591/3196/2951 2103/3199/2953 3019/3260/3042
f 3019/3260/3042 2103/3199/2953 594/3179/2926 2115/3237/2926
f 2124/3261/3044 3019/3260/3042 2115/3237/2926 603/3241/3016
f 596/3213/3045 2107/3212/2973 3020/3262/3046 2123/3263/3037
f 2107/3212/2973 593/3211/2972 2125/3264/3047 3020/3262/3048
f 3020/3262/3049 2125/3264/3047 602/3265/3050 2126/3266/3051
f 2123/3263/3037 3020/3262/3048 2126/3266/3051 604/3267/3039
f 597/3217/2982 2109/3216/3052 3021/3268/3053 2127/3269/3054
f 2109/3216/3055 589/3180/2979 2117/3243/3018 3021/3268/3056
f 3021/3268/3053 2117/3243/3057 598/3242/3058 2128/3270/3059
f 2127/3269/3060 3021/3268/3053 2128/3270/3059 605/3271/3061
f 602/3265/3062 2125/3264/3047 3022/3272/3063 2129/3273/3064
f 2125/3264/3047 593/3211/3002 2113/3233/3065 3022/3272/3066
f 3022/3272/3067 2113/3233/3008 601/3235/3068 2130/3274/3069
f 2129/3273/3064 3022/3272/3066 2130/3274/3070 607/3275/3071
f 603/3241/3016 2116/3240/3015 3023/3276/3072 2131/3277/3073
f 2116/3240/3074 597/3239/3013 2127/3278/3060 3023/3276/3075
f 3023/3276/3075 2127/3278/3060 605/3279/3061 2132/3280/3076
f 2131/3277/3073 3023/3276/3075 2132/3280/3077 608/3281/3078
f 598/3282/3017 2118/3283/3020 3024/3284/3079 2133/3285/3080
f 599/3286/3024 2134/3287/3081 3024/3284/3079 2118/3283/3020
f 606/3288/1409 2133/3285/3082 3024/3284/3079 2134/3287/3081
f 599/3286/3024 2120/3289/3027 3025/3290/3083 2134/3287/3081
f 600/3291/3033 2135/3292/3084 3025/3290/3083 2120/3289/3027
f 606/3288/1409 2134/3287/3085 3025/3290/3083 2135/3292/3084
f 600/3291/3033 2122/3293/3035 3026/3294/3086 2135/3292/3084
f 604/3295/3039 2136/3296/3087 3026/3294/3086 2122/3293/3035
f 606/3288/1409 2135/3292/3084 3026/3294/3086 2136/3296/3087
f 607/3297/3071 2130/3298/3069 3027/3299/3088 2137/3300/3089
f 2130/3298/3069 601/3258/3040 2124/3261/3090 3027/3299/3091
f 3027/3299/3092 2124/3261/3044 603/3241/3016 2131/3277/3093
f 2137/3300/3089 3027/3299/3088 2131/3277/3073 608/3281/3078
f 604/3295/3039 2126/3301/3051 3028/3302/3094 2136/3296/3087
f 602/3303/3050 2138/3304/3095 3028/3302/3094 2126/3301/3051
f 606/3288/1409 2136/3296/3087 3028/3302/3094 2138/3304/3096
f 605/3305/3061 2128/3306/3059 3029/3307/3097 2139/3308/3098
f 598/3282/3017 2133/3285/3082 3029/3307/3097 2128/3306/3059
f 606/3288/1409 2139/3308/3098 3029/3307/3097 2133/3285/3082
f 602/3303/3050 2129/3309/3064 3030/3310/3099 2138/3304/3096
f 607/3311/3071 2140/3312/3100 3030/3310/3099 2129/3309/3064
f 606/3288/1409 2138/3304/3096 3030/3310/3099 2140/3312/3100
f 608/3313/3078 2132/3314/3077 3031/3315/3101 2141/3316/3102
f 605/3305/3103 2139/3308/3098 3031/3315/3101 2132/3314/3077
f 606/3288/1409 2141/3316/3102 3031/3315/3101 2139/3308/3098
f 607/3311/3104 2137/3317/3105 3032/3318/3106 2140/3312/3100
f 608/3313/3078 2141/3316/3102 3032/3318/3106 2137/3317/3105
f 606/3288/1409 2140/3312/3100 3032/3318/3106 2141/3316/3102
f 153/3319/723 1125/3320/631 3033/3321/3107 2142/3322/3108
f 1125/3320/631 761/3323/3109 2143/3324/3110 3033/3321/3111
f 3033/3321/3107 2143/3324/3112 762/908/109 1181/905/109
f 2142/3322/3113 3033/3321/3107 1181/905/109 152/904/109
f 169/3325/3114 1186/3326/3115 3034/3327/3116 2144/3328/3117
f 1186/3326/722 153/3319/723 2142/3322/3118 3034/3327/3116
f 3034/3327/3119 2142/3322/3120 152/904/109 2145/3329/109
f 2144/3328/3121 3034/3327/3119 2145/3329/109 791/3330/109
f 122/3331/3122 1100/3332/608 3035/3333/3123 2146/3334/3124
f 1100/3332/615 140/3335/687 2147/3336/3125 3035/3333/3126
f 3035/3333/3127 2147/3336/3125 784/849/109 2148/3337/109
f 2146/3334/3124 3035/3333/3128 2148/3337/109 788/3338/109
f 112/3339/3129 1074/3340/563 3036/3341/3130 2149/3342/3131
f 1074/3340/563 122/3331/3132 2146/3334/3124 3036/3341/3133
f 3036/3341/3134 2146/3334/3124 788/3338/109 2150/3343/109
f 2149/3342/3135 3036/3341/3136 2150/3343/109 123/732/109
f 779/3344/1 1064/3345/541 3037/3346/3137 2151/3347/3138
f 1064/3345/541 112/3339/3139 2149/3342/3140 3037/3346/3141
f 3037/3346/3137 2149/3342/3135 123/732/109 1106/731/109
f 2151/3347/3142 3037/3346/3137 1106/731/109 778/730/109
f 117/3348/3143 1068/3349/3144 3038/3350/3145 2152/3351/3146
f 1068/3349/3144 109/3352/3147 2153/3353/3148 3038/3350/3145
f 3038/3350/3145 2153/3353/3149 113/661/109 2154/3354/109
f 2152/3351/3150 3038/3350/3151 2154/3354/109 789/3355/109
f 129/3356/632 1129/3357/3152 3039/3358/3153 2155/3359/3154
f 1129/3357/3152 130/3360/643 2156/3361/3155 3039/3358/3153
f 3039/3358/3156 2156/3361/3155 790/3362/109 2157/3363/109
f 2155/3359/3157 3039/3358/3158 2157/3363/109 128/764/109
f 130/3360/3159 1132/3364/3160 3040/3365/3161 2156/3361/3155
f 1132/3364/647 131/3366/3162 2158/3367/3163 3040/3365/3164
f 3040/3365/3165 2158/3367/3163 613/751/109 2159/3368/109
f 2156/3361/3166 3040/3365/3165 2159/3368/109 790/3362/109
f 41/3369/188 891/3370/197 3041/3371/3167 2160/3372/3168
f 891/3370/197 29/3373/127 2161/3374/3169 3041/3371/3167
f 3041/3371/3167 2161/3374/3169 722/3375/109 2162/3376/109
f 2160/3372/3168 3041/3371/3167 2162/3376/109 276/1782/109
f 53/3377/257 918/3378/3170 3042/3379/3171 2163/3380/3172
f 918/3378/3170 648/3381/3173 2164/3382/3174 3042/3379/3171
f 3042/3379/3171 2164/3382/3175 649/1589/109 1466/1592/109
f 2163/3380/3176 3042/3379/3171 1466/1592/109 242/1596/109
f 29/3373/127 864/3383/3177 3043/3384/3178 2161/3374/3169
f 864/3383/3179 19/3385/79 2165/3386/3180 3043/3384/3181
f 3043/3384/3182 2165/3386/3183 710/1788/109 2166/3387/109
f 2161/3374/3169 3043/3384/3181 2166/3387/109 722/3375/109
f 666/3388/1 816/3389/4 3044/3390/3184 2167/3391/3185
f 816/3389/3186 4/3392/12 2168/3393/3187 3044/3390/3184
f 3044/3390/3184 2168/3393/3188 209/1233/109 1389/1411/109
f 2167/3391/3189 3044/3390/3190 1389/1411/109 665/1410/109
f 723/3394/109 2169/3395/109 3045/3396/109 2170/3397/109
f 243/1570/109 1456/1569/109 3045/3396/109 2169/3395/109
f 277/1568/109 2170/3397/109 3045/3396/109 1456/1569/109
f 721/3398/89 2171/3399/3191 3046/3400/3192 844/3401/3193
f 2171/3399/3191 726/3402/109 2172/3403/109 3046/3400/3194
f 3046/3400/3195 2172/3403/109 710/1788/109 2165/3386/3183
f 844/3401/88 3046/3400/3192 2165/3386/3196 19/3385/3197
f 40/3404/3198 915/3405/251 3047/3406/3199 2173/3407/3200
f 915/3405/251 53/3377/256 2163/3380/3201 3047/3406/3202
f 3047/3406/3199 2163/3380/3176 242/1596/109 2174/3408/109
f 2173/3407/3203 3047/3406/3199 2174/3408/109 729/3409/109
f 28/3410/3204 887/3411/3205 3048/3412/3206 2175/3413/3207
f 887/3411/178 40/3404/3208 2173/3407/3200 3048/3412/3209
f 3048/3412/3210 2173/3407/3200 729/3409/109 2176/3414/109
f 2175/3413/3211 3048/3412/3206 2176/3414/109 616/1070/109
f 4/3392/29 826/3415/31 3049/3416/3212 2168/3393/3213
f 826/3415/3214 10/3417/3215 2177/3418/3216 3049/3416/3212
f 3049/3416/3212 2177/3418/3217 728/3419/109 2178/3420/109
f 2168/3393/3188 3049/3416/3212 2178/3420/109 209/1233/109
f 178/893/109 1175/892/109 3050/3421/3218 2179/3422/109
f 612/891/109 2180/3423/3219 3050/3421/3220 1175/892/109
f 18/3424/78 2181/3425/3221 3050/3421/3222 2180/3423/3223
f 693/3426/120 860/3427/3224 3050/3421/3225 2181/3425/3226
f 692/3428/3227 2182/3429/3228 3050/3421/3222 860/3427/3224
f 28/3410/3229 2175/3413/3211 3050/3421/3222 2182/3429/3228
f 616/1070/109 2179/3422/109 3050/3421/3225 2175/3413/3211
f 116/3430/582 1090/3431/591 3051/3432/3230 2183/3433/3231
f 1090/3431/3232 117/3348/549 2152/3351/3233 3051/3432/3234
f 3051/3432/3235 2152/3351/3236 789/3355/109 2184/3434/109
f 2183/3433/3237 3051/3432/3238 2184/3434/109 609/670/109
f 114/669/109 1112/744/109 3052/3435/109 2185/3436/109
f 1112/744/109 126/743/109 2186/3437/109 3052/3435/109
f 3052/3435/109 2186/3437/109 610/674/109 1081/671/109
f 2185/3436/109 3052/3435/109 1081/671/109 609/670/109
f 611/748/109 1114/747/109 3053/3438/109 2187/3439/109
f 1114/747/109 610/674/109 2186/3437/109 3053/3438/109
f 3053/3438/109 2186/3437/109 126/743/109 1167/877/109
f 2187/3439/109 3053/3438/109 1167/877/109 147/881/109
f 612/891/109 1174/890/109 3054/3440/109 2188/3441/109
f 1174/890/109 611/748/109 2187/3439/109 3054/3440/109
f 3054/3440/109 2187/3439/109 147/881/109 1243/1058/109
f 2188/3441/109 3054/3440/109 1243/1058/109 177/1062/109
f 10/3417/3215 840/3442/3239 3055/3443/3240 2177/3418/3241
f 840/3442/70 18/3424/78 2180/3423/3242 3055/3443/3243
f 3055/3443/3244 2180/3423/3219 612/891/109 2189/3444/109
f 2177/3418/3216 3055/3443/3244 2189/3444/109 728/3419/109
f 115/678/3245 2190/3445/3245 3056/3446/3246 1082/673/3245
f 613/751/109 2158/3367/3163 3056/3446/3246 2190/3445/109
f 131/3366/3247 1086/3447/3248 3056/3446/3249 2158/3367/3250
f 707/3448/581 2191/3449/3251 3056/3446/3252 1086/3447/3253
f 702/3450/3254 2192/3451/3255 3056/3446/3252 2191/3449/3256
f 116/3430/582 2183/3433/3237 3056/3446/3246 2192/3451/3257
f 609/670/109 1082/673/109 3056/3446/3249 2183/3433/3258
f 115/678/109 1084/677/109 3057/3452/109 2190/3445/109
f 1084/677/109 127/676/109 2193/3453/109 3057/3452/109
f 3057/3452/109 2193/3453/109 614/755/109 1116/752/109
f 2190/3445/109 3057/3452/109 1116/752/109 613/751/109
f 615/885/109 1171/884/109 3058/3454/109 2194/3455/109
f 1171/884/109 614/755/109 2193/3453/109 3058/3454/109
f 3058/3454/109 2193/3453/109 127/676/109 1113/746/109
f 2194/3455/109 3058/3454/109 1113/746/109 148/750/109
f 616/1070/109 1249/1069/109 3059/3456/109 2179/3422/109
f 1249/1069/109 615/885/109 2194/3455/109 3059/3456/109
f 3059/3456/109 2194/3455/109 148/750/109 1173/889/109
f 2179/3422/109 3059/3456/109 1173/889/109 178/893/109
f 618/3457/3259 2195/3458/3260 3060/3459/3261 2196/3460/3262
f 2195/3458/3260 617/440/109 991/439/109 3060/3459/3263
f 3060/3459/3263 991/439/109 71/368/109 981/414/388
f 2196/3460/3262 3060/3459/3263 981/414/388 66/413/329
f 619/3461/261 2197/3462/3264 3061/3463/3265 2198/3464/3266
f 2197/3462/3264 618/3465/3259 2196/3466/3262 3061/3463/3267
f 3061/3463/3268 2196/3466/3269 66/3467/329 953/3468/328
f 2198/3464/3266 3061/3463/3265 953/3468/3270 54/3469/410
f 620/3470/261 2199/3471/261 3062/3472/3266 2200/3473/3266
f 2199/3471/261 619/3461/261 2198/3464/3266 3062/3472/3266
f 3062/3472/3271 2198/3464/3271 54/3469/410 921/3474/410
f 2200/3473/3271 3062/3472/3266 921/3474/410 42/3475/410
f 621/3476/3272 2201/3477/262 3063/3478/3273 2202/3479/3274
f 2201/3477/262 620/3470/261 2200/3473/3266 3063/3478/3275
f 3063/3478/3275 2200/3473/3276 42/3475/410 890/3480/189
f 2202/3479/3274 3063/3478/3273 890/3480/3277 41/3481/3278
f 622/3482/109 2203/3483/3279 3064/3484/3280 2204/3485/109
f 2203/3483/3281 621/3486/3282 2202/3487/3274 3064/3484/3283
f 3064/3484/3280 2202/3487/3284 41/3369/3278 2160/3372/3168
f 2204/3485/109 3064/3484/3285 2160/3372/3286 276/1782/109
f 276/1782/109 1546/1781/109 3065/3488/109 2204/3485/109
f 1546/1781/109 310/1780/109 2205/3489/109 3065/3488/109
f 3065/3488/109 2205/3489/109 623/3490/109 2206/3491/109
f 2204/3485/109 3065/3488/109 2206/3491/109 622/3482/109
f 310/1780/109 1627/1992/1416 3066/3492/820 2205/3489/109
f 1627/1992/1152 347/1991/710 2207/3493/710 3066/3492/821
f 3066/3492/821 2207/3493/710 624/3494/710 2208/3495/1271
f 2205/3489/109 3066/3492/820 2208/3495/1271 623/3490/109
f 347/2137/817 1685/2136/816 3067/3496/816 2207/3497/817
f 1685/2136/815 378/2135/261 2209/3498/261 3067/3496/815
f 3067/3496/815 2209/3498/261 625/3499/261 2210/3500/815
f 2207/3497/1059 3067/3496/815 2210/3500/815 624/3501/1059
f 378/2135/261 1740/2272/261 3068/3502/261 2209/3498/261
f 1740/2272/261 403/2271/261 2211/3503/261 3068/3502/261
f 3068/3502/261 2211/3503/261 626/3504/261 2212/3505/261
f 2209/3498/261 3068/3502/261 2212/3505/261 625/3499/261
f 403/2271/261 1799/2415/1062 3069/3506/1062 2211/3503/261
f 1799/2415/1061 428/2414/1060 2213/3507/1415 3069/3506/1061
f 3069/3506/1165 2213/3507/1060 627/3508/1060 2214/3509/1061
f 2211/3503/261 3069/3506/1062 2214/3509/1062 626/3504/261
f 428/2557/1060 1857/2556/1162 3070/3510/1161 2213/3511/1060
f 1857/2556/1162 456/2555/1163 2215/3512/1295 3070/3510/1293
f 3070/3510/1293 2215/3512/1163 628/3513/1163 2216/3514/1296
f 2213/3511/1060 3070/3510/1161 2216/3514/1294 627/3515/1060
f 456/2555/1163 1900/2666/1442 3071/3516/1440 2215/3512/1163
f 1900/2666/1442 481/2665/1465 2217/3517/1332 3071/3516/1440
f 3071/3516/1440 2217/3517/1332 629/3518/1303 2218/3519/1439
f 2215/3512/1163 3071/3516/1440 2218/3519/3287 628/3513/1295
f 481/2665/1465 1905/2680/1466 3072/3520/3288 2217/3517/1332
f 1905/2680/1333 478/2593/1336 2219/3521/1336 3072/3520/1333
f 3072/3520/1333 2219/3521/1336 630/3522/1336 2220/3523/1333
f 2217/3517/1332 3072/3520/1333 2220/3523/3288 629/3518/1303
f 478/2593/1210 1871/2592/1211 3073/3524/1211 2219/3521/1210
f 1871/2592/3289 450/2536/1965 2221/3525/1215 3073/3524/1211
f 3073/3524/3290 2221/3525/1215 631/3526/1149 2222/3527/1211
f 2219/3521/1210 3073/3524/1211 2222/3527/1211 630/3522/1210
f 450/2536/1240 1851/2535/1239 3074/3528/1236 2221/3525/1215
f 1851/2535/1239 423/2393/1140 2223/3529/1140 3074/3528/1236
f 3074/3528/1236 2223/3529/1055 632/3530/1140 2224/3531/1235
f 2221/3525/1215 3074/3528/1236 2224/3531/1235 631/3526/3291
f 423/2393/1049 1789/2392/1050 3075/3532/1051 2223/3529/1049
f 1789/2392/1052 398/2391/939 2225/3533/939 3075/3532/1051
f 3075/3532/1051 2225/3533/939 633/3534/939 2226/3535/1150
f 2223/3529/1140 3075/3532/1051 2226/3535/1054 632/3530/1049
f 398/2252/939 1732/2251/940 3076/3536/940 2225/3537/939
f 1732/2251/941 374/2112/5 2227/3538/5 3076/3536/941
f 3076/3536/941 2227/3538/5 634/3539/5 2228/3540/941
f 2225/3537/939 3076/3536/940 2228/3540/940 633/3541/939
f 374/2112/5 1677/2111/5 3077/3542/5 2227/3538/5
f 1677/2111/5 341/1956/5 2229/3543/5 3077/3542/5
f 3077/3542/5 2229/3543/5 635/3544/5 2230/3545/5
f 2227/3538/5 3077/3542/5 2230/3545/5 634/3539/5
f 341/1956/5 1612/1955/708 3078/3546/708 2229/3543/5
f 1612/1955/707 305/1954/617 2231/3547/617 3078/3546/707
f 3078/3546/707 2231/3547/617 636/3548/1513 2232/3549/707
f 2229/3543/5 3078/3546/708 2232/3549/708 635/3544/5
f 305/1749/617 1531/1748/1259 3079/3550/1151 2231/3551/617
f 1531/1748/1259 272/1572/109 2233/3552/109 3079/3550/704
f 3079/3550/1151 2233/3552/109 637/3553/109 2234/3554/705
f 2231/3551/617 3079/3550/1151 2234/3554/703 636/3555/617
f 272/1572/109 1457/1571/109 3080/3556/109 2233/3552/109
f 1457/1571/109 243/1570/109 2235/3557/109 3080/3556/109
f 3080/3556/109 2235/3557/109 638/3558/109 2236/3559/109
f 2233/3552/109 3080/3556/109 2236/3559/109 637/3553/109
f 1/3560/3292 2237/3561/3293 3081/3562/3294 2238/3563/3295
f 2237/3561/3293 639/3564/3296 2239/3565/3297 3081/3562/3298
f 3081/3562/3294 2239/3565/3299 638/3558/109 2235/3557/109
f 2238/3563/3300 3081/3562/3294 2235/3557/109 243/1570/109
f 1/3566/27 822/3567/3301 3082/3568/3302 2237/3569/3303
f 822/3567/26 2/3570/3304 2240/3571/3305 3082/3568/3302
f 3082/3568/3302 2240/3571/3305 640/3572/5 2241/3573/2
f 2237/3569/3293 3082/3568/3302 2241/3573/2 639/3574/3296
f 2/3570/3304 834/3575/3304 3083/3576/3305 2240/3571/3306
f 834/3575/3304 7/3577/3304 2242/3578/3305 3083/3576/3306
f 3083/3576/3305 2242/3578/3305 641/3579/5 2243/3580/5
f 2240/3571/3305 3083/3576/3305 2243/3580/5 640/3572/5
f 7/3577/3304 851/3581/104 3084/3582/3307 2242/3578/3306
f 851/3581/104 14/3583/3308 2244/3584/3309 3084/3582/3310
f 3084/3582/3311 2244/3584/3312 642/3585/3313 2245/3586/3314
f 2242/3578/3305 3084/3582/3310 2245/3586/3314 641/3579/5
f 14/148/3315 873/147/3316 3085/3587/3317 2244/3588/3318
f 873/147/157 23/146/109 877/157/109 3085/3587/3317
f 3085/3587/3317 877/157/109 643/156/109 2246/3589/3319
f 2244/3588/3318 3085/3587/3317 2246/3589/3319 642/3590/3313
f 645/471/384 1002/470/428 3086/3591/3320 2247/3592/3321
f 1002/470/426 644/434/109 989/437/109 3086/3591/3320
f 3086/3591/3320 989/437/109 617/440/109 2195/3458/3260
f 2247/3592/3321 3086/3591/3320 2195/3458/3322 618/3457/3259
f 646/341/261 980/412/385 3087/3593/3323 2248/3594/261
f 980/412/385 645/411/384 2247/3595/3324 3087/3593/3323
f 3087/3593/3323 2247/3595/3324 618/3465/3259 2197/3462/3264
f 2248/3594/261 3087/3593/3323 2197/3462/3264 619/3461/261
f 647/261/261 952/342/261 3088/3596/261 2249/3597/261
f 952/342/261 646/341/261 2248/3594/261 3088/3596/261
f 3088/3596/261 2248/3594/261 619/3461/261 2199/3471/261
f 2249/3597/261 3088/3596/261 2199/3471/261 620/3470/261
f 648/263/264 920/262/262 3089/3598/262 2250/3599/3325
f 920/262/262 647/261/261 2249/3597/261 3089/3598/262
f 3089/3598/262 2249/3597/261 620/3470/261 2201/3477/262
f 2250/3599/3325 3089/3598/262 2201/3477/262 621/3476/3326
f 649/1589/109 2164/3382/3174 3090/3600/3327 2251/3601/109
f 2164/3382/3328 648/3381/264 2250/3602/3329 3090/3600/3330
f 3090/3600/3331 2250/3602/3325 621/3486/3282 2203/3483/3281
f 2251/3601/109 3090/3600/3330 2203/3483/3279 622/3482/109
f 622/3482/109 2206/3491/109 3091/3603/109 2251/3601/109
f 2206/3491/109 623/3490/109 2252/3604/109 3091/3603/109
f 3091/3603/109 2252/3604/109 650/1593/109 1465/1590/109
f 2251/3601/109 3091/3603/109 1465/1590/109 649/1589/109
f 623/3490/109 2208/3495/1271 3092/3605/3332 2252/3604/109
f 2208/3495/3332 624/3494/710 2253/3606/710 3092/3605/814
f 3092/3605/814 2253/3606/710 651/1772/710 1541/1770/3332
f 2252/3604/109 3092/3605/3332 1541/1770/1271 650/1593/109
f 624/3501/710 2210/3500/815 3093/3607/815 2253/3608/710
f 2210/3500/815 625/3499/261 2254/3609/261 3093/3607/815
f 3093/3607/815 2254/3609/261 652/1971/261 1617/1968/815
f 2253/3608/1059 3093/3607/815 1617/1968/815 651/1967/1059
f 625/3499/261 2212/3505/261 3094/3610/261 2254/3609/261
f 2212/3505/261 626/3504/261 2255/3611/261 3094/3610/261
f 3094/3610/261 2255/3611/261 653/2140/261 1686/2138/261
f 2254/3609/261 3094/3610/261 1686/2138/261 652/1971/261
f 626/3504/261 2214/3509/1062 3095/3612/1062 2255/3611/261
f 2214/3509/1165 627/3508/1060 2256/3613/1060 3095/3612/1061
f 3095/3612/1061 2256/3613/1060 654/2275/1415 1741/2273/1061
f 2255/3611/261 3095/3612/1062 1741/2273/1062 653/2140/261
f 627/3515/1060 2216/3514/1294 3096/3614/1358 2256/3615/1060
f 2216/3514/1296 628/3513/1163 2257/3616/1163 3096/3614/1161
f 3096/3614/1161 2257/3616/1163 655/2420/1163 1800/2417/1160
f 2256/3615/1060 3096/3614/1358 1800/2417/1769 654/2416/1060
f 628/3513/1295 2218/3519/3287 3097/3617/1462 2257/3616/1295
f 2218/3519/1439 629/3518/1303 2258/3618/1332 3097/3617/1462
f 3097/3617/1462 2258/3618/1332 656/2560/1441 1858/2558/1444
f 2257/3616/1295 3097/3617/1462 1858/2558/3333 655/2420/1295
f 629/3518/1303 2220/3523/1333 3098/3619/3288 2258/3618/1332
f 2220/3523/1333 630/3522/1336 2259/3620/1336 3098/3619/1333
f 3098/3619/1333 2259/3620/1336 657/2528/1336 1896/2654/1333
f 2258/3618/1332 3098/3619/1333 1896/2654/2085 656/2560/1465
f 630/3522/1210 2222/3527/1211 3099/3621/1211 2259/3620/1210
f 2222/3527/3290 631/3526/1149 2260/3622/1215 3099/3621/1211
f 3099/3621/3290 2260/3622/1215 658/2381/1240 1847/2529/1360
f 2259/3620/1210 3099/3621/1211 1847/2529/1211 657/2528/1210
f 631/3526/3291 2224/3531/1235 3100/3623/1236 2260/3622/1340
f 2224/3531/3334 632/3530/1055 2261/3624/1258 3100/3623/1342
f 3100/3623/1342 2261/3624/1055 659/2241/1055 1785/2382/1238
f 2260/3622/1340 3100/3623/1236 1785/2382/1238 658/2381/1240
f 632/3530/1049 2226/3535/1054 3101/3625/1051 2261/3624/1049
f 2226/3535/1150 633/3534/939 2262/3626/939 3101/3625/1053
f 3101/3625/1053 2262/3626/939 660/2245/939 1728/2242/1611
f 2261/3624/1049 3101/3625/1051 1728/2242/1052 659/2241/1049
f 633/3541/1509 2228/3540/940 3102/3627/940 2262/3628/939
f 2228/3540/941 634/3539/5 2263/3629/5 3102/3627/941
f 3102/3627/941 2263/3629/5 661/1944/5 1673/2104/941
f 2262/3628/939 3102/3627/940 1673/2104/940 660/2103/939
f 634/3539/5 2230/3545/5 3103/3630/5 2263/3629/5
f 2230/3545/5 635/3544/5 2264/3631/5 3103/3630/5
f 3103/3630/5 2264/3631/5 662/1738/5 1608/1945/5
f 2263/3629/5 3103/3630/5 1608/1945/5 661/1944/5
f 635/3544/5 2232/3549/708 3104/3632/708 2264/3631/5
f 2232/3549/707 636/3548/617 2265/3633/617 3104/3632/707
f 3104/3632/707 2265/3633/617 663/1742/617 1527/1739/707
f 2264/3631/5 3104/3632/708 1527/1739/708 662/1738/5
f 636/3555/617 2234/3554/703 3105/3634/620 2265/3635/617
f 2234/3554/705 637/3553/109 2266/3636/109 3105/3634/3335
f 3105/3634/3335 2266/3636/109 664/1406/109 1452/1561/703
f 2265/3635/617 3105/3634/620 1452/1561/703 663/1560/617
f 637/3553/109 2236/3559/109 3106/3637/109 2266/3636/109
f 2236/3559/109 638/3558/109 2267/3638/109 3106/3637/109
f 3106/3637/109 2267/3638/109 665/1410/109 1387/1407/109
f 2266/3636/109 3106/3637/109 1387/1407/109 664/1406/109
f 639/3564/3296 2268/3639/3336 3107/3640/3337 2239/3565/3297
f 2268/3639/3338 666/3388/3339 2167/3391/3189 3107/3640/3340
f 3107/3640/3337 2167/3391/3341 665/1410/109 2267/3638/109
f 2239/3565/3299 3107/3640/3342 2267/3638/109 638/3558/109
f 639/3574/3343 2241/3573/2 3108/3641/2 2268/3642/3344
f 2241/3573/2 640/3572/5 2269/3643/5 3108/3641/2
f 3108/3641/2 2269/3643/5 667/5/5 815/2/2
f 2268/3642/3344 3108/3641/2 815/2/2 666/1/1
f 640/3572/5 2243/3580/5 3109/3644/5 2269/3643/5
f 2243/3580/5 641/3579/5 2270/3645/5 3109/3644/5
f 3109/3644/5 2270/3645/5 668/21/5 823/19/5
f 2269/3643/5 3109/3644/5 823/19/5 667/5/5
f 641/3579/5 2245/3586/3314 3110/3646/3345 2270/3645/5
f 2245/3586/3314 642/3585/3313 2271/3647/3346 3110/3646/3345
f 3110/3646/3347 2271/3647/3346 669/51/60 835/49/58
f 2270/3645/5 3110/3646/3345 835/49/58 668/21/5
f 642/3590/3348 2246/3589/3319 3111/3648/3349 2271/3649/3350
f 2246/3589/3319 643/156/109 876/155/109 3111/3648/3351
f 3111/3648/3351 876/155/109 670/95/109 852/92/3352
f 2271/3649/3350 3111/3648/3349 852/92/106 669/91/60
f 93/3650/3353 1011/3651/442 3112/3652/3354 2272/3653/3355
f 1011/3651/442 92/3654/445 2273/3655/3356 3112/3652/3354
f 3112/3652/3354 2273/3655/3357 671/535/468 1027/538/468
f 2272/3653/3355 3112/3652/3358 1027/538/470 673/541/470
f 92/3654/445 1025/3656/464 3113/3657/3359 2273/3655/3356
f 1025/3656/1447 99/3658/463 2274/3659/3360 3113/3657/3359
f 3113/3657/3359 2274/3659/3361 674/572/487 1041/575/487
f 2273/3655/3362 3113/3657/3363 1041/575/489 671/535/489
f 100/3660/499 1029/3661/3364 3114/3662/3365 2275/3663/3366
f 1029/3661/476 93/3650/3353 2272/3653/3355 3114/3662/3365
f 3114/3662/3365 2272/3653/3367 673/541/490 1042/577/490
f 2275/3663/3366 3114/3662/3368 1042/577/492 675/579/492
f 104/3664/482 2276/3665/3369 3115/3666/3370 1039/3667/483
f 2276/3665/3371 676/600/510 1052/603/510 3115/3666/3370
f 3115/3666/3372 1052/603/515 674/572/515 2274/3659/3360
f 1039/3667/483 3115/3666/3370 2274/3659/3360 99/3658/1445
f 677/606/517 2277/3668/3373 3116/3669/3374 1054/607/517
f 2277/3668/3373 105/3670/3375 1045/3671/496 3116/3669/3376
f 3116/3669/3376 1045/3671/496 100/3660/499 2275/3663/3366
f 1054/607/518 3116/3669/3376 2275/3663/3377 675/579/518
f 104/3664/482 1050/3672/506 3117/3673/3378 2276/3665/3369
f 1050/3672/3379 107/3674/3380 2278/3675/3381 3117/3673/3378
f 3117/3673/3378 2278/3675/3382 678/618/531 1059/621/531
f 2276/3665/3369 3117/3673/3383 1059/621/533 676/600/533
f 108/3676/526 1055/3677/522 3118/3678/3384 2279/3679/3385
f 1055/3677/3386 105/3670/3387 2277/3668/3373 3118/3678/3384
f 3118/3678/3384 2277/3668/3388 677/606/534 1060/623/534
f 2279/3679/3385 3118/3678/3389 1060/623/536 679/625/536
f 107/3674/3380 1057/3680/527 3119/3681/3390 2278/3675/3381
f 1057/3680/527 108/3676/526 2279/3679/3385 3119/3681/3390
f 3119/3681/3391 2279/3679/3392 679/625/537 1062/627/537
f 2278/3675/3381 3119/3681/3393 1062/627/539 678/618/539
f 681/2059/470 2280/3682/3355 3120/3683/3358 1655/2056/470
f 2280/3682/3355 362/3684/3353 1577/3685/442 3120/3683/3354
f 3120/3683/3354 1577/3685/3394 361/3686/466 2281/3687/3356
f 1655/2056/468 3120/3683/3395 2281/3687/3357 680/2053/468
f 361/3686/466 1649/3688/464 3121/3689/3396 2281/3687/3356
f 1649/3688/1447 391/3690/463 2282/3691/3360 3121/3689/3359
f 3121/3689/3359 2282/3691/3361 683/2197/487 1708/2195/487
f 2281/3687/3356 3121/3689/3363 1708/2195/3397 680/2053/3397
f 392/3692/3398 1653/3693/3399 3122/3694/3400 2283/3695/3401
f 1653/3693/3399 362/3684/473 2280/3682/3355 3122/3694/3402
f 3122/3694/3400 2280/3682/3367 681/2059/490 1712/2206/490
f 2283/3695/3401 3122/3694/3403 1712/2206/492 684/2205/492
f 414/3696/3404 2284/3697/3369 3123/3698/3370 1707/3699/483
f 2284/3697/3371 685/2325/510 1763/2328/510 3123/3698/3370
f 3123/3698/3405 1763/2328/515 683/2197/515 2282/3691/3360
f 1707/3699/483 3123/3698/3370 2282/3691/3360 391/3690/1445
f 392/3692/3398 2283/3695/3401 3124/3700/3406 1710/3701/1569
f 2283/3695/3407 684/2205/518 1764/2330/518 3124/3700/3406
f 3124/3700/3408 1764/2330/517 792/2332/517 2285/3702/3409
f 1710/3701/1569 3124/3700/3406 2285/3702/3409 793/3703/1570
f 437/3704/3410 2286/3705/3411 3125/3706/3412 1759/3707/1678
f 2286/3705/3413 686/2465/537 1820/2468/537 3125/3706/3412
f 3125/3706/3414 1820/2468/539 687/2470/539 2287/3708/3381
f 1759/3707/1678 3125/3706/3412 2287/3708/3381 438/3709/3380
f 414/3696/482 1761/3710/506 3126/3711/3378 2284/3697/3369
f 1761/3710/3379 438/3709/3380 2287/3708/3381 3126/3711/3378
f 3126/3711/3378 2287/3708/3382 687/2470/3415 1822/2471/3415
f 2284/3697/3369 3126/3711/3416 1822/2471/533 685/2325/533
f 686/2465/536 2286/3705/3417 3127/3712/3418 2288/3713/536
f 2286/3705/3419 437/3704/3410 2289/3714/3420 3127/3712/3421
f 3127/3712/3421 2289/3714/3420 793/3703/1570 2285/3702/3409
f 2288/3713/534 3127/3712/3421 2285/3702/3422 792/2332/534
f 689/324/314 945/323/313 3128/3715/3423 2290/3716/3424
f 945/323/312 688/315/109 941/314/109 3128/3715/3423
f 3128/3715/3425 941/314/109 63/313/109 975/396/3426
f 2290/3716/3424 3128/3715/3423 975/396/366 50/395/3427
f 690/176/124 911/239/241 3129/3717/3428 2291/3718/3429
f 911/239/247 689/238/246 2290/3719/3424 3129/3717/3428
f 3129/3717/3430 2290/3719/3431 50/3720/318 946/3721/317
f 2291/3718/3432 3129/3717/3433 946/3721/315 38/3722/3434
f 691/118/124 885/177/124 3130/3723/3429 2292/3724/3429
f 885/177/124 690/176/124 2291/3718/3429 3130/3723/3429
f 3130/3723/3432 2291/3718/3432 38/3722/3434 912/3725/3434
f 2292/3724/3432 3130/3723/3435 912/3725/3434 27/3726/3434
f 692/120/3227 862/119/125 3131/3727/3436 2182/3728/3437
f 862/119/125 691/118/124 2292/3724/3429 3131/3727/3438
f 3131/3727/3436 2292/3724/3439 27/3726/3434 886/3729/3440
f 2182/3728/3228 3131/3727/3441 886/3729/3440 28/3730/3204
f 18/3731/78 842/3732/3442 3132/3733/3443 2181/3734/3444
f 842/3732/76 17/3735/3445 2293/3736/3446 3132/3733/3447
f 3132/3733/3447 2293/3736/3446 694/116/124 859/113/121
f 2181/3734/3226 3132/3733/3447 859/113/121 693/112/120
f 17/3735/3445 858/3737/3445 3133/3738/3446 2293/3736/3448
f 858/3737/3445 26/3739/3445 2294/3740/3446 3133/3738/3448
f 3133/3738/3446 2294/3740/3446 695/174/124 883/172/124
f 2293/3736/3446 3133/3738/3446 883/172/124 694/116/124
f 26/3739/3445 882/3741/173 3134/3742/3449 2294/3740/3448
f 882/3741/173 37/3743/3450 2295/3744/3451 3134/3742/3449
f 3134/3742/3452 2295/3744/3451 696/236/243 909/234/241
f 2294/3740/3446 3134/3742/3449 909/234/241 695/174/124
f 37/232/3453 908/231/238 3135/3745/3454 2295/3746/3455
f 908/231/238 49/228/109 943/318/109 3135/3745/3454
f 3135/3745/3454 943/318/109 697/317/109 944/320/309
f 2295/3746/3455 3135/3745/3454 944/320/309 696/319/308
f 188/1128/3456 2296/3747/3457 3136/3748/3458 1272/1129/862
f 2296/3747/3459 699/3749/3460 2297/3750/3461 3136/3748/3462
f 3136/3748/3462 2297/3750/3461 698/1297/109 1343/1296/109
f 1272/1129/862 3136/3748/3462 1343/1296/109 219/1130/109
f 158/3751/3463 2298/3752/3464 3137/3753/3465 1198/3754/736
f 2298/3752/3464 700/3755/407 2299/3756/732 3137/3753/3465
f 3137/3753/3465 2299/3756/732 699/3757/3466 2296/3758/3457
f 1198/3754/736 3137/3753/3467 2296/3758/3468 188/3759/740
f 134/3760/3463 2300/3761/3464 3138/3762/3469 1137/3763/3463
f 2300/3761/3464 701/3764/407 2301/3765/407 3138/3762/3464
f 3138/3762/3464 2301/3765/407 700/3755/407 2298/3752/3464
f 1137/3763/3463 3138/3762/3464 2298/3752/3464 158/3751/3463
f 702/3766/3470 2302/3767/3471 3139/3768/3472 2192/3769/3255
f 2302/3767/3471 701/3764/407 2300/3761/3464 3139/3768/3472
f 3139/3768/3472 2300/3761/3469 134/3760/3463 1089/3770/583
f 2192/3769/3473 3139/3768/3472 1089/3770/583 116/3771/3474
f 699/3749/3460 2303/3772/3475 3140/3773/3476 2297/3750/3461
f 2303/3772/3475 704/1116/852 1268/1119/855 3140/3773/3476
f 3140/3773/3476 1268/1119/859 703/1124/109 1340/1292/109
f 2297/3750/3461 3140/3773/3476 1340/1292/109 698/1297/109
f 700/3755/407 2304/3774/407 3141/3775/3477 2299/3756/732
f 2304/3774/407 705/800/407 1195/941/727 3141/3775/3477
f 3141/3775/3477 1195/941/732 704/945/734 2303/3776/3478
f 2299/3756/732 3141/3775/3479 2303/3776/3480 699/3757/3466
f 701/3764/407 2305/3777/407 3142/3778/407 2301/3765/407
f 2305/3777/407 706/685/407 1134/796/407 3142/3778/407
f 3142/3778/407 1134/796/407 705/800/407 2304/3774/407
f 2301/3765/407 3142/3778/407 2304/3774/407 700/3755/407
f 707/687/581 1088/686/579 3143/3779/3481 2191/3780/3251
f 1088/686/579 706/685/407 2305/3777/407 3143/3779/3481
f 3143/3779/3481 2305/3777/407 701/3764/407 2302/3767/3471
f 2191/3780/3251 3143/3779/3482 2302/3767/3471 702/3766/3254
f 708/3781/109 2306/3782/109 3144/3783/109 2307/3784/109
f 723/3394/109 2170/3397/109 3144/3783/109 2306/3782/109
f 277/1568/109 2307/3784/109 3144/3783/109 2170/3397/109
f 709/3785/3483 2308/3786/3484 3145/3787/3485 1554/3788/3486
f 2308/3786/3484 708/3781/109 2307/3784/109 3145/3787/3485
f 3145/3787/3485 2307/3784/109 277/1568/109 1532/1751/1265
f 1554/3788/3486 3145/3787/3485 1532/1751/1262 313/1750/1261
f 711/1790/1277 1550/1789/1276 3146/3789/3487 1632/3790/1424
f 1550/1789/1276 710/1788/109 2172/3403/109 3146/3789/3487
f 3146/3789/3487 2172/3403/109 726/3402/109 2309/3791/3488
f 1632/3790/1424 3146/3789/3487 2309/3791/3488 727/3792/3489
f 713/3793/3490 2310/3794/3491 3147/3795/3492 2311/3796/3493
f 2310/3794/3494 712/295/109 933/294/109 3147/3795/3495
f 3147/3795/3495 933/294/109 44/212/109 898/209/223
f 2311/3796/3493 3147/3795/3492 898/209/223 32/208/3496
f 714/3797/142 2312/3798/220 3148/3799/3497 2313/3800/3498
f 2312/3798/3499 713/3801/3490 2311/3802/3500 3148/3799/3501
f 3148/3799/3497 2311/3802/3500 32/140/152 869/139/151
f 2313/3800/3498 3148/3799/3497 869/139/151 21/138/3502
f 715/3803/86 2314/3804/143 3149/3805/3503 2315/3806/3504
f 2314/3804/143 714/3797/142 2313/3800/3498 3149/3805/3503
f 3149/3805/3503 2313/3800/3498 21/138/3502 847/3807/93
f 2315/3806/3504 3149/3805/3503 847/3807/93 12/3808/92
f 716/3809/3505 2316/3810/3506 3150/3811/3507 2317/3812/3508
f 2316/3810/3506 715/3803/86 2315/3806/3509 3150/3811/3510
f 3150/3811/3510 2315/3806/3504 12/3808/3511 829/3813/41
f 2317/3812/3508 3150/3811/3510 829/3813/41 11/3814/40
f 718/284/287 927/283/284 3151/3815/3512 2318/3816/3513
f 927/283/284 717/282/109 930/290/109 3151/3815/3514
f 3151/3815/3514 930/290/109 712/295/109 2310/3794/3494
f 2318/3816/3513 3151/3815/3512 2310/3794/3491 713/3793/3490
f 719/134/142 897/207/220 3152/3817/3515 2319/3818/142
f 897/207/220 718/206/219 2318/3819/3516 3152/3817/3517
f 3152/3817/3517 2318/3819/3516 713/3801/3490 2312/3798/3499
f 2319/3818/142 3152/3817/3515 2312/3798/220 714/3797/142
f 720/76/86 868/135/143 3153/3820/143 2320/3821/86
f 868/135/143 719/134/142 2319/3818/142 3153/3820/143
f 3153/3820/143 2319/3818/142 714/3797/142 2314/3804/143
f 2320/3821/86 3153/3820/143 2314/3804/143 715/3803/86
f 721/78/89 846/77/87 3154/3822/2011 2321/3823/3518
f 846/77/87 720/76/86 2320/3821/86 3154/3822/2011
f 3154/3822/2011 2320/3821/86 715/3803/86 2316/3810/3506
f 2321/3823/3519 3154/3822/2011 2316/3810/3506 716/3809/3505
f 722/3375/109 2166/3387/109 3155/3824/109 2322/3825/109
f 710/1788/109 1549/1787/109 3155/3824/109 2166/3387/109
f 311/1774/109 2322/3825/109 3155/3824/109 1549/1787/109
f 276/1782/109 2162/3376/109 3156/3826/109 1544/1777/109
f 722/3375/109 2322/3825/109 3156/3826/109 2162/3376/109
f 311/1774/109 1544/1777/109 3156/3826/109 2322/3825/109
f 11/3827/40 830/3828/3520 3157/3829/3521 2323/3830/3522
f 830/3828/3523 5/3831/50 2324/3832/3524 3157/3829/3525
f 3157/3829/3525 2324/3832/3526 723/3394/109 2306/3782/109
f 2323/3830/3527 3157/3829/3521 2306/3782/109 708/3781/109
f 5/3831/3528 820/3833/16 3158/3834/3529 2324/3832/3530
f 820/3833/16 1/3560/27 2238/3563/3295 3158/3834/3529
f 3158/3834/3531 2238/3563/3295 243/1570/109 2169/3395/109
f 2324/3832/3526 3158/3834/3531 2169/3395/109 723/3394/109
f 11/3827/40 2323/3830/3527 3159/3835/3532 2317/3836/3508
f 2323/3830/3522 708/3781/109 2325/3837/109 3159/3835/3533
f 3159/3835/3534 2325/3837/109 724/1603/109 2326/3838/3535
f 2317/3836/3536 3159/3835/3537 2326/3838/3535 716/3839/3538
f 725/1605/1284 1472/1604/1158 3160/3840/3539 1553/3841/1285
f 1472/1604/1158 724/1603/109 2325/3837/109 3160/3840/3540
f 3160/3840/3539 2325/3837/109 708/3781/109 2308/3786/3484
f 1553/3841/1285 3160/3840/3539 2308/3786/3484 709/3785/3483
f 716/3839/3541 2326/3838/3542 3161/3842/3543 2321/3843/3519
f 724/1603/109 1471/1602/109 3161/3842/3544 2326/3838/3535
f 278/1601/109 2327/3844/109 3161/3842/3545 1471/1602/109
f 726/3402/109 2171/3399/3191 3161/3842/3546 2327/3844/109
f 721/3398/89 2321/3843/3519 3161/3842/3545 2171/3399/3547
f 727/3792/3489 2309/3791/3488 3162/3845/3548 1633/3846/3549
f 2309/3791/3488 726/3402/109 2327/3844/109 3162/3845/3548
f 3162/3845/3548 2327/3844/109 278/1601/109 1469/1598/1155
f 1633/3846/1426 3162/3845/3550 1469/1598/1155 312/1597/1154
f 728/3419/109 2189/3444/109 3163/3847/109 2328/3848/109
f 612/891/109 2188/3441/109 3163/3847/109 2189/3444/109
f 177/1062/109 2328/3848/109 3163/3847/109 2188/3441/109
f 209/1233/109 2178/3420/109 3164/3849/109 1318/1234/109
f 728/3419/109 2328/3848/109 3164/3849/109 2178/3420/109
f 177/1062/109 1318/1234/109 3164/3849/109 2328/3848/109
f 242/1596/109 1468/1595/109 3165/3850/109 2329/3851/109
f 1468/1595/109 275/1583/109 1463/1586/109 3165/3850/109
f 3165/3850/109 1463/1586/109 241/1242/109 1322/1241/109
f 2329/3851/109 3165/3850/109 1322/1241/109 208/1072/109
f 729/3409/109 2174/3408/109 3166/3852/109 2330/3853/109
f 242/1596/109 2329/3851/109 3166/3852/109 2174/3408/109
f 208/1072/109 2330/3853/109 3166/3852/109 2329/3851/109
f 616/1070/109 2176/3414/109 3167/3854/109 1250/1071/109
f 729/3409/109 2330/3853/109 3167/3854/109 2176/3414/109
f 208/1072/109 1250/1071/109 3167/3854/109 2330/3853/109
f 216/1285/3551 2331/3855/3552 3168/3856/3553 1338/1286/964
f 2331/3855/3552 731/3857/3554 2332/3858/955 3168/3856/3553
f 3168/3856/3553 2332/3858/3555 730/1452/109 1408/1451/109
f 1338/1286/964 3168/3856/3553 1408/1451/109 250/1287/109
f 185/3859/637 2333/3860/3556 3169/3861/3557 1265/3862/3558
f 2333/3860/3559 732/3863/261 2334/3864/385 3169/3861/3557
f 3169/3861/3557 2334/3864/385 731/3865/3560 2331/3866/3561
f 1265/3862/838 3169/3861/3557 2331/3866/3562 216/3867/840
f 155/3868/637 2335/3869/3556 3170/3870/3563 1192/3871/637
f 2335/3869/3559 733/3872/261 2336/3873/261 3170/3870/3559
f 3170/3870/3559 2336/3873/261 732/3863/261 2333/3860/3559
f 1192/3871/637 3170/3870/3556 2333/3860/3556 185/3859/637
f 734/3874/3272 2337/3875/262 3171/3876/3564 2338/3877/3565
f 2337/3875/262 733/3872/261 2335/3869/3559 3171/3876/3564
f 3171/3876/3566 2335/3869/3567 155/3868/637 1128/3878/636
f 2338/3877/3568 3171/3876/3564 1128/3878/636 129/3879/632
f 735/3880/109 2339/3881/3569 3172/3882/3570 2340/3883/109
f 2339/3881/3571 734/3884/3282 2338/3885/3565 3172/3882/3572
f 3172/3882/3572 2338/3885/3573 129/3356/632 2155/3359/3154
f 2340/3883/109 3172/3882/3574 2155/3359/3154 128/764/109
f 736/3886/109 2341/3887/109 3173/3888/109 2342/3889/109
f 2341/3887/109 735/3880/109 2340/3883/109 3173/3888/109
f 3173/3888/109 2340/3883/109 128/764/109 1120/761/109
f 2342/3889/109 3173/3888/109 1120/761/109 150/760/109
f 737/3890/710 2343/3891/821 3174/3892/819 2344/3893/710
f 2343/3891/820 736/3886/109 2342/3889/109 3174/3892/819
f 3174/3892/819 2342/3889/109 150/760/109 1178/899/711
f 2344/3893/710 3174/3892/3575 1178/899/711 180/898/710
f 180/1083/817 1255/1082/815 3175/3894/815 2344/3895/817
f 1255/1082/815 212/1081/261 2345/3896/261 3175/3894/815
f 3175/3894/815 2345/3896/261 738/3897/261 2346/3898/815
f 2344/3895/1059 3175/3894/815 2346/3898/815 737/3899/1059
f 246/1253/261 2347/3900/261 3176/3901/261 1327/1254/261
f 2347/3900/261 739/3902/261 2348/3903/261 3176/3901/261
f 3176/3901/261 2348/3903/261 738/3897/261 2345/3896/261
f 1327/1254/261 3176/3901/261 2345/3896/261 212/1081/261
f 281/1430/1060 2349/3904/1060 3177/3905/1061 1398/1431/1061
f 2349/3904/1060 740/3906/1060 2350/3907/1061 3177/3905/1061
f 3177/3905/1062 2350/3907/1062 739/3902/261 2347/3900/261
f 1398/1431/1062 3177/3905/1062 2347/3900/261 246/1253/261
f 281/1618/1060 1477/1617/1296 3178/3908/1358 2349/3909/1060
f 1477/1617/1164 316/1616/1163 2351/3910/1163 3178/3908/1358
f 3178/3908/1358 2351/3910/1163 741/3911/1163 2352/3912/1160
f 2349/3909/1060 3178/3908/1358 2352/3912/1769 740/3913/1060
f 316/1616/1295 1560/1815/1305 3179/3914/1469 2351/3910/1443
f 1560/1815/1304 354/1814/1303 2353/3915/1468 3179/3914/1462
f 3179/3914/1469 2353/3915/1468 742/3916/1441 2354/3917/1444
f 2351/3910/1443 3179/3914/1469 2354/3917/3333 741/3911/1443
f 354/1814/1367 1596/1911/1333 3180/3918/1366 2353/3915/1332
f 1596/1911/1365 336/1719/1336 2355/3919/1336 3180/3918/1333
f 3180/3918/1333 2355/3919/1336 743/3920/1336 2356/3921/1333
f 2353/3915/1332 3180/3918/1333 2356/3921/3576 742/3916/1465
f 336/1719/1210 1518/1718/1248 3181/3922/1211 2355/3919/1210
f 1518/1718/3577 300/1539/3578 2357/3923/1340 3181/3922/1211
f 3181/3922/3577 2357/3923/1340 744/3924/1240 2358/3925/1360
f 2355/3919/1210 3181/3922/1211 2358/3925/1211 743/3920/1210
f 300/1539/1149 1443/1538/1148 3182/3926/1342 2357/3923/1340
f 1443/1538/1147 267/1387/1140 2359/3927/1140 3182/3926/1357
f 3182/3926/1357 2359/3927/1055 745/3928/1055 2360/3929/3579
f 2357/3923/1340 3182/3926/1342 2360/3929/1238 744/3924/1240
f 267/1387/1049 1378/1386/1056 3183/3930/1053 2359/3927/1049
f 1378/1386/1054 235/1385/939 2361/3931/939 3183/3930/1053
f 3183/3930/1053 2361/3931/939 746/3932/3580 2362/3933/1611
f 2359/3927/1049 3183/3930/1053 2362/3933/1052 745/3928/1055
f 235/1214/939 1309/1213/940 3184/3934/940 2361/3935/939
f 1309/1213/941 202/1043/5 2363/3936/5 3184/3934/941
f 3184/3934/941 2363/3936/5 747/3937/5 2364/3938/941
f 2361/3935/939 3184/3934/940 2364/3938/940 746/3939/939
f 748/3940/5 2365/3941/5 3185/3942/5 2366/3943/5
f 2365/3941/5 747/3937/5 2363/3936/5 3185/3942/5
f 3185/3942/5 2363/3936/5 202/1043/5 1236/1041/5
f 2366/3943/5 3185/3942/5 1236/1041/5 172/867/5
f 749/3944/617 2367/3945/707 3186/3946/942 2368/3947/617
f 2367/3945/708 748/3940/5 2366/3943/5 3186/3946/708
f 3186/3946/708 2366/3943/5 172/867/5 1162/864/708
f 2368/3947/617 3186/3946/707 1162/864/707 145/863/617
f 145/738/1260 1109/737/622 3187/3948/704 2368/3949/1260
f 1109/737/621 124/665/109 2369/3950/109 3187/3948/706
f 3187/3948/706 2369/3950/109 750/3951/109 2370/3952/705
f 2368/3949/617 3187/3948/704 2370/3952/705 749/3953/617
f 751/3954/109 2371/3955/109 3188/3956/109 2372/3957/109
f 2371/3955/109 750/3951/109 2369/3950/109 3188/3956/109
f 3188/3956/109 2369/3950/109 124/665/109 1077/662/109
f 2372/3957/109 3188/3956/109 1077/662/109 113/661/109
f 109/3352/560 2373/3958/3581 3189/3959/3582 2153/3353/3583
f 2373/3958/3584 752/3960/3296 2374/3961/3585 3189/3959/3582
f 3189/3959/3586 2374/3961/3587 751/3954/109 2372/3957/109
f 2153/3353/3149 3189/3959/3588 2372/3957/109 113/661/109
f 109/3962/560 1070/3963/557 3190/3964/3589 2373/3965/3584
f 1070/3963/557 110/3966/592 2375/3967/3590 3190/3964/3589
f 3190/3964/3591 2375/3967/3590 753/3968/5 2376/3969/2
f 2373/3965/3581 3190/3964/3592 2376/3969/2 752/3970/3593
f 754/3971/5 2377/3972/5 3191/3973/3590 2378/3974/3590
f 2377/3972/5 753/3968/5 2375/3967/3590 3191/3973/3590
f 3191/3973/3590 2375/3967/3594 110/3966/592 1092/3975/592
f 2378/3974/3590 3191/3973/3594 1092/3975/592 119/3976/592
f 755/3977/3595 2379/3978/58 3192/3979/3596 2380/3980/3597
f 2379/3978/58 754/3971/5 2378/3974/3590 3192/3979/3596
f 3192/3979/3598 2378/3974/3599 119/3976/592 1139/3981/3600
f 2380/3980/3601 3192/3979/3598 1139/3981/3600 137/3982/662
f 756/978/109 2381/3983/3602 3193/3984/3603 1210/979/109
f 2381/3983/685 755/3985/3595 2380/3986/3604 3193/3984/3603
f 3193/3984/3605 2380/3986/3606 137/952/3607 1200/955/748
f 1210/979/109 3193/3984/3603 1200/955/748 162/960/109
f 731/3857/3560 2382/3987/3608 3194/3988/3609 2332/3858/3555
f 2382/3987/3608 758/1270/835 1333/1273/955 3194/3988/3609
f 3194/3988/3610 1333/1273/955 757/1278/109 1404/1445/109
f 2332/3858/3555 3194/3988/3610 1404/1445/109 730/1452/109
f 732/3863/261 2383/3989/261 3195/3990/3323 2334/3864/385
f 2383/3989/261 759/927/261 1261/1099/385 3195/3990/3323
f 3195/3990/3323 1261/1099/385 758/1103/835 2382/3991/3611
f 2334/3864/385 3195/3990/3612 2382/3991/3608 731/3865/3560
f 733/3872/261 2384/3992/261 3196/3993/261 2336/3873/261
f 2384/3992/261 760/774/261 1188/923/261 3196/3993/261
f 3196/3993/261 1188/923/261 759/927/261 2383/3989/261
f 2336/3873/261 3196/3993/261 2383/3989/261 732/3863/261
f 761/776/264 1127/775/262 3197/3994/262 2385/3995/3325
f 1127/775/262 760/774/261 2384/3992/261 3197/3994/262
f 3197/3994/262 2384/3992/261 733/3872/261 2337/3875/262
f 2385/3995/3325 3197/3994/262 2337/3875/262 734/3874/3326
f 762/908/109 2143/3324/3613 3198/3996/3614 2386/3997/109
f 2143/3324/3615 761/3323/264 2385/3998/3329 3198/3996/3616
f 3198/3996/3617 2385/3998/3325 734/3884/3282 2339/3881/3571
f 2386/3997/109 3198/3996/3618 2339/3881/3569 735/3880/109
f 763/910/109 1183/909/109 3199/3999/109 2387/4000/109
f 1183/909/109 762/908/109 2386/3997/109 3199/3999/109
f 3199/3999/109 2386/3997/109 735/3880/109 2341/3887/109
f 2387/4000/109 3199/3999/109 2341/3887/109 736/3886/109
f 764/1089/710 1257/1088/821 3200/4001/814 2388/4002/710
f 1257/1088/821 763/910/109 2387/4000/109 3200/4001/3332
f 3200/4001/3332 2387/4000/109 736/3886/109 2343/3891/821
f 2388/4002/710 3200/4001/814 2343/3891/821 737/3890/710
f 737/3899/710 2346/3898/815 3201/4003/815 2388/4004/710
f 2346/3898/815 738/3897/261 2389/4005/261 3201/4003/815
f 3201/4003/815 2389/4005/261 765/1259/261 1328/1256/815
f 2388/4004/1059 3201/4003/815 1328/1256/815 764/1255/1059
f 739/3902/261 2390/4006/261 3202/4007/261 2348/3903/261
f 2390/4006/261 766/1432/261 1400/1435/261 3202/4007/261
f 3202/4007/261 1400/1435/261 765/1259/261 2389/4005/261
f 2348/3903/261 3202/4007/261 2389/4005/261 738/3897/261
f 740/3906/1060 2391/4008/1060 3203/4009/1061 2350/3907/1061
f 2391/4008/1060 767/1619/1060 1479/1622/1061 3203/4009/1061
f 3203/4009/1062 1479/1622/1062 766/1432/261 2390/4006/261
f 2350/3907/1062 3203/4009/1062 2390/4006/261 739/3902/261
f 740/3913/1060 2352/3912/1769 3204/4010/1161 2391/4011/1060
f 2352/3912/1160 741/3911/1163 2392/4012/1163 3204/4010/1161
f 3204/4010/1161 2392/4012/1163 768/1820/1163 1561/1817/1296
f 2391/4011/1060 3204/4010/1358 1561/1817/3619 767/1816/1060
f 741/3911/1443 2354/3917/3333 3205/4013/1462 2392/4012/1443
f 2354/3917/1444 742/3916/1441 2393/4014/1332 3205/4013/1440
f 3205/4013/1440 2393/4014/1332 769/2019/1303 1639/2017/1305
f 2392/4012/1443 3205/4013/1462 1639/2017/1439 768/1820/1443
f 742/3916/1465 2356/3921/1466 3206/4015/1470 2393/4014/1332
f 2356/3921/1333 743/3920/1336 2394/4016/1336 3206/4015/1333
f 3206/4015/1333 2394/4016/1336 770/1905/1336 1661/2073/1333
f 2393/4014/1332 3206/4015/1333 1661/2073/1470 769/2019/1303
f 743/3920/1210 2358/3925/1211 3207/4017/1211 2394/4016/1210
f 2358/3925/3620 744/3924/1240 2395/4018/1215 3207/4017/1211
f 3207/4017/1359 2395/4018/1215 771/1708/1149 1593/1906/1211
f 2394/4016/1210 3207/4017/1211 1593/1906/1211 770/1905/1210
f 744/3924/1240 2360/3929/1238 3208/4019/1236 2395/4018/1340
f 2360/3929/3579 745/3928/1055 2396/4020/1258 3208/4019/1342
f 3208/4019/1342 2396/4020/1258 772/1525/1055 1513/1709/1235
f 2395/4018/1340 3208/4019/1236 1513/1709/1235 771/1708/1149
f 745/3928/1049 2362/3933/1052 3209/4021/1051 2396/4020/1049
f 2362/3933/1611 746/3932/939 2397/4022/939 3209/4021/1053
f 3209/4021/1053 2397/4022/939 773/1529/939 1438/1526/1054
f 2396/4020/1049 3209/4021/1051 1438/1526/1054 772/1525/1049
f 746/3939/939 2364/3938/940 3210/4023/940 2397/4024/939
f 2364/3938/941 747/3937/5 2398/4025/5 3210/4023/941
f 3210/4023/941 2398/4025/5 774/1207/5 1373/1374/941
f 2397/4024/939 3210/4023/940 1373/1374/3621 773/1373/939
f 775/1036/5 1306/1208/5 3211/4026/5 2399/4027/5
f 1306/1208/5 774/1207/5 2398/4025/5 3211/4026/5
f 3211/4026/5 2398/4025/5 747/3937/5 2365/3941/5
f 2399/4027/5 3211/4026/5 2365/3941/5 748/3940/5
f 776/1038/617 1235/1037/707 3212/4028/942 2400/4029/617
f 1235/1037/708 775/1036/5 2399/4027/5 3212/4028/708
f 3212/4028/708 2399/4027/5 748/3940/5 2367/3945/708
f 2400/4029/617 3212/4028/707 2367/3945/707 749/3944/617
f 749/3953/709 2370/3952/705 3213/4030/3622 2400/4031/617
f 2370/3952/705 750/3951/109 2401/4032/109 3213/4030/3335
f 3213/4030/3335 2401/4032/109 777/728/109 1159/858/705
f 2400/4031/617 3213/4030/620 1159/858/705 776/857/617
f 778/730/109 1105/729/109 3214/4033/109 2402/4034/109
f 1105/729/109 777/728/109 2401/4032/109 3214/4033/109
f 3214/4033/109 2401/4032/109 750/3951/109 2371/3955/109
f 2402/4034/109 3214/4033/109 2371/3955/109 751/3954/109
f 752/3960/3296 2403/4035/3623 3215/4036/3624 2374/3961/3585
f 2403/4035/3344 779/3344/3625 2151/3347/3626 3215/4036/3627
f 3215/4036/3624 2151/3347/3628 778/730/109 2402/4034/109
f 2374/3961/3585 3215/4036/3629 2402/4034/109 751/3954/109
f 752/3970/3630 2376/3969/2 3216/4037/2 2403/4038/3344
f 2376/3969/2 753/3968/5 2404/4039/5 3216/4037/2
f 3216/4037/2 2404/4039/5 780/632/5 1063/629/2
f 2403/4038/3344 3216/4037/2 1063/629/2 779/628/1
f 781/649/5 1072/648/5 3217/4040/5 2405/4041/5
f 1072/648/5 780/632/5 2404/4039/5 3217/4040/5
f 3217/4040/5 2404/4039/5 753/3968/5 2377/3972/5
f 2405/4041/5 3217/4040/5 2377/3972/5 754/3971/5
f 782/712/3631 1098/711/58 3218/4042/3632 2406/4043/3346
f 1098/711/58 781/649/5 2405/4041/5 3218/4042/3345
f 3218/4042/3345 2405/4041/5 754/3971/5 2379/3978/58
f 2406/4043/3633 3218/4042/3345 2379/3978/58 755/3977/3595
f 783/831/109 1147/830/685 3219/4044/3349 1209/977/109
f 1147/830/683 782/829/601 2406/4045/3350 3219/4044/3349
f 3219/4044/3634 2406/4045/3635 755/3985/3636 2381/3983/685
f 1209/977/109 3219/4044/3349 2381/3983/3602 756/978/109
f 808/4046/694 2407/4047/3637 3220/4048/3638 1149/4049/689
f 2407/4047/3637 811/4050/109 2408/4051/109 3220/4048/3639
f 3220/4048/3640 2408/4051/109 784/849/109 2147/3336/3641
f 1149/4049/689 3220/4048/3639 2147/3336/3642 140/3335/687
f 785/851/702 1155/850/700 3221/4052/3643 1221/4053/3644
f 1155/850/700 784/849/109 2408/4051/109 3221/4052/3643
f 3221/4052/3643 2408/4051/109 811/4050/109 2409/4054/3645
f 1221/4053/3646 3221/4052/3643 2409/4054/3645 812/4055/800
f 165/4056/3647 1215/4057/3648 3222/4058/3649 2410/4059/3650
f 1215/4057/3651 169/3325/3114 2144/3328/3117 3222/4058/3649
f 3222/4058/3649 2144/3328/3121 791/3330/109 2411/4060/109
f 2410/4059/3652 3222/4058/3653 2411/4060/109 786/4061/109
f 787/4062/897 2412/4063/3654 3223/4064/3655 1288/4065/3656
f 2412/4063/3654 786/4061/109 2413/4066/109 3223/4064/3657
f 3223/4064/3657 2413/4066/109 170/1026/109 1297/1188/934
f 1288/4065/3656 3223/4064/3657 1297/1188/934 198/1187/933
f 788/3338/109 2148/3337/109 3224/4067/109 2414/4068/109
f 784/849/109 1154/848/109 3224/4067/109 2148/3337/109
f 141/847/109 2414/4068/109 3224/4067/109 1154/848/109
f 123/732/109 2150/3343/109 3225/4069/109 1158/856/109
f 788/3338/109 2414/4068/109 3225/4069/109 2150/3343/109
f 141/847/109 1158/856/109 3225/4069/109 2414/4068/109
f 789/3355/109 2154/3354/109 3226/4070/109 2415/4071/109
f 113/661/109 1078/664/109 3226/4070/109 2154/3354/109
f 114/669/109 2415/4071/109 3226/4070/109 1078/664/109
f 609/670/109 2184/3434/109 3227/4072/109 2185/3436/109
f 789/3355/109 2415/4071/109 3227/4072/109 2184/3434/109
f 114/669/109 2185/3436/109 3227/4072/109 2415/4071/109
f 790/3362/109 2159/3368/109 3228/4073/109 2416/4074/109
f 613/751/109 1117/754/109 3228/4073/109 2159/3368/109
f 132/759/109 2416/4074/109 3228/4073/109 1117/754/109
f 128/764/109 2157/3363/109 3229/4075/109 1122/765/109
f 790/3362/109 2416/4074/109 3229/4075/109 2157/3363/109
f 132/759/109 1122/765/109 3229/4075/109 2416/4074/109
f 791/3330/109 2145/3329/109 3230/4076/109 2417/4077/109
f 152/904/109 1230/1027/109 3230/4076/109 2145/3329/109
f 170/1026/109 2417/4077/109 3230/4076/109 1230/1027/109
f 786/4061/109 2411/4060/109 3231/4078/109 2413/4066/109
f 791/3330/109 2417/4077/109 3231/4078/109 2411/4060/109
f 170/1026/109 2413/4066/109 3231/4078/109 2417/4077/109
f 412/4079/1671 2418/4080/3658 3232/4081/3659 1758/4082/1674
f 2418/4080/3660 794/2047/448 1711/2204/1572 3232/4081/3661
f 3232/4081/3661 1711/2204/494 793/2203/1570 2289/4083/3662
f 1758/4082/1674 3232/4081/3659 2289/4083/3420 437/4084/1675
f 388/4085/1671 2419/4086/3658 3233/4087/3658 1702/4088/1671
f 2419/4086/3660 795/1854/448 1651/2048/448 3233/4087/3660
f 3233/4087/3660 1651/2048/448 794/2047/448 2418/4080/3660
f 1702/4088/1671 3233/4087/3658 2418/4080/3658 412/4079/1671
f 356/4089/1671 2420/4090/3658 3234/4091/3658 1642/4092/1671
f 2420/4090/3660 796/1652/448 1573/1855/448 3234/4091/3660
f 3234/4091/3660 1573/1855/448 795/1854/448 2419/4086/3660
f 1642/4092/1671 3234/4091/3658 2419/4086/3658 388/4085/1671
f 318/4093/1168 2421/4094/3663 3235/4095/3664 1564/4096/3665
f 2421/4094/3663 797/1654/1081 1490/1653/3666 3235/4095/3667
f 3235/4095/3667 1490/1653/3666 796/1652/448 2420/4090/3660
f 1564/4096/3668 3235/4095/3664 2420/4090/3658 356/4089/1671
f 284/1447/109 2422/4097/109 3236/4098/3669 1481/1625/1166
f 2422/4097/109 798/1321/109 1417/1474/1082 3236/4098/3669
f 3236/4098/3669 1417/1474/1082 797/1473/1081 2421/4099/3670
f 1481/1625/3671 3236/4098/3669 2421/4099/3672 318/1627/3673
f 254/1470/109 2423/4100/109 3237/4101/109 1414/1466/109
f 799/1323/109 1354/1322/109 3237/4101/109 2423/4100/109
f 798/1321/109 2422/4097/109 3237/4101/109 1354/1322/109
f 284/1447/109 1405/1446/109 3237/4101/109 2422/4097/109
f 249/1276/109 1403/1443/109 3237/4101/109 1405/1446/109
f 283/1442/109 1414/1466/109 3237/4101/109 1403/1443/109
f 221/1468/3674 2424/4102/3675 3238/4103/3676 1415/1469/3677
f 2424/4102/3675 800/4104/3678 2425/4105/3679 3238/4103/3676
f 3238/4103/3676 2425/4105/3679 799/1323/109 2423/4100/109
f 1415/1469/1077 3238/4103/3676 2423/4100/109 254/1470/109
f 194/4106/886 2426/4107/3680 3239/4108/3681 1346/4109/975
f 2426/4107/3682 801/4110/772 2427/4111/865 3239/4108/3683
f 3239/4108/3681 2427/4111/865 800/4112/3678 2424/4113/3684
f 1346/4109/977 3239/4108/3681 2424/4113/3684 221/4114/3685
f 164/4115/778 2428/4116/3686 3240/4117/3687 1284/4118/885
f 2428/4116/3686 802/4119/692 2429/4120/768 3240/4117/3687
f 3240/4117/3687 2429/4120/768 801/4110/772 2426/4107/3682
f 1284/4118/885 3240/4117/3688 2426/4107/3680 194/4106/886
f 803/4121/3689 2430/4122/3690 3241/4123/3691 2431/4124/3692
f 2430/4122/3690 802/4119/692 2428/4116/3686 3241/4123/3691
f 3241/4123/3691 2428/4116/3686 164/4115/778 1214/4125/777
f 2431/4124/3693 3241/4123/3691 1214/4125/777 165/4126/773
f 800/4104/3678 2432/4127/3694 3242/4128/3695 2425/4105/3679
f 2432/4127/3694 805/1308/981 1348/1311/983 3242/4128/3695
f 3242/4128/3696 1348/1311/983 804/1313/109 1352/1319/109
f 2425/4105/3679 3242/4128/3695 1352/1319/109 799/1323/109
f 801/4110/772 2433/4129/772 3243/4130/3697 2427/4111/865
f 2433/4129/772 806/986/772 1275/1136/865 3243/4130/3697
f 3243/4130/3698 1275/1136/868 805/1138/870 2432/4131/3699
f 2427/4111/865 3243/4130/3698 2432/4131/3699 800/4112/3678
f 802/4119/692 2434/4132/692 3244/4133/768 2429/4120/768
f 2434/4132/692 807/840/692 1212/983/768 3244/4133/768
f 3244/4133/768 1212/983/768 806/986/772 2433/4129/772
f 2429/4120/768 3244/4133/768 2433/4129/772 801/4110/772
f 808/842/694 1151/841/693 3245/4134/3700 2435/4135/3701
f 1151/841/693 807/840/692 2434/4132/692 3245/4134/3700
f 3245/4134/3700 2434/4132/692 802/4119/692 2430/4122/3690
f 2435/4135/3701 3245/4134/3700 2430/4122/3702 803/4121/3689
f 809/1019/109 2436/4136/3703 3246/4137/3704 813/4138/109
f 2436/4136/3705 803/4139/3706 2431/4140/3707 3246/4137/3708
f 3246/4137/3709 2431/4140/3707 165/4056/3710 2410/4059/3711
f 813/4138/109 3246/4137/3704 2410/4059/3712 786/4061/109
f 810/1021/811 1227/1020/810 3247/4141/3713 1287/4142/3714
f 1227/1020/810 809/1019/109 813/4138/109 3247/4141/3713
f 3247/4141/3713 813/4138/109 786/4061/109 2412/4063/3654
f 1287/4142/3714 3247/4141/3713 2412/4063/3654 787/4062/897
f 142/1017/109 814/4143/109 3248/4144/3715 1226/1018/109
f 811/4050/109 2407/4047/3637 3248/4144/3716 814/4143/109
f 808/4046/694 2435/4145/3717 3248/4144/3716 2407/4047/3718
f 803/4139/3706 2436/4136/3719 3248/4144/3720 2435/4145/3721
f 809/1019/109 1226/1018/109 3248/4144/3715 2436/4136/3705
f 812/4055/800 2409/4054/3645 3249/4146/3722 1218/4147/789
f 2409/4054/3645 811/4050/109 814/4143/109 3249/4146/3722
f 3249/4146/3722 814/4143/109 142/1017/109 1224/1014/807
f 1218/4147/789 3249/4146/3722 1224/1014/807 167/1013/806
f 792/2332/534 1765/2331/534 3250/4148/534 2288/3713/534
f 682/2057/535 1819/2466/535 3250/4148/535 1765/2331/535
f 686/2465/536 2288/3713/536 3250/4148/536 1819/2466/536
