# Blender 4.4.3
# www.blender.org
o Leg1.001
v -0.683848 -0.076106 1.396241
v -0.675637 -0.169041 1.393791
v -0.683848 0.406917 1.396240
v -0.700624 -0.076133 1.770323
v -0.693173 -0.169043 1.772288
v -0.381188 -0.172690 1.346258
v -0.145722 -0.172690 1.229972
v -0.683848 0.806106 1.396240
v -0.700624 0.406770 1.770323
v -0.612311 -0.172714 1.423946
v -0.630274 -0.172714 1.784853
v -0.704911 -0.076133 1.871737
v -0.702076 -0.166187 1.872605
v -0.499481 -0.172690 1.579246
v -0.345273 -0.171065 1.396317
v -0.133335 -0.171065 1.273955
v 0.127975 -0.172690 1.229971
v -0.676078 0.887370 1.396241
v -0.700624 0.805898 1.770323
v -0.704911 0.406760 1.871737
v -0.510946 -0.172698 1.862378
v -0.709258 -0.076133 1.995866
v -0.701608 -0.169043 1.994095
v -0.467635 -0.171065 1.608254
v 0.111389 -0.171065 1.273955
v -0.343486 -0.134789 1.398103
v -0.132681 -0.134789 1.276395
v 0.357570 -0.172690 1.346259
v 0.613958 -0.172789 1.375934
v -0.579535 0.891921 1.396255
v -0.692707 0.887152 1.770326
v -0.704911 0.805827 1.871737
v -0.709258 0.406614 1.995866
v -0.634946 -0.172714 1.976790
v -0.467635 -0.171065 1.852978
v -0.723951 -0.076133 2.421022
v -0.715872 -0.169043 2.421026
v -0.465195 -0.134789 1.608908
v 0.323327 -0.171065 1.396316
v 0.110735 -0.134789 1.276395
v -0.343486 0.032287 1.398103
v -0.132681 0.032287 1.276395
v 0.473388 -0.172690 1.579267
v 0.559793 -0.172730 1.420848
v 0.652954 -0.172793 1.375232
v -0.216293 0.891921 1.396307
v -0.594404 0.891703 1.770353
v -0.699831 0.893466 1.871285
v -0.709258 0.804796 1.995866
v -0.723951 0.406086 2.421022
v -0.612051 -0.172714 2.416913
v -0.387174 -0.172690 2.117971
v -0.345273 -0.171065 2.064916
v -0.465194 -0.134789 1.852324
v -0.719252 -0.068460 2.519530
v -0.712818 -0.163909 2.515667
v -0.465195 0.032287 1.608908
v 0.445689 -0.171065 1.608254
v 0.321541 -0.134789 1.398103
v 0.110735 0.032287 1.276395
v -0.345032 0.068213 1.396557
v -0.133247 0.068213 1.274283
v 0.481631 -0.172699 1.862437
v 0.564814 -0.172714 1.785231
v 0.670835 -0.169110 1.374295
v 0.618146 -0.172714 1.778806
v 0.656366 -0.172714 1.778744
v 0.211773 0.891921 1.396368
v -0.224909 0.891703 1.770456
v -0.598054 0.899093 1.863669
v -0.709258 0.893242 1.995866
v -0.723951 0.801059 2.421022
v -0.719252 0.406716 2.519530
v -0.625813 -0.147576 2.521374
v -0.150004 -0.172690 2.237001
v -0.227228 -0.172714 2.454899
v -0.133335 -0.171065 2.187279
v -0.343486 -0.134789 2.063130
v -0.465194 0.032287 1.852324
v -0.658885 -0.008052 2.524537
v -0.467306 0.068213 1.608342
v 0.445689 -0.171065 1.852978
v 0.443249 -0.134789 1.608908
v 0.321541 0.032287 1.398103
v 0.111301 0.068213 1.274283
v -0.374552 0.070331 1.366849
v -0.146762 0.070331 1.246519
v 0.563619 -0.172714 1.977263
v 0.674066 -0.169043 1.772665
v 0.672968 -0.077400 1.379953
v 0.529857 0.891921 1.396363
v 0.209804 0.891703 1.770579
v -0.227315 0.899093 1.863786
v -0.598321 0.982131 1.870512
v -0.697258 0.982063 1.878582
v -0.709258 0.981079 1.995866
v -0.723951 0.888830 2.421022
v -0.719252 0.797002 2.519530
v -0.659378 0.412285 2.524537
v -0.235485 -0.144336 2.519811
v 0.126389 -0.172690 2.237033
v 0.193469 -0.172714 2.455123
v 0.111389 -0.171065 2.187279
v -0.132681 -0.134789 2.184839
v -0.343486 0.032287 2.063130
v -0.467306 0.068213 1.852890
v -0.577283 0.087686 2.524707
v -0.514358 0.029690 2.524742
v -0.486639 0.070331 1.615007
v 0.358002 -0.172690 2.118050
v 0.323327 -0.171065 2.064916
v 0.443249 -0.134789 1.852324
v 0.443249 0.032287 1.608908
v 0.323086 0.068213 1.396557
v 0.122707 0.070331 1.246463
v -0.514230 0.070450 1.248412
v 0.532345 -0.172714 2.417529
v 0.675918 -0.166187 1.873037
v 0.676080 -0.077006 1.770702
v 0.619383 -0.172714 1.989521
v 0.657647 -0.172714 1.989461
v 0.531874 0.891703 1.770676
v 0.614243 0.891921 1.396054
v 0.208873 0.899093 1.863925
v -0.227491 0.982131 1.870630
v -0.598321 1.228983 1.870512
v -0.697258 1.228965 1.878582
v -0.723951 0.977511 2.421022
v -0.709258 1.228703 1.995866
v -0.719252 0.883660 2.519530
v -0.659378 0.773316 2.524537
v -0.580600 0.420025 2.524705
v 0.199259 -0.144336 2.520067
v 0.110735 -0.134789 2.184839
v -0.132681 0.032287 2.184839
v -0.345032 0.068213 2.064676
v -0.493102 0.070374 1.882595
v -0.493922 0.068433 2.524010
v -0.553549 0.113118 2.523977
v -0.531049 0.070450 1.681469
v 0.321541 -0.134789 2.063130
v 0.443249 0.032287 1.852324
v 0.445361 0.068213 1.608342
v 0.346974 0.070331 1.360967
v -0.551354 0.098938 1.167827
v 0.622035 -0.172714 2.421767
v 0.675415 -0.169043 1.994595
v 0.676669 -0.076918 1.872169
v 0.676080 0.401533 1.770702
v 0.672968 0.399215 1.411554
v 0.660276 -0.172714 2.421770
v 0.652954 0.891921 1.396001
v 0.618096 0.891703 1.770700
v 0.532103 0.899093 1.864035
v 0.208804 0.982131 1.870770
v -0.227491 1.228983 1.870630
v -0.598575 1.311377 1.878613
v -0.691292 1.305710 1.884884
v -0.719252 0.971249 2.519530
v -0.723951 1.227752 2.421022
v -0.701282 1.311354 1.995869
v -0.659378 0.852869 2.524537
v -0.580600 0.742460 2.524705
v -0.556569 0.424799 2.523975
v -0.204487 0.027950 2.524919
v 0.168109 0.027950 2.525141
v 0.541283 -0.147599 2.522069
v 0.110735 0.032287 2.184839
v -0.133247 0.068213 2.186950
v -0.373894 0.070331 2.118572
v -0.532435 0.070450 1.969779
v -0.491899 0.070450 2.501331
v -0.551106 0.098938 2.478463
v -0.195986 0.068433 2.524179
v -0.551690 0.114962 1.731533
v 0.321541 0.032287 2.063130
v 0.445361 0.068213 1.852890
v 0.459406 0.070331 1.578668
v 0.455180 0.070450 1.258069
v 0.622641 -0.167767 2.520326
v 0.678014 -0.169043 2.421770
v 0.677452 -0.076918 1.996369
v 0.676669 0.402048 1.872169
v 0.676080 0.805025 1.770702
v 0.672968 0.804822 1.399048
v 0.660901 -0.169043 2.520330
v 0.656209 0.891703 1.770702
v 0.670835 0.887370 1.396001
v 0.618613 0.899093 1.864061
v 0.532120 0.982131 1.870880
v 0.208804 1.228983 1.870770
v -0.227655 1.311377 1.878733
v -0.602251 1.318660 1.995905
v -0.659378 0.930930 2.524537
v -0.719252 1.219968 2.519530
v -0.715873 1.311277 2.421026
v -0.580600 0.812668 2.524705
v -0.556569 0.733963 2.523975
v -0.554437 0.425418 2.465146
v 0.453145 0.029684 2.525309
v 0.111301 0.068213 2.186950
v -0.146688 0.070331 2.240267
v -0.510046 0.070450 2.379367
v -0.530048 0.070450 2.063749
v -0.551686 0.114962 2.049749
v -0.190911 0.070450 2.478088
v 0.159268 0.068433 2.524391
v -0.554020 0.425418 1.738201
v -0.553681 0.425418 1.179788
v 0.323086 0.068213 2.064676
v 0.459286 0.070331 1.914464
v 0.481148 0.098938 1.186934
v 0.622672 -0.069241 2.525299
v 0.676955 -0.166187 2.516462
v 0.680148 -0.076918 2.421770
v 0.677452 0.401902 1.996369
v 0.676669 0.805042 1.872169
v 0.673947 0.887152 1.770702
v 0.660932 -0.076918 2.525303
v 0.656746 0.899093 1.864063
v 0.618650 0.982131 1.870907
v 0.532120 1.228983 1.870880
v 0.208749 1.311377 1.878874
v -0.230019 1.318660 1.996043
v -0.615577 1.318660 2.421080
v -0.659039 1.160195 2.524537
v -0.580600 0.878293 2.524705
v -0.712818 1.303448 2.515667
v -0.556569 0.801127 2.523975
v -0.554437 0.733297 2.465146
v -0.554273 0.425418 2.160917
v -0.551678 0.114962 2.150108
v 0.436800 0.068433 2.524553
v 0.503500 0.087592 2.525338
v 0.569171 -0.008712 2.525265
v 0.122585 0.070331 2.240632
v -0.554215 0.425418 2.060273
v 0.155693 0.070450 2.478613
v -0.509668 0.730234 1.738225
v -0.509329 0.730234 1.179813
v 0.346808 0.070331 2.123024
v 0.481565 0.149582 1.736385
v 0.481391 0.149582 2.021661
v 0.481318 0.149582 2.149782
v 0.480324 0.098938 2.463863
v 0.454164 0.070450 2.360565
v -0.197518 0.773618 1.179989
v 0.678639 -0.076918 2.520330
v 0.680148 0.401373 2.421770
v 0.677452 0.804011 1.996369
v 0.675299 0.893466 1.871715
v 0.622672 0.402237 2.525299
v 0.660932 0.401245 2.525303
v 0.656785 0.982131 1.870909
v 0.618650 1.228983 1.870907
v 0.532149 1.311377 1.878986
v 0.207942 1.318660 1.996207
v -0.238588 1.318660 2.421285
v -0.626402 1.291072 2.521374
v -0.578370 1.064446 2.524706
v -0.556569 0.863403 2.523975
v -0.554437 0.800179 2.465146
v -0.554273 0.733297 2.160916
v 0.435543 0.070450 2.504430
v 0.482346 0.113118 2.524580
v 0.569461 0.409601 2.525264
v 0.505372 0.419676 2.525339
v -0.525838 0.747813 2.074155
v -0.197856 0.773618 1.738402
v 0.482226 0.425418 1.203410
v 0.481692 0.425418 2.060876
v 0.481887 0.425418 1.742640
v 0.481634 0.425418 2.161519
v 0.481469 0.425418 2.465749
v 0.160457 0.773618 1.180203
v 0.678639 0.401251 2.520330
v 0.680148 0.800274 2.421770
v 0.677452 0.893242 1.996369
v 0.622672 0.796229 2.525299
v 0.660932 0.799364 2.525303
v 0.656785 1.228983 1.870909
v 0.674575 0.982063 1.879015
v 0.618700 1.311377 1.879013
v 0.532568 1.318660 1.996335
v 0.205018 1.318660 2.421528
v -0.235639 1.288966 2.519811
v -0.520879 1.106706 2.524738
v -0.554867 1.038641 2.523976
v -0.554437 0.862199 2.465146
v -0.554273 0.800179 2.160916
v 0.483536 0.424799 2.524580
v 0.569461 0.772962 2.525264
v 0.505372 0.742417 2.525339
v -0.198050 0.776681 2.058768
v 0.160119 0.773618 1.738616
v 0.456443 0.747813 2.074727
v 0.442448 0.730234 1.739420
v 0.481634 0.733297 2.161519
v 0.481469 0.733297 2.465749
v 0.442787 0.730234 1.184205
v 0.678639 0.799407 2.520330
v 0.680148 0.888830 2.421770
v 0.677452 0.981079 1.996369
v 0.622672 0.883628 2.525299
v 0.660932 0.887756 2.525303
v 0.656837 1.311377 1.879015
v 0.674575 1.228965 1.879015
v 0.619421 1.318660 1.996367
v 0.534086 1.318660 2.421719
v 0.199160 1.288966 2.520067
v -0.501833 1.066990 2.524006
v -0.552858 1.036737 2.465147
v -0.554273 0.862199 2.160917
v -0.509887 0.800179 2.100521
v 0.483536 0.733963 2.524580
v 0.569461 0.852986 2.525264
v 0.505372 0.812687 2.525339
v -0.198074 0.800179 2.098991
v 0.159925 0.776681 2.058981
v 0.481634 0.800179 2.161519
v 0.442229 0.800179 2.101076
v 0.481469 0.800179 2.465749
v 0.678639 0.887808 2.520330
v 0.680148 0.977511 2.421770
v 0.677452 1.228703 1.996369
v 0.622672 0.971232 2.525299
v 0.660932 0.976642 2.525303
v 0.657580 1.318660 1.996370
v 0.672955 1.305710 1.885319
v 0.622035 1.318660 2.421767
v 0.540904 1.291093 2.522069
v 0.167402 1.108787 2.525141
v -0.205574 1.108787 2.524918
v -0.197304 1.066990 2.524178
v -0.500614 1.064973 2.465176
v -0.552585 1.036737 2.160918
v -0.511934 0.863611 2.100520
v 0.483536 0.801127 2.524580
v 0.569461 0.931083 2.525264
v 0.505372 0.878318 2.525339
v -0.200121 0.863611 2.098990
v 0.159901 0.800179 2.099205
v 0.481634 0.862199 2.161519
v 0.444035 0.863611 2.101078
v 0.481469 0.862199 2.465749
v 0.678639 0.976684 2.520330
v 0.680148 1.227752 2.421770
v 0.675318 1.311354 1.996369
v 0.622672 1.219993 2.525299
v 0.660932 1.227521 2.525303
v 0.660276 1.318660 2.421770
v 0.622641 1.310108 2.520326
v 0.448905 1.106712 2.525307
v -0.196695 1.064973 2.465347
v 0.158368 1.066990 2.524391
v -0.499797 1.064973 2.160947
v -0.535888 1.017285 2.101835
v 0.483536 0.863403 2.524580
v 0.569072 1.160408 2.525265
v 0.502793 1.064481 2.525338
v -0.198840 1.038149 2.100698
v -0.471439 1.054934 2.101871
v 0.161707 0.863611 2.099205
v 0.479930 1.036737 2.161518
v 0.465129 1.017285 2.102418
v 0.479564 1.036737 2.465748
v 0.678639 1.227532 2.520330
v 0.678014 1.311277 2.421770
v 0.660901 1.311258 2.520330
v 0.431396 1.066990 2.524550
v -0.196421 1.064973 2.161119
v 0.157796 1.064973 2.465559
v 0.481445 1.038641 2.524579
v 0.160457 1.038149 2.100912
v 0.407358 1.054934 2.102384
v 0.431969 1.064973 2.161490
v 0.430599 1.064973 2.465719
v 0.676955 1.305503 2.516462
v 0.158162 1.064973 2.161330
v -0.663189 -0.169038 1.173107
v -0.683848 -0.158023 1.396240
v -0.672540 -0.076027 1.182907
v -0.597282 -0.172714 1.227815
v -0.651003 -0.172714 1.386444
v -0.683848 0.140263 1.396240
v -0.672540 0.407357 1.182907
v -0.685729 -0.169043 1.606708
v -0.700624 -0.158028 1.770323
v -0.693600 -0.076133 1.606707
v -0.458565 -0.172714 1.226450
v -0.273930 -0.172690 1.272813
v -0.683847 0.639685 1.396240
v -0.672540 0.806729 1.182906
v -0.700624 0.140180 1.770323
v -0.693600 0.406770 1.606707
v -0.670818 -0.172714 1.778181
v -0.622317 -0.172714 1.622206
v -0.703749 -0.076133 1.843109
v -0.697675 -0.169043 1.850960
v -0.704910 -0.158028 1.871737
v -0.553535 -0.172714 1.503339
v -0.455658 -0.172690 1.452345
v -0.135297 -0.172618 1.266633
v -0.247217 -0.171065 1.321431
v -0.350632 -0.172618 1.390957
v -0.008402 -0.172690 1.215690
v -0.683847 0.873716 1.396240
v -0.664955 0.888023 1.182907
v -0.693600 0.805898 1.606707
v -0.700624 0.639499 1.770323
v -0.703749 0.406770 1.843109
v -0.704910 0.140180 1.871737
v -0.577403 -0.172714 1.789163
v -0.514797 -0.172690 1.715129
v -0.706044 -0.076133 1.902882
v -0.699396 -0.169043 1.895790
v -0.709258 -0.158028 1.995866
v -0.420159 -0.171065 1.494373
v -0.474956 -0.172618 1.606292
v 0.113350 -0.172618 1.266634
v -0.010973 -0.171065 1.258129
v -0.132681 -0.166597 1.276395
v -0.245954 -0.134789 1.323617
v -0.343486 -0.166597 1.398103
v 0.253355 -0.172690 1.272812
v 0.429933 -0.172714 1.226456
v 0.589712 -0.172777 1.373630
v 0.550977 -0.172777 1.214892
v -0.652770 0.891921 1.396245
v -0.570469 0.892576 1.182914
v -0.685729 0.887152 1.606708
v -0.700624 0.873500 1.770323
v -0.703749 0.805898 1.843109
v -0.704910 0.639459 1.871737
v -0.706044 0.406730 1.902882
v -0.709258 0.140180 1.995866
v -0.638216 -0.172714 1.873537
v -0.678659 -0.172714 1.988783
v -0.570116 -0.172714 1.958611
v -0.483460 -0.171065 1.730616
v -0.474956 -0.172618 1.854940
v -0.716658 -0.076133 2.210009
v -0.708631 -0.169043 2.210013
v -0.723951 -0.158028 2.421022
v -0.417972 -0.134789 1.495635
v -0.465194 -0.166597 1.608908
v 0.328686 -0.172618 1.390957
v 0.225271 -0.171065 1.321431
v 0.110735 -0.166597 1.276395
v -0.010973 -0.134789 1.260654
v -0.132681 -0.051214 1.276395
v -0.245954 0.032287 1.323617
v -0.343486 -0.051214 1.398103
v 0.430452 -0.172690 1.452355
v 0.515001 -0.172714 1.503424
v 0.635584 -0.172793 1.376065
v -0.421985 0.891921 1.396278
v -0.213885 0.892576 1.182940
v -0.588006 0.891703 1.606730
v -0.668954 0.891703 1.770332
v -0.695811 0.887152 1.843111
v -0.704910 0.873417 1.871737
v -0.706044 0.805614 1.902882
v -0.709258 0.638876 1.995866
v -0.716658 0.406348 2.210009
v -0.723951 0.140180 2.421022
v -0.633345 -0.172714 2.180742
v -0.691639 -0.172714 2.421039
v -0.482508 -0.172714 2.246768
v -0.460400 -0.172690 2.003727
v -0.420159 -0.171065 1.966860
v -0.350632 -0.172618 2.070276
v -0.480935 -0.134789 1.730616
v -0.465194 -0.166597 1.852324
v -0.726839 -0.076133 2.504614
v -0.718741 -0.169043 2.504619
v -0.719252 -0.152903 2.519530
v -0.417972 0.032287 1.495635
v -0.465194 -0.051214 1.608908
v 0.453010 -0.172618 1.606292
v 0.398213 -0.171065 1.494373
v 0.321541 -0.166597 1.398103
v 0.224008 -0.134789 1.323617
v 0.110735 -0.051214 1.276395
v -0.010973 0.032287 1.260654
v -0.132681 0.063873 1.276395
v -0.247047 0.068213 1.321725
v -0.343486 0.063873 1.398103
v 0.487768 -0.172690 1.715163
v 0.563242 -0.172714 1.622443
v 0.529314 -0.172714 1.789358
v 0.664434 -0.172793 1.374644
v 0.617192 -0.172714 1.606998
v 0.655267 -0.172714 1.606999
v 0.639315 -0.172714 1.778808
v 0.594138 -0.172714 1.778800
v 0.001364 0.891921 1.396338
v 0.208613 0.892576 1.182971
v -0.434095 0.891703 1.770398
v -0.220690 0.891703 1.606809
v -0.597251 0.891703 1.843141
v -0.672854 0.899093 1.863646
v -0.706044 0.894206 1.902882
v -0.709258 0.872209 1.995866
v -0.716658 0.802914 2.210009
v -0.723951 0.636761 2.421022
v -0.726839 0.405982 2.504614
v -0.719252 0.145248 2.519530
v -0.618197 -0.172714 2.504676
v -0.694948 -0.163918 2.519544
v -0.188893 -0.172714 2.344685
v -0.279498 -0.172690 2.194144
v -0.429129 -0.172714 2.448636
v -0.247217 -0.171065 2.139803
v -0.135297 -0.172618 2.194600
v -0.417972 -0.134789 1.965598
v -0.343486 -0.166597 2.063130
v -0.480935 0.032287 1.730616
v -0.465194 -0.051214 1.852324
v -0.657407 -0.100737 2.524538
v -0.695115 -0.045441 2.524515
v -0.419865 0.068213 1.494543
v -0.465194 0.063873 1.608908
v 0.453010 -0.172618 1.854940
v 0.461514 -0.171065 1.730616
v 0.443249 -0.166597 1.608908
v 0.396027 -0.134789 1.495635
v 0.321541 -0.051214 1.398103
v 0.224008 0.032287 1.323617
v 0.110735 0.063873 1.276395
v -0.010973 0.068213 1.258469
v -0.134945 0.069976 1.267948
v -0.279132 0.070332 1.286802
v -0.349670 0.069976 1.391919
v 0.567506 -0.172714 1.874257
v 0.518047 -0.172714 1.958870
v 0.673005 -0.169042 1.606999
v 0.668022 -0.172714 1.778556
v 0.672968 -0.158063 1.374178
v 0.395718 0.891921 1.396396
v 0.526043 0.892576 1.182782
v -0.003731 0.891703 1.770518
v 0.211436 0.891703 1.606904
v -0.226786 0.891703 1.843255
v -0.437205 0.899093 1.863720
v -0.697258 0.921184 1.878582
v -0.673140 0.982131 1.870488
v -0.598321 0.921264 1.870512
v -0.709258 0.920022 1.995866
v -0.706044 0.981860 1.902882
v -0.716658 0.891019 2.210009
v -0.723951 0.867831 2.421022
v -0.726839 0.800324 2.504614
v -0.719252 0.634439 2.519530
v -0.695115 0.408967 2.524515
v -0.659378 0.182806 2.524537
v -0.444353 -0.144336 2.519690
v -0.240273 -0.172714 2.504894
v 0.160273 -0.172714 2.344812
v -0.011324 -0.172690 2.251298
v -0.013498 -0.172714 2.457064
v -0.010973 -0.171065 2.203104
v 0.113350 -0.172618 2.194600
v -0.245954 -0.134789 2.137616
v -0.132681 -0.166597 2.184839
v -0.417972 0.032287 1.965598
v -0.343486 -0.051214 2.063130
v -0.483120 0.068213 1.730616
v -0.465194 0.063873 1.852324
v -0.556306 -0.052241 2.524597
v -0.567333 0.034911 2.524713
v -0.615017 0.042732 2.524564
v -0.444148 0.070332 1.482212
v -0.473642 0.069976 1.606644
v 0.328686 -0.172618 2.070276
v 0.430979 -0.172690 2.003799
v 0.398213 -0.171065 1.966860
v 0.443249 -0.166597 1.852324
v 0.458990 -0.134789 1.730616
v 0.443249 -0.051214 1.608908
v 0.396027 0.032287 1.495635
v 0.321541 0.063873 1.398103
v 0.225101 0.068213 1.321725
v 0.112999 0.069976 1.267948
v -0.011608 0.070332 1.233101
v -0.177688 0.070450 1.199130
v -0.474613 0.070450 1.174845
v -0.436832 0.070450 1.304007
v 0.557491 -0.172714 2.181251
v 0.431659 -0.172714 2.247081
v 0.676080 -0.158028 1.770702
v 0.675139 -0.077269 1.606999
v 0.668863 0.401190 1.243502
v 0.672968 0.135129 1.397277
v 0.657257 -0.172714 1.875696
v 0.640595 -0.172714 1.989524
v 0.618698 -0.172714 1.875946
v 0.595243 -0.172714 1.989514
v 0.531471 0.891703 1.606979
v 0.396058 0.891703 1.770635
v 0.607705 0.892576 1.181505
v 0.590850 0.891921 1.396212
v 0.209077 0.891703 1.843391
v -0.005393 0.899093 1.863856
v -0.437432 0.982131 1.870563
v -0.227491 0.921264 1.870630
v -0.697258 1.105568 1.878582
v -0.673140 1.228983 1.870488
v -0.598321 1.105611 1.870512
v -0.723951 0.915808 2.421022
v -0.716658 0.979282 2.210009
v -0.706044 1.228911 1.902882
v -0.709258 1.104945 1.995866
v -0.726839 0.887963 2.504614
v -0.719252 0.862990 2.519530
v -0.695115 0.787387 2.524515
v -0.659378 0.620837 2.524537
v -0.580600 0.232090 2.524705
v -0.616988 0.416222 2.524563
v -0.220321 -0.059201 2.524791
v -0.381967 0.027950 2.524817
v -0.014518 -0.144336 2.519940
v 0.204443 -0.172714 2.505153
v 0.252985 -0.172690 2.194206
v 0.375081 -0.172714 2.449067
v 0.225271 -0.171065 2.139803
v -0.010973 -0.134789 2.200579
v 0.110735 -0.166597 2.184839
v -0.245954 0.032287 2.137616
v -0.132681 -0.051214 2.184839
v -0.419865 0.068213 1.966690
v -0.343486 0.063873 2.063130
v -0.500743 0.070332 1.747351
v -0.473642 0.069976 1.854588
v -0.544488 0.068433 2.523982
v -0.497336 0.062381 2.525111
v -0.559455 0.107587 2.525077
v -0.525783 0.070450 1.448991
v -0.508735 0.070450 1.644621
v 0.321541 -0.166597 2.063130
v 0.396027 -0.134789 1.965598
v 0.443249 -0.051214 1.852324
v 0.458990 0.032287 1.730616
v 0.443249 0.063873 1.608908
v 0.397919 0.068213 1.494543
v 0.327724 0.069976 1.391919
v 0.252560 0.070332 1.286522
v 0.147307 0.070450 1.198905
v -0.544628 0.070450 1.260017
v 0.620737 -0.172714 2.210633
v 0.597645 -0.172714 2.421756
v 0.675114 -0.169042 1.896234
v 0.674841 -0.169042 1.851379
v 0.669303 -0.172714 1.989272
v 0.676669 -0.158028 1.872169
v 0.676499 -0.076918 1.843525
v 0.676080 0.136688 1.770702
v 0.675139 0.399957 1.606999
v 0.658938 -0.172714 2.210636
v 0.643331 -0.172714 2.421770
v 0.635584 0.891921 1.396001
v 0.648424 0.892576 1.181292
v 0.617192 0.891703 1.606998
v 0.594093 0.891703 1.770695
v 0.532053 0.891703 1.843497
v 0.395792 0.899093 1.863988
v -0.005515 0.982131 1.870701
v 0.208804 0.921264 1.870770
v -0.437433 1.228983 1.870563
v -0.227491 1.105611 1.870630
v -0.697258 1.289523 1.878582
v -0.673412 1.311377 1.878589
v -0.598321 1.289528 1.870512
v -0.719252 0.910269 2.519530
v -0.726839 0.976809 2.504614
v -0.716658 1.228224 2.210009
v -0.723951 1.102686 2.421022
v -0.698090 1.311371 1.902885
v -0.709258 1.289438 1.995866
v -0.695115 0.871164 2.524515
v -0.659378 0.834582 2.524537
v -0.580600 0.603395 2.524705
v -0.616988 0.756626 2.524563
v -0.556570 0.247175 2.523975
v -0.562871 0.422943 2.525075
v -0.016240 0.027950 2.525030
v 0.183980 -0.059201 2.525031
v 0.534384 -0.172714 2.505356
v 0.386554 -0.144336 2.520182
v 0.224008 -0.134789 2.137616
v -0.010973 0.032287 2.200579
v 0.110735 -0.051214 2.184839
v -0.247047 0.068213 2.139508
v -0.132681 0.063873 2.184839
v -0.443668 0.070332 2.006582
v -0.349670 0.069976 2.069313
v -0.532459 0.070450 1.856937
v -0.518360 0.070450 1.896563
v -0.541576 0.070450 2.509719
v -0.492797 0.070450 2.519744
v -0.551581 0.114962 2.519711
v -0.197692 0.062381 2.525281
v -0.366389 0.068433 2.524081
v -0.551689 0.114962 1.458376
v -0.544700 0.070450 1.711531
v 0.321541 -0.051214 2.063130
v 0.396027 0.032287 1.965598
v 0.443249 0.063873 1.852324
v 0.461175 0.068213 1.730616
v 0.451696 0.069976 1.606644
v 0.416078 0.070279 1.448981
v 0.384446 0.070450 1.286931
v 0.418659 0.070450 1.172999
v 0.622549 -0.172714 2.505406
v 0.598194 -0.163942 2.520314
v 0.676676 -0.169042 2.210636
v 0.671614 -0.172714 2.421770
v 0.677452 -0.158028 1.996369
v 0.676862 -0.076918 1.903332
v 0.676669 0.137038 1.872169
v 0.676499 0.402058 1.843525
v 0.676080 0.636007 1.770702
v 0.672968 0.634551 1.408188
v 0.675139 0.804763 1.606999
v 0.668863 0.805701 1.193479
v 0.660806 -0.172714 2.505410
v 0.643956 -0.169042 2.520330
v 0.639263 0.891703 1.770702
v 0.655267 0.891703 1.606999
v 0.664434 0.891921 1.396001
v 0.666730 0.888023 1.181292
v 0.618499 0.891703 1.843523
v 0.594545 0.899093 1.864055
v 0.395772 0.982131 1.870833
v 0.532120 0.921264 1.870880
v -0.005515 1.228983 1.870701
v 0.208804 1.105611 1.870770
v -0.437647 1.311377 1.878665
v -0.227491 1.289528 1.870630
v -0.599337 1.318660 1.902918
v -0.677353 1.318660 1.995878
v -0.695115 0.954902 2.524515
v -0.659378 0.876414 2.524537
v -0.719252 1.095028 2.519530
v -0.726839 1.227566 2.504614
v -0.708631 1.311316 2.210013
v -0.723951 1.289129 2.421022
v -0.580600 0.797483 2.524705
v -0.616988 0.831169 2.524563
v -0.556570 0.600186 2.523975
v -0.562871 0.735962 2.525075
v -0.554437 0.248498 2.465146
v -0.554467 0.425418 2.519709
v 0.485757 -0.052265 2.525213
v 0.333895 0.027950 2.525239
v 0.224008 0.032287 2.137616
v -0.010973 0.068213 2.202764
v 0.110735 0.063873 2.184839
v -0.278533 0.070332 2.202432
v -0.134945 0.069976 2.193285
v -0.506275 0.070450 2.009394
v -0.522968 0.070450 2.216715
v -0.434198 0.070450 2.253983
v -0.533228 0.070450 2.013624
v -0.551688 0.114962 1.928721
v -0.544099 0.070450 2.018177
v -0.541832 0.070450 2.415080
v -0.470522 0.070450 2.444581
v -0.195417 0.070450 2.519912
v -0.362746 0.070450 2.476696
v 0.161147 0.062381 2.525496
v -0.016811 0.068433 2.524285
v -0.554020 0.248498 1.738201
v -0.553681 0.248498 1.179788
v -0.553852 0.425418 1.460903
v 0.321541 0.063873 2.063130
v 0.397919 0.068213 1.966690
v 0.451696 0.069976 1.854588
v 0.474890 0.070332 1.763464
v 0.461241 0.070450 1.552216
v 0.478214 0.070450 1.406613
v 0.598222 -0.046208 2.525285
v 0.622672 -0.152927 2.525299
v 0.568299 -0.100881 2.525266
v 0.678544 -0.169042 2.505410
v 0.672238 -0.169042 2.520330
v 0.680148 -0.158028 2.421770
v 0.678810 -0.076918 2.210636
v 0.677452 0.137038 1.996369
v 0.676862 0.402018 1.903332
v 0.676669 0.636317 1.872169
v 0.676499 0.805113 1.843525
v 0.672968 0.873716 1.396001
v 0.673005 0.887152 1.606999
v 0.676080 0.873500 1.770702
v 0.660932 -0.158028 2.525303
v 0.643987 -0.076918 2.525303
v 0.639801 0.899093 1.864063
v 0.656628 0.891703 1.843525
v 0.667546 0.891703 1.770702
v 0.594578 0.982131 1.870901
v 0.618650 0.921264 1.870907
v 0.395772 1.228983 1.870833
v 0.532120 1.105611 1.870880
v -0.005624 1.311377 1.878804
v 0.208804 1.289528 1.870770
v -0.228145 1.318660 1.903041
v -0.440754 1.318660 1.995965
v -0.608963 1.318660 2.210058
v -0.691639 1.318660 2.421039
v -0.695115 1.197266 2.524515
v -0.659378 1.042128 2.524537
v -0.580600 0.832219 2.524705
v -0.616988 0.902496 2.524563
v -0.719252 1.284433 2.519530
v -0.718741 1.311262 2.504619
v -0.556570 0.786758 2.523975
v -0.562871 0.803972 2.525075
v -0.554437 0.600082 2.465146
v -0.554467 0.733297 2.519709
v -0.551650 0.114962 2.304139
v -0.554272 0.248498 2.160917
v -0.554355 0.425418 2.313154
v 0.320385 0.068433 2.524486
v 0.439696 0.062381 2.525659
v 0.534051 0.042357 2.525240
v 0.497886 0.034887 2.525335
v 0.225101 0.068213 2.139508
v -0.011708 0.070332 2.252887
v 0.112999 0.069976 2.193285
v -0.177390 0.070450 2.364317
v -0.543893 0.070450 2.117680
v -0.551686 0.114962 2.094428
v -0.554215 0.248498 2.060273
v -0.554141 0.425418 1.937896
v 0.158646 0.070450 2.520123
v -0.016121 0.070450 2.478617
v -0.554020 0.600082 1.738201
v -0.553681 0.600082 1.179788
v -0.509499 0.730234 1.460927
v 0.327724 0.069976 2.069313
v 0.415906 0.070279 2.034536
v 0.460868 0.070450 2.051903
v 0.477451 0.070450 2.272986
v 0.480887 0.114962 2.200819
v 0.480972 0.114962 2.045168
v 0.481048 0.114962 1.919376
v 0.481265 0.114962 1.564189
v -0.376272 0.773618 1.179887
v 0.678639 -0.158028 2.520330
v 0.672270 -0.076918 2.525303
v 0.680678 -0.076918 2.505410
v 0.680148 0.137038 2.421770
v 0.678810 0.401636 2.210636
v 0.677452 0.635734 1.996369
v 0.676862 0.804828 1.903332
v 0.674366 0.887152 1.843525
v 0.676669 0.873417 1.872169
v 0.622672 0.142245 2.525299
v 0.660932 0.137038 2.525303
v 0.643987 0.401245 2.525303
v 0.639840 0.982131 1.870909
v 0.656785 0.921264 1.870909
v 0.668083 0.899093 1.864063
v 0.594578 1.228983 1.870901
v 0.618650 1.105611 1.870907
v 0.395765 1.311377 1.878938
v 0.532120 1.289528 1.870880
v 0.208581 1.318660 1.903187
v -0.007202 1.318660 1.996126
v -0.234335 1.318660 2.210230
v -0.452016 1.318660 2.421169
v -0.618197 1.318660 2.504676
v -0.694948 1.306634 2.519544
v -0.658021 1.235317 2.524537
v -0.580600 0.973046 2.524705
v -0.615631 1.109491 2.524564
v -0.556570 0.819629 2.523975
v -0.562871 0.867015 2.525075
v -0.554437 0.785870 2.465146
v -0.554467 0.800179 2.519709
v -0.554272 0.600082 2.160916
v -0.554355 0.733297 2.313153
v -0.554242 0.425418 2.105618
v 0.318601 0.070450 2.478406
v 0.435850 0.070450 2.520286
v 0.488153 0.107587 2.525687
v 0.478778 0.068433 2.524578
v 0.535213 0.414825 2.525240
v 0.569461 0.180888 2.525264
v 0.505372 0.231836 2.525339
v 0.252373 0.070332 2.203840
v 0.146818 0.070450 2.365780
v -0.554215 0.600082 2.060273
v -0.509788 0.730234 1.937920
v -0.376611 0.773618 1.738300
v -0.197688 0.773618 1.461103
v 0.383804 0.070450 2.264532
v 0.481887 0.248498 1.741361
v 0.482055 0.425418 1.476851
v 0.482226 0.248498 1.195737
v 0.481766 0.425418 1.938499
v 0.481692 0.248498 2.060876
v 0.481665 0.425418 2.106221
v 0.481634 0.248498 2.161519
v 0.481552 0.425418 2.313756
v 0.481469 0.248498 2.465749
v 0.476874 0.070450 2.513524
v 0.417527 0.070450 2.453943
v -0.016074 0.773618 1.180097
v 0.598222 0.405213 2.525285
v 0.678639 0.137038 2.520330
v 0.672270 0.401245 2.525303
v 0.680678 0.401270 2.505410
v 0.680148 0.633620 2.421770
v 0.678810 0.802129 2.210636
v 0.676862 0.894206 1.903332
v 0.677452 0.872209 1.996369
v 0.622672 0.631444 2.525299
v 0.660932 0.633105 2.525303
v 0.643987 0.799364 2.525303
v 0.639840 1.228983 1.870909
v 0.656785 1.105611 1.870909
v 0.668123 0.982131 1.870909
v 0.674575 0.921184 1.879015
v 0.594623 1.311377 1.879007
v 0.618650 1.289528 1.870907
v 0.532236 1.318660 1.903302
v 0.395660 1.318660 1.996281
v 0.206469 1.318660 2.210433
v -0.012925 1.318660 2.421408
v -0.240273 1.318660 2.504894
v -0.444967 1.288966 2.519690
v -0.571681 1.100463 2.524710
v -0.559987 1.191561 2.524595
v -0.556570 0.953593 2.523975
v -0.560736 1.044353 2.525076
v -0.554437 0.818603 2.465146
v -0.554467 0.862199 2.519709
v -0.554272 0.785870 2.160916
v -0.554355 0.800179 2.313153
v -0.554242 0.733297 2.105618
v 0.480415 0.114962 2.520311
v 0.489829 0.422943 2.525688
v 0.483536 0.247175 2.524580
v 0.535213 0.756455 2.525240
v 0.569461 0.619112 2.525264
v 0.505372 0.603173 2.525339
v -0.376804 0.776681 2.058665
v -0.197977 0.773618 1.938097
v -0.016412 0.773618 1.738510
v 0.160287 0.773618 1.461317
v 0.442328 0.730234 1.938476
v 0.481692 0.600082 2.060876
v 0.481887 0.600082 1.741361
v 0.481665 0.733297 2.106221
v 0.481634 0.600082 2.161519
v 0.481552 0.733297 2.313756
v 0.481469 0.600082 2.465749
v 0.481440 0.425418 2.520312
v 0.482226 0.600082 1.195737
v 0.324471 0.773618 1.180299
v 0.598222 0.786824 2.525285
v 0.678639 0.633130 2.520330
v 0.672270 0.799364 2.525303
v 0.680678 0.799539 2.505410
v 0.678810 0.891019 2.210636
v 0.680148 0.867831 2.421770
v 0.676862 0.981860 1.903332
v 0.677452 0.920022 1.996369
v 0.622672 0.862957 2.525299
v 0.660932 0.866765 2.525303
v 0.643987 0.887756 2.525303
v 0.639892 1.311377 1.879015
v 0.656785 1.289528 1.870909
v 0.668123 1.228983 1.870909
v 0.674575 1.105568 1.879015
v 0.618849 1.318660 1.903330
v 0.595276 1.318660 1.996360
v 0.533332 1.318660 2.210593
v 0.395282 1.318660 2.421638
v 0.204443 1.318660 2.505153
v -0.014518 1.288966 2.519940
v -0.386315 1.108787 2.524814
v -0.220934 1.199885 2.524790
v -0.549761 1.066990 2.523979
v -0.505017 1.073042 2.525107
v -0.554437 0.952028 2.465146
v -0.552908 1.036737 2.519710
v -0.554272 0.818603 2.160916
v -0.554355 0.862199 2.313154
v -0.509887 0.785870 2.100521
v -0.554242 0.800179 2.105618
v 0.489829 0.735962 2.525688
v 0.483536 0.600186 2.524580
v 0.535213 0.831246 2.525240
v 0.569461 0.834689 2.525264
v 0.505372 0.797501 2.525339
v -0.376829 0.800179 2.098889
v -0.198074 0.785870 2.098991
v -0.016605 0.776681 2.058875
v 0.159998 0.773618 1.938311
v 0.324132 0.773618 1.738712
v 0.442617 0.730234 1.464040
v 0.323939 0.776681 2.059077
v 0.481665 0.800179 2.106221
v 0.481634 0.785870 2.161519
v 0.442229 0.785870 2.101076
v 0.481552 0.800179 2.313756
v 0.481469 0.785870 2.465749
v 0.481440 0.733297 2.520312
v 0.598222 0.871242 2.525285
v 0.678639 0.866817 2.520330
v 0.672270 0.887756 2.525303
v 0.680678 0.887963 2.505410
v 0.678810 0.979282 2.210636
v 0.680148 0.915808 2.421770
v 0.676862 1.228911 1.903332
v 0.677452 1.104945 1.996369
v 0.622672 0.910242 2.525299
v 0.660932 0.914782 2.525303
v 0.643987 0.976642 2.525303
v 0.640635 1.318660 1.996370
v 0.656991 1.318660 1.903332
v 0.668174 1.311377 1.879015
v 0.674575 1.289523 1.879015
v 0.620737 1.318660 2.210633
v 0.597645 1.318660 2.421756
v 0.534384 1.318660 2.505356
v 0.386160 1.288966 2.520182
v -0.016240 1.108787 2.525030
v 0.183585 1.199885 2.525030
v -0.371663 1.066990 2.524078
v -0.198972 1.073042 2.525280
v -0.548123 1.064973 2.465149
v -0.500761 1.064973 2.519739
v -0.554272 0.952028 2.160917
v -0.552722 1.036737 2.313154
v -0.509887 0.818603 2.100521
v -0.554242 0.862199 2.105618
v 0.489829 0.803972 2.525688
v 0.483536 0.786758 2.524580
v 0.535213 0.902597 2.525240
v 0.569461 0.876543 2.525264
v 0.505372 0.832240 2.525339
v -0.385015 0.867846 2.098884
v -0.198074 0.818603 2.098991
v -0.016630 0.800179 2.099099
v 0.159901 0.785870 2.099205
v 0.323914 0.800179 2.099301
v 0.481665 0.862199 2.106221
v 0.481634 0.818603 2.161519
v 0.442229 0.818603 2.101076
v 0.481552 0.862199 2.313756
v 0.481469 0.818603 2.465749
v 0.481440 0.800179 2.520312
v 0.598222 0.955003 2.525285
v 0.678639 0.914831 2.520330
v 0.672270 0.976642 2.525303
v 0.680678 0.976809 2.505410
v 0.678810 1.228224 2.210636
v 0.680148 1.102686 2.421770
v 0.674729 1.311371 1.903332
v 0.677452 1.289438 1.996369
v 0.622672 1.095035 2.525299
v 0.660932 1.102136 2.525303
v 0.643987 1.227521 2.525303
v 0.643331 1.318660 2.421770
v 0.658938 1.318660 2.210636
v 0.668918 1.318660 1.996370
v 0.622549 1.318660 2.505406
v 0.598194 1.306656 2.520314
v 0.331068 1.108787 2.525238
v 0.483389 1.191582 2.525212
v -0.370714 1.064973 2.465248
v -0.196745 1.064973 2.519911
v -0.016811 1.066990 2.524285
v 0.160294 1.073042 2.525496
v -0.547524 1.064973 2.160920
v -0.500206 1.064973 2.313184
v -0.518074 0.957675 2.100517
v -0.552535 1.036737 2.105619
v 0.489829 0.867015 2.525688
v 0.483536 0.819629 2.524580
v 0.533657 1.109633 2.525240
v 0.569461 1.042329 2.525264
v 0.505372 0.973079 2.525339
v -0.379891 1.042384 2.100594
v -0.206261 0.957675 2.098986
v -0.512948 1.042384 2.100520
v -0.016630 0.862199 2.099099
v 0.159901 0.818603 2.099205
v 0.331137 0.867846 2.099305
v 0.479997 1.036737 2.106220
v 0.481634 0.952028 2.161519
v 0.449451 0.957675 2.101081
v 0.479747 1.036737 2.313755
v 0.481469 0.952028 2.465749
v 0.481440 0.862199 2.520312
v 0.598222 1.197408 2.525285
v 0.678639 1.102162 2.520330
v 0.672270 1.227521 2.525303
v 0.680678 1.227566 2.505410
v 0.676676 1.311316 2.210636
v 0.680148 1.289129 2.421770
v 0.622672 1.284451 2.525299
v 0.660932 1.289053 2.525303
v 0.643956 1.311258 2.520330
v 0.660806 1.318660 2.505410
v 0.671614 1.318660 2.421770
v 0.567904 1.235447 2.525266
v 0.495059 1.100484 2.525333
v 0.316782 1.066990 2.524484
v 0.434577 1.073042 2.525656
v -0.370114 1.064973 2.161019
v -0.196558 1.064973 2.313355
v -0.016829 1.064973 2.465454
v 0.157730 1.064973 2.520123
v -0.499648 1.064973 2.105649
v 0.487300 1.044353 2.525686
v 0.483536 0.953593 2.524580
v -0.196371 1.064973 2.105820
v -0.016631 1.036737 2.100806
v 0.167123 0.957675 2.099209
v 0.444456 1.042384 2.101078
v 0.326141 1.042384 2.101009
v 0.432218 1.064973 2.106193
v 0.474817 1.064973 2.161515
v 0.431283 1.064973 2.313727
v 0.473848 1.064973 2.465744
v 0.479499 1.036737 2.520311
v 0.678639 1.289057 2.520330
v 0.672238 1.311258 2.520330
v 0.678544 1.311262 2.505410
v 0.475175 1.066990 2.524576
v 0.316094 1.064973 2.465652
v 0.430354 1.064973 2.520283
v -0.016664 1.064973 2.161225
v 0.157979 1.064973 2.313567
v 0.158229 1.064973 2.106032
v 0.317062 1.064973 2.161424
v -0.672540 -0.158010 1.182907
v -0.672540 0.140515 1.182907
v -0.693600 -0.158028 1.606707
v -0.332608 -0.172714 1.164135
v -0.672540 0.640244 1.182907
v -0.693600 0.140180 1.606707
v -0.662117 -0.172714 1.606714
v -0.703749 -0.158028 1.843109
v -0.524984 -0.172714 1.347725
v -0.251004 -0.172618 1.314871
v -0.672540 0.874364 1.182906
v -0.693600 0.639499 1.606707
v -0.703749 0.140180 1.843109
v -0.565884 -0.172714 1.668668
v -0.706044 -0.158028 1.902882
v -0.426719 -0.172618 1.490585
v -0.010973 -0.172618 1.250554
v -0.245954 -0.166597 1.323617
v 0.316149 -0.172714 1.164131
v -0.642202 0.892576 1.182908
v -0.693600 0.873500 1.606707
v -0.703749 0.639499 1.843109
v -0.706044 0.140180 1.902882
v -0.679453 -0.172714 1.874514
v -0.594579 -0.172714 1.871007
v -0.491035 -0.172618 1.730616
v -0.716658 -0.158028 2.210009
v -0.417972 -0.166597 1.495635
v 0.229058 -0.172618 1.314870
v -0.010973 -0.166597 1.260654
v -0.245954 -0.051214 1.323617
v 0.489996 -0.172714 1.347764
v -0.415945 0.892576 1.182925
v -0.662117 0.891703 1.606714
v -0.703749 0.873500 1.843109
v -0.706044 0.639338 1.902882
v -0.716658 0.140180 2.210009
v -0.684548 -0.172714 2.210024
v -0.543952 -0.172714 2.092868
v -0.426719 -0.172618 1.970647
v -0.480935 -0.166597 1.730616
v -0.726839 -0.158028 2.504614
v -0.417972 -0.051214 1.495635
v 0.404773 -0.172618 1.490585
v 0.224008 -0.166597 1.323617
v -0.010973 -0.051214 1.260654
v -0.245954 0.063873 1.323617
v 0.523609 -0.172714 1.668802
v 0.638322 -0.172714 1.606999
v 0.593301 -0.172714 1.606994
v 0.000458 0.892576 1.182956
v -0.428642 0.891703 1.606764
v -0.671996 0.891703 1.843118
v -0.706044 0.873167 1.902882
v -0.716658 0.637811 2.210009
v -0.726839 0.140180 2.504614
v -0.694447 -0.172714 2.504632
v -0.354879 -0.172714 2.319998
v -0.251004 -0.172618 2.146363
v -0.417972 -0.166597 1.965598
v -0.480935 -0.051214 1.730616
v -0.695115 -0.137529 2.524515
v -0.417972 0.063873 1.495635
v 0.469089 -0.172618 1.730616
v 0.396027 -0.166597 1.495635
v 0.224008 -0.051214 1.323617
v -0.010973 0.063873 1.260654
v -0.250324 0.069976 1.316048
v 0.539138 -0.172714 1.871272
v 0.666605 -0.172714 1.606999
v 0.392108 0.892576 1.182985
v -0.000816 0.891703 1.606857
v -0.436521 0.891703 1.843191
v -0.673140 0.921264 1.870488
v -0.706044 0.920943 1.902882
v -0.716658 0.870004 2.210009
v -0.726839 0.636346 2.504614
v -0.695115 0.160452 2.524515
v -0.454231 -0.172714 2.504771
v -0.012378 -0.172714 2.352958
v -0.010973 -0.172618 2.210679
v -0.245954 -0.166597 2.137616
v -0.417972 -0.051214 1.965598
v -0.480935 0.063873 1.730616
v -0.609106 -0.031359 2.524567
v -0.425541 0.069976 1.491265
v 0.404773 -0.172618 1.970647
v 0.458990 -0.166597 1.730616
v 0.396027 -0.051214 1.495635
v 0.224008 0.063873 1.323617
v -0.010973 0.069976 1.251914
v -0.356815 0.070450 1.214203
v 0.492107 -0.172714 2.093154
v 0.675139 -0.158028 1.606999
v 0.668863 0.136403 1.186394
v 0.639888 -0.172714 1.875948
v 0.594626 -0.172714 1.875940
v 0.396524 0.891703 1.606947
v 0.585518 0.892576 1.182145
v -0.005027 0.891703 1.843323
v -0.437433 0.921264 1.870563
v -0.673140 1.105611 1.870488
v -0.716658 0.917899 2.210009
v -0.706044 1.105439 1.902882
v -0.726839 0.866970 2.504614
v -0.695115 0.628918 2.524515
v -0.616988 0.209321 2.524563
v -0.413669 -0.059201 2.524679
v -0.014050 -0.172714 2.505025
v 0.314667 -0.172714 2.320243
v 0.229058 -0.172618 2.146363
v -0.010973 -0.166597 2.200579
v -0.245954 -0.051214 2.137616
v -0.417972 0.063873 1.965598
v -0.489675 0.069976 1.730616
v -0.549209 0.062381 2.525083
v -0.484830 0.070450 1.463792
v 0.396027 -0.166597 1.965598
v 0.458990 -0.051214 1.730616
v 0.396027 0.063873 1.495635
v 0.228378 0.069976 1.316048
v -0.013513 0.070450 1.194142
v 0.596469 -0.172714 2.210624
v 0.669868 -0.172714 1.874940
v 0.676499 -0.158028 1.843525
v 0.675139 0.135638 1.606999
v 0.641993 -0.172714 2.210636
v 0.629778 0.892576 1.181292
v 0.593301 0.891703 1.606994
v 0.395850 0.891703 1.843452
v -0.005515 0.921264 1.870701
v -0.437433 1.105611 1.870563
v -0.673140 1.289528 1.870488
v -0.726839 0.914979 2.504614
v -0.716658 1.103807 2.210009
v -0.706044 1.289505 1.902882
v -0.695115 0.851459 2.524515
v -0.616988 0.611252 2.524563
v -0.562871 0.243207 2.525075
v -0.015387 -0.059201 2.524911
v 0.395208 -0.172714 2.505269
v 0.224008 -0.166597 2.137616
v -0.010973 -0.051214 2.200579
v -0.245954 0.063873 2.137616
v -0.425541 0.069976 1.969967
v -0.516467 0.070450 1.797557
v -0.542922 0.070450 2.519716
v -0.369040 0.062381 2.525183
v -0.545201 0.070450 1.450796
v 0.396027 -0.051214 1.965598
v 0.458990 0.063873 1.730616
v 0.403595 0.069976 1.491265
v 0.316367 0.070450 1.213082
v 0.598111 -0.172714 2.505395
v 0.670276 -0.172714 2.210636
v 0.676862 -0.158028 1.903332
v 0.676499 0.137038 1.843525
v 0.675139 0.634957 1.606999
v 0.668863 0.636133 1.230040
v 0.643861 -0.172714 2.505410
v 0.638322 0.891703 1.606999
v 0.660329 0.892576 1.181292
v 0.594445 0.891703 1.843517
v 0.395772 0.921264 1.870833
v -0.005515 1.105611 1.870701
v -0.437433 1.289528 1.870563
v -0.674229 1.318660 1.902892
v -0.695115 0.896535 2.524515
v -0.726839 1.102242 2.504614
v -0.716658 1.289282 2.210009
v -0.616988 0.814563 2.524563
v -0.562871 0.600498 2.525075
v -0.554467 0.248498 2.519709
v 0.360628 -0.059201 2.525137
v 0.224008 -0.051214 2.137616
v -0.010973 0.063873 2.200579
v -0.250324 0.069976 2.145185
v -0.482912 0.070450 2.107688
v -0.522000 0.070450 1.964471
v -0.544330 0.070450 1.901197
v -0.539175 0.070450 2.496496
v -0.365513 0.070450 2.519814
v -0.016660 0.062381 2.525389
v -0.553852 0.248498 1.460902
v 0.396027 0.063873 1.965598
v 0.467729 0.069976 1.730616
v 0.432384 0.070450 1.377208
v 0.598222 -0.137625 2.525286
v 0.672144 -0.172714 2.505410
v 0.678810 -0.158028 2.210636
v 0.676862 0.137038 1.903332
v 0.676499 0.636358 1.843525
v 0.675139 0.873500 1.606999
v 0.643987 -0.158028 2.525303
v 0.668863 0.874364 1.181292
v 0.639683 0.891703 1.843525
v 0.666605 0.891703 1.606999
v 0.594578 0.921264 1.870901
v 0.395772 1.105611 1.870833
v -0.005515 1.289528 1.870701
v -0.438291 1.318660 1.902971
v -0.684548 1.318660 2.210024
v -0.695115 1.073596 2.524515
v -0.616988 0.852549 2.524563
v -0.726839 1.289068 2.504614
v -0.562871 0.789422 2.525075
v -0.554467 0.600082 2.519709
v -0.554355 0.248498 2.313154
v 0.322817 0.062381 2.525591
v 0.530566 -0.031455 2.525239
v 0.224008 0.063873 2.137616
v -0.010973 0.069976 2.209319
v -0.354419 0.070450 2.359039
v -0.543534 0.070450 2.277096
v -0.544017 0.070450 2.060856
v -0.554141 0.248498 1.937896
v -0.016859 0.070450 2.520018
v -0.553852 0.600082 1.460902
v 0.403595 0.069976 1.969967
v 0.478893 0.070450 1.862009
v 0.672270 -0.158028 2.525303
v 0.680678 -0.158028 2.505410
v 0.678810 0.137038 2.210636
v 0.676862 0.636196 1.903332
v 0.676499 0.873500 1.843525
v 0.643987 0.137038 2.525303
v 0.639840 0.921264 1.870909
v 0.667965 0.891703 1.843525
v 0.594578 1.105611 1.870901
v 0.395772 1.289528 1.870833
v -0.005951 1.318660 1.903114
v -0.446427 1.318660 2.210133
v -0.694447 1.318660 2.504632
v -0.695115 1.270558 2.524515
v -0.616988 1.004802 2.524563
v -0.562871 0.822707 2.525075
v -0.554467 0.785870 2.519709
v -0.554355 0.600082 2.313154
v -0.554242 0.248498 2.105618
v 0.319584 0.070450 2.520218
v 0.483125 0.062381 2.525683
v 0.535213 0.208304 2.525240
v 0.228378 0.069976 2.145185
v -0.013914 0.070450 2.366113
v -0.554141 0.600082 1.937896
v -0.376442 0.773618 1.461001
v 0.431906 0.070450 2.145926
v 0.482055 0.248498 1.471736
v 0.481766 0.248498 1.938499
v 0.481665 0.248498 2.106221
v 0.481552 0.248498 2.313756
v 0.476034 0.070450 2.506009
v 0.598222 0.157865 2.525285
v 0.672270 0.137038 2.525303
v 0.680678 0.137038 2.505410
v 0.678810 0.634669 2.210636
v 0.676862 0.873167 1.903332
v 0.643987 0.633105 2.525303
v 0.639840 1.105611 1.870909
v 0.668123 0.921264 1.870909
v 0.594578 1.289528 1.870901
v 0.395743 1.318660 1.903252
v -0.010085 1.318660 2.210333
v -0.454231 1.318660 2.504771
v -0.611560 1.166587 2.524566
v -0.562871 0.958287 2.525075
v -0.554467 0.818603 2.519709
v -0.554355 0.785870 2.313153
v -0.554242 0.600082 2.105618
v 0.315618 0.070450 2.364670
v 0.477339 0.070450 2.520309
v 0.489829 0.243207 2.525688
v 0.535213 0.610364 2.525240
v -0.376732 0.773618 1.937995
v -0.016244 0.773618 1.461211
v 0.481766 0.600082 1.938499
v 0.481665 0.600082 2.106221
v 0.481552 0.600082 2.313756
v 0.481440 0.248498 2.520312
v 0.598222 0.626459 2.525285
v 0.672270 0.633105 2.525303
v 0.680678 0.633204 2.505410
v 0.678810 0.870004 2.210636
v 0.676862 0.920943 1.903332
v 0.643987 0.866765 2.525303
v 0.639840 1.289528 1.870909
v 0.668123 1.105611 1.870909
v 0.594759 1.318660 1.903324
v 0.395470 1.318660 2.210525
v -0.014050 1.318660 2.505025
v -0.416123 1.199885 2.524677
v -0.554330 1.073042 2.525080
v -0.554467 0.952028 2.519709
v -0.554355 0.818603 2.313154
v -0.554242 0.785870 2.105618
v 0.489829 0.600498 2.525688
v 0.535213 0.814635 2.525240
v -0.376829 0.785870 2.098889
v -0.016533 0.773618 1.938205
v 0.324300 0.773618 1.461413
v 0.482055 0.600082 1.471736
v 0.324012 0.773618 1.938407
v 0.481665 0.785870 2.106221
v 0.481552 0.785870 2.313756
v 0.481440 0.600082 2.520312
v 0.598222 0.851531 2.525285
v 0.672270 0.866765 2.525303
v 0.680678 0.866970 2.505410
v 0.678810 0.917899 2.210636
v 0.676862 1.105439 1.903332
v 0.643987 0.914782 2.525303
v 0.640046 1.318660 1.903332
v 0.668123 1.289528 1.870909
v 0.596469 1.318660 2.210624
v 0.395208 1.318660 2.505269
v -0.015387 1.199885 2.524911
v -0.374161 1.073042 2.525180
v -0.548231 1.064973 2.519712
v -0.554355 0.952028 2.313154
v -0.554242 0.818603 2.105618
v 0.489829 0.789422 2.525688
v 0.535213 0.852634 2.525240
v -0.376829 0.818603 2.098889
v -0.016630 0.785870 2.099099
v 0.323914 0.785870 2.099301
v 0.481665 0.818603 2.106221
v 0.481552 0.818603 2.313756
v 0.481440 0.785870 2.520312
v 0.598222 0.896620 2.525285
v 0.672270 0.914782 2.525303
v 0.680678 0.914979 2.505410
v 0.678810 1.103807 2.210636
v 0.676862 1.289505 1.903332
v 0.643987 1.102136 2.525303
v 0.641993 1.318660 2.210636
v 0.668328 1.318660 1.903332
v 0.598111 1.318660 2.505395
v 0.359050 1.199885 2.525136
v -0.370822 1.064973 2.519812
v -0.016660 1.073042 2.525389
v -0.547824 1.064973 2.313157
v -0.554242 0.952028 2.105618
v 0.489829 0.822707 2.525688
v 0.535213 1.004936 2.525240
v -0.409576 0.974617 2.098871
v -0.016630 0.818603 2.099099
v 0.323914 0.818603 2.099301
v 0.481665 0.952028 2.106221
v 0.481552 0.952028 2.313756
v 0.481440 0.818603 2.520312
v 0.598222 1.073730 2.525285
v 0.672270 1.102136 2.525303
v 0.680678 1.102242 2.505410
v 0.678810 1.289282 2.210636
v 0.643987 1.289053 2.525303
v 0.643861 1.318660 2.505410
v 0.670276 1.318660 2.210636
v 0.598222 1.270645 2.525286
v 0.528987 1.166673 2.525238
v 0.319405 1.073042 2.525589
v -0.370414 1.064973 2.313256
v -0.016859 1.064973 2.520018
v -0.547414 1.064973 2.105622
v 0.489829 0.958287 2.525688
v -0.370005 1.064973 2.105721
v -0.016630 0.952028 2.099099
v 0.352804 0.974617 2.099318
v 0.474993 1.064973 2.106217
v 0.474332 1.064973 2.313752
v 0.481440 0.952028 2.520312
v 0.672270 1.289053 2.525303
v 0.680678 1.289068 2.505410
v 0.672144 1.318660 2.505410
v 0.479712 1.073042 2.525682
v 0.315920 1.064973 2.520216
v -0.016747 1.064973 2.313462
v -0.016634 1.064973 2.105927
v 0.317238 1.064973 2.106126
v 0.316577 1.064973 2.313660
v 0.473675 1.064973 2.520308
v -0.668430 -0.075990 0.006741
v 0.667001 0.402391 0.013438
v 0.650697 -0.172910 0.010206
v 0.662390 -0.172910 0.010206
v 0.206882 0.892878 0.016194
v -0.660960 0.888324 0.017531
v 0.667114 0.137135 0.011948
v -0.568090 -0.172714 0.009088
v -0.494519 -0.172714 0.009229
v -0.668438 0.140631 0.009178
v 0.585369 -0.172871 0.011286
v 0.632686 -0.172910 0.010206
v -0.668467 0.874664 0.017434
v 0.668863 0.037305 0.011387
v -0.414041 0.892878 0.015710
v -0.158170 -0.172701 0.009870
v 0.564939 -0.172865 0.011247
v 0.390354 0.892880 0.009610
v 0.390364 0.892878 0.016194
v 0.664997 0.888324 0.016168
v 0.670906 -0.077246 0.010744
v 0.462796 -0.172744 0.011054
v 0.246789 -0.172714 0.010642
v -0.567323 0.892878 0.016872
v -0.000441 0.892879 0.012573
v 0.667030 0.637050 0.014756
v -0.668464 0.807017 0.016673
v 0.668793 -0.169211 0.010227
v 0.658583 0.892880 0.007576
v 0.658596 0.892877 0.016194
v -0.668458 0.640503 0.014800
v -0.358364 -0.172714 0.009488
v -0.668437 -0.158004 0.009026
v -0.257938 -0.172714 0.009680
v 0.667130 0.874664 0.016091
v -0.615402 -0.172714 0.008998
v -0.668449 0.407561 0.012180
v 0.646494 0.892880 0.007667
v 0.527468 -0.172778 0.011177
v 0.583229 0.892880 0.008147
v 0.583244 0.892878 0.016194
v 0.627295 0.892879 0.007813
v -0.659780 -0.169036 0.008946
v 0.670927 -0.158115 0.010289
v -0.642923 -0.172714 0.008946
v 0.524365 0.892878 0.016194
v 0.524355 0.892880 0.008593
v 0.610273 -0.172900 0.011333
v -0.650081 -0.170756 0.008949
v 0.604921 0.892877 0.016193
v 0.604901 0.892880 0.007983
v -0.004750 -0.172701 0.010162
v 0.146437 -0.172701 0.010451
v -0.213459 0.892878 0.014188
v 0.342726 -0.172732 0.010825
v -0.638438 0.892878 0.017411
v 0.667105 0.806147 0.015706
vn -0.4550 -0.8823 -0.1209
vn -0.4236 -0.9056 -0.0199
vn -0.9949 -0.0878 -0.0495
vn -0.9587 -0.1892 -0.2126
vn -0.9988 0.0006 -0.0496
vn -0.9996 -0.0000 -0.0282
vn -0.0006 -1.0000 -0.0003
vn -0.0865 -0.9962 -0.0027
vn -0.1228 -0.9922 0.0200
vn -0.0028 -0.9999 0.0127
vn 0.0003 -1.0000 0.0006
vn -0.2751 -0.9600 0.0521
vn -0.9996 0.0002 -0.0287
vn -0.9996 0.0004 -0.0280
vn -0.4210 -0.9068 -0.0198
vn -0.9955 -0.0839 -0.0447
vn -0.4151 -0.9096 -0.0205
vn -0.9956 -0.0832 -0.0431
vn -0.9991 -0.0000 -0.0429
vn -0.9990 -0.0000 -0.0446
vn -0.0003 -1.0000 -0.0000
vn -0.0005 -1.0000 -0.0003
vn -0.0003 -1.0000 0.0001
vn 0.0001 -1.0000 -0.0006
vn 0.0005 -1.0000 -0.0004
vn -0.0007 -1.0000 -0.0001
vn -0.0005 -1.0000 0.0005
vn -0.0004 -1.0000 0.0002
vn -0.9996 0.0002 -0.0288
vn -0.9988 0.0005 -0.0496
vn -0.9996 0.0006 -0.0280
vn -0.9990 0.0003 -0.0447
vn -0.9991 0.0006 -0.0429
vn -0.9991 0.0007 -0.0429
vn -0.0578 -0.9983 -0.0031
vn -0.0551 -0.9985 -0.0035
vn -0.9957 -0.0819 -0.0437
vn -0.9991 0.0005 -0.0421
vn -0.3637 -0.9312 -0.0239
vn -0.5759 -0.8172 -0.0216
vn -0.9982 -0.0465 -0.0385
vn -0.9993 0.0006 -0.0383
vn 0.0003 -1.0000 -0.0001
vn -0.0003 -1.0000 -0.0003
vn -0.0000 -1.0000 -0.0000
vn -0.0006 -1.0000 0.0005
vn 0.0068 -0.9996 0.0275
vn 0.0120 -0.9997 0.0215
vn 0.1256 -0.8734 0.4705
vn 0.2439 -0.8730 0.4225
vn 0.3442 -0.8735 0.3442
vn 0.0164 -0.9997 0.0167
vn -0.9942 0.0953 -0.0491
vn -0.9594 0.2497 0.1308
vn -0.5065 0.8619 -0.0228
vn -0.5068 0.8620 -0.0107
vn -0.9991 0.0008 -0.0428
vn -0.9993 -0.0000 -0.0385
vn -0.9993 0.0005 -0.0384
vn -0.0001 -1.0000 -0.0002
vn 0.0004 -1.0000 -0.0003
vn -0.9960 -0.0828 -0.0335
vn -0.9994 0.0007 -0.0349
vn -0.3649 -0.9310 -0.0060
vn -0.4109 -0.9116 -0.0124
vn -0.9958 -0.0844 -0.0341
vn -0.9994 0.0006 -0.0345
vn 0.0239 -0.9996 0.0137
vn 0.4224 -0.8730 0.2438
vn 0.4702 -0.8735 0.1260
vn 0.0347 -0.9994 0.0090
vn -0.0005 -1.0000 0.0009
vn -0.0080 -0.9996 0.0274
vn -0.0006 -0.9995 0.0306
vn 0.0007 -1.0000 0.0004
vn -0.1267 -0.8733 0.4705
vn -0.0000 -0.8728 0.4880
vn 0.2581 -0.0727 0.9634
vn 0.4987 -0.0727 0.8637
vn 0.2588 -0.0004 0.9659
vn 0.5000 -0.0004 0.8660
vn 0.7071 -0.0007 0.7071
vn 0.7052 -0.0729 0.7052
vn -0.0004 -1.0000 -0.0003
vn -0.0006 -1.0000 0.0003
vn -0.0005 -1.0000 -0.0002
vn -0.0008 -1.0000 -0.0000
vn 0.0004 -1.0000 0.0002
vn -0.0008 -1.0000 -0.0002
vn -0.0009 -1.0000 0.0001
vn -0.0009 -1.0000 -0.0001
vn -0.0011 -1.0000 -0.0002
vn -0.0011 -1.0000 -0.0006
vn -0.0015 -1.0000 0.0003
vn -0.0010 -1.0000 -0.0002
vn -0.0004 -1.0000 0.0001
vn -0.0015 -1.0000 -0.0002
vn -0.0467 0.9989 0.0001
vn -0.0453 0.9990 0.0020
vn 0.0006 1.0000 0.0024
vn 0.0004 1.0000 0.0019
vn 0.0006 1.0000 -0.0001
vn -0.1353 0.9901 -0.0385
vn -0.5376 0.8406 0.0662
vn -0.5012 0.8651 -0.0211
vn -0.5021 0.8645 -0.0215
vn -0.9943 0.0966 -0.0444
vn -0.9944 0.0970 -0.0426
vn -0.9991 0.0006 -0.0422
vn -0.9994 0.0006 -0.0350
vn -0.9994 0.0004 -0.0351
vn -0.9994 -0.0000 -0.0345
vn -0.9994 0.0005 -0.0345
vn -0.0474 -0.9989 -0.0021
vn -0.0499 -0.9988 -0.0014
vn 0.0367 -0.9993 -0.0004
vn 0.4878 -0.8730 -0.0000
vn 0.4703 -0.8734 -0.1260
vn 0.0293 -0.9995 -0.0083
vn -0.9958 -0.0847 -0.0342
vn -0.4191 -0.9078 -0.0143
vn -0.4175 -0.9086 -0.0146
vn -0.9957 -0.0855 -0.0344
vn -0.9994 0.0003 -0.0345
vn 0.8638 -0.0728 0.4986
vn 0.8660 -0.0008 0.5000
vn 0.9659 -0.0005 0.2588
vn 0.9634 -0.0729 0.2581
vn -0.0181 -0.9997 0.0171
vn -0.0126 -0.9997 0.0219
vn -0.3451 -0.8731 0.3443
vn -0.2442 -0.8727 0.4229
vn -0.2581 -0.0724 0.9634
vn -0.0001 -0.0725 0.9974
vn -0.2588 -0.0000 0.9659
vn -0.0000 -0.0000 1.0000
vn 0.2589 -0.0005 0.9659
vn 0.5000 -0.0005 0.8660
vn 0.2588 -0.0000 0.9659
vn 0.7071 -0.0004 0.7071
vn 0.7071 -0.0005 0.7071
vn -0.0010 -1.0000 0.0002
vn -0.0014 -1.0000 0.0004
vn -0.0007 -1.0000 -0.0002
vn -0.0015 -1.0000 0.0001
vn -0.0005 -1.0000 -0.0001
vn -0.0009 -1.0000 -0.0002
vn -0.0003 -1.0000 -0.0006
vn -0.0006 -1.0000 0.0002
vn 0.0007 1.0000 0.0024
vn 0.0005 1.0000 -0.0000
vn -0.0003 1.0000 -0.0003
vn 0.0006 1.0000 0.0003
vn 0.0006 1.0000 0.0010
vn -0.0463 0.9989 -0.0011
vn -0.0464 0.9989 -0.0016
vn -0.8254 0.3860 -0.4120
vn -0.5387 0.8380 -0.0867
vn -0.9947 0.0911 -0.0473
vn -0.9971 0.0510 -0.0570
vn -0.9994 0.0005 -0.0350
vn -0.9994 0.0007 -0.0345
vn -0.0435 -0.9991 -0.0017
vn -0.0393 -0.9992 -0.0017
vn -0.0005 -1.0000 -0.0004
vn 0.0001 -1.0000 -0.0005
vn 0.0214 -0.9997 -0.0129
vn 0.4227 -0.8728 -0.2440
vn 0.3445 -0.8733 -0.3445
vn 0.0148 -0.9998 -0.0157
vn 0.9974 -0.0727 -0.0000
vn 1.0000 -0.0006 -0.0000
vn 0.9659 -0.0004 -0.2588
vn 0.9633 -0.0727 -0.2582
vn -0.9955 -0.0861 0.0397
vn -0.9992 -0.0000 0.0392
vn -0.4231 -0.9044 0.0547
vn -0.2463 -0.5731 0.7816
vn -0.5845 -0.0613 0.8090
vn -0.5961 0.0001 0.8029
vn 0.8660 -0.0005 0.5000
vn 0.8660 -0.0006 0.5000
vn 0.9659 -0.0008 0.2588
vn 0.9659 -0.0006 0.2588
vn -0.0411 -0.9991 0.0103
vn -0.0269 -0.9995 0.0147
vn -0.4713 -0.8730 0.1258
vn -0.4232 -0.8725 0.2443
vn -0.7053 -0.0721 0.7053
vn -0.4987 -0.0721 0.8638
vn -0.7071 -0.0000 0.7071
vn -0.5000 -0.0000 0.8660
vn -0.0000 -0.0004 1.0000
vn 0.2584 0.0625 0.9640
vn 0.4990 0.0623 0.8643
vn 0.1429 0.8349 0.5315
vn 0.2760 0.8343 0.4774
vn 0.3894 0.8348 0.3891
vn 0.7058 0.0623 0.7057
vn -0.0009 -1.0000 -0.0003
vn -0.0020 -1.0000 -0.0002
vn -0.0006 -1.0000 -0.0002
vn -0.0007 -1.0000 -0.0003
vn -0.0018 -1.0000 -0.0007
vn -0.0004 -1.0000 -0.0001
vn -0.0008 -1.0000 -0.0001
vn 0.0006 0.6775 -0.7355
vn 0.0006 0.9968 -0.0798
vn -0.0523 0.9952 -0.0825
vn -0.0935 0.6821 -0.7253
vn -0.9969 0.0248 -0.0743
vn -0.9992 0.0078 -0.0397
vn -0.9989 0.0006 0.0460
vn -0.9989 0.0002 0.0474
vn -0.5476 -0.0000 0.8367
vn -0.5358 -0.0000 0.8443
vn 0.0057 -0.9641 0.2656
vn -0.0236 -0.9899 0.1401
vn 0.0150 -0.2071 0.9782
vn 0.0230 -0.4116 0.9111
vn -0.0003 -1.0000 -0.0008
vn -0.0006 -1.0000 -0.0004
vn -0.0003 -1.0000 -0.0007
vn 0.0102 -0.9998 -0.0197
vn 0.2442 -0.8727 -0.4229
vn 0.1262 -0.8731 -0.4709
vn 0.0059 -0.9997 -0.0247
vn 0.8637 -0.0725 -0.4987
vn 0.8660 -0.0005 -0.5000
vn 0.7071 -0.0000 -0.7071
vn 0.7052 -0.0724 -0.7053
vn 1.0000 -0.0005 -0.0000
vn 0.9659 -0.0000 -0.2588
vn 0.0098 -0.0263 0.9996
vn -0.0615 -0.0490 0.9969
vn -0.0006 -0.0003 1.0000
vn -0.1022 -0.0002 0.9948
vn 0.8643 0.0622 0.4990
vn 0.4775 0.8342 0.2757
vn 0.5317 0.8348 0.1426
vn 0.9641 0.0623 0.2583
vn -0.0365 -0.9993 -0.0099
vn -0.0453 -0.9990 -0.0004
vn -0.4713 -0.8729 -0.1264
vn -0.4889 -0.8723 -0.0000
vn -0.9634 -0.0717 0.2581
vn -0.8638 -0.0718 0.4987
vn -0.9659 -0.0000 0.2588
vn -0.8660 -0.0000 0.5000
vn -0.2582 0.0628 0.9640
vn -0.0000 0.0625 0.9980
vn -0.1418 0.8351 0.5315
vn 0.0005 0.8344 0.5512
vn 0.0150 0.9983 0.0565
vn 0.0231 0.9989 0.0402
vn 0.0017 1.0000 0.0054
vn 0.0022 1.0000 0.0034
vn 0.0034 1.0000 0.0027
vn 0.0342 0.9989 0.0334
vn 0.3145 -0.9492 -0.0012
vn 0.2013 -0.9795 -0.0020
vn 0.8114 -0.5762 -0.0979
vn 0.8659 -0.5002 -0.0071
vn 0.8474 -0.5308 -0.0064
vn 0.1774 -0.9841 -0.0024
vn 0.0005 1.0000 0.0023
vn 0.0006 1.0000 0.0019
vn -0.0000 1.0000 0.0020
vn 0.0008 1.0000 0.0020
vn 0.0004 1.0000 0.0001
vn 0.0006 0.9969 -0.0791
vn 0.0006 0.9969 -0.0788
vn 0.0008 0.6790 -0.7341
vn 0.0006 0.6795 -0.7337
vn -0.7273 0.0630 -0.6835
vn -0.0860 0.0849 -0.9927
vn -0.7020 0.0007 -0.7121
vn -0.0814 0.0004 -0.9967
vn 0.0003 -0.0000 -1.0000
vn 0.0003 0.0823 -0.9966
vn -0.9952 0.0067 -0.0975
vn -0.9948 0.0006 -0.1015
vn -0.9994 0.0008 -0.0345
vn -0.5655 -0.0000 0.8247
vn -0.9991 0.0006 0.0435
vn -0.9989 0.0006 0.0465
vn -0.5423 -0.0000 0.8402
vn -0.0006 -0.0005 1.0000
vn -0.0857 -0.0003 0.9963
vn -0.0894 -0.0003 0.9960
vn -0.0006 -0.1776 0.9841
vn 0.0024 -0.1770 0.9842
vn 0.0011 -0.9455 0.3255
vn -0.0008 -0.9176 0.3975
vn -0.0002 -1.0000 -0.0008
vn -0.0007 -1.0000 -0.0009
vn -0.0006 -0.9996 -0.0275
vn -0.0000 -0.8725 -0.4886
vn -0.1262 -0.8730 -0.4712
vn -0.0072 -0.9997 -0.0250
vn 0.4987 -0.0721 -0.8638
vn 0.5000 -0.0000 -0.8660
vn 0.2588 -0.0000 -0.9659
vn 0.2581 -0.0721 -0.9634
vn 0.8660 -0.0000 -0.5000
vn 0.9981 0.0623 -0.0000
vn 0.5513 0.8343 0.0003
vn 0.5317 0.8350 -0.1420
vn 0.9640 0.0625 -0.2583
vn 0.0037 -0.0298 0.9996
vn 0.0042 -0.0111 0.9999
vn -0.0007 -0.0038 1.0000
vn -0.0024 -0.0024 1.0000
vn -0.0066 -0.0008 1.0000
vn -0.0017 -0.0003 1.0000
vn 0.0580 0.9978 0.0328
vn 0.0062 1.0000 0.0028
vn 0.0109 0.9999 0.0022
vn 0.0890 0.9957 0.0246
vn -0.0005 -1.0000 -0.0005
vn -0.0175 -0.9997 -0.0172
vn -0.0261 -0.9995 -0.0149
vn -0.0009 -1.0000 -0.0004
vn -0.3452 -0.8729 -0.3449
vn -0.4234 -0.8723 -0.2445
vn -0.9635 -0.0716 -0.2581
vn -0.9974 -0.0715 -0.0000
vn -0.9659 0.0006 -0.2588
vn -1.0000 0.0006 -0.0000
vn -0.9659 0.0005 0.2589
vn -0.7056 0.0631 0.7058
vn -0.4990 0.0629 0.8643
vn -0.3883 0.8353 0.3892
vn -0.2749 0.8346 0.4773
vn -0.0141 0.9983 0.0573
vn 0.0006 0.9976 0.0687
vn -0.0005 1.0000 0.0055
vn 0.0006 1.0000 0.0069
vn 0.0006 1.0000 0.0012
vn 0.0004 1.0000 0.0008
vn 0.0010 1.0000 0.0007
vn 0.9997 -0.0236 -0.0080
vn 0.9997 -0.0237 -0.0059
vn 0.9861 -0.1661 -0.0048
vn 1.0000 0.0041 -0.0057
vn 1.0000 -0.0003 -0.0081
vn 1.0000 -0.0000 -0.0058
vn 0.9999 0.0015 -0.0128
vn 0.9999 0.0001 -0.0164
vn 0.9999 0.0045 -0.0116
vn 0.9999 0.0087 -0.0075
vn 1.0000 0.0082 -0.0024
vn 0.9999 0.0167 -0.0027
vn 0.0005 1.0000 0.0003
vn 0.0004 1.0000 0.0023
vn 0.0005 1.0000 0.0018
vn 0.0005 1.0000 0.0019
vn 0.0006 1.0000 0.0002
vn 0.0002 1.0000 -0.0003
vn 0.0006 0.9969 -0.0787
vn 0.0005 0.6797 -0.7335
vn 0.0006 0.6798 -0.7334
vn 0.0003 0.0824 -0.9966
vn 0.0003 0.0825 -0.9966
vn -0.7016 0.0007 -0.7125
vn -0.7015 0.0007 -0.7127
vn -0.0813 0.0004 -0.9967
vn -0.9948 0.0006 -0.1017
vn -0.9948 -0.0005 -0.1017
vn -0.5264 -0.0000 0.8503
vn -0.9988 0.0006 0.0487
vn -0.9991 0.0006 0.0417
vn -0.5813 0.0001 0.8137
vn -0.0951 -0.0003 0.9955
vn -0.0875 -0.0003 0.9962
vn -0.0006 -0.0000 1.0000
vn -0.0087 -0.0004 1.0000
vn -0.0018 -0.0005 1.0000
vn -0.0092 -0.0003 1.0000
vn -0.0023 -0.0000 1.0000
vn -0.0006 -0.0311 0.9995
vn 0.0004 -0.0311 0.9995
vn -0.0005 -0.0042 1.0000
vn -0.0006 -0.0041 1.0000
vn -0.0007 -0.1777 0.9841
vn -0.0006 -0.1769 0.9842
vn -0.0008 -0.9123 0.4096
vn -0.0008 -0.9174 0.3981
vn -0.0003 -1.0000 -0.0002
vn -0.0007 -1.0000 -0.0007
vn -0.0122 -0.9997 -0.0205
vn -0.2444 -0.8724 -0.4234
vn -0.0000 -0.0718 -0.9974
vn -0.0000 0.0004 -1.0000
vn -0.2588 0.0004 -0.9659
vn -0.2582 -0.0717 -0.9634
vn 0.2587 0.0004 -0.9659
vn 0.8643 0.0625 -0.4990
vn 0.4776 0.8344 -0.2752
vn 0.3894 0.8351 -0.3886
vn 0.7057 0.0628 -0.7057
vn 0.1037 0.9946 0.0018
vn 0.0149 0.9999 -0.0003
vn 0.0082 1.0000 -0.0020
vn 0.0668 0.9976 -0.0162
vn -0.0001 0.5114 0.8593
vn 0.2028 0.2723 0.9406
vn -0.0003 0.0015 1.0000
vn -0.0006 0.0120 0.9999
vn 0.4636 0.0332 0.8854
vn 0.0106 0.0019 0.9999
vn 0.0013 1.0000 0.0004
vn 0.0028 1.0000 0.0005
vn -0.7053 -0.0716 -0.7052
vn -0.8639 -0.0714 -0.4986
vn -0.7071 0.0007 -0.7071
vn -0.8660 0.0008 -0.5000
vn -0.9659 0.0005 -0.2588
vn -0.9659 0.0007 -0.2588
vn -0.9640 0.0635 0.2584
vn -0.8643 0.0632 0.4990
vn -0.5307 0.8355 0.1426
vn -0.4766 0.8348 0.2758
vn -0.0310 0.9990 0.0320
vn -0.0226 0.9989 0.0413
vn -0.0023 1.0000 0.0034
vn -0.0012 1.0000 0.0037
vn 0.0006 1.0000 0.0013
vn 0.0004 1.0000 0.0011
vn 0.9310 -0.3651 -0.0054
vn 0.8053 -0.5929 -0.0007
vn 0.1240 -0.9923 -0.0011
vn 0.8024 -0.5967 -0.0105
vn 0.8497 -0.5272 -0.0046
vn 0.1796 -0.9837 -0.0007
vn 0.9997 -0.0234 -0.0063
vn 0.9999 -0.0133 -0.0062
vn 1.0000 -0.0005 -0.0058
vn 1.0000 -0.0005 -0.0061
vn 1.0000 -0.0002 -0.0083
vn 1.0000 -0.0003 -0.0058
vn 1.0000 -0.0005 -0.0086
vn 0.0003 1.0000 0.0018
vn -0.0002 1.0000 -0.0002
vn -0.0002 1.0000 -0.0003
vn 0.0005 1.0000 0.0008
vn 0.0006 0.6796 -0.7336
vn -0.0002 0.9969 -0.0787
vn 0.0003 0.0003 -1.0000
vn -0.6987 0.0862 -0.7102
vn -0.0786 0.0959 -0.9923
vn -0.5546 0.6135 -0.5622
vn -0.0680 0.7429 -0.6659
vn 0.0006 0.7455 -0.6665
vn 0.0003 0.0984 -0.9951
vn -0.5004 -0.0000 0.8658
vn -0.9986 0.0006 0.0522
vn -0.9986 0.0006 0.0523
vn -0.6727 0.7396 -0.0227
vn -0.6702 0.7380 -0.0792
vn -0.9905 0.0948 -0.0991
vn -0.9947 0.0969 -0.0342
vn -0.0826 -0.0003 0.9966
vn -0.1005 -0.0003 0.9949
vn -0.0091 -0.0003 1.0000
vn -0.0021 -0.0003 1.0000
vn -0.0086 -0.0003 1.0000
vn -0.0020 -0.0002 1.0000
vn 0.0251 0.0001 0.9997
vn 0.5214 0.0048 0.8533
vn 0.5368 -0.0006 0.8437
vn 0.0295 -0.0004 0.9996
vn -0.0006 -0.0043 1.0000
vn -0.0006 -0.0042 1.0000
vn -0.0006 -0.0309 0.9995
vn -0.0083 -0.9648 0.2628
vn -0.0029 -0.9446 0.3281
vn -0.0187 -0.2028 0.9790
vn -0.0041 -0.1763 0.9843
vn -0.4987 -0.0715 -0.8638
vn -0.5000 0.0005 -0.8660
vn -0.2588 -0.0000 -0.9659
vn 0.4990 0.0629 -0.8643
vn 0.2759 0.8346 -0.4768
vn 0.1428 0.8353 -0.5309
vn 0.2583 0.0631 -0.9640
vn 0.0411 0.9989 -0.0222
vn 0.0043 1.0000 -0.0015
vn 0.0025 1.0000 -0.0014
vn 0.0246 0.9994 -0.0230
vn 0.0025 1.0000 0.0001
vn 0.0023 1.0000 0.0002
vn 0.6280 0.7781 -0.0164
vn 0.7330 0.6710 0.1116
vn 0.0006 0.9974 0.0718
vn 0.9981 0.0618 -0.0007
vn 0.9984 0.0411 0.0398
vn -0.0005 0.0173 0.9999
vn -0.0005 0.0160 0.9999
vn -0.0001 0.5513 0.8343
vn -0.0001 0.5418 0.8405
vn 0.8033 0.5956 -0.0052
vn 0.8619 0.5071 -0.0019
vn 0.9989 0.0460 0.0006
vn 0.9989 0.0461 -0.0002
vn 0.9988 0.0496 -0.0000
vn 0.9309 0.3652 -0.0008
vn -0.7071 0.0005 -0.7071
vn -0.8660 0.0005 -0.5000
vn -0.8660 0.0007 -0.5000
vn -0.9640 0.0636 -0.2582
vn -0.9980 0.0635 -0.0000
vn -0.5307 0.8356 -0.1420
vn -0.5504 0.8349 0.0003
vn -0.1065 0.9940 0.0260
vn -0.0503 0.9983 0.0286
vn -0.0234 0.9997 0.0055
vn -0.0059 1.0000 0.0037
vn 0.0001 1.0000 0.0008
vn -0.0000 1.0000 0.0008
vn -0.0091 -0.9983 0.0573
vn -0.0166 -0.9906 0.1360
vn -0.0729 -0.6694 0.7393
vn -0.0698 -0.4376 0.8964
vn 0.2012 -0.9795 -0.0015
vn 0.8661 -0.4998 -0.0055
vn 0.8645 -0.5026 -0.0057
vn 0.2025 -0.9793 -0.0016
vn 0.9997 -0.0234 -0.0060
vn 0.9997 -0.0236 -0.0063
vn 1.0000 -0.0005 -0.0063
vn 1.0000 -0.0006 -0.0064
vn 1.0000 -0.0005 -0.0085
vn 0.9999 -0.0010 -0.0166
vn 0.9999 -0.0020 -0.0157
vn 1.0000 -0.0006 -0.0084
vn 0.9999 -0.0011 -0.0125
vn 0.9999 -0.0016 -0.0104
vn -0.0031 -0.9992 0.0406
vn -0.0006 -0.9993 0.0370
vn -0.0005 -0.8046 0.5939
vn -0.0261 -0.7810 0.6240
vn 0.2472 0.9690 -0.0013
vn 0.2402 0.9707 0.0003
vn 0.9059 0.4233 -0.0124
vn 0.9047 0.4259 -0.0095
vn 0.8872 0.4540 -0.0828
vn 0.3588 0.9328 0.0323
vn 0.2511 0.9674 0.0336
vn 0.0005 0.9969 -0.0789
vn 0.0006 0.6794 -0.7338
vn 0.0004 0.0825 -0.9966
vn 0.0006 0.7445 -0.6676
vn 0.0003 0.0983 -0.9952
vn 0.0006 0.7441 -0.6681
vn 0.0003 0.0982 -0.9952
vn -0.0702 0.9957 -0.0613
vn 0.0006 0.9981 -0.0609
vn -0.0721 0.9974 -0.0021
vn -0.0736 -0.0003 0.9973
vn -0.0737 -0.0003 0.9973
vn -0.5335 -0.0000 0.8458
vn -0.9989 0.0006 0.0476
vn -0.5715 0.0001 0.8206
vn -0.9991 0.0006 0.0419
vn -0.6764 0.7362 -0.0228
vn -0.6744 0.7380 -0.0227
vn -0.9947 0.0967 -0.0342
vn -0.9947 0.0966 -0.0342
vn -0.0082 -0.0003 1.0000
vn -0.0019 -0.0003 1.0000
vn -0.0095 -0.0003 1.0000
vn 0.0289 -0.0004 0.9996
vn 0.5352 -0.0006 0.8447
vn 0.5116 -0.0006 0.8592
vn 0.0232 -0.0004 0.9997
vn 0.9992 0.0084 0.0383
vn 1.0000 0.0093 0.0003
vn 1.0000 -0.0005 0.0005
vn 0.9993 -0.0006 0.0363
vn -0.0017 -0.0307 0.9995
vn -0.0057 -0.0287 0.9996
vn -0.0004 -0.0039 1.0000
vn -0.5000 0.0004 -0.8660
vn -0.5000 -0.0000 -0.8660
vn -0.0000 0.0632 -0.9980
vn 0.0005 0.8348 -0.5506
vn -0.1418 0.8355 -0.5309
vn -0.2583 0.0635 -0.9640
vn 0.0149 0.9996 -0.0246
vn 0.0015 1.0000 -0.0014
vn 0.0010 1.0000 -0.0018
vn 0.0085 0.9995 -0.0300
vn 0.0019 1.0000 -0.0000
vn 0.0013 1.0000 -0.0000
vn 0.0008 1.0000 -0.0000
vn 0.0019 1.0000 0.0002
vn 0.9428 0.3333 -0.0008
vn 0.9987 0.0511 -0.0000
vn 0.9988 0.0494 -0.0000
vn 0.9594 0.2819 -0.0009
vn 0.6821 0.7312 0.0033
vn 0.3631 0.9318 -0.0007
vn 0.0006 0.9990 0.0442
vn 0.0006 0.9988 0.0498
vn -0.0006 0.0172 0.9999
vn 0.0002 0.0174 0.9998
vn -0.0001 0.5503 0.8350
vn -0.0001 0.5524 0.8336
vn 1.0000 0.0065 0.0005
vn 1.0000 0.0068 0.0004
vn 1.0000 0.0062 0.0003
vn 1.0000 -0.0006 0.0003
vn 1.0000 -0.0000 0.0006
vn 1.0000 -0.0005 0.0006
vn -0.7057 0.0636 -0.7057
vn -0.8643 0.0636 -0.4990
vn -0.3884 0.8356 -0.3886
vn -0.4766 0.8350 -0.2751
vn -0.0801 0.9966 -0.0192
vn -0.1268 0.9919 0.0027
vn -0.0085 1.0000 -0.0020
vn -0.0405 0.9992 -0.0012
vn -0.0003 1.0000 0.0010
vn -0.0016 1.0000 0.0008
vn -0.0004 -0.0000 1.0000
vn -0.0205 -0.0504 0.9985
vn -0.0182 -0.0591 0.9981
vn -0.0007 -0.0000 1.0000
vn -0.0132 -0.0254 0.9996
vn 0.2008 -0.9791 0.0332
vn 0.8629 -0.5050 0.0187
vn 0.8194 -0.4718 0.3255
vn 0.2025 -0.7802 0.5918
vn 0.9997 -0.0235 -0.0064
vn 0.9997 -0.0237 -0.0064
vn 1.0000 -0.0005 -0.0064
vn 1.0000 -0.0003 -0.0063
vn 0.9996 0.0245 -0.0150
vn 0.9996 0.0253 -0.0080
vn 0.9058 0.4236 -0.0068
vn 0.9058 0.4238 -0.0051
vn 0.9997 0.0253 -0.0058
vn -0.0054 -0.0611 0.9981
vn -0.0000 -0.0543 0.9985
vn -0.0001 -0.0003 1.0000
vn 0.9951 0.0767 -0.0619
vn 0.0004 0.6797 -0.7335
vn 0.2495 0.9684 -0.0011
vn 0.2492 0.9685 -0.0020
vn 0.0001 0.0003 -1.0000
vn 0.0002 0.0825 -0.9966
vn 0.0006 0.7440 -0.6681
vn 0.0006 0.9981 -0.0614
vn 0.0006 0.9981 -0.0615
vn -0.0729 0.9973 -0.0021
vn -0.0738 0.9973 -0.0022
vn -0.0945 -0.0003 0.9955
vn -0.0842 -0.0003 0.9964
vn -0.0102 -0.0003 0.9999
vn -0.0022 -0.0003 1.0000
vn -0.5487 0.0701 0.8331
vn -0.9942 0.0979 0.0437
vn -0.3737 0.4043 0.8348
vn -0.6757 0.7346 0.0614
vn 0.0192 -0.0004 0.9998
vn 0.4944 -0.0006 0.8693
vn 0.5468 -0.0006 0.8373
vn 0.0320 -0.0004 0.9995
vn 0.9993 -0.0006 0.0364
vn 0.9993 -0.0006 0.0376
vn 0.9981 0.0615 0.0004
vn 1.0000 0.0088 0.0002
vn 0.9979 0.0655 -0.0002
vn 1.0000 0.0081 0.0004
vn -0.0002 0.5139 0.8578
vn -0.0001 0.5417 0.8406
vn -0.0005 0.0162 0.9999
vn -0.0004 0.0126 0.9999
vn -0.0059 -0.0102 0.9999
vn 0.0005 -0.0004 1.0000
vn 0.0069 -0.0007 1.0000
vn 0.0017 -0.0024 1.0000
vn -0.4990 0.0635 -0.8643
vn -0.2750 0.8349 -0.4768
vn 0.0006 0.9994 -0.0345
vn 0.0006 1.0000 -0.0021
vn 0.0002 1.0000 -0.0018
vn -0.0073 0.9995 -0.0302
vn 0.0004 1.0000 -0.0001
vn 0.0005 1.0000 -0.0002
vn 0.7495 0.6621 -0.0007
vn 0.7762 0.6304 0.0006
vn 0.8892 0.4576 -0.0008
vn 0.9983 0.0586 -0.0001
vn 1.0000 0.0072 0.0004
vn 1.0000 0.0074 0.0004
vn 1.0000 -0.0006 0.0006
vn 0.0006 0.9990 0.0448
vn 0.0006 0.9990 0.0449
vn 0.9895 -0.1446 0.0005
vn 0.9895 -0.1446 0.0002
vn 0.6988 -0.7153 -0.0000
vn 0.6989 -0.7153 0.0001
vn 0.6988 -0.7153 0.0001
vn -0.0222 0.9995 -0.0224
vn -0.0379 0.9991 -0.0210
vn -0.0014 1.0000 -0.0016
vn -0.0034 1.0000 -0.0019
vn -0.0009 1.0000 -0.0001
vn -0.9707 0.2403 -0.0006
vn -0.8697 0.4936 -0.0008
vn -0.9996 0.0293 -0.0014
vn -0.9993 0.0385 -0.0012
vn -0.9999 0.0120 -0.0005
vn -0.9997 0.0243 -0.0008
vn -0.9999 0.0106 -0.0005
vn -0.9999 0.0150 -0.0006
vn -0.9999 0.0140 -0.0006
vn -0.9996 0.0282 -0.0002
vn -0.9997 0.0220 -0.0122
vn -0.9023 0.4311 -0.0010
vn 0.2666 -0.0486 0.9626
vn 0.9188 -0.0277 0.3938
vn 0.9211 -0.0007 0.3894
vn 0.2704 -0.0005 0.9627
vn 0.9996 -0.0234 0.0151
vn 0.9999 -0.0006 0.0153
vn 1.0000 -0.0000 -0.0063
vn 0.9997 0.0238 -0.0072
vn 0.9241 0.3809 -0.0323
vn 0.9862 0.1122 -0.1216
vn 0.9999 0.0129 -0.0111
vn -0.0000 -0.0003 1.0000
vn -0.0001 -0.0000 1.0000
vn -0.0004 -0.0003 1.0000
vn -0.0000 0.0003 -1.0000
vn 0.0001 0.0825 -0.9966
vn -0.0000 0.0825 -0.9966
vn 0.4735 0.6147 -0.6308
vn 0.2813 0.9564 -0.0789
vn 0.0006 0.7441 -0.6680
vn 0.0004 0.0983 -0.9952
vn 0.0006 0.7444 -0.6678
vn 0.0006 0.9981 -0.0616
vn 0.0127 0.1912 0.9815
vn 0.0059 0.9604 0.2786
vn -0.0603 0.9837 0.1692
vn -0.0018 0.3525 0.9358
vn -0.0526 0.0496 0.9974
vn 0.0089 0.0258 0.9996
vn -0.0090 -0.0002 1.0000
vn -0.0020 -0.0004 1.0000
vn -0.0068 0.0002 1.0000
vn -0.0020 0.0001 1.0000
vn 0.0391 -0.0004 0.9992
vn 0.5732 -0.0006 0.8194
vn 0.5726 -0.0006 0.8198
vn 0.0389 -0.0004 0.9992
vn 0.9993 -0.0006 0.0385
vn 0.9994 -0.0006 0.0358
vn 1.0000 -0.0003 0.0005
vn 1.0000 0.0077 0.0004
vn 0.0006 0.9987 0.0510
vn 0.0006 0.9972 0.0753
vn -0.0137 0.0009 0.9999
vn 0.0012 0.0017 1.0000
vn -0.4825 0.0136 0.8758
vn -0.2342 0.2440 0.9411
vn 0.0013 -0.0000 1.0000
vn 0.0011 -0.0003 1.0000
vn 0.0097 -0.0004 1.0000
vn 0.0091 -0.0004 1.0000
vn -0.0140 0.9996 -0.0249
vn -0.0003 1.0000 -0.0014
vn 0.0004 1.0000 -0.0002
vn 0.9907 -0.1353 0.0147
vn 0.9925 -0.1055 0.0618
vn 0.7009 -0.7121 0.0401
vn 0.6988 -0.6784 0.2267
vn 0.1372 -0.9905 -0.0003
vn -0.0004 1.0000 -0.0003
vn -0.0001 1.0000 -0.0001
vn -1.0000 0.0023 -0.0007
vn -1.0000 0.0035 -0.0004
vn -1.0000 0.0003 -0.0006
vn -1.0000 -0.0000 -0.0006
vn -1.0000 0.0005 -0.0003
vn -1.0000 0.0034 -0.0004
vn -1.0000 0.0005 -0.0006
vn -1.0000 0.0022 -0.0004
vn -1.0000 0.0024 -0.0010
vn -1.0000 0.0005 -0.0005
vn -1.0000 0.0023 -0.0006
vn -1.0000 0.0023 -0.0005
vn -1.0000 0.0003 -0.0005
vn -1.0000 0.0037 -0.0009
vn -1.0000 0.0043 -0.0008
vn -0.8827 0.4699 -0.0073
vn -0.7295 0.6840 -0.0015
vn 0.2704 -0.0000 0.9627
vn 0.9211 -0.0007 0.3893
vn 1.0000 0.0013 -0.0076
vn 0.9998 0.0059 -0.0170
vn -0.0003 -0.0003 1.0000
vn 0.4150 0.0001 -0.9098
vn 0.4359 0.0797 -0.8965
vn 0.9656 -0.0005 -0.2599
vn 0.9715 0.0202 -0.2363
vn 0.0005 0.7442 -0.6680
vn 0.0002 0.0983 -0.9952
vn 0.0017 0.9591 0.2832
vn 0.0004 0.9581 0.2863
vn 0.0023 0.1680 0.9858
vn -0.0004 0.1690 0.9856
vn 0.0039 0.0104 0.9999
vn -0.0023 0.0019 1.0000
vn -0.0007 0.0031 1.0000
vn 0.0034 0.0273 0.9996
vn 0.0278 -0.0009 0.9996
vn 0.5333 -0.0061 0.8459
vn 0.4649 -0.0306 0.8848
vn 0.0103 -0.0024 0.9999
vn 0.9994 -0.0006 0.0345
vn 1.0000 -0.0000 0.0005
vn 0.9978 -0.0217 0.0626
vn 0.9777 -0.0714 0.1975
vn 0.0003 1.0000 -0.0000
vn -0.9993 0.0165 0.0341
vn -0.8918 0.4402 0.1043
vn -0.0338 -0.0003 0.9994
vn -0.0292 -0.0001 0.9996
vn -0.5381 -0.0000 0.8429
vn -0.5259 0.0021 0.8505
vn 0.0011 -0.0002 1.0000
vn 0.0088 -0.0004 1.0000
vn 0.0096 -0.0003 1.0000
vn 0.1297 -0.9913 0.0221
vn 0.1057 -0.9854 0.1338
vn -0.0006 -1.0000 0.0092
vn -0.0006 -0.9971 0.0756
vn -0.7389 -0.6393 0.2128
vn -0.7430 -0.6683 0.0369
vn -0.9927 -0.1197 0.0121
vn -0.9942 -0.0929 0.0539
vn -0.7389 -0.6739 -0.0007
vn -0.9917 -0.1286 -0.0006
vn -0.9825 -0.0625 0.1752
vn -0.9983 -0.0182 0.0547
vn -0.9994 0.0006 0.0353
vn -0.9994 0.0040 0.0346
vn -0.0006 -0.0006 1.0000
vn 0.2705 -0.0000 0.9627
vn 0.9212 -0.0007 0.3892
vn 0.9214 -0.0007 0.3887
vn 0.2707 -0.0005 0.9627
vn 0.9999 -0.0006 0.0152
vn 0.9997 0.0011 -0.0234
vn 0.9997 -0.0006 -0.0245
vn 0.0005 0.7442 -0.6679
vn 0.0001 0.0983 -0.9952
vn 0.0004 0.7443 -0.6679
vn -0.0000 0.0983 -0.9952
vn 0.4146 0.0001 -0.9100
vn 0.4147 -0.0000 -0.9100
vn 0.9655 -0.0005 -0.2604
vn 0.9655 -0.0005 -0.2603
vn 0.0005 0.9981 -0.0613
vn 0.0004 0.9580 0.2867
vn 0.0017 0.9584 0.2853
vn -0.0004 0.1686 0.9857
vn -0.0005 0.1695 0.9855
vn -0.0006 0.0033 1.0000
vn 0.0004 0.0288 0.9996
vn -0.0005 0.0033 1.0000
vn -0.0005 0.0290 0.9996
vn -0.0009 -0.0024 1.0000
vn 0.1622 -0.3079 0.9375
vn -0.0007 -0.5116 0.8592
vn -0.0007 -0.0124 0.9999
vn 0.9993 -0.0095 0.0364
vn 1.0000 -0.0094 0.0006
vn 0.9984 -0.0571 0.0008
vn 0.9977 -0.0553 0.0402
vn 0.8969 -0.1202 0.4255
vn 0.1667 -0.6207 0.7661
vn 0.0380 -0.0004 0.9993
vn 0.8058 -0.0007 0.5922
vn -0.0265 -0.0003 0.9996
vn -0.0331 -0.0003 0.9995
vn -0.5129 -0.0000 0.8584
vn -0.5365 -0.0000 0.8439
vn 0.0012 -0.0003 1.0000
vn 0.0008 -0.0003 1.0000
vn 0.0100 -0.0004 0.9999
vn 0.0083 -0.0004 1.0000
vn -0.0005 -0.0005 1.0000
vn 0.0050 -0.0003 1.0000
vn 0.0461 -0.7880 0.6139
vn -0.0007 -0.8636 0.5042
vn -0.1522 -0.9883 -0.0004
vn -0.1523 -0.9883 -0.0004
vn -0.7388 -0.6740 -0.0004
vn -0.7385 -0.6743 -0.0008
vn -0.9917 -0.1288 -0.0006
vn -0.9917 -0.1285 -0.0003
vn -0.1442 -0.9893 0.0217
vn -0.1185 -0.9841 0.1322
vn -0.8376 0.0003 0.5462
vn -0.9164 -0.1080 0.3855
vn -0.0438 -0.0003 0.9990
vn -0.1910 -0.6139 0.7659
vn -0.9993 0.0006 0.0366
vn -0.9994 0.0006 0.0354
vn 0.2708 -0.0000 0.9626
vn 0.9215 -0.0007 0.3884
vn 0.9210 -0.0007 0.3896
vn 0.2703 -0.0005 0.9628
vn 0.9999 -0.0006 0.0151
vn 0.9997 -0.0006 -0.0246
vn 0.3369 0.6958 -0.6343
vn 0.4010 0.0842 -0.9122
vn 0.9335 0.2665 -0.2399
vn 0.9626 0.0343 -0.2687
vn -0.0154 0.1889 0.9819
vn -0.0062 0.9616 0.2744
vn -0.0010 0.9594 0.2822
vn -0.0035 0.1682 0.9858
vn -0.0005 0.0289 0.9996
vn -0.0006 0.0034 1.0000
vn -0.0006 0.0289 0.9996
vn -0.0008 -0.5429 0.8398
vn -0.0006 -0.0164 0.9999
vn -0.0008 -0.5525 0.8335
vn -0.0006 -0.0175 0.9998
vn 0.4754 -0.8781 0.0533
vn 0.4746 -0.8802 0.0004
vn -0.0006 -0.9993 0.0362
vn 0.9999 -0.0101 0.0006
vn 1.0000 -0.0099 0.0006
vn 0.9982 -0.0596 0.0008
vn 0.9983 -0.0583 0.0008
vn 0.8074 0.0004 0.5900
vn 0.0369 0.0010 0.9993
vn 0.0392 0.0017 0.9992
vn 0.8259 0.0014 0.5638
vn -0.0366 -0.0003 0.9993
vn -0.0220 -0.0003 0.9998
vn -0.5481 -0.0000 0.8364
vn -0.4957 -0.0000 0.8685
vn 0.0109 -0.0004 0.9999
vn 0.0110 -0.0004 0.9999
vn 0.0046 0.0004 1.0000
vn 0.0045 -0.0000 1.0000
vn -0.0008 -0.8636 0.5042
vn -0.0568 -0.7890 0.6118
vn -0.0066 -0.0004 1.0000
vn -0.8553 0.0023 0.5181
vn -0.8391 0.0013 0.5440
vn -0.0452 0.0020 0.9990
vn -0.0428 0.0010 0.9991
vn -0.9994 0.0006 0.0348
vn -0.9993 0.0006 0.0375
vn 0.2702 -0.0000 0.9628
vn 0.9208 -0.0007 0.3901
vn 0.9209 -0.0007 0.3899
vn 0.2702 -0.0005 0.9628
vn 0.9999 -0.0006 0.0154
vn 0.9994 0.0250 -0.0242
vn 0.9578 0.2859 -0.0297
vn 0.9601 0.2796 -0.0059
vn 0.9997 0.0252 -0.0064
vn 0.3813 0.9244 -0.0021
vn 0.3723 0.9264 -0.0560
vn -0.0474 0.4848 0.8734
vn -0.0071 0.9956 0.0936
vn -0.0144 0.9856 0.1683
vn -0.0514 0.3628 0.9304
vn -0.0016 0.0289 0.9996
vn -0.0004 0.0031 1.0000
vn -0.0052 0.0267 0.9996
vn -0.0006 -0.9994 0.0345
vn -0.0006 -0.9994 0.0341
vn 0.0002 -0.0176 0.9998
vn -0.0008 -0.5529 0.8332
vn -0.0008 -0.5504 0.8349
vn -0.0006 -0.0173 0.9998
vn 0.4731 -0.8810 0.0003
vn 0.4716 -0.8818 0.0003
vn 0.8805 -0.0058 0.4740
vn 0.0440 0.0018 0.9990
vn 0.0730 -0.0022 0.9973
vn 0.9434 -0.0626 0.3257
vn -0.0445 -0.0003 0.9990
vn -0.0447 -0.0003 0.9990
vn -0.5739 0.0001 0.8189
vn -0.5745 0.0001 0.8185
vn 0.0005 -0.0003 1.0000
vn 0.0012 -0.0000 1.0000
vn 0.0064 0.0004 1.0000
vn 0.0093 -0.0002 1.0000
vn -0.0016 -0.0632 0.9980
vn -0.0024 -0.0662 0.9978
vn 0.0043 -0.0092 0.9999
vn -0.0009 -0.0098 1.0000
vn -0.0025 -0.1043 0.9945
vn 0.0249 -0.0430 0.9988
vn -0.0063 0.0001 1.0000
vn -0.0062 0.0003 1.0000
vn -0.9981 -0.0608 -0.0012
vn -0.9550 -0.0617 0.2900
vn -0.9016 -0.0051 0.4326
vn -1.0000 -0.0093 -0.0007
vn -0.0814 -0.0022 0.9967
vn -0.0505 0.0018 0.9987
vn -0.9978 -0.0656 -0.0012
vn -0.9980 -0.0632 -0.0012
vn -1.0000 -0.0098 -0.0007
vn -0.9999 -0.0103 -0.0007
vn -0.9994 0.0006 0.0335
vn 0.2705 -0.0005 0.9627
vn 0.9997 0.0251 -0.0063
vn 0.9604 0.2785 -0.0060
vn 0.9607 0.2774 -0.0060
vn 0.9997 0.0250 -0.0064
vn -0.0051 0.0642 0.9979
vn -0.0171 0.0612 0.9980
vn 0.0001 0.0589 0.9983
vn 0.0004 0.5573 0.8303
vn -0.0159 0.5463 0.8374
vn -0.0017 0.9969 0.0787
vn 0.0006 0.9972 0.0754
vn 0.3849 0.9229 -0.0021
vn 0.3831 0.9237 -0.0021
vn -0.0116 0.0249 0.9996
vn -0.0175 0.0506 0.9986
vn 0.0014 0.0020 1.0000
vn -0.0053 0.0096 0.9999
vn -0.0005 -0.0163 0.9999
vn -0.0008 -0.5414 0.8407
vn -0.0008 -0.5132 0.8583
vn -0.0004 -0.0129 0.9999
vn -0.0006 -0.9994 0.0342
vn 0.4583 -0.8377 0.2971
vn 0.0018 -0.9811 0.1936
vn -0.0118 -0.0030 0.9999
vn -0.0317 -0.0011 0.9995
vn -0.4619 -0.0366 0.8861
vn -0.5338 -0.0067 0.8456
vn -0.0021 -0.9370 0.3494
vn -0.0014 -0.9153 0.4027
vn 0.0004 -0.0630 0.9980
vn -0.0006 -0.0611 0.9981
vn -0.0006 -0.0101 0.9999
vn -0.0002 -0.0098 1.0000
vn -0.0059 -0.0092 0.9999
vn -0.0292 -0.0436 0.9986
vn 0.0015 -0.1051 0.9945
vn 0.0014 -0.0664 0.9978
vn -0.4960 -0.8201 0.2852
vn -0.0034 -0.9805 0.1963
vn -0.5070 -0.8620 -0.0014
vn -0.5040 -0.8637 -0.0014
vn -0.5011 -0.8654 -0.0014
vn -0.9970 -0.0665 0.0386
vn -0.9993 -0.0103 0.0352
vn 0.2653 0.0546 0.9626
vn 0.9182 0.0315 0.3947
vn 0.8954 0.2365 0.3773
vn 0.2729 0.5530 0.7872
vn 0.9996 0.0247 0.0149
vn 0.9590 0.2827 0.0215
vn 0.3777 0.9239 0.0614
vn -0.1715 -0.3043 0.9370
vn -0.0003 -0.0028 1.0000
vn -0.0006 -0.9994 0.0346
vn -0.0006 -0.9994 0.0360
vn -0.0008 -0.9091 0.4166
vn -0.0001 -0.9150 0.4035
vn 0.0008 -0.9371 0.3490
vn -0.4984 -0.8654 0.0516
vn -1.0000 0.0001 -0.0030
vn -1.0000 0.0005 -0.0032
vn -1.0000 0.0002 -0.0029
vn 0.0006 1.0000 -0.0000
vn 0.0001 1.0000 -0.0001
vn -0.0006 -1.0000 -0.0005
vn -0.3840 -0.9191 0.0886
vn 1.0000 -0.0005 -0.0009
vn 1.0000 -0.0001 -0.0012
vn 1.0000 -0.0003 -0.0015
vn 0.9997 0.0257 -0.0012
vn -0.9943 -0.1063 -0.0037
vn 0.9997 -0.0232 -0.0011
vn 0.2950 -0.9544 0.0458
vn 0.8661 -0.4997 0.0098
vn -0.9956 0.0934 -0.0052
vn 1.0000 0.0088 -0.0005
vt 0.005051 0.194569
vt 0.005051 0.163710
vt 0.007162 0.163916
vt 0.007164 0.194569
vt 0.018932 0.163916
vt 0.018944 0.194570
vt 0.242872 0.246211
vt 0.237312 0.240822
vt 0.238473 0.223060
vt 0.242428 0.212244
vt 0.245031 0.218029
vt 0.232481 0.242436
vt 0.234217 0.211577
vt 0.236729 0.208945
vt 0.050022 0.163916
vt 0.050058 0.194569
vt 0.088337 0.163916
vt 0.088400 0.194570
vt 0.005051 0.133675
vt 0.007161 0.133675
vt 0.005051 0.103639
vt 0.007161 0.110165
vt 0.018928 0.110165
vt 0.018928 0.133675
vt 0.276081 0.235048
vt 0.264963 0.217833
vt 0.283062 0.208879
vt 0.291493 0.224495
vt 0.259797 0.209028
vt 0.279361 0.201313
vt 0.293791 0.207236
vt 0.308127 0.212126
vt 0.309915 0.218339
vt 0.121783 0.163916
vt 0.121864 0.194570
vt 0.145696 0.163916
vt 0.145786 0.194570
vt 0.050010 0.133675
vt 0.050010 0.110165
vt 0.088316 0.110165
vt 0.088316 0.133674
vt 0.229902 0.302507
vt 0.231192 0.272472
vt 0.235715 0.272473
vt 0.234465 0.297111
vt 0.241434 0.274699
vt 0.240290 0.298069
vt 0.007161 0.099707
vt 0.018928 0.099707
vt 0.005051 0.099707
vt 0.005051 0.095774
vt 0.007161 0.095593
vt 0.018928 0.095593
vt 0.259084 0.268526
vt 0.251317 0.257619
vt 0.255419 0.235259
vt 0.265381 0.250291
vt 0.249226 0.209125
vt 0.311413 0.223607
vt 0.294787 0.230538
vt 0.311183 0.222748
vt 0.295513 0.231795
vt 0.279843 0.240842
vt 0.280472 0.241471
vt 0.155411 0.163916
vt 0.155504 0.194570
vt 0.157995 0.163710
vt 0.158120 0.194570
vt 0.145666 0.110165
vt 0.145666 0.133674
vt 0.121757 0.133675
vt 0.121757 0.110165
vt 0.050010 0.099707
vt 0.088316 0.099707
vt 0.050010 0.095593
vt 0.088315 0.095593
vt 0.257436 0.309209
vt 0.248206 0.300870
vt 0.249543 0.281375
vt 0.256883 0.288051
vt 0.007161 0.091118
vt 0.018928 0.091118
vt 0.005051 0.091118
vt 0.005051 0.086462
vt 0.007161 0.077757
vt 0.018928 0.077757
vt 0.269539 0.255786
vt 0.270796 0.256512
vt 0.261749 0.272182
vt 0.262608 0.272412
vt 0.349242 0.218339
vt 0.347141 0.223607
vt 0.329277 0.221296
vt 0.329646 0.216287
vt 0.347371 0.222748
vt 0.329277 0.222748
vt 0.963232 0.746706
vt 0.964083 0.746100
vt 0.964083 0.762376
vt 0.963232 0.762376
vt 0.968653 0.746100
vt 0.968653 0.762376
vt 0.968653 0.776390
vt 0.964083 0.776390
vt 0.963232 0.778046
vt 0.351895 0.212128
vt 0.366315 0.207237
vt 0.376281 0.208878
vt 0.367258 0.224495
vt 0.380099 0.200921
vt 0.397352 0.208315
vt 0.392630 0.217834
vt 0.382233 0.235048
vt 0.419073 0.239312
vt 0.415588 0.238981
vt 0.414964 0.218877
vt 0.418543 0.219618
vt 0.411290 0.245766
vt 0.410023 0.216172
vt 0.412029 0.207939
vt 0.437771 0.069798
vt 0.442348 0.070003
vt 0.443867 0.100657
vt 0.439507 0.100657
vt 0.452871 0.070001
vt 0.454174 0.100656
vt 0.454626 0.111024
vt 0.444408 0.111020
vt 0.440279 0.114360
vt 0.157995 0.103639
vt 0.157995 0.133675
vt 0.155380 0.133675
vt 0.155380 0.110165
vt 0.145656 0.095593
vt 0.145666 0.099707
vt 0.121757 0.099707
vt 0.121751 0.095593
vt 0.050010 0.091118
vt 0.088310 0.091118
vt 0.050010 0.077757
vt 0.088294 0.077757
vt 0.239014 0.310900
vt 0.233224 0.310953
vt 0.239619 0.325649
vt 0.233338 0.327372
vt 0.229242 0.319685
vt 0.229403 0.315029
vt 0.229564 0.310373
vt 0.229733 0.306440
vt 0.248838 0.320403
vt 0.245419 0.310449
vt 0.260298 0.290276
vt 0.261749 0.290276
vt 0.261749 0.308370
vt 0.262608 0.308140
vt 0.007161 0.046988
vt 0.018928 0.046988
vt 0.005051 0.046988
vt 0.005051 0.007513
vt 0.007161 0.016667
vt 0.018928 0.016667
vt 0.964083 0.787094
vt 0.963232 0.787094
vt 0.968653 0.787093
vt 0.964934 0.796141
vt 0.964083 0.796141
vt 0.963232 0.796141
vt 0.378082 0.241471
vt 0.363767 0.230538
vt 0.378711 0.240842
vt 0.363041 0.231795
vt 0.963232 0.710518
vt 0.964083 0.711124
vt 0.964083 0.728612
vt 0.963232 0.728612
vt 0.968653 0.711124
vt 0.968653 0.728612
vt 0.980662 0.746100
vt 0.980662 0.762376
vt 0.992661 0.746100
vt 0.992660 0.762376
vt 0.996390 0.778046
vt 0.980662 0.776390
vt 0.401260 0.235264
vt 0.392705 0.250293
vt 0.406645 0.207474
vt 0.404853 0.257631
vt 0.398874 0.268529
vt 0.424676 0.239211
vt 0.422180 0.239331
vt 0.421763 0.219644
vt 0.424351 0.219375
vt 0.475510 0.069998
vt 0.476377 0.100654
vt 0.505065 0.069994
vt 0.505411 0.100652
vt 0.505472 0.111045
vt 0.476651 0.111033
vt 0.450735 0.016248
vt 0.451654 0.039759
vt 0.441005 0.039761
vt 0.440023 0.016251
vt 0.436481 0.039762
vt 0.435192 0.009726
vt 0.157995 0.095774
vt 0.157995 0.099707
vt 0.155380 0.099707
vt 0.155368 0.095593
vt 0.145508 0.077757
vt 0.145625 0.091118
vt 0.121734 0.091118
vt 0.121667 0.077757
vt 0.050010 0.046988
vt 0.088256 0.046988
vt 0.050010 0.016667
vt 0.088218 0.016667
vt 0.239849 0.354954
vt 0.232492 0.359161
vt 0.242909 0.388889
vt 0.231473 0.389482
vt 0.226514 0.398634
vt 0.227878 0.359159
vt 0.275221 0.345935
vt 0.261523 0.364441
vt 0.252694 0.342327
vt 0.264699 0.329519
vt 0.269539 0.324766
vt 0.270796 0.324040
vt 0.279843 0.339710
vt 0.280472 0.339081
vt 0.498441 0.851648
vt 0.497590 0.851648
vt 0.497590 0.833554
vt 0.498441 0.833554
vt 0.496739 0.851648
vt 0.493020 0.833554
vt 0.493020 0.816066
vt 0.497590 0.816066
vt 0.498441 0.815460
vt 0.007161 0.004656
vt 0.018928 0.004656
vt 0.005051 0.004656
vt 0.005051 0.001799
vt 0.007161 0.001799
vt 0.009271 0.001799
vt 0.980662 0.787094
vt 0.996390 0.787094
vt 0.996390 0.796141
vt 0.980662 0.796141
vt 0.395946 0.272412
vt 0.389015 0.255786
vt 0.396805 0.272182
vt 0.387758 0.256512
vt 0.963232 0.679178
vt 0.964083 0.679178
vt 0.964083 0.694848
vt 0.963232 0.694848
vt 0.964934 0.679178
vt 0.968653 0.694848
vt 0.980662 0.711124
vt 0.980662 0.728612
vt 0.992661 0.711124
vt 0.992660 0.728612
vt 0.997199 0.746100
vt 0.997199 0.762376
vt 0.998008 0.746706
vt 0.998008 0.762376
vt 0.998008 0.778046
vt 0.997199 0.778046
vt 0.406090 0.281394
vt 0.400941 0.288055
vt 0.411785 0.274733
vt 0.412011 0.298124
vt 0.406678 0.300898
vt 0.400059 0.309217
vt 0.422573 0.272514
vt 0.419537 0.272513
vt 0.425008 0.272514
vt 0.425166 0.297191
vt 0.422716 0.297201
vt 0.419674 0.297200
vt 0.416104 0.272513
vt 0.416225 0.297200
vt 0.536340 0.069990
vt 0.536210 0.100650
vt 0.566574 0.069985
vt 0.566119 0.100648
vt 0.565871 0.111024
vt 0.536080 0.111058
vt 0.474553 0.039754
vt 0.473769 0.016241
vt 0.503827 0.016233
vt 0.504433 0.039747
vt 0.443988 0.001858
vt 0.450326 0.005789
vt 0.439586 0.005792
vt 0.439421 0.001859
vt 0.435023 0.005793
vt 0.434854 0.001861
vt 0.158216 0.077757
vt 0.158355 0.091118
vt 0.155332 0.091118
vt 0.155194 0.077757
vt 0.144971 0.016667
vt 0.145238 0.046988
vt 0.121514 0.046988
vt 0.121363 0.016667
vt 0.050010 0.004656
vt 0.088203 0.004656
vt 0.050010 0.001799
vt 0.090749 0.001799
vt 0.242026 0.401500
vt 0.231070 0.401493
vt 0.235631 0.404353
vt 0.230974 0.404350
vt 0.226316 0.404347
vt 0.226415 0.401491
vt 0.309300 0.363037
vt 0.303712 0.378510
vt 0.279862 0.374963
vt 0.290693 0.356879
vt 0.298204 0.394347
vt 0.269193 0.393447
vt 0.294787 0.350014
vt 0.295513 0.348757
vt 0.311183 0.357804
vt 0.311413 0.356945
vt 0.497590 0.799790
vt 0.498441 0.799790
vt 0.493020 0.799790
vt 0.496739 0.784120
vt 0.497590 0.784120
vt 0.498441 0.784120
vt 0.481011 0.851648
vt 0.481011 0.833554
vt 0.465283 0.851648
vt 0.469013 0.833554
vt 0.469013 0.816066
vt 0.481011 0.816066
vt 0.351757 0.408455
vt 0.352518 0.418797
vt 0.347100 0.413511
vt 0.347100 0.408455
vt 0.352306 0.432115
vt 0.347100 0.426742
vt 0.342443 0.412675
vt 0.342443 0.410565
vt 0.342443 0.408455
vt 0.465283 0.882988
vt 0.464474 0.882988
vt 0.464474 0.867318
vt 0.465283 0.867318
vt 0.463665 0.882988
vt 0.463665 0.867318
vt 0.463665 0.851648
vt 0.464474 0.851042
vt 0.395946 0.308140
vt 0.398256 0.290276
vt 0.396805 0.308370
vt 0.396805 0.290276
vt 0.567832 0.865201
vt 0.568684 0.864595
vt 0.568684 0.880871
vt 0.567832 0.880871
vt 0.569535 0.865201
vt 0.569535 0.880871
vt 0.569535 0.896541
vt 0.568684 0.896541
vt 0.567832 0.896541
vt 0.980662 0.680834
vt 0.980662 0.694848
vt 0.996390 0.679178
vt 0.992660 0.694848
vt 0.997199 0.711124
vt 0.997199 0.728612
vt 0.998008 0.710518
vt 0.998008 0.728612
vt 0.909013 0.445101
vt 0.909294 0.444053
vt 0.892715 0.437142
vt 0.893343 0.436054
vt 0.907596 0.447132
vt 0.888576 0.441344
vt 0.874865 0.429842
vt 0.878440 0.426240
vt 0.877673 0.427007
vt 0.412469 0.310989
vt 0.408322 0.310487
vt 0.411840 0.325716
vt 0.405565 0.320438
vt 0.426325 0.239127
vt 0.426637 0.272514
vt 0.427691 0.242462
vt 0.427864 0.272514
vt 0.428036 0.302565
vt 0.426841 0.297164
vt 0.593004 0.069981
vt 0.592485 0.100646
vt 0.612278 0.069986
vt 0.611730 0.100675
vt 0.611489 0.111060
vt 0.592235 0.111023
vt 0.536027 0.039740
vt 0.535608 0.016224
vt 0.566290 0.016215
vt 0.566525 0.039734
vt 0.473421 0.005782
vt 0.503557 0.005772
vt 0.473289 0.001848
vt 0.502591 0.001839
vt 0.063341 0.823582
vt 0.059093 0.823582
vt 0.059093 0.819015
vt 0.063341 0.819015
vt 0.054846 0.823582
vt 0.050348 0.819015
vt 0.050348 0.808264
vt 0.059093 0.808264
vt 0.063341 0.814448
vt 0.162064 0.077757
vt 0.162197 0.091118
vt 0.170838 0.077757
vt 0.170950 0.091118
vt 0.166491 0.095774
vt 0.162243 0.095774
vt 0.157583 0.016667
vt 0.157897 0.046988
vt 0.154878 0.046988
vt 0.154566 0.016667
vt 0.151830 0.001799
vt 0.144866 0.004656
vt 0.121304 0.004656
vt 0.121290 0.001799
vt 0.352235 0.492513
vt 0.347100 0.492036
vt 0.347100 0.456327
vt 0.352235 0.459539
vt 0.342443 0.494153
vt 0.342443 0.453414
vt 0.295390 0.404387
vt 0.265510 0.404370
vt 0.265586 0.401513
vt 0.296329 0.401531
vt 0.349015 0.363042
vt 0.353883 0.378529
vt 0.329075 0.379699
vt 0.329227 0.365091
vt 0.358653 0.394379
vt 0.328914 0.394658
vt 0.329277 0.359255
vt 0.329277 0.357804
vt 0.347371 0.357804
vt 0.347141 0.356945
vt 0.457530 0.901343
vt 0.456679 0.901343
vt 0.456679 0.885673
vt 0.457530 0.885673
vt 0.455827 0.901343
vt 0.452108 0.885673
vt 0.452108 0.869397
vt 0.456679 0.869397
vt 0.457530 0.870003
vt 0.481011 0.799790
vt 0.469013 0.799790
vt 0.465283 0.784120
vt 0.481011 0.784120
vt 0.464474 0.833554
vt 0.463665 0.833554
vt 0.463665 0.815460
vt 0.464474 0.816066
vt 0.367045 0.425766
vt 0.359459 0.428766
vt 0.373073 0.437538
vt 0.365461 0.438288
vt 0.364031 0.445872
vt 0.358609 0.439412
vt 0.867538 0.411965
vt 0.868626 0.411337
vt 0.864864 0.413266
vt 0.858759 0.394185
vt 0.860627 0.395386
vt 0.859579 0.395667
vt 0.382295 0.345946
vt 0.378082 0.339081
vt 0.389015 0.324766
vt 0.392781 0.329529
vt 0.378711 0.339710
vt 0.387758 0.324040
vt 0.567832 0.829013
vt 0.568684 0.829619
vt 0.568684 0.847107
vt 0.567832 0.847107
vt 0.573254 0.829619
vt 0.573254 0.847107
vt 0.964934 0.661084
vt 0.980662 0.661084
vt 0.980662 0.670131
vt 0.964934 0.670131
vt 0.996390 0.661084
vt 0.996390 0.670131
vt 0.997199 0.679178
vt 0.997199 0.694848
vt 0.998008 0.679178
vt 0.998008 0.694848
vt 0.945201 0.445101
vt 0.944920 0.444053
vt 0.927107 0.446357
vt 0.927107 0.445101
vt 0.946315 0.447140
vt 0.927016 0.449060
vt 0.903152 0.453941
vt 0.877414 0.451776
vt 0.854795 0.446861
vt 0.865916 0.438872
vt 0.857708 0.458323
vt 0.401564 0.342369
vt 0.410959 0.355027
vt 0.407346 0.388977
vt 0.392879 0.364486
vt 0.855737 0.103698
vt 0.855737 0.133749
vt 0.853626 0.133749
vt 0.853626 0.110227
vt 0.855737 0.163800
vt 0.853631 0.167203
vt 0.842041 0.166373
vt 0.842022 0.133749
vt 0.841985 0.110227
vt 0.773273 0.185979
vt 0.773557 0.161832
vt 0.811503 0.163884
vt 0.811320 0.194185
vt 0.842019 0.185350
vt 0.825559 0.198807
vt 0.425294 0.311122
vt 0.422798 0.311159
vt 0.425350 0.327469
vt 0.422900 0.327478
vt 0.419852 0.327478
vt 0.419753 0.311158
vt 0.416295 0.311157
vt 0.416384 0.327476
vt 0.612568 0.016202
vt 0.612510 0.039723
vt 0.593120 0.039728
vt 0.593053 0.016208
vt 0.624404 0.070030
vt 0.623464 0.100858
vt 0.620276 0.100766
vt 0.621042 0.070007
vt 0.623064 0.111290
vt 0.619949 0.111175
vt 0.535421 0.005763
vt 0.566186 0.005753
vt 0.535352 0.001829
vt 0.568112 0.001819
vt 0.050348 0.785147
vt 0.059093 0.785146
vt 0.050348 0.754980
vt 0.059093 0.754980
vt 0.063341 0.755845
vt 0.063341 0.785146
vt 0.032605 0.823582
vt 0.032605 0.819015
vt 0.010364 0.823582
vt 0.014878 0.819015
vt 0.014878 0.808264
vt 0.032605 0.808264
vt 0.161459 0.016667
vt 0.161759 0.046988
vt 0.170325 0.016667
vt 0.170579 0.046988
vt 0.206418 0.077757
vt 0.206448 0.091118
vt 0.188707 0.091118
vt 0.188636 0.077757
vt 0.210973 0.095774
vt 0.188732 0.095774
vt 0.156995 0.001799
vt 0.157458 0.004656
vt 0.154442 0.004656
vt 0.154413 0.001799
vt 0.352235 0.544388
vt 0.347100 0.546410
vt 0.347100 0.523640
vt 0.352235 0.522479
vt 0.342443 0.555233
vt 0.342443 0.524693
vt 0.363554 0.466620
vt 0.358326 0.463349
vt 0.363554 0.493624
vt 0.358326 0.493078
vt 0.411516 0.408455
vt 0.415322 0.424765
vt 0.387541 0.424766
vt 0.381637 0.408455
vt 0.417598 0.437288
vt 0.392096 0.437288
vt 0.362203 0.404427
vt 0.328797 0.404407
vt 0.328835 0.401549
vt 0.360230 0.401568
vt 0.376068 0.374998
vt 0.367205 0.356888
vt 0.384749 0.393509
vt 0.363767 0.350014
vt 0.363041 0.348757
vt 0.456679 0.851909
vt 0.457530 0.851909
vt 0.452108 0.851908
vt 0.455827 0.833814
vt 0.456679 0.833814
vt 0.457530 0.833814
vt 0.440099 0.901343
vt 0.440099 0.885673
vt 0.424371 0.901343
vt 0.428101 0.885673
vt 0.428101 0.869397
vt 0.440099 0.869397
vt 0.464474 0.799790
vt 0.463665 0.799790
vt 0.463665 0.784120
vt 0.464474 0.784120
vt 0.858323 0.377573
vt 0.859579 0.377573
vt 0.856733 0.375168
vt 0.857830 0.355735
vt 0.860627 0.359760
vt 0.859579 0.359479
vt 0.370631 0.443395
vt 0.368970 0.443395
vt 0.368065 0.442235
vt 0.375519 0.442235
vt 0.367309 0.443395
vt 0.366593 0.448731
vt 0.859019 0.415913
vt 0.853135 0.418039
vt 0.852378 0.384635
vt 0.855584 0.389930
vt 0.567832 0.797673
vt 0.568684 0.799329
vt 0.568684 0.813343
vt 0.567832 0.813343
vt 0.569535 0.797673
vt 0.573254 0.813343
vt 0.585263 0.829619
vt 0.585263 0.847107
vt 0.597261 0.829619
vt 0.597261 0.847107
vt 0.600991 0.865201
vt 0.585263 0.865201
vt 0.601799 0.864595
vt 0.601799 0.880871
vt 0.600991 0.880871
vt 0.602608 0.865201
vt 0.602608 0.880871
vt 0.602608 0.896541
vt 0.601799 0.896541
vt 0.600991 0.896541
vt 0.976541 0.427007
vt 0.975774 0.426240
vt 0.961499 0.437142
vt 0.960871 0.436054
vt 0.978540 0.430688
vt 0.964974 0.441384
vt 0.926742 0.454658
vt 0.949850 0.453974
vt 0.420047 0.359249
vt 0.416560 0.359247
vt 0.420233 0.389586
vt 0.416729 0.389584
vt 0.428082 0.310434
vt 0.428111 0.315093
vt 0.427106 0.311014
vt 0.428059 0.306500
vt 0.428141 0.319752
vt 0.427025 0.327442
vt 0.855737 0.095828
vt 0.855737 0.099763
vt 0.853626 0.099763
vt 0.853626 0.095647
vt 0.841972 0.099763
vt 0.841972 0.095647
vt 0.811430 0.133749
vt 0.811279 0.110227
vt 0.773451 0.133749
vt 0.773224 0.110227
vt 0.423101 0.359249
vt 0.425536 0.359249
vt 0.425728 0.389586
vt 0.423293 0.389586
vt 0.627470 0.070038
vt 0.626636 0.100889
vt 0.629966 0.070038
vt 0.629315 0.100889
vt 0.629037 0.111405
vt 0.626279 0.111404
vt 0.623061 0.111364
vt 0.624958 0.016198
vt 0.624828 0.039720
vt 0.621395 0.039721
vt 0.621508 0.016199
vt 0.617912 0.001801
vt 0.612594 0.005738
vt 0.593023 0.005745
vt 0.593012 0.001810
vt 0.050348 0.723085
vt 0.059093 0.723085
vt 0.050348 0.692289
vt 0.059093 0.692289
vt 0.063341 0.690324
vt 0.063341 0.723085
vt 0.014878 0.785147
vt 0.032605 0.785146
vt 0.014878 0.754980
vt 0.032605 0.754980
vt 0.006178 0.823582
vt 0.006178 0.819015
vt 0.001992 0.823582
vt 0.001992 0.819015
vt 0.001992 0.814448
vt 0.006178 0.808264
vt 0.161312 0.001799
vt 0.161340 0.004656
vt 0.165629 0.001799
vt 0.170224 0.004656
vt 0.206282 0.016667
vt 0.206349 0.046988
vt 0.188472 0.046988
vt 0.188311 0.016667
vt 0.219344 0.086462
vt 0.219344 0.091118
vt 0.215155 0.091118
vt 0.215145 0.077757
vt 0.219344 0.095774
vt 0.215158 0.095774
vt 0.352235 0.555819
vt 0.347100 0.558448
vt 0.347100 0.555616
vt 0.352235 0.553191
vt 0.342443 0.560399
vt 0.342443 0.557816
vt 0.363554 0.519973
vt 0.358326 0.521102
vt 0.363554 0.539955
vt 0.358326 0.541990
vt 0.366102 0.468218
vt 0.367309 0.468978
vt 0.367309 0.494562
vt 0.366102 0.494044
vt 0.471135 0.437288
vt 0.444647 0.437288
vt 0.444769 0.424765
vt 0.473416 0.424765
vt 0.444923 0.408455
vt 0.478329 0.408455
vt 0.407639 0.401597
vt 0.387641 0.401585
vt 0.413073 0.404459
vt 0.387638 0.404443
vt 0.567832 0.779579
vt 0.568684 0.779579
vt 0.568684 0.788626
vt 0.567832 0.788626
vt 0.569535 0.779579
vt 0.569535 0.788626
vt 0.440099 0.851909
vt 0.428101 0.851908
vt 0.428101 0.834420
vt 0.440099 0.834420
vt 0.423562 0.901343
vt 0.423562 0.885673
vt 0.422754 0.901343
vt 0.422754 0.885673
vt 0.422754 0.870003
vt 0.423562 0.869397
vt 0.867538 0.343181
vt 0.868626 0.343809
vt 0.864933 0.337920
vt 0.874959 0.321828
vt 0.878440 0.328906
vt 0.877673 0.328139
vt 0.854473 0.367955
vt 0.852176 0.359422
vt 0.852179 0.343208
vt 0.854300 0.351973
vt 0.858004 0.266830
vt 0.850806 0.265443
vt 0.850672 0.264188
vt 0.857874 0.264184
vt 0.849014 0.270102
vt 0.849013 0.264167
vt 0.849013 0.263349
vt 0.850674 0.263348
vt 0.852335 0.263347
vt 0.418574 0.442235
vt 0.393953 0.442235
vt 0.418292 0.443395
vt 0.394462 0.443395
vt 0.850377 0.449825
vt 0.850345 0.417780
vt 0.849129 0.458426
vt 0.849102 0.416669
vt 0.849074 0.377420
vt 0.850417 0.380315
vt 0.585263 0.797673
vt 0.585263 0.813343
vt 0.600991 0.797673
vt 0.597261 0.813343
vt 0.601799 0.829619
vt 0.601799 0.847107
vt 0.602608 0.829013
vt 0.602608 0.847107
vt 0.994635 0.395667
vt 0.993587 0.395386
vt 0.986676 0.411965
vt 0.985588 0.411337
vt 0.994695 0.399406
vt 0.988254 0.416376
vt 0.974142 0.451937
vt 0.985062 0.442253
vt 0.994088 0.445472
vt 0.991305 0.458635
vt 0.420307 0.401604
vt 0.416796 0.401603
vt 0.420550 0.404463
vt 0.416811 0.404461
vt 0.427165 0.359249
vt 0.428391 0.359249
vt 0.428641 0.398746
vt 0.427357 0.389586
vt 0.855737 0.086510
vt 0.855737 0.091169
vt 0.853626 0.091169
vt 0.853626 0.077801
vt 0.841972 0.091169
vt 0.841972 0.077801
vt 0.811229 0.099763
vt 0.811229 0.095647
vt 0.773149 0.099763
vt 0.773150 0.095647
vt 0.739684 0.133749
vt 0.739533 0.110227
vt 0.739742 0.162316
vt 0.715276 0.163629
vt 0.715284 0.133749
vt 0.715247 0.110227
vt 0.739515 0.187914
vt 0.715150 0.193167
vt 0.423369 0.401605
vt 0.425804 0.401604
vt 0.426225 0.404463
vt 0.423387 0.404463
vt 0.627999 0.016198
vt 0.627864 0.039720
vt 0.630433 0.016198
vt 0.630298 0.039720
vt 0.631615 0.070038
vt 0.631025 0.100889
vt 0.632981 0.069771
vt 0.632252 0.100889
vt 0.631929 0.114696
vt 0.630776 0.111329
vt 0.630775 0.111406
vt 0.625244 0.001799
vt 0.625015 0.005734
vt 0.621559 0.005735
vt 0.621578 0.001800
vt 0.050348 0.665424
vt 0.059093 0.665424
vt 0.050348 0.645833
vt 0.059093 0.645833
vt 0.063341 0.640524
vt 0.063341 0.665424
vt 0.014878 0.723085
vt 0.032605 0.723085
vt 0.014878 0.692289
vt 0.032605 0.692289
vt 0.001992 0.785146
vt 0.006178 0.785146
vt 0.001992 0.755845
vt 0.006178 0.754980
vt 0.119942 0.608691
vt 0.119943 0.613258
vt 0.115287 0.613415
vt 0.115283 0.602653
vt 0.119945 0.617825
vt 0.115288 0.617986
vt 0.110632 0.618147
vt 0.101926 0.613864
vt 0.101922 0.603072
vt 0.352235 0.567036
vt 0.347100 0.570480
vt 0.347100 0.562093
vt 0.352235 0.559202
vt 0.342443 0.569032
vt 0.342443 0.564716
vt 0.188232 0.001799
vt 0.188248 0.004656
vt 0.210836 0.001799
vt 0.206255 0.004656
vt 0.219344 0.007513
vt 0.219344 0.046988
vt 0.215123 0.046988
vt 0.215101 0.016667
vt 0.363554 0.547861
vt 0.358326 0.550315
vt 0.363554 0.550043
vt 0.358326 0.552701
vt 0.366102 0.519557
vt 0.367309 0.519497
vt 0.367309 0.544432
vt 0.366102 0.539021
vt 0.842878 0.263262
vt 0.842878 0.264124
vt 0.817294 0.264103
vt 0.817294 0.263262
vt 0.842878 0.270050
vt 0.817294 0.271943
vt 0.791873 0.271943
vt 0.791873 0.264103
vt 0.791711 0.263262
vt 0.503764 0.408455
vt 0.498798 0.424766
vt 0.529199 0.408455
vt 0.516778 0.425762
vt 0.512092 0.437537
vt 0.494957 0.437288
vt 0.440099 0.818144
vt 0.455827 0.818144
vt 0.428101 0.818144
vt 0.424371 0.802474
vt 0.440099 0.802474
vt 0.455827 0.802474
vt 0.423562 0.851909
vt 0.422754 0.851909
vt 0.422754 0.833814
vt 0.423562 0.834420
vt 0.892715 0.318004
vt 0.893343 0.319092
vt 0.888662 0.309778
vt 0.907606 0.304342
vt 0.909294 0.311093
vt 0.909013 0.310045
vt 0.855507 0.340529
vt 0.859295 0.323392
vt 0.852522 0.329706
vt 0.853539 0.307726
vt 0.855396 0.284355
vt 0.866294 0.302371
vt 0.853678 0.343971
vt 0.852040 0.336800
vt 0.850470 0.353063
vt 0.849060 0.349086
vt 0.849046 0.331696
vt 0.850503 0.336254
vt 0.850775 0.276031
vt 0.851211 0.267525
vt 0.858397 0.273086
vt 0.899996 0.263320
vt 0.900605 0.264160
vt 0.876164 0.264174
vt 0.876166 0.263333
vt 0.901252 0.270169
vt 0.876561 0.270370
vt 0.470135 0.442235
vt 0.444586 0.442235
vt 0.470822 0.443395
vt 0.444557 0.443395
vt 0.842878 0.377376
vt 0.842878 0.416626
vt 0.817294 0.416241
vt 0.817294 0.376396
vt 0.842878 0.458374
vt 0.817294 0.456634
vt 0.791873 0.456634
vt 0.791873 0.416241
vt 0.791873 0.376396
vt 0.601799 0.797673
vt 0.601799 0.813343
vt 0.602608 0.797673
vt 0.602608 0.813343
vt 0.994635 0.359479
vt 0.993587 0.359760
vt 0.995891 0.377573
vt 0.994635 0.377573
vt 0.994678 0.351156
vt 0.996920 0.372853
vt 0.990813 0.428354
vt 0.995591 0.410815
vt 0.536451 0.423323
vt 0.532938 0.426632
vt 0.532938 0.413497
vt 0.536451 0.411298
vt 0.528763 0.432020
vt 0.528638 0.418776
vt 0.532938 0.408455
vt 0.536676 0.408455
vt 0.427433 0.401605
vt 0.428659 0.401605
vt 0.428677 0.404463
vt 0.427451 0.404463
vt 0.855737 0.007516
vt 0.855737 0.047013
vt 0.853626 0.047013
vt 0.853626 0.016676
vt 0.841972 0.047013
vt 0.841972 0.016676
vt 0.811229 0.091169
vt 0.811229 0.077801
vt 0.773155 0.091169
vt 0.773171 0.077801
vt 0.739483 0.099763
vt 0.739488 0.095647
vt 0.715234 0.099763
vt 0.715244 0.095647
vt 0.705376 0.164067
vt 0.705408 0.133749
vt 0.702792 0.163800
vt 0.702792 0.133749
vt 0.702792 0.103698
vt 0.705408 0.110227
vt 0.539513 0.408455
vt 0.539513 0.410565
vt 0.542351 0.408455
vt 0.541948 0.410565
vt 0.541948 0.422219
vt 0.539513 0.422219
vt 0.702667 0.194918
vt 0.705283 0.194918
vt 0.628082 0.001799
vt 0.628059 0.005734
vt 0.630919 0.001799
vt 0.630494 0.005734
vt 0.632062 0.016198
vt 0.631927 0.039720
vt 0.633326 0.009669
vt 0.633153 0.039720
vt 0.050348 0.636858
vt 0.059093 0.636858
vt 0.050348 0.633399
vt 0.059093 0.633399
vt 0.063341 0.633192
vt 0.063341 0.636858
vt 0.014878 0.665424
vt 0.032605 0.665424
vt 0.014878 0.645833
vt 0.032605 0.645833
vt 0.001992 0.723085
vt 0.006178 0.723085
vt 0.001992 0.690324
vt 0.006178 0.692289
vt 0.119923 0.550088
vt 0.119933 0.579389
vt 0.115276 0.579513
vt 0.115266 0.549317
vt 0.101913 0.579867
vt 0.101902 0.549587
vt 0.040829 0.604987
vt 0.071151 0.604037
vt 0.071155 0.614897
vt 0.040835 0.615916
vt 0.071158 0.619511
vt 0.031683 0.620875
vt 0.352284 0.599978
vt 0.347100 0.605305
vt 0.347100 0.587535
vt 0.352235 0.583014
vt 0.342443 0.614240
vt 0.342443 0.591636
vt 0.363554 0.552852
vt 0.358326 0.555773
vt 0.363554 0.559472
vt 0.358326 0.562950
vt 0.215090 0.001799
vt 0.215092 0.004656
vt 0.219344 0.001799
vt 0.219344 0.004656
vt 0.366102 0.546703
vt 0.367309 0.546193
vt 0.367309 0.547953
vt 0.366102 0.548793
vt 0.766775 0.264103
vt 0.766775 0.263262
vt 0.766775 0.271943
vt 0.747634 0.271943
vt 0.747634 0.264103
vt 0.741840 0.263262
vt 0.842878 0.295099
vt 0.817294 0.293783
vt 0.842878 0.317232
vt 0.817294 0.315657
vt 0.791873 0.315657
vt 0.791873 0.293783
vt 0.514975 0.443395
vt 0.492899 0.443395
vt 0.493366 0.442235
vt 0.510160 0.442235
vt 0.523216 0.428752
vt 0.523717 0.439358
vt 0.519328 0.445858
vt 0.518521 0.438285
vt 0.423562 0.818144
vt 0.422754 0.818144
vt 0.422754 0.802474
vt 0.423562 0.802474
vt 0.927107 0.308789
vt 0.927107 0.310045
vt 0.927001 0.302528
vt 0.946298 0.304289
vt 0.944920 0.311093
vt 0.945201 0.310045
vt 0.877758 0.287276
vt 0.903195 0.286517
vt 0.850533 0.321956
vt 0.850584 0.299050
vt 0.849045 0.317275
vt 0.849029 0.295143
vt 0.850515 0.330121
vt 0.849046 0.325276
vt 0.842878 0.331652
vt 0.842878 0.349043
vt 0.817294 0.347703
vt 0.817294 0.330118
vt 0.791873 0.347703
vt 0.791873 0.330118
vt 0.952526 0.263289
vt 0.951480 0.264130
vt 0.926261 0.264145
vt 0.926261 0.263305
vt 0.951055 0.270094
vt 0.926367 0.270093
vt 0.766775 0.416241
vt 0.766775 0.376396
vt 0.766775 0.456634
vt 0.741840 0.461661
vt 0.741840 0.416241
vt 0.741840 0.370821
vt 0.976541 0.328139
vt 0.975774 0.328906
vt 0.986676 0.343181
vt 0.985588 0.343809
vt 0.978516 0.321188
vt 0.988237 0.336546
vt 0.995523 0.325996
vt 0.997496 0.358693
vt 0.993942 0.287057
vt 0.997287 0.289595
vt 0.997862 0.264943
vt 0.997877 0.293783
vt 0.997893 0.322622
vt 0.997893 0.323603
vt 0.997894 0.324584
vt 0.997908 0.347703
vt 0.997922 0.370821
vt 0.997949 0.416241
vt 0.997977 0.461661
vt 0.997412 0.435324
vt 0.543577 0.408455
vt 0.543577 0.410565
vt 0.544804 0.408455
vt 0.544804 0.410565
vt 0.544804 0.412675
vt 0.543577 0.422219
vt 0.855737 0.001799
vt 0.855737 0.004657
vt 0.853626 0.004657
vt 0.853626 0.001799
vt 0.841972 0.004657
vt 0.851516 0.001799
vt 0.811229 0.047013
vt 0.811229 0.016676
vt 0.773210 0.047013
vt 0.773247 0.016676
vt 0.739506 0.091169
vt 0.739572 0.077801
vt 0.715275 0.091169
vt 0.715393 0.077801
vt 0.705408 0.099763
vt 0.702792 0.099763
vt 0.702792 0.095828
vt 0.705419 0.095647
vt 0.539513 0.452962
vt 0.536451 0.453711
vt 0.541948 0.452962
vt 0.541948 0.490926
vt 0.539513 0.490926
vt 0.536451 0.491069
vt 0.050348 0.630354
vt 0.059093 0.630355
vt 0.050348 0.627920
vt 0.059093 0.627920
vt 0.063341 0.627517
vt 0.063341 0.630355
vt 0.632146 0.001799
vt 0.632123 0.005734
vt 0.633372 0.001799
vt 0.633349 0.005734
vt 0.014878 0.636858
vt 0.032605 0.636858
vt 0.014878 0.633399
vt 0.032605 0.633399
vt 0.001992 0.665424
vt 0.006178 0.665424
vt 0.001992 0.640524
vt 0.006178 0.645833
vt 0.119902 0.484568
vt 0.119913 0.517328
vt 0.115255 0.517391
vt 0.115245 0.486565
vt 0.101890 0.517571
vt 0.101879 0.486657
vt 0.071140 0.580682
vt 0.071126 0.550207
vt 0.040817 0.581485
vt 0.040800 0.550818
vt 0.025964 0.611759
vt 0.028817 0.605364
vt 0.028824 0.616320
vt 0.025967 0.616416
vt 0.028827 0.620974
vt 0.025970 0.621073
vt 0.351757 0.622748
vt 0.347100 0.622748
vt 0.347100 0.615836
vt 0.352430 0.610773
vt 0.342443 0.622748
vt 0.342443 0.618494
vt 0.363554 0.573087
vt 0.358326 0.577650
vt 0.363875 0.586220
vt 0.358521 0.592693
vt 0.366102 0.551485
vt 0.367309 0.550896
vt 0.367309 0.553838
vt 0.366102 0.557852
vt 0.740079 0.264103
vt 0.740080 0.263262
vt 0.740080 0.271943
vt 0.738024 0.271943
vt 0.738024 0.264103
vt 0.738319 0.263262
vt 0.766775 0.293783
vt 0.766775 0.315657
vt 0.747634 0.315657
vt 0.747634 0.293783
vt 0.842878 0.325233
vt 0.817294 0.323603
vt 0.791873 0.323603
vt 0.991266 0.266385
vt 0.974463 0.270124
vt 0.974605 0.264116
vt 0.991311 0.264107
vt 0.974602 0.263276
vt 0.996679 0.263263
vt 0.517122 0.448731
vt 0.516400 0.442235
vt 0.516157 0.443395
vt 0.515566 0.443395
vt 0.528805 0.492126
vt 0.523884 0.492877
vt 0.523884 0.463203
vt 0.528805 0.459263
vt 0.519596 0.493574
vt 0.519596 0.466584
vt 0.961499 0.318004
vt 0.960871 0.319092
vt 0.964947 0.309576
vt 0.926684 0.286259
vt 0.949780 0.286307
vt 0.766775 0.347703
vt 0.766775 0.330118
vt 0.741840 0.347703
vt 0.741840 0.324584
vt 0.070428 0.775835
vt 0.070455 0.730415
vt 0.095948 0.730429
vt 0.095923 0.770274
vt 0.070483 0.684995
vt 0.095972 0.690036
vt 0.121657 0.690051
vt 0.121633 0.730443
vt 0.121609 0.770288
vt 0.990744 0.317898
vt 0.984966 0.299813
vt 0.550939 0.399271
vt 0.576522 0.404479
vt 0.576522 0.443221
vt 0.550939 0.444691
vt 0.601944 0.404295
vt 0.601944 0.442486
vt 0.601944 0.481776
vt 0.576522 0.482879
vt 0.550939 0.490111
vt 0.601944 0.358568
vt 0.601944 0.376153
vt 0.576523 0.376153
vt 0.576522 0.358568
vt 0.550939 0.376153
vt 0.550939 0.353034
vt 0.601944 0.344107
vt 0.601944 0.352053
vt 0.576523 0.352053
vt 0.576522 0.344107
vt 0.550939 0.352053
vt 0.550939 0.351071
vt 0.601944 0.300393
vt 0.601944 0.322232
vt 0.576523 0.322232
vt 0.576522 0.300393
vt 0.550939 0.322232
vt 0.550939 0.293393
vt 0.997227 0.265037
vt 0.997085 0.266158
vt 0.991128 0.271539
vt 0.532938 0.455955
vt 0.532938 0.491496
vt 0.543577 0.452962
vt 0.544804 0.452963
vt 0.544804 0.493250
vt 0.543577 0.490926
vt 0.811229 0.004657
vt 0.811229 0.001799
vt 0.773262 0.004657
vt 0.770942 0.001799
vt 0.739725 0.047013
vt 0.739876 0.016676
vt 0.715663 0.047013
vt 0.715930 0.016676
vt 0.705456 0.091169
vt 0.702432 0.091169
vt 0.702571 0.077801
vt 0.705593 0.077800
vt 0.539513 0.524242
vt 0.536451 0.524003
vt 0.541948 0.524242
vt 0.541948 0.548131
vt 0.539513 0.548131
vt 0.536451 0.547680
vt 0.014878 0.630354
vt 0.032605 0.630355
vt 0.014878 0.627920
vt 0.032605 0.627920
vt 0.050348 0.626290
vt 0.059093 0.626291
vt 0.054846 0.625064
vt 0.059093 0.625064
vt 0.063341 0.625064
vt 0.063341 0.626291
vt 0.001992 0.636858
vt 0.006178 0.636858
vt 0.001992 0.633192
vt 0.006178 0.633399
vt 0.119885 0.434767
vt 0.119893 0.459668
vt 0.115235 0.459672
vt 0.115228 0.440059
vt 0.101868 0.459684
vt 0.101861 0.440012
vt 0.071111 0.517985
vt 0.071097 0.486868
vt 0.040782 0.518393
vt 0.040765 0.487077
vt 0.028804 0.581803
vt 0.028786 0.551060
vt 0.025947 0.581879
vt 0.025930 0.551999
vt 0.359106 0.600897
vt 0.364836 0.591396
vt 0.372135 0.592293
vt 0.366516 0.604485
vt 0.366102 0.570966
vt 0.367309 0.570067
vt 0.367309 0.586296
vt 0.366409 0.583333
vt 0.735376 0.264103
vt 0.735376 0.263262
vt 0.735377 0.271943
vt 0.729112 0.271943
vt 0.729112 0.264103
vt 0.732434 0.263262
vt 0.740079 0.293783
vt 0.740080 0.315657
vt 0.738024 0.315657
vt 0.738024 0.293783
vt 0.766775 0.323603
vt 0.747634 0.323603
vt 0.974035 0.286467
vt 0.997861 0.263262
vt 0.997862 0.264103
vt 0.997272 0.264103
vt 0.997270 0.263263
vt 0.517363 0.494044
vt 0.517363 0.468218
vt 0.516157 0.494562
vt 0.516157 0.468978
vt 0.528805 0.544337
vt 0.523884 0.541966
vt 0.523884 0.520974
vt 0.528805 0.522231
vt 0.519596 0.539948
vt 0.519596 0.519941
vt 0.070400 0.822072
vt 0.070414 0.798954
vt 0.095906 0.798968
vt 0.095892 0.822087
vt 0.121591 0.798982
vt 0.121384 0.822101
vt 0.147704 0.730459
vt 0.147680 0.770304
vt 0.147728 0.690066
vt 0.173094 0.690081
vt 0.173069 0.730474
vt 0.173045 0.770319
vt 0.651976 0.353034
vt 0.651976 0.376153
vt 0.627041 0.376153
vt 0.627041 0.358568
vt 0.651976 0.399271
vt 0.627041 0.404479
vt 0.646182 0.344107
vt 0.646182 0.352053
vt 0.627041 0.352053
vt 0.627041 0.344107
vt 0.646182 0.300393
vt 0.646182 0.322232
vt 0.627041 0.322232
vt 0.627041 0.300393
vt 0.602106 0.291712
vt 0.601944 0.292552
vt 0.576523 0.292552
vt 0.576522 0.291712
vt 0.550939 0.292552
vt 0.550939 0.291712
vt 0.532938 0.523287
vt 0.532938 0.546329
vt 0.543577 0.524242
vt 0.544804 0.524242
vt 0.544804 0.555233
vt 0.543577 0.548131
vt 0.739936 0.004657
vt 0.739950 0.001799
vt 0.716035 0.004657
vt 0.708958 0.001799
vt 0.705910 0.047013
vt 0.702890 0.047013
vt 0.703205 0.016676
vt 0.706222 0.016676
vt 0.698545 0.095828
vt 0.698591 0.091169
vt 0.694297 0.095828
vt 0.689837 0.091169
vt 0.689950 0.077801
vt 0.698723 0.077800
vt 0.539513 0.557816
vt 0.536451 0.557269
vt 0.541948 0.557816
vt 0.541948 0.560832
vt 0.539513 0.560832
vt 0.536451 0.560239
vt 0.001992 0.630355
vt 0.006178 0.630355
vt 0.001992 0.627517
vt 0.006178 0.627920
vt 0.014878 0.626290
vt 0.032605 0.626291
vt 0.010364 0.625064
vt 0.032605 0.625064
vt 0.101856 0.427532
vt 0.115224 0.427614
vt 0.115225 0.431076
vt 0.101857 0.431001
vt 0.119883 0.427436
vt 0.119884 0.431102
vt 0.040738 0.439794
vt 0.071074 0.439902
vt 0.071084 0.459711
vt 0.040749 0.459738
vt 0.028768 0.518554
vt 0.028749 0.487159
vt 0.025910 0.518592
vt 0.025890 0.485186
vt 0.391471 0.592592
vt 0.387188 0.605682
vt 0.417441 0.592592
vt 0.415234 0.605682
vt 0.411516 0.622748
vt 0.381637 0.622748
vt 0.367329 0.587456
vt 0.368204 0.586296
vt 0.369099 0.586296
vt 0.374415 0.587456
vt 0.716205 0.264103
vt 0.716205 0.263262
vt 0.716205 0.271943
vt 0.699976 0.264943
vt 0.699976 0.264103
vt 0.699976 0.263262
vt 0.735376 0.293783
vt 0.735377 0.315657
vt 0.729112 0.315657
vt 0.729112 0.293783
vt 0.740079 0.323603
vt 0.740080 0.324584
vt 0.738319 0.324584
vt 0.738024 0.323603
vt 0.517363 0.539021
vt 0.517363 0.519556
vt 0.516157 0.544432
vt 0.516157 0.519497
vt 0.528805 0.555836
vt 0.523884 0.552713
vt 0.523884 0.550326
vt 0.528805 0.553207
vt 0.519596 0.550046
vt 0.519596 0.547864
vt 0.549761 0.724411
vt 0.549762 0.750096
vt 0.547705 0.750096
vt 0.547706 0.724411
vt 0.549466 0.775588
vt 0.547706 0.775588
vt 0.545945 0.775588
vt 0.545945 0.750096
vt 0.545945 0.724604
vt 0.147663 0.798998
vt 0.147648 0.822116
vt 0.173028 0.799013
vt 0.173913 0.822132
vt 0.196636 0.730489
vt 0.196612 0.770333
vt 0.196660 0.690096
vt 0.219331 0.685082
vt 0.219303 0.730502
vt 0.219276 0.775922
vt 0.651976 0.444691
vt 0.627041 0.443221
vt 0.651976 0.490111
vt 0.627041 0.482879
vt 0.196595 0.799027
vt 0.196580 0.822145
vt 0.219262 0.799040
vt 0.219248 0.822159
vt 0.655793 0.344107
vt 0.655793 0.352053
vt 0.653736 0.352053
vt 0.653736 0.344107
vt 0.655497 0.353034
vt 0.653736 0.353034
vt 0.655793 0.300393
vt 0.655793 0.322232
vt 0.653736 0.322232
vt 0.653736 0.300393
vt 0.651976 0.291712
vt 0.646182 0.292552
vt 0.627041 0.292552
vt 0.627041 0.291712
vt 0.532938 0.555627
vt 0.532938 0.558460
vt 0.543577 0.557816
vt 0.544804 0.557816
vt 0.544804 0.560399
vt 0.543577 0.560832
vt 0.706346 0.004657
vt 0.703330 0.004657
vt 0.703793 0.001799
vt 0.706375 0.001799
vt 0.699028 0.047013
vt 0.690208 0.047013
vt 0.690463 0.016676
vt 0.699329 0.016676
vt 0.672056 0.095828
vt 0.672081 0.091169
vt 0.649815 0.095828
vt 0.654339 0.091169
vt 0.654369 0.077801
vt 0.672151 0.077800
vt 0.539513 0.564716
vt 0.536451 0.564063
vt 0.541948 0.564716
vt 0.541948 0.573604
vt 0.539513 0.573604
vt 0.536451 0.572827
vt 0.101856 0.424484
vt 0.115224 0.424569
vt 0.101856 0.422049
vt 0.115224 0.422134
vt 0.119883 0.421760
vt 0.119883 0.424598
vt 0.001992 0.626291
vt 0.006178 0.626291
vt 0.001992 0.625064
vt 0.006178 0.625064
vt 0.040731 0.427156
vt 0.071068 0.427343
vt 0.071070 0.430830
vt 0.040733 0.430661
vt 0.025858 0.434316
vt 0.028720 0.439751
vt 0.028732 0.459749
vt 0.025874 0.459751
vt 0.444769 0.605682
vt 0.444923 0.622748
vt 0.444647 0.592592
vt 0.471034 0.592592
vt 0.473359 0.605682
vt 0.478329 0.622748
vt 0.393695 0.586296
vt 0.393217 0.587456
vt 0.418292 0.586296
vt 0.418390 0.587456
vt 0.539053 0.775621
vt 0.538213 0.775620
vt 0.538213 0.774724
vt 0.539053 0.774726
vt 0.537372 0.775620
vt 0.530373 0.774709
vt 0.530377 0.767882
vt 0.538217 0.767903
vt 0.539054 0.773831
vt 0.716205 0.293783
vt 0.716205 0.315657
vt 0.699976 0.322622
vt 0.699976 0.293783
vt 0.735376 0.323603
vt 0.735376 0.324584
vt 0.732434 0.324584
vt 0.729112 0.323603
vt 0.517363 0.548793
vt 0.517363 0.546703
vt 0.516157 0.547953
vt 0.516157 0.546193
vt 0.528805 0.567058
vt 0.523884 0.562965
vt 0.523884 0.555786
vt 0.528805 0.559221
vt 0.519596 0.559476
vt 0.519596 0.552855
vt 0.558876 0.724705
vt 0.559484 0.751272
vt 0.552409 0.750096
vt 0.552409 0.724411
vt 0.555351 0.775588
vt 0.552409 0.775588
vt 0.549761 0.672974
vt 0.549762 0.698339
vt 0.547705 0.698340
vt 0.547706 0.672974
vt 0.545945 0.698339
vt 0.545945 0.672075
vt 0.545945 0.626740
vt 0.547706 0.626740
vt 0.547706 0.649408
vt 0.545945 0.649408
vt 0.549466 0.626740
vt 0.549762 0.649408
vt 0.664705 0.344107
vt 0.664704 0.352053
vt 0.658440 0.352053
vt 0.658440 0.344107
vt 0.661383 0.353034
vt 0.658440 0.353034
vt 0.664705 0.300393
vt 0.664704 0.322232
vt 0.658440 0.322232
vt 0.658440 0.300393
vt 0.655497 0.291712
vt 0.655793 0.292552
vt 0.653736 0.292552
vt 0.653736 0.291712
vt 0.532938 0.562106
vt 0.532938 0.570495
vt 0.543577 0.564716
vt 0.544804 0.564716
vt 0.544804 0.569032
vt 0.543577 0.573604
vt 0.699448 0.004657
vt 0.690563 0.004657
vt 0.695159 0.001799
vt 0.699476 0.001799
vt 0.672315 0.047013
vt 0.654438 0.047013
vt 0.654505 0.016676
vt 0.672476 0.016676
vt 0.645629 0.095828
vt 0.645632 0.091169
vt 0.641443 0.095828
vt 0.641443 0.091169
vt 0.641443 0.086510
vt 0.645642 0.077800
vt 0.539513 0.591636
vt 0.536451 0.590616
vt 0.541948 0.591636
vt 0.541948 0.609653
vt 0.539513 0.609653
vt 0.536451 0.608571
vt 0.040731 0.424097
vt 0.071068 0.424289
vt 0.040731 0.421662
vt 0.071068 0.421854
vt 0.101856 0.420420
vt 0.115224 0.420504
vt 0.110565 0.419249
vt 0.115224 0.419279
vt 0.119883 0.419308
vt 0.119883 0.420534
vt 0.025854 0.426840
vt 0.028713 0.427083
vt 0.028715 0.430594
vt 0.025856 0.430578
vt 0.498571 0.605682
vt 0.503764 0.622748
vt 0.494551 0.592592
vt 0.511483 0.592294
vt 0.516437 0.604488
vt 0.529199 0.622748
vt 0.530387 0.749217
vt 0.538227 0.749233
vt 0.530402 0.724213
vt 0.538242 0.724220
vt 0.539082 0.724638
vt 0.539068 0.749234
vt 0.444586 0.587456
vt 0.444557 0.586296
vt 0.470822 0.586296
vt 0.470013 0.587456
vt 0.508533 0.775604
vt 0.508533 0.774666
vt 0.479694 0.775589
vt 0.486659 0.774623
vt 0.486663 0.767765
vt 0.508537 0.767823
vt 0.716205 0.323603
vt 0.716205 0.324584
vt 0.699976 0.324584
vt 0.699976 0.323603
vt 0.517363 0.557852
vt 0.517363 0.551485
vt 0.516157 0.553838
vt 0.516157 0.550896
vt 0.528749 0.600009
vt 0.523660 0.592713
vt 0.523884 0.577670
vt 0.528805 0.583042
vt 0.519226 0.586226
vt 0.519596 0.573092
vt 0.587809 0.724521
vt 0.587809 0.750536
vt 0.574826 0.754801
vt 0.572392 0.725587
vt 0.587809 0.763690
vt 0.587809 0.769655
vt 0.587809 0.775588
vt 0.571580 0.775588
vt 0.558875 0.672715
vt 0.558673 0.698339
vt 0.552409 0.698340
vt 0.552409 0.672974
vt 0.552409 0.626740
vt 0.552409 0.649408
vt 0.555351 0.626740
vt 0.559484 0.648370
vt 0.693841 0.351071
vt 0.693841 0.352053
vt 0.677612 0.352053
vt 0.677612 0.344107
vt 0.693841 0.353034
vt 0.677612 0.353034
vt 0.693841 0.293393
vt 0.693841 0.322232
vt 0.677612 0.322232
vt 0.677612 0.300393
vt 0.661383 0.291712
vt 0.664704 0.292552
vt 0.658440 0.292552
vt 0.658440 0.291712
vt 0.532938 0.587555
vt 0.532938 0.605326
vt 0.543577 0.591636
vt 0.544804 0.591636
vt 0.544804 0.614240
vt 0.543577 0.609653
vt 0.672540 0.004657
vt 0.654533 0.004657
vt 0.649952 0.001799
vt 0.672556 0.001799
vt 0.645664 0.047013
vt 0.641443 0.047013
vt 0.641443 0.007516
vt 0.645686 0.016676
vt 0.539513 0.618494
vt 0.536451 0.617833
vt 0.541948 0.618494
vt 0.542351 0.622748
vt 0.539513 0.622748
vt 0.536676 0.622748
vt 0.025854 0.424002
vt 0.028712 0.424020
vt 0.025854 0.421164
vt 0.028712 0.421585
vt 0.040731 0.420033
vt 0.071068 0.420225
vt 0.031571 0.418748
vt 0.071068 0.418998
vt 0.528581 0.610791
vt 0.532937 0.615849
vt 0.532938 0.622748
vt 0.518114 0.591399
vt 0.522989 0.600909
vt 0.492875 0.587456
vt 0.492371 0.586296
vt 0.513921 0.586296
vt 0.509424 0.587456
vt 0.486673 0.749131
vt 0.508548 0.749174
vt 0.486687 0.724173
vt 0.508562 0.724193
vt 0.538257 0.698372
vt 0.539097 0.698373
vt 0.530417 0.698368
vt 0.530432 0.673276
vt 0.538272 0.673286
vt 0.539113 0.672108
vt 0.478712 0.775588
vt 0.478713 0.774607
vt 0.477731 0.775587
vt 0.477731 0.769655
vt 0.477732 0.763690
vt 0.478717 0.767743
vt 0.517000 0.583333
vt 0.517363 0.570966
vt 0.516157 0.586296
vt 0.516157 0.570067
vt 0.477746 0.750536
vt 0.478727 0.749115
vt 0.477760 0.724521
vt 0.478742 0.724166
vt 0.587809 0.672894
vt 0.587809 0.698340
vt 0.571580 0.698340
vt 0.572391 0.671937
vt 0.571580 0.626740
vt 0.574826 0.645256
vt 0.587809 0.626740
vt 0.587809 0.632087
vt 0.587809 0.637417
vt 0.587809 0.649087
vt 0.477817 0.637417
vt 0.477818 0.632087
vt 0.478799 0.627699
vt 0.478795 0.633845
vt 0.477818 0.626740
vt 0.478799 0.626740
vt 0.479780 0.626741
vt 0.486744 0.627724
vt 0.486740 0.633881
vt 0.508619 0.627794
vt 0.508615 0.633979
vt 0.508619 0.626756
vt 0.537459 0.626772
vt 0.530458 0.627863
vt 0.530454 0.634078
vt 0.693841 0.291712
vt 0.693841 0.292552
vt 0.677612 0.292552
vt 0.677612 0.291712
vt 0.543577 0.618494
vt 0.544804 0.618494
vt 0.544804 0.622748
vt 0.543577 0.622748
vt 0.645695 0.004657
vt 0.641443 0.004657
vt 0.641443 0.001799
vt 0.645697 0.001799
vt 0.025854 0.419938
vt 0.028712 0.419956
vt 0.025854 0.418712
vt 0.028712 0.418730
vt 0.515039 0.586296
vt 0.515909 0.587456
vt 0.538285 0.650556
vt 0.539126 0.650558
vt 0.530445 0.650531
vt 0.538295 0.634113
vt 0.539138 0.629009
vt 0.508577 0.698356
vt 0.486703 0.698344
vt 0.486718 0.673224
vt 0.508592 0.673250
vt 0.478757 0.698340
vt 0.477776 0.698340
vt 0.477792 0.672894
vt 0.478772 0.673214
vt 0.478786 0.650366
vt 0.486731 0.650392
vt 0.477804 0.649087
vt 0.508605 0.650461
vt 0.538298 0.627888
vt 0.538300 0.626773
vt 0.539140 0.626773
vt 0.539139 0.627891
vt 0.088430 0.204978
vt 0.050075 0.205005
vt 0.018949 0.205027
vt 0.611487 0.111128
vt 0.592233 0.111081
vt 0.619947 0.111247
vt 0.330171 0.210546
vt 0.121901 0.204955
vt 0.234989 0.197867
vt 0.773101 0.194003
vt 0.739383 0.196491
vt 0.715086 0.203166
vt 0.705240 0.205358
vt 0.702611 0.208725
vt 0.007165 0.205006
vt 0.005051 0.208279
vt 0.145827 0.204939
vt 0.853639 0.187225
vt 0.426032 0.219186
vt 0.427328 0.220742
vt 0.855759 0.185520
vt 0.155547 0.204932
vt 0.811215 0.204477
vt 0.158176 0.208273
s 1
f 380/1/1 2/2/2 381/3/3 1142/4/4
f 1142/4/4 381/3/3 1/5/5 382/6/6
f 10/7/7 384/8/8 1566/9/9 1557/10/10 383/11/11
f 2/12/2 380/13/1 1570/14/12 1566/9/9 384/8/8
f 382/6/6 1/5/5 385/15/5 1143/16/13
f 1143/16/13 385/15/5 3/17/5 386/18/14
f 2/2/2 387/19/15 1144/20/16 381/3/3
f 387/19/15 5/21/17 388/22/18 1144/20/16
f 1144/20/16 388/22/18 4/23/19 389/24/20
f 381/3/3 1144/20/16 389/24/20 1/5/5
f 6/25/21 390/26/22 1145/27/22 391/28/23
f 390/26/22 1530/29/24 1553/30/25 1145/27/22
f 1145/27/22 1553/30/25 1555/31/26
f 391/28/23 1145/27/22 1555/31/26 1537/32/27 7/33/28
f 386/18/14 3/17/5 392/34/5 1146/35/29
f 1146/35/29 392/34/5 8/36/30 393/37/31
f 1/5/5 389/24/20 1147/38/32 385/15/5
f 389/24/20 4/23/19 394/39/33 1147/38/32
f 1147/38/32 394/39/33 9/40/34 395/41/32
f 385/15/5 1147/38/32 395/41/32 3/17/5
f 5/42/17 387/43/15 1148/44/35 396/45/36
f 387/43/15 2/12/2 384/8/8 1148/44/35
f 1148/44/35 384/8/8 10/7/7 397/46/22
f 396/45/36 1148/44/35 397/46/22 11/47/7
f 4/23/19 388/22/18 1149/48/37 398/49/38
f 388/22/18 5/21/17 399/50/39 1149/48/37
f 1149/48/37 399/50/39 13/51/40 400/52/41
f 398/49/38 1149/48/37 400/52/41 12/53/42
f 14/54/43 401/55/44 1150/56/22 402/57/45
f 401/55/44 10/7/7 383/11/11 1150/56/22
f 1150/56/22 383/11/11 1529/58/46 1530/29/24 390/26/22
f 402/57/45 1150/56/22 390/26/22 6/25/21
f 7/33/28 403/59/47 1151/60/48 391/28/23
f 403/59/47 16/61/49 404/62/50 1151/60/48
f 1151/60/48 404/62/50 15/63/51 405/64/52
f 391/28/23 1151/60/48 405/64/52 6/25/21
f 393/37/31 8/36/30 407/65/53 1152/66/54
f 1152/66/54 407/65/53 18/67/55 408/68/56
f 19/69/57 409/70/20 1153/71/20 410/72/33
f 409/70/20 8/36/30 392/34/5 1153/71/20
f 1153/71/20 392/34/5 3/17/5 395/41/32
f 410/72/33 1153/71/20 395/41/32 9/40/34
f 9/40/34 394/39/33 1154/73/38 411/74/38
f 394/39/33 4/23/19 398/49/38 1154/73/38
f 1154/73/38 398/49/38 12/53/42 412/75/58
f 411/74/38 1154/73/38 412/75/58 20/76/59
f 21/77/25 413/78/60 1155/79/44 414/80/61
f 413/78/60 11/47/7 397/46/22 1155/79/44
f 1155/79/44 397/46/22 10/7/7 401/55/44
f 414/80/61 1155/79/44 401/55/44 14/54/43
f 12/53/42 400/52/41 1156/81/62 415/82/63
f 400/52/41 13/51/40 416/83/64 1156/81/62
f 1156/81/62 416/83/64 23/84/65 417/85/66
f 415/82/63 1156/81/62 417/85/66 22/86/67
f 6/25/21 405/64/52 1157/87/68 402/57/45
f 405/64/52 15/63/51 418/88/69 1157/87/68
f 1157/87/68 418/88/69 24/89/70 419/90/71
f 402/57/45 1157/87/68 419/90/71 14/54/43
f 17/91/72 420/92/73 1158/93/74 406/94/75
f 420/92/73 25/95/76 421/96/77 1158/93/74
f 1158/93/74 421/96/77 16/61/49 403/59/47
f 406/94/75 1158/93/74 403/59/47 7/33/28
f 16/97/49 422/98/78 1159/99/79 404/100/50
f 422/98/78 27/101/80 423/102/81 1159/99/79
f 1159/99/79 423/102/81 26/103/82 424/104/83
f 404/100/50 1159/99/79 424/104/83 15/105/51
f 17/91/72 1574/106/84 1544/107/85 1160/108/86 425/109/87
f 1160/108/86 1576/110/88 1543/111/27 426/112/89
f 425/109/87 1160/108/86 426/112/89 28/113/90
f 29/114/91 427/115/92 1532/116/93 1569/117/94
f 44/118/95 428/119/96 1538/120/97 1532/116/93 427/115/92
f 18/121/55 429/122/98 1161/123/99 408/124/56
f 429/122/98 30/125/100 430/126/101 1161/123/99
f 1161/123/99 430/126/101 1545/127/102 1577/128/103
f 408/124/56 1161/123/99 1577/128/103 1527/129/104
f 31/130/105 431/131/106 1162/132/107 432/133/108
f 431/131/106 18/67/55 407/65/53 1162/132/107
f 1162/132/107 407/65/53 8/36/30 409/70/20
f 432/133/108 1162/132/107 409/70/20 19/69/57
f 32/134/58 433/135/109 1163/136/38 434/137/58
f 433/135/109 19/69/57 410/72/33 1163/136/38
f 1163/136/38 410/72/33 9/40/34 411/74/38
f 434/137/58 1163/136/38 411/74/38 20/76/59
f 20/76/59 412/75/58 1164/138/110 435/139/111
f 412/75/58 12/53/42 415/82/63 1164/138/110
f 1164/138/110 415/82/63 22/86/67 436/140/112
f 435/139/111 1164/138/110 436/140/112 33/141/113
f 11/47/7 437/142/7 1165/143/114 396/45/36
f 34/144/7 438/145/115 1165/143/114 437/142/7
f 23/146/65 416/147/64 1165/143/114 438/145/115
f 13/148/40 399/149/39 1165/143/114 416/147/64
f 5/42/17 396/45/36 1165/143/114 399/149/39
f 21/77/25 439/150/84 1166/151/84 413/78/60
f 34/144/7 437/142/7 1166/151/84 439/150/84
f 11/47/7 413/78/60 1166/151/84 437/142/7
f 14/54/43 419/90/71 1167/152/116 414/80/61
f 419/90/71 24/89/70 440/153/117 1167/152/116
f 1167/152/116 440/153/117 35/154/118 441/155/119
f 414/80/61 1167/152/116 441/155/119 21/77/25
f 22/86/67 417/85/66 1168/156/120 442/157/113
f 417/85/66 23/84/65 443/158/121 1168/156/120
f 1168/156/120 443/158/121 37/159/122 444/160/123
f 442/157/113 1168/156/120 444/160/123 36/161/124
f 15/105/51 424/104/83 1169/162/125 418/163/69
f 424/104/83 26/103/82 445/164/126 1169/162/125
f 1169/162/125 445/164/126 38/165/127 446/166/128
f 418/163/69 1169/162/125 446/166/128 24/167/70
f 28/113/90 447/168/129 1170/169/130 425/109/87
f 447/168/129 39/170/131 448/171/132 1170/169/130
f 1170/169/130 448/171/132 25/95/76 420/92/73
f 425/109/87 1170/169/130 420/92/73 17/91/72
f 25/172/76 449/173/133 1171/174/134 421/175/77
f 449/173/133 40/176/135 450/177/136 1171/174/134
f 1171/174/134 450/177/136 27/101/80 422/98/78
f 421/175/77 1171/174/134 422/98/78 16/97/49
f 27/101/80 451/178/137 1172/179/138 423/102/81
f 451/178/137 42/180/139 452/181/138 1172/179/138
f 1172/179/138 452/181/138 41/182/140 453/183/141
f 423/102/81 1172/179/138 453/183/141 26/103/82
f 28/113/90 426/112/89 1173/184/23 454/185/142
f 426/112/89 1543/111/27 1560/186/143 428/119/96 1173/184/23
f 1173/184/23 428/119/96 44/118/95 455/187/144
f 454/185/142 1173/184/23 455/187/144 43/188/145
f 45/189/146 456/190/147 1533/191/148 1524/192/149
f 456/190/147 29/114/91 1569/117/94 1533/191/148
f 30/125/100 457/193/100 1174/194/101 430/126/101
f 457/193/100 46/195/150 458/196/101 1174/194/101
f 1174/194/101 458/196/101 1575/197/151 1536/198/152
f 430/126/101 1174/194/101 1536/198/152 1545/127/102
f 47/199/153 459/200/154 1175/201/155 460/202/156
f 459/200/154 30/125/100 429/122/98 1175/201/155
f 1175/201/155 429/122/98 18/121/55 431/203/106
f 460/202/156 1175/201/155 431/203/106 31/204/105
f 48/205/157 461/206/158 1176/207/159 462/208/160
f 461/206/158 31/130/105 432/133/108 1176/207/159
f 1176/207/159 432/133/108 19/69/57 433/135/109
f 462/208/160 1176/207/159 433/135/109 32/134/58
f 49/209/124 463/210/110 1177/211/161 464/212/67
f 463/210/110 32/134/58 434/137/58 1177/211/161
f 1177/211/161 434/137/58 20/76/59 435/139/111
f 464/212/67 1177/211/161 435/139/111 33/141/113
f 33/141/113 436/140/112 1178/213/124 465/214/162
f 436/140/112 22/86/67 442/157/113 1178/213/124
f 1178/213/124 442/157/113 36/161/124 466/215/113
f 465/214/162 1178/213/124 466/215/113 50/216/113
f 34/144/7 467/217/7 1179/218/163 438/145/115
f 467/217/7 51/219/22 468/220/164 1179/218/163
f 1179/218/163 468/220/164 37/221/122 443/222/121
f 438/145/115 1179/218/163 443/222/121 23/146/65
f 52/223/148 469/224/165 1180/225/84 470/226/166
f 469/224/165 51/219/22 467/217/7 1180/225/84
f 1180/225/84 467/217/7 34/144/7 439/150/84
f 470/226/166 1180/225/84 439/150/84 21/77/25
f 21/77/25 441/155/119 1181/227/167 470/226/166
f 441/155/119 35/154/118 471/228/168 1181/227/167
f 1181/227/167 471/228/168 53/229/169 472/230/170
f 470/226/166 1181/227/167 472/230/170 52/223/148
f 24/231/70 446/232/128 1182/233/171 440/234/117
f 446/232/128 38/235/127 473/236/172 1182/233/171
f 1182/233/171 473/236/172 54/237/173 474/238/174
f 440/234/117 1182/233/171 474/238/174 35/239/118
f 36/161/124 444/160/123 1183/240/175 475/241/176
f 444/160/123 37/159/122 476/242/177 1183/240/175
f 1183/240/175 476/242/177 56/243/178 477/244/179
f 475/241/176 1183/240/175 477/244/179 55/245/180
f 26/103/82 453/183/141 1184/246/181 445/164/126
f 453/183/141 41/182/140 478/247/182 1184/246/181
f 1184/246/181 478/247/182 57/248/183 479/249/184
f 445/164/126 1184/246/181 479/249/184 38/165/127
f 43/188/145 480/250/185 1185/251/186 454/185/142
f 480/250/185 58/252/187 481/253/188 1185/251/186
f 1185/251/186 481/253/188 39/170/131 447/168/129
f 454/185/142 1185/251/186 447/168/129 28/113/90
f 39/254/131 482/255/189 1186/256/190 448/257/132
f 482/255/189 59/258/191 483/259/192 1186/256/190
f 1186/256/190 483/259/192 40/176/135 449/173/133
f 448/257/132 1186/256/190 449/173/133 25/172/76
f 40/176/135 484/260/135 1187/261/193 450/177/136
f 484/260/135 60/262/135 485/263/193 1187/261/193
f 1187/261/193 485/263/193 42/180/139 451/178/137
f 450/177/136 1187/261/193 451/178/137 27/101/80
f 42/180/139 486/264/194 1188/265/195 452/181/138
f 486/264/194 62/266/196 487/267/197 1188/265/195
f 1188/265/195 487/267/197 61/268/198 488/269/199
f 452/181/138 1188/265/195 488/269/199 41/182/140
f 43/188/145 455/187/144 1189/270/200 489/271/201
f 455/187/144 44/118/95 490/272/202 1189/270/200
f 1189/270/200 490/272/202 64/273/7 491/274/203
f 489/271/201 1189/270/200 491/274/203 63/275/204
f 29/114/91 456/190/147 1190/276/205 493/277/146
f 456/190/147 45/189/146 494/278/205 1190/276/205
f 1190/276/205 494/278/205 67/279/7 495/280/7
f 493/277/146 1190/276/205 495/280/7 66/281/7
f 29/114/91 493/277/146 1191/282/206 427/115/92
f 493/277/146 66/281/7 496/283/7 1191/282/206
f 1191/282/206 496/283/7 64/273/7 490/272/202
f 427/115/92 1191/282/206 490/272/202 44/118/95
f 46/195/150 497/284/100 1192/285/101 458/196/101
f 497/284/100 68/286/100 498/287/101 1192/285/101
f 1192/285/101 498/287/101 1526/288/102 1546/289/152
f 458/196/101 1192/285/101 1546/289/152 1575/197/151
f 30/125/100 459/200/154 1193/290/154 457/193/100
f 459/200/154 47/199/153 499/291/153 1193/290/154
f 1193/290/154 499/291/153 69/292/153 500/293/154
f 457/193/100 1193/290/154 500/293/154 46/195/150
f 70/294/207 501/295/208 1194/296/209 502/297/210
f 501/295/208 47/199/153 460/202/156 1194/296/209
f 1194/296/209 460/202/156 31/204/105 461/298/158
f 502/297/210 1194/296/209 461/298/158 48/299/157
f 71/300/67 503/301/211 1195/302/212 504/303/67
f 503/301/211 48/205/157 462/208/160 1195/302/212
f 1195/302/212 462/208/160 32/134/58 463/210/110
f 504/303/67 1195/302/212 463/210/110 49/209/124
f 72/304/113 505/305/67 1196/306/124 506/307/113
f 505/305/67 49/209/124 464/212/67 1196/306/124
f 1196/306/124 464/212/67 33/141/113 465/214/162
f 506/307/113 1196/306/124 465/214/162 50/216/113
f 50/216/113 466/215/113 1197/308/213 507/309/214
f 466/215/113 36/161/124 475/241/176 1197/308/213
f 1197/308/213 475/241/176 55/245/180 508/310/215
f 507/309/214 1197/308/213 508/310/215 73/311/216
f 51/219/22 509/312/217 1198/313/218 468/220/164
f 509/312/217 74/314/219 510/315/220 1198/313/218
f 1198/313/218 510/315/220 56/316/178 476/317/177
f 468/220/164 1198/313/218 476/317/177 37/221/122
f 75/318/221 511/319/84 1199/320/222 512/321/223
f 511/319/84 76/322/7 513/323/22 1199/320/222
f 1199/320/222 513/323/22 51/219/22 469/224/165
f 512/321/223 1199/320/222 469/224/165 52/223/148
f 52/223/148 472/230/170 1200/324/224 512/321/223
f 472/230/170 53/229/169 514/325/225 1200/324/224
f 1200/324/224 514/325/225 77/326/226 515/327/227
f 512/321/223 1200/324/224 515/327/227 75/318/221
f 35/239/118 474/238/174 1201/328/228 471/329/168
f 474/238/174 54/237/173 516/330/229 1201/328/228
f 1201/328/228 516/330/229 78/331/230 517/332/231
f 471/329/168 1201/328/228 517/332/231 53/333/169
f 38/235/127 479/334/184 1202/335/172 473/236/172
f 479/334/184 57/336/183 518/337/232 1202/335/172
f 1202/335/172 518/337/232 79/338/233 519/339/173
f 473/236/172 1202/335/172 519/339/173 54/237/173
f 74/340/219 520/341/234 1203/342/235 510/343/220
f 520/341/234 80/344/236 521/345/237 1203/342/235
f 1203/342/235 521/345/237 55/346/180 477/347/179
f 510/343/220 1203/342/235 477/347/179 56/348/178
f 41/349/140 488/350/199 1204/351/238 478/352/182
f 488/350/199 61/353/198 522/354/239 1204/351/238
f 1204/351/238 522/354/239 81/355/240 523/356/241
f 478/352/182 1204/351/238 523/356/241 57/336/183
f 63/275/204 524/357/242 1205/358/243 489/271/201
f 524/357/242 82/359/244 525/360/245 1205/358/243
f 1205/358/243 525/360/245 58/252/187 480/250/185
f 489/271/201 1205/358/243 480/250/185 43/188/145
f 58/361/187 526/362/246 1206/363/247 481/364/188
f 526/362/246 83/365/248 527/366/249 1206/363/247
f 1206/363/247 527/366/249 59/367/191 482/368/189
f 481/364/188 1206/363/247 482/368/189 39/369/131
f 59/258/191 528/370/191 1207/371/192 483/259/192
f 528/370/191 84/372/191 529/373/192 1207/371/192
f 1207/371/192 529/373/192 60/262/135 484/260/135
f 483/259/192 1207/371/192 484/260/135 40/176/135
f 60/262/135 530/374/250 1208/375/251 485/263/193
f 530/374/250 85/376/252 531/377/253 1208/375/251
f 1208/375/251 531/377/253 62/266/196 486/264/194
f 485/263/193 1208/375/251 486/264/194 42/180/139
f 62/378/196 532/379/254 1209/380/255 487/381/197
f 532/379/254 87/382/256 533/383/257 1209/380/255
f 1209/380/255 533/383/257 86/384/258 534/385/259
f 487/381/197 1209/380/255 534/385/259 61/386/198
f 64/273/7 535/387/7 1210/388/86 491/274/203
f 88/389/22 536/390/7 1210/388/86 535/387/7
f 63/275/204 491/274/203 1210/388/86 536/390/7
f 45/189/146 492/391/260 1211/392/261 494/278/205
f 492/391/260 65/393/262 537/394/263 1211/392/261
f 1211/392/261 537/394/263 89/395/264 538/396/265
f 494/278/205 1211/392/261 538/396/265 67/279/7
f 68/286/100 540/397/266 1212/398/267 498/287/101
f 540/397/266 91/399/268 541/400/269 1212/398/267
f 1212/398/267 541/400/269 1567/401/270 1540/402/152
f 498/287/101 1212/398/267 1540/402/152 1526/288/102
f 46/195/150 500/293/154 1213/403/154 497/284/100
f 500/293/154 69/292/153 542/404/153 1213/403/154
f 1213/403/154 542/404/153 92/405/153 543/406/154
f 497/284/100 1213/403/154 543/406/154 68/286/100
f 69/292/153 499/291/153 1214/407/271 544/408/272
f 499/291/153 47/199/153 501/295/208 1214/407/271
f 1214/407/271 501/295/208 70/294/207 545/409/273
f 544/408/272 1214/407/271 545/409/273 93/410/274
f 48/411/157 546/412/275 1215/413/276 502/414/210
f 546/412/275 95/415/277 547/416/278 1215/413/276
f 1215/413/276 547/416/278 94/417/279 548/418/280
f 502/414/210 1215/413/276 548/418/280 70/419/207
f 71/300/67 549/420/112 1216/421/281 503/301/211
f 549/420/112 96/422/124 550/423/282 1216/421/281
f 1216/421/281 550/423/282 95/424/277 546/425/275
f 503/301/211 1216/421/281 546/425/275 48/205/157
f 97/426/67 551/427/124 1217/428/283 552/429/162
f 551/427/124 71/300/67 504/303/67 1217/428/283
f 1217/428/283 504/303/67 49/209/124 505/305/67
f 552/429/162 1217/428/283 505/305/67 72/304/113
f 98/430/284 553/431/285 1218/432/286 554/433/287
f 553/431/285 72/304/113 506/307/113 1218/432/286
f 1218/432/286 506/307/113 50/216/113 507/309/214
f 554/433/287 1218/432/286 507/309/214 73/311/216
f 99/434/288 555/435/289 1219/436/290 556/437/236
f 555/435/289 73/438/216 508/439/215 1219/436/290
f 1219/436/290 508/439/215 55/346/180 521/345/237
f 556/437/236 1219/436/290 521/345/237 80/344/236
f 100/440/291 557/441/292 1220/442/293 558/443/294
f 557/441/292 74/314/219 509/312/217 1220/442/293
f 1220/442/293 509/312/217 51/219/22 513/323/22
f 558/443/294 1220/442/293 513/323/22 76/322/7
f 101/444/295 559/445/84 1221/446/44 560/447/296
f 559/445/84 102/448/7 561/449/7 1221/446/44
f 1221/446/44 561/449/7 76/322/7 511/319/84
f 560/447/296 1221/446/44 511/319/84 75/318/221
f 75/318/221 515/327/227 1222/450/297 560/447/296
f 515/327/227 77/326/226 562/451/298 1222/450/297
f 1222/450/297 562/451/298 103/452/299 563/453/300
f 560/447/296 1222/450/297 563/453/300 101/444/295
f 53/454/169 517/455/231 1223/456/301 514/457/225
f 517/455/231 78/458/230 564/459/302 1223/456/301
f 1223/456/301 564/459/302 104/460/303 565/461/304
f 514/457/225 1223/456/301 565/461/304 77/462/226
f 54/237/173 519/339/173 1224/463/305 516/330/229
f 519/339/173 79/338/233 566/464/305 1224/463/305
f 1224/463/305 566/464/305 105/465/230 567/466/230
f 516/330/229 1224/463/305 567/466/230 78/331/230
f 57/336/183 523/356/241 1225/467/306 518/337/232
f 523/356/241 81/355/240 568/468/307 1225/467/306
f 1225/467/306 568/468/307 106/469/308 569/470/309
f 518/337/232 1225/467/306 569/470/309 79/338/233
f 74/340/219 570/471/310 1226/472/311 520/341/234
f 570/471/310 108/473/312 571/474/313 1226/472/311
f 1226/472/311 571/474/313 107/475/314 572/476/315
f 520/341/234 1226/472/311 572/476/315 80/344/236
f 61/386/198 534/385/259 1227/477/316 522/478/239
f 534/385/259 86/384/258 573/479/317 1227/477/316
f 1227/477/316 573/479/317 109/480/318 574/481/319
f 522/478/239 1227/477/316 574/481/319 81/482/240
f 110/483/320 575/484/321 1228/485/322 576/486/323
f 575/484/321 111/487/324 577/488/325 1228/485/322
f 1228/485/322 577/488/325 82/359/244 524/357/242
f 576/486/323 1228/485/322 524/357/242 63/275/204
f 82/489/244 578/490/326 1229/491/327 525/492/245
f 578/490/326 112/493/328 579/494/329 1229/491/327
f 1229/491/327 579/494/329 83/365/248 526/362/246
f 525/492/245 1229/491/327 526/362/246 58/361/187
f 83/495/248 580/496/330 1230/497/249 527/498/249
f 580/496/330 113/499/248 581/500/249 1230/497/249
f 1230/497/249 581/500/249 84/372/191 528/370/191
f 527/498/249 1230/497/249 528/370/191 59/258/191
f 84/372/191 582/501/331 1231/502/332 529/373/192
f 582/501/331 114/503/333 583/504/334 1231/502/332
f 1231/502/332 583/504/334 85/376/252 530/374/250
f 529/373/192 1231/502/332 530/374/250 60/262/135
f 85/505/252 584/506/335 1232/507/336 531/508/253
f 584/506/335 115/509/337 585/510/338 1232/507/336
f 1232/507/336 585/510/338 87/382/256 532/379/254
f 531/508/253 1232/507/336 532/379/254 62/378/196
f 87/382/256 586/511/339 1233/512/340 533/383/257
f 116/513/153 588/514/341 1233/512/340 587/515/153
f 86/384/258 533/383/257 1233/512/340 588/514/341
f 63/275/204 536/390/7 1234/516/7 576/486/323
f 536/390/7 88/389/22 589/517/7 1234/516/7
f 1234/516/7 589/517/7 117/518/22 590/519/22
f 576/486/323 1234/516/7 590/519/22 110/483/320
f 89/520/264 537/521/263 1235/522/342 591/523/343
f 537/521/263 65/524/262 539/525/344 1235/522/342
f 1235/522/342 539/525/344 90/526/345 592/527/346
f 591/523/343 1235/522/342 592/527/346 119/528/347
f 593/529/348 150/530/349 594/531/350 1236/532/351
f 1236/532/351 594/531/350 90/526/345 1542/533/352 1535/534/353
f 67/279/7 595/535/7 1237/536/22 495/280/7
f 595/535/7 121/537/7 596/538/7 1237/536/22
f 1237/536/22 596/538/7 120/539/22 597/540/7
f 495/280/7 1237/536/22 597/540/7 66/281/7
f 66/281/7 597/540/7 1238/541/7 496/283/7
f 597/540/7 120/539/22 598/542/7 1238/541/7
f 1238/541/7 598/542/7 88/389/22 535/387/7
f 496/283/7 1238/541/7 535/387/7 64/273/7
f 122/543/354 599/544/154 1239/545/154 600/546/153
f 599/544/154 91/399/268 540/397/266 1239/545/154
f 1239/545/154 540/397/266 68/286/100 543/406/154
f 600/546/153 1239/545/154 543/406/154 92/405/153
f 123/547/355 601/548/356 1240/549/357 602/550/100
f 601/548/356 1571/551/358 1562/552/359 1240/549/357
f 1240/549/357 1562/552/359 1567/401/270 541/400/269
f 602/550/100 1240/549/357 541/400/269 91/399/268
f 92/405/153 542/404/153 1241/553/272 603/554/360
f 542/404/153 69/292/153 544/408/272 1241/553/272
f 1241/553/272 544/408/272 93/410/274 604/555/361
f 603/554/360 1241/553/272 604/555/361 124/556/362
f 94/417/279 605/557/279 1242/558/363 548/418/280
f 605/557/279 125/559/279 606/560/364 1242/558/363
f 1242/558/363 606/560/364 93/561/274 545/562/273
f 548/418/280 1242/558/363 545/562/273 70/419/207
f 95/415/277 607/563/365 1243/564/278 547/416/278
f 607/563/365 127/565/366 608/566/367 1243/564/278
f 1243/564/278 608/566/367 126/567/279 609/568/279
f 547/416/278 1243/564/278 609/568/279 94/417/279
f 97/426/67 610/569/67 1244/570/124 551/427/124
f 610/569/67 128/571/113 611/572/113 1244/570/124
f 1244/570/124 611/572/113 96/422/124 549/420/112
f 551/427/124 1244/570/124 549/420/112 71/300/67
f 129/573/124 612/574/368 1245/575/369 613/576/124
f 612/574/368 127/577/366 607/578/365 1245/575/369
f 1245/575/369 607/578/365 95/424/277 550/423/282
f 613/576/124 1245/575/369 550/423/282 96/422/124
f 130/579/370 614/580/371 1246/581/372 615/582/373
f 614/580/371 97/426/67 552/429/162 1246/581/372
f 1246/581/372 552/429/162 72/304/113 553/431/285
f 615/582/373 1246/581/372 553/431/285 98/430/284
f 131/583/288 616/584/374 1247/585/375 617/586/376
f 616/584/374 98/587/284 554/588/287 1247/585/375
f 1247/585/375 554/588/287 73/438/216 555/435/289
f 617/586/376 1247/585/375 555/435/289 99/434/288
f 107/475/314 618/589/377 1248/590/378 572/476/315
f 618/589/377 132/591/379 619/592/380 1248/590/378
f 1248/590/378 619/592/380 99/434/288 556/437/236
f 572/476/315 1248/590/378 556/437/236 80/344/236
f 100/593/291 620/594/381 1249/595/382 557/596/292
f 620/594/381 165/597/383 621/598/384 1249/595/382
f 1249/595/382 621/598/384 108/473/312 570/471/310
f 557/596/292 1249/595/382 570/471/310 74/340/219
f 133/599/385 622/600/386 1250/601/387 623/602/388
f 622/600/386 100/440/291 558/443/294 1250/601/387
f 1250/601/387 558/443/294 76/322/7 561/449/7
f 623/602/388 1250/601/387 561/449/7 102/448/7
f 110/483/320 590/519/22 1251/603/389 624/604/390
f 590/519/22 117/518/22 625/605/7 1251/603/389
f 1251/603/389 625/605/7 102/448/7 559/445/84
f 624/604/390 1251/603/389 559/445/84 101/444/295
f 101/444/295 563/453/300 1252/606/391 624/604/390
f 563/453/300 103/452/299 626/607/392 1252/606/391
f 1252/606/391 626/607/392 111/487/324 575/484/321
f 624/604/390 1252/606/391 575/484/321 110/483/320
f 77/462/226 565/461/304 1253/608/393 562/609/298
f 565/461/304 104/460/303 627/610/394 1253/608/393
f 1253/608/393 627/610/394 134/611/395 628/612/396
f 562/609/298 1253/608/393 628/612/396 103/613/299
f 78/458/230 567/614/230 1254/615/302 564/459/302
f 567/614/230 105/616/230 629/617/302 1254/615/302
f 1254/615/302 629/617/302 135/618/397 630/619/303
f 564/459/302 1254/615/302 630/619/303 104/460/303
f 79/338/233 569/470/309 1255/620/398 566/464/305
f 569/470/309 106/469/308 631/621/399 1255/620/398
f 1255/620/398 631/621/399 136/622/400 632/623/401
f 566/464/305 1255/620/398 632/623/401 105/465/230
f 81/482/240 574/481/319 1256/624/402 568/625/307
f 574/481/319 109/480/318 633/626/403 1256/624/402
f 1256/624/402 633/626/403 137/627/404 634/628/405
f 568/625/307 1256/624/402 634/628/405 106/629/308
f 138/630/406 635/631/407 1257/632/408 636/633/409
f 635/631/407 139/634/410 637/635/411 1257/632/408
f 1257/632/408 637/635/411 107/475/314 571/474/313
f 636/633/409 1257/632/408 571/474/313 108/473/312
f 86/384/258 588/514/341 1258/636/412 573/479/317
f 588/514/341 116/513/153 638/637/153 1258/636/412
f 1258/636/412 638/637/153 140/638/354 639/639/413
f 573/479/317 1258/636/412 639/639/413 109/480/318
f 111/640/324 640/641/414 1259/642/415 577/643/325
f 640/641/414 141/644/416 641/645/417 1259/642/415
f 1259/642/415 641/645/417 112/493/328 578/490/326
f 577/643/325 1259/642/415 578/490/326 82/489/244
f 112/493/328 642/646/418 1260/647/329 579/494/329
f 642/646/418 142/648/419 643/649/329 1260/647/329
f 1260/647/329 643/649/329 113/650/248 580/651/330
f 579/494/329 1260/647/329 580/651/330 83/365/248
f 113/650/248 644/652/420 1261/653/421 581/654/249
f 644/652/420 143/655/422 645/656/423 1261/653/421
f 1261/653/421 645/656/423 114/657/333 582/658/331
f 581/654/249 1261/653/421 582/658/331 84/659/191
f 114/660/333 646/661/424 1262/662/425 583/663/334
f 646/661/424 144/664/426 647/665/427 1262/662/425
f 1262/662/425 647/665/427 115/509/337 584/506/335
f 583/663/334 1262/662/425 584/506/335 85/505/252
f 586/511/339 87/382/256 585/510/338 1263/666/428
f 1263/666/428 585/510/338 115/509/337 648/667/429
f 120/539/22 650/668/7 1264/669/22 598/542/7
f 650/668/7 146/670/22 651/671/7 1264/669/22
f 1264/669/22 651/671/7 117/518/22 589/517/7
f 598/542/7 1264/669/22 589/517/7 88/389/22
f 118/672/430 652/673/431 1265/674/432 653/675/433
f 147/676/434 654/677/435 1265/674/432 652/673/431
f 121/537/7 595/535/7 1265/674/432 654/677/435
f 67/279/7 538/396/265 1265/674/432 595/535/7
f 89/395/264 653/675/433 1265/674/432 538/396/265
f 118/678/430 653/679/433 1266/680/436 655/681/437
f 653/679/433 89/520/264 591/523/343 1266/680/436
f 1266/680/436 591/523/343 119/528/347 656/682/438
f 655/681/437 1266/680/436 656/682/438 148/683/439
f 119/528/347 592/527/346 1267/684/440 657/685/441
f 592/527/346 90/526/345 594/531/350 1267/684/440
f 1267/684/440 594/531/350 150/530/349 658/686/442
f 657/685/441 1267/684/440 658/686/442 149/687/347
f 120/539/22 596/538/7 1268/688/7 650/668/7
f 596/538/7 121/537/7 659/689/22 1268/688/7
f 1268/688/7 659/689/22 151/690/7 660/691/7
f 650/668/7 1268/688/7 660/691/7 146/670/22
f 123/547/355 661/692/100 1269/693/443 601/548/356
f 661/692/100 152/694/355 662/695/443 1269/693/443
f 1269/693/443 662/695/443 1559/696/151 1563/697/444
f 601/548/356 1269/693/443 1563/697/444 1572/698/445 1571/551/358
f 153/699/153 663/700/154 1270/701/446 664/702/153
f 663/700/154 123/547/355 602/550/100 1270/701/446
f 1270/701/446 602/550/100 91/399/268 599/544/154
f 664/702/153 1270/701/446 599/544/154 122/543/354
f 154/703/447 665/704/272 1271/705/448 666/706/362
f 665/704/272 122/543/354 600/546/153 1271/705/448
f 1271/705/448 600/546/153 92/405/153 603/554/360
f 666/706/362 1271/705/448 603/554/360 124/556/362
f 125/559/279 667/707/279 1272/708/364 606/560/364
f 667/707/279 155/709/279 668/710/364 1272/708/364
f 1272/708/364 668/710/364 124/711/362 604/712/361
f 606/560/364 1272/708/364 604/712/361 93/561/274
f 126/567/279 669/713/279 1273/714/279 609/568/279
f 669/713/279 156/715/449 670/716/279 1273/714/279
f 1273/714/279 670/716/279 125/559/279 605/557/279
f 609/568/279 1273/714/279 605/557/279 94/417/279
f 127/565/366 671/717/450 1274/718/451 608/566/367
f 671/717/450 158/719/452 672/720/453 1274/718/451
f 1274/718/451 672/720/453 157/721/454 673/722/455
f 608/566/367 1274/718/451 673/722/455 126/567/279
f 130/579/370 674/723/456 1275/724/457 614/580/371
f 674/723/456 159/725/192 675/726/458 1275/724/457
f 1275/724/457 675/726/458 128/571/113 610/569/67
f 614/580/371 1275/724/457 610/569/67 97/426/67
f 160/727/283 676/728/113 1276/729/67 677/730/113
f 676/728/113 129/573/124 613/576/124 1276/729/67
f 1276/729/67 613/576/124 96/422/124 611/572/113
f 677/730/113 1276/729/67 611/572/113 128/571/113
f 161/731/459 678/732/460 1277/733/461 679/734/462
f 678/732/460 158/735/452 671/736/450 1277/733/461
f 1277/733/461 671/736/450 127/577/366 612/574/368
f 679/734/462 1277/733/461 612/574/368 129/573/124
f 162/737/376 680/738/463 1278/739/464 681/740/376
f 680/738/463 130/741/370 615/742/373 1278/739/464
f 1278/739/464 615/742/373 98/587/284 616/584/374
f 681/740/376 1278/739/464 616/584/374 131/583/288
f 132/591/379 682/743/465 1279/744/466 619/592/380
f 682/743/465 163/745/467 683/746/468 1279/744/466
f 1279/744/466 683/746/468 131/583/288 617/586/376
f 619/592/380 1279/744/466 617/586/376 99/434/288
f 107/475/314 637/635/411 1280/747/469 618/589/377
f 637/635/411 139/634/410 684/748/470 1280/747/469
f 1280/747/469 684/748/470 164/749/471 685/750/472
f 618/589/377 1280/747/469 685/750/472 132/591/379
f 166/751/473 686/752/474 1281/753/475 687/754/381
f 686/752/474 165/597/383 620/594/381 1281/753/475
f 1281/753/475 620/594/381 100/593/291 622/755/386
f 687/754/381 1281/753/475 622/755/386 133/756/385
f 117/518/22 688/757/476 1282/758/477 625/605/7
f 688/757/476 167/759/478 689/760/479 1282/758/477
f 1282/758/477 689/760/479 133/599/385 623/602/388
f 625/605/7 1282/758/477 623/602/388 102/448/7
f 103/761/299 628/762/396 1283/763/480 626/764/392
f 628/762/396 134/765/395 690/766/481 1283/763/480
f 1283/763/480 690/766/481 141/644/416 640/641/414
f 626/764/392 1283/763/480 640/641/414 111/640/324
f 104/460/303 630/619/303 1284/767/394 627/610/394
f 630/619/303 135/618/397 691/768/394 1284/767/394
f 1284/767/394 691/768/394 168/769/482 692/770/482
f 627/610/394 1284/767/394 692/770/482 134/611/395
f 105/616/230 632/771/401 1285/772/483 629/617/302
f 632/771/401 136/773/400 693/774/484 1285/772/483
f 1285/772/483 693/774/484 169/775/485 694/776/486
f 629/617/302 1285/772/483 694/776/486 135/618/397
f 106/629/308 634/628/405 1286/777/487 631/778/399
f 634/628/405 137/627/404 695/779/488 1286/777/487
f 1286/777/487 695/779/488 170/780/489 696/781/490
f 631/778/399 1286/777/487 696/781/490 136/782/400
f 109/480/318 639/639/413 1287/783/491 633/626/403
f 639/639/413 140/638/354 697/784/153 1287/783/491
f 1287/783/491 697/784/153 171/785/153 698/786/492
f 633/626/403 1287/783/491 698/786/492 137/627/404
f 172/787/153 699/788/493 1288/789/494 700/790/495
f 699/788/493 173/791/496 701/792/497 1288/789/494
f 1288/789/494 701/792/497 139/793/410 635/794/407
f 700/790/495 1288/789/494 635/794/407 138/795/406
f 165/597/383 702/796/498 1289/797/499 621/598/384
f 702/796/498 174/798/500 703/799/501 1289/797/499
f 1289/797/499 703/799/501 138/630/406 636/633/409
f 621/598/384 1289/797/499 636/633/409 108/473/312
f 116/513/153 649/800/502 1290/801/503 638/637/153
f 649/800/502 145/802/504 704/803/505 1290/801/503
f 1290/801/503 704/803/505 175/804/506 705/805/507
f 638/637/153 1290/801/503 705/805/507 140/638/354
f 141/644/416 706/806/508 1291/807/509 641/645/417
f 706/806/508 176/808/416 707/809/510 1291/807/509
f 1291/807/509 707/809/510 142/648/419 642/646/418
f 641/645/417 1291/807/509 642/646/418 112/493/328
f 142/648/419 708/810/511 1292/811/512 643/649/329
f 708/810/511 177/812/513 709/813/514 1292/811/512
f 1292/811/512 709/813/514 143/655/422 644/652/420
f 643/649/329 1292/811/512 644/652/420 113/650/248
f 143/814/422 710/815/515 1293/816/516 645/817/423
f 710/815/515 178/818/517 711/819/518 1293/816/516
f 1293/816/516 711/819/518 144/664/426 646/661/424
f 645/817/423 1293/816/516 646/661/424 114/660/333
f 115/509/337 647/665/427 1294/820/519 648/667/429
f 144/664/426 712/821/520 1294/820/519 647/665/427
f 179/822/153 713/823/153 1294/820/519 712/821/520
f 146/670/22 714/824/521 1295/825/522 651/671/7
f 714/824/521 180/826/523 715/827/524 1295/825/522
f 1295/825/522 715/827/524 167/759/478 688/757/476
f 651/671/7 1295/825/522 688/757/476 117/518/22
f 121/537/7 654/677/435 1296/828/525 659/689/22
f 654/677/435 147/676/434 716/829/526 1296/828/525
f 1296/828/525 716/829/526 181/830/527 717/831/528
f 659/689/22 1296/828/525 717/831/528 151/690/7
f 147/832/434 652/833/431 1297/834/529 718/835/530
f 652/833/431 118/678/430 655/681/437 1297/834/529
f 1297/834/529 655/681/437 148/683/439 719/836/531
f 718/835/530 1297/834/529 719/836/531 182/837/532
f 148/683/439 656/682/438 1298/838/438 720/839/439
f 656/682/438 119/528/347 657/685/441 1298/838/438
f 1298/838/438 657/685/441 149/687/347 721/840/438
f 720/839/439 1298/838/438 721/840/438 183/841/439
f 149/687/347 658/686/442 1299/842/533 722/843/347
f 658/686/442 150/530/349 723/844/534 1299/842/533
f 1299/842/533 723/844/534 185/845/535 724/846/536
f 722/843/347 1299/842/533 724/846/536 184/847/347
f 1300/848/537 725/849/538 185/845/535 723/844/534
f 593/529/348 1300/848/537 723/844/534 150/530/349
f 146/670/22 660/691/7 1301/850/539 714/824/521
f 660/691/7 151/690/7 726/851/540 1301/850/539
f 1301/850/539 726/851/540 186/852/541 727/853/542
f 714/824/521 1301/850/539 727/853/542 180/826/523
f 153/699/153 728/854/153 1302/855/154 663/700/154
f 728/854/153 187/856/153 729/857/154 1302/855/154
f 1302/855/154 729/857/154 152/694/355 661/692/100
f 663/700/154 1302/855/154 661/692/100 123/547/355
f 152/694/355 730/858/543 1303/859/544 662/695/443
f 730/858/543 188/860/545 731/861/546 1303/859/544
f 1303/859/544 731/861/546 1541/862/547 1551/863/548
f 662/695/443 1303/859/544 1551/863/548 1550/864/549 1559/696/151
f 189/865/361 732/866/360 1304/867/550 733/868/551
f 732/866/360 153/699/153 664/702/153 1304/867/550
f 1304/867/550 664/702/153 122/543/354 665/704/272
f 733/868/551 1304/867/550 665/704/272 154/703/447
f 155/709/279 734/869/279 1305/870/552 668/710/364
f 734/869/279 190/871/279 735/872/552 1305/870/552
f 1305/870/552 735/872/552 154/873/447 666/874/362
f 668/710/364 1305/870/552 666/874/362 124/711/362
f 156/715/449 736/875/279 1306/876/279 670/716/279
f 736/875/279 191/877/279 737/878/279 1306/876/279
f 1306/876/279 737/878/279 155/709/279 667/707/279
f 670/716/279 1306/876/279 667/707/279 125/559/279
f 157/721/454 738/879/553 1307/880/554 673/722/455
f 738/879/553 192/881/555 739/882/556 1307/880/554
f 1307/880/554 739/882/556 156/715/449 669/713/279
f 673/722/455 1307/880/554 669/713/279 126/567/279
f 157/883/454 672/884/453 1308/885/557 740/886/558
f 672/884/453 158/887/452 678/888/460 1308/885/557
f 1308/885/557 678/888/460 161/889/459 741/890/559
f 740/886/558 1308/885/557 741/890/559 193/891/153
f 194/892/376 742/893/560 1309/894/561 743/895/376
f 742/893/560 159/896/192 674/897/456 1309/894/561
f 1309/894/561 674/897/456 130/741/370 680/738/463
f 743/895/376 1309/894/561 680/738/463 162/737/376
f 159/725/192 744/898/562 1310/899/563 675/726/458
f 744/898/562 195/900/564 745/901/565 1310/899/563
f 1310/899/563 745/901/565 160/727/283 677/730/113
f 675/726/458 1310/899/563 677/730/113 128/571/113
f 196/902/566 746/903/567 1311/904/568 747/905/569
f 746/903/567 161/731/459 679/734/462 1311/904/568
f 1311/904/568 679/734/462 129/573/124 676/728/113
f 747/905/569 1311/904/568 676/728/113 160/727/283
f 163/745/467 748/906/570 1312/907/571 683/746/468
f 748/906/570 197/908/572 749/909/466 1312/907/571
f 1312/907/571 749/909/466 162/737/376 681/740/376
f 683/746/468 1312/907/571 681/740/376 131/583/288
f 132/591/379 685/750/472 1313/910/573 682/743/465
f 685/750/472 164/749/471 750/911/574 1313/910/573
f 1313/910/573 750/911/574 198/912/575 751/913/576
f 682/743/465 1313/910/573 751/913/576 163/745/467
f 139/914/410 701/915/497 1314/916/577 684/917/470
f 701/915/497 173/918/496 752/919/578 1314/916/577
f 1314/916/577 752/919/578 199/920/579 753/921/580
f 684/917/470 1314/916/577 753/921/580 164/922/471
f 133/756/385 689/923/479 1315/924/581 687/754/381
f 689/923/479 167/925/478 754/926/582 1315/924/581
f 1315/924/581 754/926/582 200/927/583 755/928/383
f 687/754/381 1315/924/581 755/928/383 166/751/473
f 134/611/395 692/770/482 1316/929/584 690/930/481
f 692/770/482 168/769/482 756/931/585 1316/929/584
f 1316/929/584 756/931/585 176/932/416 706/933/508
f 690/930/481 1316/929/584 706/933/508 141/934/416
f 135/618/397 694/776/486 1317/935/586 691/768/394
f 694/776/486 169/775/485 757/936/587 1317/935/586
f 1317/935/586 757/936/587 201/937/588 758/938/589
f 691/768/394 1317/935/586 758/938/589 168/769/482
f 136/782/400 696/781/490 1318/939/590 693/940/484
f 696/781/490 170/780/489 759/941/591 1318/939/590
f 1318/939/590 759/941/591 202/942/592 760/943/593
f 693/940/484 1318/939/590 760/943/593 169/944/485
f 137/627/404 761/945/594 1319/946/595 695/779/488
f 761/945/594 204/947/354 762/948/153 1319/946/595
f 1319/946/595 762/948/153 203/949/153 763/950/596
f 695/779/488 1319/946/595 763/950/596 170/780/489
f 137/627/404 698/786/492 1320/951/597 761/945/594
f 171/785/153 764/952/153 1320/951/597 698/786/492
f 204/947/354 761/945/594 1320/951/597 764/952/153
f 140/638/354 705/805/507 1321/953/598 697/784/153
f 705/805/507 175/804/506 765/954/599 1321/953/598
f 1321/953/598 765/954/599 205/955/600 766/956/601
f 697/784/153 1321/953/598 766/956/601 171/785/153
f 203/949/153 767/957/602 1322/958/603 768/959/153
f 173/791/496 699/788/493 1322/958/603 767/957/602
f 172/787/153 768/959/153 1322/958/603 699/788/493
f 174/960/500 769/961/604 1323/962/605 703/963/501
f 769/961/604 206/964/153 770/965/153 1323/962/605
f 1323/962/605 770/965/153 172/787/153 700/790/495
f 703/963/501 1323/962/605 700/790/495 138/795/406
f 166/751/473 771/966/606 1324/967/607 686/752/474
f 771/966/606 207/968/608 772/969/609 1324/967/607
f 1324/967/607 772/969/609 174/798/500 702/796/498
f 686/752/474 1324/967/607 702/796/498 165/597/383
f 175/970/506 704/971/505 1325/972/610 773/973/611
f 704/971/505 145/974/504 774/975/612 1325/972/610
f 1325/972/610 774/975/612 209/976/613 775/977/614
f 773/973/611 1325/972/610 775/977/614 208/978/615
f 176/808/416 776/979/616 1326/980/617 707/809/510
f 776/979/616 210/981/618 777/982/619 1326/980/617
f 1326/980/617 777/982/619 177/812/513 708/810/511
f 707/809/510 1326/980/617 708/810/511 142/648/419
f 177/983/513 778/984/620 1327/985/621 709/986/514
f 778/984/620 211/987/622 779/988/623 1327/985/621
f 1327/985/621 779/988/623 178/818/517 710/815/515
f 709/986/514 1327/985/621 710/815/515 143/814/422
f 179/822/153 712/821/520 1328/989/624 780/990/625
f 144/664/426 711/819/518 1328/989/624 712/821/520
f 178/818/517 780/990/625 1328/989/624 711/819/518
f 213/991/626 782/992/376 1329/993/627 783/994/628
f 782/992/376 235/995/629 784/996/630 1329/993/627
f 1329/993/627 784/996/630 167/925/478 715/997/524
f 783/994/628 1329/993/627 715/997/524 180/998/523
f 151/690/7 717/831/528 1330/999/631 726/851/540
f 717/831/528 181/830/527 785/1000/632 1330/999/631
f 1330/999/631 785/1000/632 214/1001/633 786/1002/634
f 726/851/540 1330/999/631 786/1002/634 186/852/541
f 181/1003/527 716/1004/526 1331/1005/635 787/1006/636
f 716/1004/526 147/832/434 718/835/530 1331/1005/635
f 1331/1005/635 718/835/530 182/837/532 788/1007/532
f 787/1006/636 1331/1005/635 788/1007/532 215/1008/637
f 182/837/532 719/836/531 1332/1009/638 789/1010/532
f 719/836/531 148/683/439 720/839/439 1332/1009/638
f 1332/1009/638 720/839/439 183/841/439 790/1011/531
f 789/1010/532 1332/1009/638 790/1011/531 216/1012/637
f 183/841/439 721/840/438 1333/1013/438 791/1014/439
f 721/840/438 149/687/347 722/843/347 1333/1013/438
f 1333/1013/438 722/843/347 184/847/347 792/1015/438
f 791/1014/439 1333/1013/438 792/1015/438 217/1016/439
f 185/845/535 793/1017/639 1334/1018/640 724/846/536
f 793/1017/639 188/1019/545 794/1020/641 1334/1018/640
f 1334/1018/640 794/1020/641 218/1021/642 795/1022/643
f 724/846/536 1334/1018/640 795/1022/643 184/847/347
f 180/998/523 727/1023/542 1335/1024/644 783/994/628
f 727/1023/542 186/1025/541 796/1026/645 1335/1024/644
f 1335/1024/644 796/1026/645 219/1027/136 797/1028/646
f 783/994/628 1335/1024/644 797/1028/646 213/991/626
f 731/1029/546 188/1019/545 793/1017/639 1336/1030/647
f 1336/1030/647 793/1017/639 185/845/535 725/849/538
f 189/865/361 798/1031/648 1337/1032/360 732/866/360
f 798/1031/648 220/1033/648 799/1034/360 1337/1032/360
f 1337/1032/360 799/1034/360 187/856/153 728/854/153
f 732/866/360 1337/1032/360 728/854/153 153/699/153
f 187/856/153 800/1035/649 1338/1036/650 729/857/154
f 800/1035/649 218/1037/642 794/1038/641 1338/1036/650
f 1338/1036/650 794/1038/641 188/860/545 730/858/543
f 729/857/154 1338/1036/650 730/858/543 152/694/355
f 190/871/279 801/1039/279 1339/1040/364 735/872/552
f 801/1039/279 221/1041/651 802/1042/652 1339/1040/364
f 1339/1040/364 802/1042/652 189/1043/361 733/1044/551
f 735/872/552 1339/1040/364 733/1044/551 154/873/447
f 191/877/279 803/1045/279 1340/1046/449 737/878/279
f 803/1045/279 222/1047/279 804/1048/279 1340/1046/449
f 1340/1046/449 804/1048/279 190/871/279 734/869/279
f 737/878/279 1340/1046/449 734/869/279 155/709/279
f 192/881/555 805/1049/653 1341/1050/554 739/882/556
f 805/1049/653 223/1051/653 806/1052/554 1341/1050/554
f 1341/1050/554 806/1052/554 191/877/279 736/875/279
f 739/882/556 1341/1050/554 736/875/279 156/715/449
f 192/1053/555 738/1054/553 1342/1055/654 807/1056/655
f 738/1054/553 157/883/454 740/886/558 1342/1055/654
f 1342/1055/654 740/886/558 193/891/153 808/1057/153
f 807/1056/655 1342/1055/654 808/1057/153 224/1058/153
f 225/1059/153 809/1060/153 1343/1061/656 810/1062/657
f 809/1060/153 193/891/153 741/890/559 1343/1061/656
f 1343/1061/656 741/890/559 161/889/459 746/1063/567
f 810/1062/657 1343/1061/656 746/1063/567 196/1064/566
f 226/1065/376 811/1066/658 1344/1067/659 812/1068/376
f 811/1066/658 195/1069/564 744/1070/562 1344/1067/659
f 1344/1067/659 744/1070/562 159/896/192 742/893/560
f 812/1068/376 1344/1067/659 742/893/560 194/892/376
f 197/908/572 813/1071/660 1345/1072/661 749/909/466
f 813/1071/660 227/1073/660 814/1074/661 1345/1072/661
f 1345/1072/661 814/1074/661 194/892/376 743/895/376
f 749/909/466 1345/1072/661 743/895/376 162/737/376
f 195/900/564 815/1075/662 1346/1076/663 745/901/565
f 815/1075/662 228/1077/664 816/1078/665 1346/1076/663
f 1346/1076/663 816/1078/665 196/902/566 747/905/569
f 745/901/565 1346/1076/663 747/905/569 160/727/283
f 163/745/467 751/913/576 1347/1079/666 748/906/570
f 751/913/576 198/912/575 817/1080/667 1347/1079/666
f 1347/1079/666 817/1080/667 229/1081/668 818/1082/669
f 748/906/570 1347/1079/666 818/1082/669 197/908/572
f 164/922/471 753/921/580 1348/1083/670 750/1084/574
f 753/921/580 199/920/579 819/1085/579 1348/1083/670
f 1348/1083/670 819/1085/579 230/1086/579 820/1087/671
f 750/1084/574 1348/1083/670 820/1087/671 198/1088/575
f 173/918/496 821/1089/672 1349/1090/673 752/919/578
f 821/1089/672 232/1091/674 822/1092/675 1349/1090/673
f 1349/1090/673 822/1092/675 231/1093/579 823/1094/579
f 752/919/578 1349/1090/673 823/1094/579 199/920/579
f 233/1095/676 824/1096/677 1350/1097/678 825/1098/679
f 824/1096/677 207/968/608 771/966/606 1350/1097/678
f 1350/1097/678 771/966/606 166/751/473 755/928/383
f 825/1098/679 1350/1097/678 755/928/383 200/927/583
f 167/925/478 784/996/630 1351/1099/680 754/926/582
f 784/996/630 235/995/629 826/1100/681 1351/1099/680
f 1351/1099/680 826/1100/681 234/1101/682 827/1102/683
f 754/926/582 1351/1099/680 827/1102/683 200/927/583
f 168/769/482 758/938/589 1352/1103/684 756/931/585
f 758/938/589 201/937/588 828/1104/685 1352/1103/684
f 1352/1103/684 828/1104/685 210/1105/618 776/1106/616
f 756/931/585 1352/1103/684 776/1106/616 176/932/416
f 169/944/485 760/943/593 1353/1107/686 757/1108/587
f 760/943/593 202/942/592 829/1109/687 1353/1107/686
f 1353/1107/686 829/1109/687 236/1110/688 830/1111/689
f 757/1108/587 1353/1107/686 830/1111/689 201/1112/588
f 170/780/489 763/950/596 1354/1113/690 759/941/591
f 203/949/153 768/959/153 1354/1113/690 763/950/596
f 172/787/153 770/965/153 1354/1113/690 768/959/153
f 206/964/153 831/1114/691 1354/1113/690 770/965/153
f 202/942/592 759/941/591 1354/1113/690 831/1114/691
f 204/947/354 832/1115/692 1355/1116/693 762/948/153
f 832/1115/692 232/1117/674 821/1118/672 1355/1116/693
f 1355/1116/693 821/1118/672 173/791/496 767/957/602
f 762/948/153 1355/1116/693 767/957/602 203/949/153
f 171/785/153 766/956/601 1356/1119/694 764/952/153
f 766/956/601 205/955/600 833/1120/695 1356/1119/694
f 1356/1119/694 833/1120/695 232/1117/674 832/1115/692
f 764/952/153 1356/1119/694 832/1115/692 204/947/354
f 205/1121/600 765/1122/599 1357/1123/696 834/1124/697
f 765/1122/599 175/970/506 773/973/611 1357/1123/696
f 1357/1123/696 773/973/611 208/978/615 835/1125/698
f 834/1124/697 1357/1123/696 835/1125/698 237/1126/698
f 207/1127/608 836/1128/699 1358/1129/700 772/1130/609
f 836/1128/699 238/1131/153 837/1132/153 1358/1129/700
f 1358/1129/700 837/1132/153 206/964/153 769/961/604
f 772/1130/609 1358/1129/700 769/961/604 174/960/500
f 208/978/615 775/977/614 1359/1133/701 838/1134/701
f 775/977/614 209/976/613 839/1135/702 1359/1133/701
f 1359/1133/701 839/1135/702 240/1136/703 840/1137/704
f 838/1134/701 1359/1133/701 840/1137/704 239/1138/705
f 210/1139/618 841/1140/706 1360/1141/707 777/1142/619
f 841/1140/706 241/1143/708 842/1144/709 1360/1141/707
f 1360/1141/707 842/1144/709 211/987/622 778/984/620
f 777/1142/619 1360/1141/707 778/984/620 177/983/513
f 211/987/622 843/1145/710 1361/1146/711 779/988/623
f 246/1147/153 844/1148/712 1361/1146/711 843/1145/710
f 245/1149/713 845/1150/714 1361/1146/711 844/1148/712
f 244/1151/715 846/1152/716 1361/1146/711 845/1150/714
f 243/1153/717 847/1154/718 1361/1146/711 846/1152/716
f 242/1155/719 848/1156/720 1361/1146/711 847/1154/718
f 212/1157/721 781/1158/722 1361/1146/711 848/1156/720
f 179/822/153 780/990/625 1361/1146/711 781/1158/722
f 178/818/517 779/988/623 1361/1146/711 780/990/625
f 186/1025/541 786/1159/634 1362/1160/723 796/1026/645
f 786/1159/634 214/1161/633 850/1162/724 1362/1160/723
f 1362/1160/723 850/1162/724 248/1163/725 851/1164/726
f 796/1026/645 1362/1160/723 851/1164/726 219/1027/136
f 214/1165/633 785/1166/632 1363/1167/727 850/1168/724
f 785/1166/632 181/1003/527 787/1006/636 1363/1167/727
f 1363/1167/727 787/1006/636 215/1008/637 852/1169/728
f 850/1168/724 1363/1167/727 852/1169/728 248/1170/725
f 215/1008/637 788/1007/532 1364/1171/532 853/1172/532
f 788/1007/532 182/837/532 789/1010/532 1364/1171/532
f 1364/1171/532 789/1010/532 216/1012/637 854/1173/532
f 853/1172/532 1364/1171/532 854/1173/532 249/1174/532
f 216/1012/637 790/1011/531 1365/1175/531 855/1176/532
f 790/1011/531 183/841/439 791/1014/439 1365/1175/531
f 1365/1175/531 791/1014/439 217/1016/439 856/1177/729
f 855/1176/532 1365/1175/531 856/1177/729 250/1178/532
f 184/847/347 795/1022/643 1366/1179/730 792/1015/438
f 795/1022/643 218/1021/642 857/1180/731 1366/1179/730
f 1366/1179/730 857/1180/731 251/1181/732 858/1182/733
f 792/1015/438 1366/1179/730 858/1182/733 217/1016/439
f 213/991/626 797/1028/646 1367/1183/646 859/1184/626
f 797/1028/646 219/1027/136 860/1185/734 1367/1183/646
f 1367/1183/646 860/1185/734 253/1186/734 861/1187/735
f 859/1184/626 1367/1183/646 861/1187/735 252/1188/736
f 221/1041/651 862/1189/737 1368/1190/738 802/1042/652
f 862/1189/737 254/1191/737 863/1192/739 1368/1190/738
f 1368/1190/738 863/1192/739 220/1193/648 798/1194/648
f 802/1042/652 1368/1190/738 798/1194/648 189/1043/361
f 220/1033/648 864/1195/740 1369/1196/741 799/1034/360
f 864/1195/740 251/1197/732 857/1198/731 1369/1196/741
f 1369/1196/741 857/1198/731 218/1037/642 800/1035/649
f 799/1034/360 1369/1196/741 800/1035/649 187/856/153
f 222/1047/279 865/1199/279 1370/1200/279 804/1048/279
f 865/1199/279 255/1201/651 866/1202/651 1370/1200/279
f 1370/1200/279 866/1202/651 221/1041/651 801/1039/279
f 804/1048/279 1370/1200/279 801/1039/279 190/871/279
f 223/1051/653 867/1203/742 1371/1204/743 806/1052/554
f 867/1203/742 256/1205/744 868/1206/743 1371/1204/743
f 1371/1204/743 868/1206/743 222/1047/279 803/1045/279
f 806/1052/554 1371/1204/743 803/1045/279 191/877/279
f 223/1207/653 805/1208/653 1372/1209/655 869/1210/745
f 805/1208/653 192/1053/555 807/1056/655 1372/1209/655
f 1372/1209/655 807/1056/655 224/1058/153 870/1211/153
f 869/1210/745 1372/1209/655 870/1211/153 257/1212/153
f 224/1058/153 808/1057/153 1373/1213/153 871/1214/153
f 808/1057/153 193/891/153 809/1060/153 1373/1213/153
f 1373/1213/153 809/1060/153 225/1059/153 872/1215/153
f 871/1214/153 1373/1213/153 872/1215/153 258/1216/153
f 259/1217/746 873/1218/747 1374/1219/748 874/1220/749
f 873/1218/747 225/1059/153 810/1062/657 1374/1219/748
f 1374/1219/748 810/1062/657 196/1064/566 816/1221/665
f 874/1220/749 1374/1219/748 816/1221/665 228/1222/664
f 259/1223/746 874/1224/749 1375/1225/750 875/1226/751
f 874/1224/749 228/1227/664 815/1228/662 1375/1225/750
f 1375/1225/750 815/1228/662 195/1069/564 811/1066/658
f 875/1226/751 1375/1225/750 811/1066/658 226/1065/376
f 227/1073/660 876/1229/752 1376/1230/753 814/1074/661
f 876/1229/752 260/1231/754 877/1232/755 1376/1230/753
f 1376/1230/753 877/1232/755 226/1065/376 812/1068/376
f 814/1074/661 1376/1230/753 812/1068/376 194/892/376
f 197/908/572 818/1082/669 1377/1233/756 813/1071/660
f 818/1082/669 229/1081/668 878/1234/757 1377/1233/756
f 1377/1233/756 878/1234/757 261/1235/758 879/1236/759
f 813/1071/660 1377/1233/756 879/1236/759 227/1073/660
f 198/1088/575 820/1087/671 1378/1237/760 817/1238/667
f 820/1087/671 230/1086/579 880/1239/579 1378/1237/760
f 1378/1237/760 880/1239/579 262/1240/579 881/1241/761
f 817/1238/667 1378/1237/760 881/1241/761 229/1242/668
f 199/920/579 823/1094/579 1379/1243/579 819/1085/579
f 823/1094/579 231/1093/579 882/1244/579 1379/1243/579
f 1379/1243/579 882/1244/579 263/1245/579 883/1246/762
f 819/1085/579 1379/1243/579 883/1246/762 230/1086/579
f 232/1091/674 833/1247/695 1380/1248/763 822/1092/675
f 833/1247/695 205/1121/600 834/1124/697 1380/1248/763
f 1380/1248/763 834/1124/697 237/1126/698 884/1249/579
f 822/1092/675 1380/1248/763 884/1249/579 231/1093/579
f 264/1250/153 885/1251/153 1381/1252/764 886/1253/765
f 885/1251/153 238/1131/153 836/1128/699 1381/1252/764
f 1381/1252/764 836/1128/699 207/1127/608 824/1254/677
f 886/1253/765 1381/1252/764 824/1254/677 233/1255/676
f 234/1101/682 887/1256/766 1382/1257/767 827/1102/683
f 887/1256/766 265/1258/768 888/1259/769 1382/1257/767
f 1382/1257/767 888/1259/769 233/1095/676 825/1098/679
f 827/1102/683 1382/1257/767 825/1098/679 200/927/583
f 266/1260/629 889/1261/770 1383/1262/771 890/1263/629
f 889/1261/770 267/1264/772 891/1265/773 1383/1262/771
f 1383/1262/771 891/1265/773 234/1101/682 826/1100/681
f 890/1263/629 1383/1262/771 826/1100/681 235/995/629
f 201/1112/588 830/1111/689 1384/1266/774 828/1267/685
f 830/1111/689 236/1110/688 892/1268/775 1384/1266/774
f 1384/1266/774 892/1268/775 241/1143/708 841/1140/706
f 828/1267/685 1384/1266/774 841/1140/706 210/1139/618
f 202/942/592 831/1114/691 1385/1269/691 829/1109/687
f 831/1114/691 206/964/153 837/1132/153 1385/1269/691
f 1385/1269/691 837/1132/153 238/1131/153 893/1270/776
f 829/1109/687 1385/1269/691 893/1270/776 236/1110/688
f 237/1126/698 835/1125/698 1386/1271/777 894/1272/778
f 835/1125/698 208/978/615 838/1134/701 1386/1271/777
f 1386/1271/777 838/1134/701 239/1138/705 895/1273/779
f 894/1272/778 1386/1271/777 895/1273/779 268/1274/780
f 239/1275/705 840/1276/704 1387/1277/781 896/1278/781
f 840/1276/704 240/1279/703 849/1280/781 1387/1277/781
f 1387/1277/781 849/1280/781 247/1281/7 897/1282/7
f 896/1278/781 1387/1277/781 897/1282/7 269/1283/7
f 211/987/622 842/1144/709 1388/1284/782 843/1145/710
f 241/1143/708 898/1285/783 1388/1284/782 842/1144/709
f 246/1147/153 843/1145/710 1388/1284/782 898/1285/783
f 242/1286/719 899/1287/784 1389/1288/785 848/1289/720
f 899/1287/784 272/1290/786 900/1291/787 1389/1288/785
f 1389/1288/785 900/1291/787 270/1292/788 901/1293/789
f 848/1289/720 1389/1288/785 901/1293/789 212/1294/721
f 271/1295/786 902/1296/790 1390/1297/791 903/1298/792
f 902/1296/790 272/1290/786 899/1287/784 1390/1297/791
f 1390/1297/791 899/1287/784 242/1286/719 847/1299/718
f 903/1298/792 1390/1297/791 847/1299/718 243/1300/717
f 273/1301/793 904/1302/793 1391/1303/794 905/1304/795
f 904/1302/793 271/1295/786 903/1298/792 1391/1303/794
f 1391/1303/794 903/1298/792 243/1300/717 846/1305/716
f 905/1304/795 1391/1303/794 846/1305/716 244/1306/715
f 274/1307/793 906/1308/796 1392/1309/797 907/1310/798
f 906/1308/796 273/1301/793 905/1304/795 1392/1309/797
f 1392/1309/797 905/1304/795 244/1306/715 845/1311/714
f 907/1310/798 1392/1309/797 845/1311/714 245/1312/713
f 264/1250/153 908/1313/799 1393/1314/800 909/1315/153
f 245/1149/713 844/1148/712 1393/1314/800 908/1313/799
f 246/1147/153 909/1315/153 1393/1314/800 844/1148/712
f 213/991/626 859/1184/626 1394/1316/376 782/992/376
f 859/1184/626 252/1188/736 911/1317/376 1394/1316/376
f 1394/1316/376 911/1317/376 266/1260/629 890/1263/629
f 782/992/376 1394/1316/376 890/1263/629 235/995/629
f 219/1027/136 851/1164/726 1395/1318/801 860/1185/734
f 851/1164/726 248/1163/725 912/1319/802 1395/1318/801
f 1395/1318/801 912/1319/802 276/1320/802 913/1321/726
f 860/1185/734 1395/1318/801 913/1321/726 253/1186/734
f 248/1170/725 852/1169/728 1396/1322/728 912/1323/802
f 852/1169/728 215/1008/637 853/1172/532 1396/1322/728
f 1396/1322/728 853/1172/532 249/1174/532 914/1324/728
f 912/1323/802 1396/1322/728 914/1324/728 276/1325/802
f 249/1174/532 854/1173/532 1397/1326/532 915/1327/532
f 854/1173/532 216/1012/637 855/1176/532 1397/1326/532
f 1397/1326/532 855/1176/532 250/1178/532 916/1328/532
f 915/1327/532 1397/1326/532 916/1328/532 277/1329/532
f 217/1016/439 858/1182/733 1398/1330/803 856/1177/729
f 858/1182/733 251/1181/732 917/1331/804 1398/1330/803
f 1398/1330/803 917/1331/804 278/1332/532 918/1333/532
f 856/1177/729 1398/1330/803 918/1333/532 250/1178/532
f 252/1188/736 861/1187/735 1399/1334/646 919/1335/736
f 861/1187/735 253/1186/734 920/1336/734 1399/1334/646
f 1399/1334/646 920/1336/734 280/1337/734 921/1338/646
f 919/1335/736 1399/1334/646 921/1338/646 279/1339/805
f 255/1201/651 922/1340/737 1400/1341/737 866/1202/651
f 922/1340/737 281/1342/737 923/1343/737 1400/1341/737
f 1400/1341/737 923/1343/737 254/1191/737 862/1189/737
f 866/1202/651 1400/1341/737 862/1189/737 221/1041/651
f 254/1191/737 924/1344/806 1401/1345/807 863/1192/739
f 924/1344/806 282/1346/808 925/1347/809 1401/1345/807
f 1401/1345/807 925/1347/809 251/1348/732 864/1349/740
f 863/1192/739 1401/1345/807 864/1349/740 220/1193/648
f 256/1205/744 926/1350/553 1402/1351/554 868/1206/743
f 926/1350/553 283/1352/810 927/1353/811 1402/1351/554
f 1402/1351/554 927/1353/811 255/1201/651 865/1199/279
f 868/1206/743 1402/1351/554 865/1199/279 222/1047/279
f 256/1354/744 867/1355/742 1403/1356/655 928/1357/655
f 867/1355/742 223/1207/653 869/1210/745 1403/1356/655
f 1403/1356/655 869/1210/745 257/1212/153 929/1358/153
f 928/1357/655 1403/1356/655 929/1358/153 284/1359/153
f 257/1212/153 870/1211/153 1404/1360/153 930/1361/153
f 870/1211/153 224/1058/153 871/1214/153 1404/1360/153
f 1404/1360/153 871/1214/153 258/1216/153 931/1362/153
f 930/1361/153 1404/1360/153 931/1362/153 285/1363/153
f 258/1216/153 872/1215/153 1405/1364/812 932/1365/813
f 872/1215/153 225/1059/153 873/1218/747 1405/1364/812
f 1405/1364/812 873/1218/747 259/1217/746 933/1366/814
f 932/1365/813 1405/1364/812 933/1366/814 286/1367/815
f 226/1065/376 877/1232/755 1406/1368/816 875/1226/751
f 877/1232/755 260/1231/754 934/1369/817 1406/1368/816
f 1406/1368/816 934/1369/817 287/1370/818 935/1371/819
f 875/1226/751 1406/1368/816 935/1371/819 259/1223/746
f 227/1073/660 879/1236/759 1407/1372/820 876/1229/752
f 879/1236/759 261/1235/758 936/1373/821 1407/1372/820
f 1407/1372/820 936/1373/821 288/1374/822 937/1375/823
f 876/1229/752 1407/1372/820 937/1375/823 260/1231/754
f 229/1242/668 881/1241/761 1408/1376/824 878/1377/757
f 881/1241/761 262/1240/579 938/1378/579 1408/1376/824
f 1408/1376/824 938/1378/579 289/1379/762 939/1380/824
f 878/1377/757 1408/1376/824 939/1380/824 261/1381/758
f 230/1086/579 883/1246/762 1409/1382/579 880/1239/579
f 883/1246/762 263/1245/579 940/1383/825 1409/1382/579
f 1409/1382/579 940/1383/825 290/1384/579 941/1385/579
f 880/1239/579 1409/1382/579 941/1385/579 262/1240/579
f 231/1093/579 884/1249/579 1410/1386/826 882/1244/579
f 884/1249/579 237/1126/698 894/1272/778 1410/1386/826
f 1410/1386/826 894/1272/778 268/1274/780 942/1387/827
f 882/1244/579 1410/1386/826 942/1387/827 263/1245/579
f 236/1110/688 893/1270/776 1411/1388/828 892/1268/775
f 238/1131/153 885/1251/153 1411/1388/828 893/1270/776
f 264/1250/153 909/1315/153 1411/1388/828 885/1251/153
f 246/1147/153 898/1285/783 1411/1388/828 909/1315/153
f 241/1143/708 892/1268/775 1411/1388/828 898/1285/783
f 265/1389/768 943/1390/829 1412/1391/830 888/1392/769
f 943/1390/829 245/1149/713 908/1313/799 1412/1391/830
f 1412/1391/830 908/1313/799 264/1250/153 886/1253/765
f 888/1392/769 1412/1391/830 886/1253/765 233/1255/676
f 267/1264/772 944/1393/831 1413/1394/832 891/1265/773
f 944/1393/831 291/1395/833 945/1396/834 1413/1394/832
f 1413/1394/832 945/1396/834 265/1258/768 887/1256/766
f 891/1265/773 1413/1394/832 887/1256/766 234/1101/682
f 292/1397/629 946/1398/835 1414/1399/770 947/1400/629
f 946/1398/835 293/1401/836 948/1402/837 1414/1399/770
f 1414/1399/770 948/1402/837 267/1264/772 889/1261/770
f 947/1400/629 1414/1399/770 889/1261/770 266/1260/629
f 268/1403/780 895/1404/779 1415/1405/838 949/1406/839
f 895/1404/779 239/1275/705 896/1278/781 1415/1405/838
f 1415/1405/838 896/1278/781 269/1283/7 950/1407/840
f 949/1406/839 1415/1405/838 950/1407/840 294/1408/841
f 269/1283/7 897/1282/7 1416/1409/22 951/1410/7
f 897/1282/7 247/1281/7 910/1411/7 1416/1409/22
f 1416/1409/22 910/1411/7 275/1412/7 952/1413/7
f 951/1410/7 1416/1409/22 952/1413/7 295/1414/7
f 296/1415/842 953/1416/843 1417/1417/844 954/1418/845
f 953/1416/843 297/1419/846 955/1420/847 1417/1417/844
f 1417/1417/844 955/1420/847 272/1290/786 902/1296/790
f 954/1418/845 1417/1417/844 902/1296/790 271/1295/786
f 298/1421/793 956/1422/848 1418/1423/849 957/1424/793
f 956/1422/848 296/1415/842 954/1418/845 1418/1423/849
f 1418/1423/849 954/1418/845 271/1295/786 904/1302/793
f 957/1424/793 1418/1423/849 904/1302/793 273/1301/793
f 299/1425/793 958/1426/793 1419/1427/793 959/1428/793
f 958/1426/793 298/1421/793 957/1424/793 1419/1427/793
f 1419/1427/793 957/1424/793 273/1301/793 906/1308/796
f 959/1428/793 1419/1427/793 906/1308/796 274/1307/793
f 291/1429/833 960/1430/850 1420/1431/851 945/1432/834
f 960/1430/850 274/1307/793 907/1310/798 1420/1431/851
f 1420/1431/851 907/1310/798 245/1312/713 943/1433/829
f 945/1432/834 1420/1431/851 943/1433/829 265/1434/768
f 252/1188/736 919/1335/736 1421/1435/376 911/1317/376
f 919/1335/736 279/1339/805 963/1436/852 1421/1435/376
f 1421/1435/376 963/1436/852 292/1397/629 947/1400/629
f 911/1317/376 1421/1435/376 947/1400/629 266/1260/629
f 253/1186/734 913/1321/726 1422/1437/853 920/1336/734
f 913/1321/726 276/1320/802 964/1438/854 1422/1437/853
f 1422/1437/853 964/1438/854 301/1439/855 965/1440/856
f 920/1336/734 1422/1437/853 965/1440/856 280/1337/734
f 276/1325/802 914/1324/728 1423/1441/857 964/1442/854
f 914/1324/728 249/1174/532 915/1327/532 1423/1441/857
f 1423/1441/857 915/1327/532 277/1329/532 966/1443/857
f 964/1442/854 1423/1441/857 966/1443/857 301/1444/855
f 250/1178/532 918/1333/532 1424/1445/637 916/1328/532
f 918/1333/532 278/1332/532 967/1446/532 1424/1445/637
f 1424/1445/637 967/1446/532 302/1447/532 968/1448/532
f 916/1328/532 1424/1445/637 968/1448/532 277/1329/532
f 251/1181/732 925/1449/809 1425/1450/858 917/1331/804
f 925/1449/809 282/1451/808 969/1452/859 1425/1450/858
f 1425/1450/858 969/1452/859 303/1453/637 970/1454/532
f 917/1331/804 1425/1450/858 970/1454/532 278/1332/532
f 279/1339/805 921/1338/646 1426/1455/646 971/1456/805
f 921/1338/646 280/1337/734 972/1457/734 1426/1455/646
f 1426/1455/646 972/1457/734 305/1458/734 973/1459/646
f 971/1456/805 1426/1455/646 973/1459/646 304/1460/736
f 283/1352/810 974/1461/860 1427/1462/861 927/1353/811
f 974/1461/860 306/1463/862 975/1464/863 1427/1462/861
f 1427/1462/861 975/1464/863 281/1342/737 922/1340/737
f 927/1353/811 1427/1462/861 922/1340/737 255/1201/651
f 281/1342/737 976/1465/864 1428/1466/865 923/1343/737
f 976/1465/864 307/1467/866 977/1468/867 1428/1466/865
f 1428/1466/865 977/1468/867 282/1346/808 924/1344/806
f 923/1343/737 1428/1466/865 924/1344/806 254/1191/737
f 308/1469/354 978/1470/655 1429/1471/868 979/1472/153
f 978/1470/655 283/1473/810 926/1474/553 1429/1471/868
f 1429/1471/868 926/1474/553 256/1354/744 928/1357/655
f 979/1472/153 1429/1471/868 928/1357/655 284/1359/153
f 309/1475/153 980/1476/153 1430/1477/153 981/1478/153
f 980/1476/153 284/1359/153 929/1358/153 1430/1477/153
f 1430/1477/153 929/1358/153 257/1212/153 930/1361/153
f 981/1478/153 1430/1477/153 930/1361/153 285/1363/153
f 285/1363/153 931/1362/153 1431/1479/869 982/1480/870
f 931/1362/153 258/1216/153 932/1365/813 1431/1479/869
f 1431/1479/869 932/1365/813 286/1367/815 983/1481/871
f 982/1480/870 1431/1479/869 983/1481/871 310/1482/872
f 287/1370/818 984/1483/873 1432/1484/874 935/1371/819
f 984/1483/873 333/1485/875 985/1486/876 1432/1484/874
f 1432/1484/874 985/1486/876 286/1487/815 933/1488/814
f 935/1371/819 1432/1484/874 933/1488/814 259/1223/746
f 260/1231/754 937/1375/823 1433/1489/877 934/1369/817
f 937/1375/823 288/1374/822 986/1490/878 1433/1489/877
f 1433/1489/877 986/1490/878 311/1491/879 987/1492/880
f 934/1369/817 1433/1489/877 987/1492/880 287/1370/818
f 261/1381/758 939/1380/824 1434/1493/881 936/1494/821
f 939/1380/824 289/1379/762 988/1495/882 1434/1493/881
f 1434/1493/881 988/1495/882 312/1496/883 989/1497/884
f 936/1494/821 1434/1493/881 989/1497/884 288/1498/822
f 262/1240/579 941/1385/579 1435/1499/579 938/1378/579
f 941/1385/579 290/1384/579 990/1500/579 1435/1499/579
f 1435/1499/579 990/1500/579 313/1501/762 991/1502/579
f 938/1378/579 1435/1499/579 991/1502/579 289/1379/762
f 263/1245/579 942/1387/827 1436/1503/885 940/1383/825
f 942/1387/827 268/1274/780 992/1504/886 1436/1503/885
f 1436/1503/885 992/1504/886 314/1505/887 993/1506/888
f 940/1383/825 1436/1503/885 993/1506/888 290/1384/579
f 293/1401/836 994/1507/889 1437/1508/890 948/1402/837
f 994/1507/889 315/1509/891 995/1510/892 1437/1508/890
f 1437/1508/890 995/1510/892 291/1395/833 944/1393/831
f 948/1402/837 1437/1508/890 944/1393/831 267/1264/772
f 316/1511/629 996/1512/893 1438/1513/894 997/1514/629
f 996/1512/893 317/1515/895 998/1516/896 1438/1513/894
f 1438/1513/894 998/1516/896 293/1401/836 946/1398/835
f 997/1514/629 1438/1513/894 946/1398/835 292/1397/629
f 318/1517/897 999/1518/898 1439/1519/899 1000/1520/900
f 999/1518/898 314/1521/887 992/1522/886 1439/1519/899
f 1439/1519/899 992/1522/886 268/1523/780 949/1524/839
f 1000/1520/900 1439/1519/899 949/1524/839 294/1525/841
f 294/1408/841 950/1407/840 1440/1526/840 1001/1527/841
f 950/1407/840 269/1283/7 951/1410/7 1440/1526/840
f 1440/1526/840 951/1410/7 295/1414/7 1002/1528/840
f 1001/1527/841 1440/1526/840 1002/1528/840 319/1529/841
f 295/1414/7 952/1413/7 1441/1530/901 1003/1531/902
f 952/1413/7 275/1412/7 962/1532/902 1441/1530/901
f 1441/1530/901 962/1532/902 300/1533/903 1004/1534/904
f 1003/1531/902 1441/1530/901 1004/1534/904 297/1535/846
f 297/1419/846 1004/1536/904 1442/1537/905 955/1420/847
f 1004/1536/904 300/1538/903 961/1539/906 1442/1537/905
f 1442/1537/905 961/1539/906 270/1292/788 900/1291/787
f 955/1420/847 1442/1537/905 900/1291/787 272/1290/786
f 319/1529/841 1002/1528/840 1443/1540/907 1005/1541/908
f 1002/1528/840 295/1414/7 1003/1531/902 1443/1540/907
f 1443/1540/907 1003/1531/902 297/1535/846 953/1542/843
f 1005/1541/908 1443/1540/907 953/1542/843 296/1543/842
f 320/1544/793 1006/1545/909 1444/1546/910 1007/1547/793
f 1006/1545/909 321/1548/911 1008/1549/912 1444/1546/910
f 1444/1546/910 1008/1549/912 296/1415/842 956/1422/848
f 1007/1547/793 1444/1546/910 956/1422/848 298/1421/793
f 322/1550/793 1009/1551/793 1445/1552/793 1010/1553/793
f 1009/1551/793 320/1544/793 1007/1547/793 1445/1552/793
f 1445/1552/793 1007/1547/793 298/1421/793 958/1426/793
f 1010/1553/793 1445/1552/793 958/1426/793 299/1425/793
f 315/1554/891 1011/1555/913 1446/1556/914 995/1557/892
f 1011/1555/913 299/1425/793 959/1428/793 1446/1556/914
f 1446/1556/914 959/1428/793 274/1307/793 960/1430/850
f 995/1557/892 1446/1556/914 960/1430/850 291/1429/833
f 279/1339/805 971/1456/805 1447/1558/376 963/1436/852
f 971/1456/805 304/1460/736 1012/1559/376 1447/1558/376
f 1447/1558/376 1012/1559/376 316/1511/629 997/1514/629
f 963/1436/852 1447/1558/376 997/1514/629 292/1397/629
f 280/1337/734 965/1440/856 1448/1560/915 972/1457/734
f 965/1440/856 301/1439/855 1013/1561/916 1448/1560/915
f 1448/1560/915 1013/1561/916 323/1562/917 1014/1563/918
f 972/1457/734 1448/1560/915 1014/1563/918 305/1458/734
f 277/1329/532 968/1448/532 1449/1564/919 966/1443/857
f 968/1448/532 302/1447/532 1015/1565/728 1449/1564/919
f 1449/1564/919 1015/1565/728 323/1566/917 1013/1567/916
f 966/1443/857 1449/1564/919 1013/1567/916 301/1444/855
f 278/1332/532 970/1454/532 1450/1568/532 967/1446/532
f 970/1454/532 303/1453/637 1016/1569/637 1450/1568/532
f 1450/1568/532 1016/1569/637 324/1570/532 1017/1571/532
f 967/1446/532 1450/1568/532 1017/1571/532 302/1447/532
f 282/1451/808 977/1572/867 1451/1573/920 969/1452/859
f 977/1572/867 307/1574/866 1018/1575/920 1451/1573/920
f 1451/1573/920 1018/1575/920 325/1576/637 1019/1577/532
f 969/1452/859 1451/1573/920 1019/1577/532 303/1453/637
f 304/1460/736 973/1459/646 1452/1578/646 1020/1579/736
f 973/1459/646 305/1458/734 1021/1580/734 1452/1578/646
f 1452/1578/646 1021/1580/734 327/1581/734 1022/1582/646
f 1020/1579/736 1452/1578/646 1022/1582/646 326/1583/736
f 308/1469/354 1023/1584/153 1453/1585/655 978/1470/655
f 1023/1584/153 328/1586/153 1024/1587/655 1453/1585/655
f 1453/1585/655 1024/1587/655 306/1588/862 974/1589/860
f 978/1470/655 1453/1585/655 974/1589/860 283/1473/810
f 306/1463/862 1025/1590/921 1454/1591/922 975/1464/863
f 1025/1590/921 329/1592/923 1026/1593/924 1454/1591/922
f 1454/1591/922 1026/1593/924 307/1467/866 976/1465/864
f 975/1464/863 1454/1591/922 976/1465/864 281/1342/737
f 330/1594/153 1027/1595/153 1455/1596/153 1028/1597/354
f 1027/1595/153 308/1469/354 979/1472/153 1455/1596/153
f 1455/1596/153 979/1472/153 284/1359/153 980/1476/153
f 1028/1597/354 1455/1596/153 980/1476/153 309/1475/153
f 331/1598/925 1029/1599/926 1456/1600/927 1030/1601/928
f 1029/1599/926 309/1475/153 981/1478/153 1456/1600/927
f 1456/1600/927 981/1478/153 285/1363/153 982/1480/870
f 1030/1601/928 1456/1600/927 982/1480/870 310/1482/872
f 286/1487/815 985/1486/876 1457/1602/929 983/1603/871
f 985/1486/876 333/1485/875 1031/1604/930 1457/1602/929
f 1457/1602/929 1031/1604/930 332/1605/873 1032/1606/931
f 983/1603/871 1457/1602/929 1032/1606/931 310/1607/872
f 311/1491/879 1033/1608/932 1458/1609/933 987/1492/880
f 1033/1608/932 334/1610/934 1034/1611/935 1458/1609/933
f 1458/1609/933 1034/1611/935 333/1485/875 984/1483/873
f 987/1492/880 1458/1609/933 984/1483/873 287/1370/818
f 288/1612/822 989/1613/884 1459/1614/936 986/1615/878
f 989/1613/884 312/1616/883 1035/1617/937 1459/1614/936
f 1459/1614/936 1035/1617/937 335/1618/7 1036/1619/938
f 986/1615/878 1459/1614/936 1036/1619/938 311/1620/879
f 289/1379/762 991/1502/579 1460/1621/939 988/1495/882
f 991/1502/579 313/1501/762 1037/1622/940 1460/1621/939
f 1460/1621/939 1037/1622/940 336/1623/941 1038/1624/942
f 988/1495/882 1460/1621/939 1038/1624/942 312/1496/883
f 290/1384/579 993/1506/888 1461/1625/943 990/1500/579
f 993/1506/888 314/1505/887 1039/1626/944 1461/1625/943
f 1461/1625/943 1039/1626/944 337/1627/945 1040/1628/946
f 990/1500/579 1461/1625/943 1040/1628/946 313/1501/762
f 317/1515/895 1041/1629/947 1462/1630/948 998/1516/896
f 1041/1629/947 338/1631/949 1042/1632/950 1462/1630/948
f 1462/1630/948 1042/1632/950 315/1509/891 994/1507/889
f 998/1516/896 1462/1630/948 994/1507/889 293/1401/836
f 339/1633/629 1043/1634/770 1463/1635/770 1044/1636/629
f 1043/1634/770 340/1637/951 1045/1638/952 1463/1635/770
f 1463/1635/770 1045/1638/952 317/1515/895 996/1512/893
f 1044/1636/629 1463/1635/770 996/1512/893 316/1511/629
f 341/1639/897 1046/1640/953 1464/1641/954 1047/1642/376
f 1046/1640/953 337/1643/945 1039/1644/944 1464/1641/954
f 1464/1641/954 1039/1644/944 314/1521/887 999/1518/898
f 1047/1642/376 1464/1641/954 999/1518/898 318/1517/897
f 342/1645/376 1048/1646/376 1465/1647/955 1049/1648/955
f 1048/1646/376 318/1517/897 1000/1520/900 1465/1647/955
f 1465/1647/955 1000/1520/900 294/1525/841 1001/1649/841
f 1049/1648/955 1465/1647/955 1001/1649/841 319/1650/841
f 296/1651/842 1008/1652/912 1466/1653/956 1005/1654/908
f 1008/1652/912 321/1655/911 1050/1656/957 1466/1653/956
f 1466/1653/956 1050/1656/957 342/1645/376 1049/1648/955
f 1005/1654/908 1466/1653/956 1049/1648/955 319/1650/841
f 343/1657/793 1051/1658/958 1467/1659/959 1052/1660/793
f 1051/1658/958 344/1661/960 1053/1662/961 1467/1659/959
f 1467/1659/959 1053/1662/961 321/1548/911 1006/1545/909
f 1052/1660/793 1467/1659/959 1006/1545/909 320/1544/793
f 345/1663/793 1054/1664/793 1468/1665/793 1055/1666/793
f 1054/1664/793 343/1657/793 1052/1660/793 1468/1665/793
f 1468/1665/793 1052/1660/793 320/1544/793 1009/1551/793
f 1055/1666/793 1468/1665/793 1009/1551/793 322/1550/793
f 338/1667/949 1056/1668/962 1469/1669/963 1042/1670/950
f 1056/1668/962 322/1550/793 1010/1553/793 1469/1669/963
f 1469/1669/963 1010/1553/793 299/1425/793 1011/1555/913
f 1042/1670/950 1469/1669/963 1011/1555/913 315/1554/891
f 304/1460/736 1020/1579/736 1470/1671/376 1012/1559/376
f 1020/1579/736 326/1583/736 1057/1672/376 1470/1671/376
f 1470/1671/376 1057/1672/376 339/1633/629 1044/1636/629
f 1012/1559/376 1470/1671/376 1044/1636/629 316/1511/629
f 305/1458/734 1014/1563/918 1471/1673/964 1021/1580/734
f 1014/1563/918 323/1562/917 1058/1674/965 1471/1673/964
f 1471/1673/964 1058/1674/965 346/1675/966 1059/1676/967
f 1021/1580/734 1471/1673/964 1059/1676/967 327/1581/734
f 302/1447/532 1017/1571/532 1472/1677/968 1015/1565/728
f 1017/1571/532 324/1570/532 1060/1678/968 1472/1677/968
f 1472/1677/968 1060/1678/968 346/1679/966 1058/1680/965
f 1015/1565/728 1472/1677/968 1058/1680/965 323/1566/917
f 303/1453/637 1019/1577/532 1473/1681/532 1016/1569/637
f 1019/1577/532 325/1576/637 1061/1682/532 1473/1681/532
f 1473/1681/532 1061/1682/532 347/1683/532 1062/1684/637
f 1016/1569/637 1473/1681/532 1062/1684/637 324/1570/532
f 307/1574/866 1026/1685/924 1474/1686/969 1018/1575/920
f 1026/1685/924 329/1687/923 1063/1688/970 1474/1686/969
f 1474/1686/969 1063/1688/970 348/1689/971 1064/1690/972
f 1018/1575/920 1474/1686/969 1064/1690/972 325/1576/637
f 326/1583/736 1022/1582/646 1475/1691/646 1065/1692/736
f 1022/1582/646 327/1581/734 1066/1693/734 1475/1691/646
f 1475/1691/646 1066/1693/734 350/1694/734 1067/1695/646
f 1065/1692/736 1475/1691/646 1067/1695/646 349/1696/626
f 330/1594/153 1068/1697/153 1476/1698/153 1027/1595/153
f 1068/1697/153 351/1699/153 1069/1700/153 1476/1698/153
f 1476/1698/153 1069/1700/153 328/1586/153 1023/1584/153
f 1027/1595/153 1476/1698/153 1023/1584/153 308/1469/354
f 328/1586/153 1070/1701/973 1477/1702/974 1024/1587/655
f 1070/1701/973 348/1703/971 1063/1704/970 1477/1702/974
f 1477/1702/974 1063/1704/970 329/1705/923 1025/1706/921
f 1024/1587/655 1477/1702/974 1025/1706/921 306/1588/862
f 352/1707/975 1071/1708/976 1478/1709/977 1072/1710/978
f 1071/1708/976 330/1594/153 1028/1597/354 1478/1709/977
f 1478/1709/977 1028/1597/354 309/1475/153 1029/1599/926
f 1072/1710/978 1478/1709/977 1029/1599/926 331/1598/925
f 310/1607/872 1032/1606/931 1479/1711/979 1030/1712/928
f 1032/1606/931 332/1605/873 1073/1713/875 1479/1711/979
f 1479/1711/979 1073/1713/875 353/1714/980 1074/1715/981
f 1030/1712/928 1479/1711/979 1074/1715/981 331/1716/925
f 335/1618/7 1075/1717/22 1480/1718/982 1036/1619/938
f 1075/1717/22 354/1719/7 1076/1720/983 1480/1718/982
f 1480/1718/982 1076/1720/983 334/1721/934 1033/1722/932
f 1036/1619/938 1480/1718/982 1033/1722/932 311/1620/879
f 333/1485/875 1034/1611/935 1481/1723/984 1031/1604/930
f 1034/1611/935 334/1610/934 1077/1724/985 1481/1723/984
f 1481/1723/984 1077/1724/985 355/1725/986 1078/1726/987
f 1031/1604/930 1481/1723/984 1078/1726/987 332/1605/873
f 312/1616/883 1038/1727/942 1482/1728/988 1035/1617/937
f 1038/1727/942 336/1729/941 1079/1730/989 1482/1728/988
f 1482/1728/988 1079/1730/989 356/1731/7 1080/1732/7
f 1035/1617/937 1482/1728/988 1080/1732/7 335/1618/7
f 313/1501/762 1040/1628/946 1483/1733/990 1037/1622/940
f 1040/1628/946 337/1627/945 1081/1734/991 1483/1733/990
f 1483/1733/990 1081/1734/991 357/1735/992 1082/1736/993
f 1037/1622/940 1483/1733/990 1082/1736/993 336/1623/941
f 340/1637/951 1083/1737/994 1484/1738/995 1045/1638/952
f 1083/1737/994 358/1739/996 1084/1740/997 1484/1738/995
f 1484/1738/995 1084/1740/997 338/1631/949 1041/1629/947
f 1045/1638/952 1484/1738/995 1041/1629/947 317/1515/895
f 359/1741/629 1085/1742/998 1485/1743/999 1086/1744/629
f 1085/1742/998 360/1745/1000 1087/1746/1001 1485/1743/999
f 1485/1743/999 1087/1746/1001 340/1637/951 1043/1634/770
f 1086/1744/629 1485/1743/999 1043/1634/770 339/1633/629
f 361/1747/1002 1088/1748/1003 1486/1749/1004 1089/1750/1005
f 362/1751/1006 1090/1752/1007 1486/1749/1004 1088/1748/1003
f 357/1753/992 1081/1754/991 1486/1749/1004 1090/1752/1007
f 337/1643/945 1046/1640/953 1486/1749/1004 1081/1754/991
f 341/1639/897 1089/1750/1005 1486/1749/1004 1046/1640/953
f 363/1755/376 1091/1756/376 1487/1757/376 1092/1758/376
f 1091/1756/376 341/1639/897 1047/1642/376 1487/1757/376
f 1487/1757/376 1047/1642/376 318/1517/897 1048/1646/376
f 1092/1758/376 1487/1757/376 1048/1646/376 342/1645/376
f 321/1655/911 1053/1759/961 1488/1760/1008 1050/1656/957
f 1053/1759/961 344/1761/960 1093/1762/1009 1488/1760/1008
f 1488/1760/1008 1093/1762/1009 363/1755/376 1092/1758/376
f 1050/1656/957 1488/1760/1008 1092/1758/376 342/1645/376
f 364/1763/1010 1094/1764/1011 1489/1765/1012 1095/1766/1013
f 1094/1764/1011 365/1767/1014 1096/1768/1015 1489/1765/1012
f 1489/1765/1012 1096/1768/1015 344/1661/960 1051/1658/958
f 1095/1766/1013 1489/1765/1012 1051/1658/958 343/1657/793
f 366/1769/1016 1097/1770/1017 1490/1771/1018 1098/1772/1019
f 1097/1770/1017 364/1763/1010 1095/1766/1013 1490/1771/1018
f 1490/1771/1018 1095/1766/1013 343/1657/793 1054/1664/793
f 1098/1772/1019 1490/1771/1018 1054/1664/793 345/1663/793
f 358/1773/996 1099/1774/1020 1491/1775/1020 1084/1776/997
f 1099/1774/1020 345/1663/793 1055/1666/793 1491/1775/1020
f 1491/1775/1020 1055/1666/793 322/1550/793 1056/1668/962
f 1084/1776/997 1491/1775/1020 1056/1668/962 338/1667/949
f 326/1583/736 1065/1692/736 1492/1777/376 1057/1672/376
f 1065/1692/736 349/1696/626 1100/1778/236 1492/1777/376
f 1492/1777/376 1100/1778/236 359/1741/629 1086/1744/629
f 1057/1672/376 1492/1777/376 1086/1744/629 339/1633/629
f 327/1581/734 1059/1676/967 1493/1779/801 1066/1693/734
f 1059/1676/967 346/1675/966 1101/1780/725 1493/1779/801
f 1493/1779/801 1101/1780/725 367/1781/802 1102/1782/1021
f 1066/1693/734 1493/1779/801 1102/1782/1021 350/1694/734
f 324/1570/532 1062/1684/637 1494/1783/728 1060/1678/968
f 1062/1684/637 347/1683/532 1103/1784/728 1494/1783/728
f 1494/1783/728 1103/1784/728 367/1785/802 1101/1786/725
f 1060/1678/968 1494/1783/728 1101/1786/725 346/1679/966
f 325/1576/637 1064/1690/972 1495/1787/1022 1061/1682/532
f 1064/1690/972 348/1689/971 1104/1788/1023 1495/1787/1022
f 1495/1787/1022 1104/1788/1023 368/1789/1024 1105/1790/1025
f 1061/1682/532 1495/1787/1022 1105/1790/1025 347/1683/532
f 349/1696/626 1067/1695/646 1496/1791/1026 1106/1792/1027
f 1067/1695/646 350/1694/734 1107/1793/1028 1496/1791/1026
f 1496/1791/1026 1107/1793/1028 369/1794/1029 1108/1795/1030
f 1106/1792/1027 1496/1791/1026 1108/1795/1030 352/1796/975
f 352/1707/975 1108/1797/1030 1497/1798/1031 1071/1708/976
f 1108/1797/1030 369/1799/1029 1109/1800/1032 1497/1798/1031
f 1497/1798/1031 1109/1800/1032 351/1699/153 1068/1697/153
f 1071/1708/976 1497/1798/1031 1068/1697/153 330/1594/153
f 351/1699/153 1110/1801/1033 1498/1802/1034 1069/1700/153
f 1110/1801/1033 368/1803/1024 1104/1804/1023 1498/1802/1034
f 1498/1802/1034 1104/1804/1023 348/1703/971 1070/1701/973
f 1069/1700/153 1498/1802/1034 1070/1701/973 328/1586/153
f 331/1716/925 1111/1805/1035 1499/1806/1036 1072/1807/978
f 1111/1805/1035 359/1741/629 1100/1778/236 1499/1806/1036
f 1499/1806/1036 1100/1778/236 349/1696/626 1106/1792/1027
f 1072/1807/978 1499/1806/1036 1106/1792/1027 352/1796/975
f 353/1714/980 1112/1808/1037 1500/1809/1038 1074/1715/981
f 1112/1808/1037 360/1745/1000 1085/1742/998 1500/1809/1038
f 1500/1809/1038 1085/1742/998 359/1741/629 1111/1805/1035
f 1074/1715/981 1500/1809/1038 1111/1805/1035 331/1716/925
f 332/1605/873 1078/1726/987 1501/1810/1039 1073/1713/875
f 1078/1726/987 355/1725/986 1113/1811/1040 1501/1810/1039
f 1501/1810/1039 1113/1811/1040 370/1812/1041 1114/1813/1042
f 1073/1713/875 1501/1810/1039 1114/1813/1042 353/1714/980
f 356/1731/7 1115/1814/22 1502/1815/7 1080/1732/7
f 1115/1814/22 371/1816/7 1116/1817/22 1502/1815/7
f 1502/1815/7 1116/1817/22 354/1719/7 1075/1717/22
f 1080/1732/7 1502/1815/7 1075/1717/22 335/1618/7
f 334/1721/934 1076/1720/983 1503/1818/983 1077/1819/985
f 1076/1720/983 354/1719/7 1117/1820/7 1503/1818/983
f 1503/1818/983 1117/1820/7 372/1821/7 1118/1822/1043
f 1077/1819/985 1503/1818/983 1118/1822/1043 355/1823/986
f 336/1729/941 1082/1824/993 1504/1825/1044 1079/1730/989
f 1082/1824/993 357/1826/992 1090/1827/1007 1504/1825/1044
f 1504/1825/1044 1090/1827/1007 362/1828/1006 1119/1829/1045
f 1079/1730/989 1504/1825/1044 1119/1829/1045 356/1731/7
f 360/1745/1000 1120/1830/1046 1505/1831/1047 1087/1746/1001
f 1120/1830/1046 373/1832/1048 1121/1833/1049 1505/1831/1047
f 1505/1831/1047 1121/1833/1049 358/1739/996 1083/1737/994
f 1087/1746/1001 1505/1831/1047 1083/1737/994 340/1637/951
f 362/1828/1006 1088/1834/1003 1506/1835/1050 1119/1829/1045
f 1088/1834/1003 361/1836/1002 1122/1837/1051 1506/1835/1050
f 1506/1835/1050 1122/1837/1051 371/1816/7 1115/1814/22
f 1119/1829/1045 1506/1835/1050 1115/1814/22 356/1731/7
f 374/1838/1052 1123/1839/1053 1507/1840/1054 1124/1841/1055
f 1123/1839/1053 361/1747/1002 1089/1750/1005 1507/1840/1054
f 1507/1840/1054 1089/1750/1005 341/1639/897 1091/1756/376
f 1124/1841/1055 1507/1840/1054 1091/1756/376 363/1755/376
f 344/1761/960 1096/1842/1015 1508/1843/1056 1093/1762/1009
f 365/1844/1014 1125/1845/1057 1508/1843/1056 1096/1842/1015
f 375/1846/1058 1126/1847/1059 1508/1843/1056 1125/1845/1057
f 374/1838/1052 1124/1841/1055 1508/1843/1056 1126/1847/1059
f 363/1755/376 1093/1762/1009 1508/1843/1056 1124/1841/1055
f 375/1848/1058 1125/1849/1057 1509/1850/1060 1127/1851/1061
f 1125/1849/1057 365/1852/1014 1094/1853/1011 1509/1850/1060
f 1509/1850/1060 1094/1853/1011 364/1854/1010 1128/1855/1062
f 1127/1851/1061 1509/1850/1060 1128/1855/1062 376/1856/7
f 376/1856/7 1128/1855/1062 1510/1857/1063 1129/1858/7
f 1128/1855/1062 364/1854/1010 1097/1859/1017 1510/1857/1063
f 1510/1857/1063 1097/1859/1017 366/1860/1016 1130/1861/1064
f 1129/1858/7 1510/1857/1063 1130/1861/1064 377/1862/22
f 373/1863/1048 1131/1864/1065 1511/1865/1066 1121/1866/1049
f 1131/1864/1065 366/1769/1016 1098/1772/1019 1511/1865/1066
f 1511/1865/1066 1098/1772/1019 345/1663/793 1099/1774/1020
f 1121/1866/1049 1511/1865/1066 1099/1774/1020 358/1773/996
f 350/1694/734 1102/1782/1021 1512/1867/1067 1107/1793/1028
f 1102/1782/1021 367/1781/802 1132/1868/1068 1512/1867/1067
f 1512/1867/1067 1132/1868/1068 378/1869/1069 1133/1870/1070
f 1107/1793/1028 1512/1867/1067 1133/1870/1070 369/1794/1029
f 347/1683/532 1105/1790/1025 1513/1871/1071 1103/1784/728
f 1105/1790/1025 368/1789/1024 1134/1872/1072 1513/1871/1071
f 1513/1871/1071 1134/1872/1072 378/1873/1069 1132/1874/1068
f 1103/1784/728 1513/1871/1071 1132/1874/1068 367/1785/802
f 369/1799/1029 1133/1875/1070 1514/1876/1073 1109/1800/1032
f 1133/1875/1070 378/1877/1069 1134/1878/1072 1514/1876/1073
f 1514/1876/1073 1134/1878/1072 368/1803/1024 1110/1801/1033
f 1109/1800/1032 1514/1876/1073 1110/1801/1033 351/1699/153
f 370/1812/1041 1135/1879/1074 1515/1880/1075 1114/1813/1042
f 1135/1879/1074 373/1832/1048 1120/1830/1046 1515/1880/1075
f 1515/1880/1075 1120/1830/1046 360/1745/1000 1112/1808/1037
f 1114/1813/1042 1515/1880/1075 1112/1808/1037 353/1714/980
f 355/1823/986 1118/1822/1043 1516/1881/1076 1113/1882/1040
f 1118/1822/1043 372/1821/7 1136/1883/7 1516/1881/1076
f 1516/1881/1076 1136/1883/7 377/1862/22 1137/1884/1077
f 1113/1882/1040 1516/1881/1076 1137/1884/1077 370/1885/1041
f 354/1719/7 1116/1817/22 1517/1886/7 1117/1820/7
f 1116/1817/22 371/1816/7 1138/1887/7 1517/1886/7
f 1517/1886/7 1138/1887/7 379/1888/7 1139/1889/7
f 1117/1820/7 1517/1886/7 1139/1889/7 372/1821/7
f 371/1816/7 1122/1837/1051 1518/1890/1078 1138/1887/7
f 1122/1837/1051 361/1836/1002 1123/1891/1053 1518/1890/1078
f 1518/1890/1078 1123/1891/1053 374/1892/1052 1140/1893/1079
f 1138/1887/7 1518/1890/1078 1140/1893/1079 379/1888/7
f 379/1888/7 1140/1893/1079 1519/1894/1080 1141/1895/7
f 1140/1893/1079 374/1892/1052 1126/1896/1059 1519/1894/1080
f 1519/1894/1080 1126/1896/1059 375/1848/1058 1127/1851/1061
f 1141/1895/7 1519/1894/1080 1127/1851/1061 376/1856/7
f 372/1821/7 1139/1889/7 1520/1897/7 1136/1883/7
f 1139/1889/7 379/1888/7 1141/1895/7 1520/1897/7
f 1520/1897/7 1141/1895/7 376/1856/7 1129/1858/7
f 1136/1883/7 1520/1897/7 1129/1858/7 377/1862/22
f 377/1862/22 1130/1861/1064 1521/1898/1081 1137/1884/1077
f 1130/1861/1064 366/1860/1016 1131/1899/1065 1521/1898/1081
f 1521/1898/1081 1131/1899/1065 373/1900/1048 1135/1901/1074
f 1137/1884/1077 1521/1898/1081 1135/1901/1074 370/1885/1041
f 1558/1902/1082 1531/1903/1083 1143/16/13 386/18/14
f 1531/1903/1083 1522/1904/1084 382/6/6 1143/16/13
f 1540/402/152 1567/401/270 1568/1905/1085 1539/1906/445
f 1562/552/359 1571/551/358 1572/698/445 1561/1907/1086
f 1539/1906/445 1526/288/102 1540/402/152
f 1567/401/270 1562/552/359 1561/1907/1086 1568/1905/1085
f 1573/1908/1087 1574/106/84 17/91/72 406/94/75
f 1557/10/10 1529/58/46 383/11/11
f 1544/107/85 1576/110/88 1160/108/86
f 1552/1909/1083 1558/1902/1082 386/18/14 1146/35/29
f 1564/1910/1088 1570/14/12 380/13/1
f 1523/1911/1089 1547/1912/1090 1300/848/537 593/529/348
f 1547/1912/1090 1578/1913/1091 725/849/538 1300/848/537
f 1556/1914/1092 1541/1915/547 731/1029/546 1336/1030/647
f 1554/1916/1093 1564/1917/1088 380/1/1 1142/4/4
f 1578/1913/1091 1556/1914/1092 1336/1030/647 725/849/538
f 1522/1904/1084 1554/1916/1093 1142/4/4 382/6/6
f 1548/1918/1084 1552/1909/1083 1146/35/29 393/37/31
f 1565/1919/1094 1542/533/352 90/526/345 539/525/344
f 1525/1920/1095 1549/1921/1096 65/393/262 492/391/260
f 1549/1922/1096 1565/1919/1094 539/525/344 65/524/262
f 1524/192/149 1525/1920/1095 492/391/260 45/189/146
f 1534/1923/1097 1548/1918/1084 393/37/31 1152/66/54
f 1537/32/27 1573/1908/1087 406/94/75 7/33/28
f 1528/1924/1098 1523/1911/1089 593/529/348 1236/532/351
f 1527/1925/104 1534/1923/1097 1152/66/54 408/68/56
f 1535/534/353 1528/1924/1098 1236/532/351
f 1560/186/143 1538/120/97 428/119/96
