# Blender 4.4.3
# www.blender.org
o polySurface1
v -1.693277 1.239894 -3.399696
v -1.533461 1.259961 -3.399697
v -1.422998 1.259960 -4.142212
v -1.568682 1.239894 -4.142212
v -1.719172 1.113716 -3.399696
v -1.592287 1.113716 -4.142212
v -1.709368 1.239894 -3.269116
v -1.547726 1.259961 -3.269116
v -1.377365 1.259960 -3.399696
v -1.280705 1.259961 -4.142212
v -1.256031 1.259960 -5.260990
v -1.380354 1.239894 -5.260989
v -1.592142 1.004842 -4.142604
v -1.719172 0.990852 -3.399696
v -1.735558 1.113716 -3.269115
v -1.400497 1.113716 -5.260990
v -1.389848 1.259961 -3.269116
v -1.709368 1.239894 -3.163684
v -1.547726 1.259961 -3.163683
v -0.661471 1.259960 -3.399696
v -0.628119 1.259961 -4.142212
v -1.134603 1.259960 -5.260990
v -1.210320 1.239894 -5.574015
v -1.316967 1.224286 -5.555018
v -1.394787 1.004842 -5.294293
v -1.719172 0.507615 -3.399695
v -1.614326 0.506831 -4.009541
v -1.735558 0.990852 -3.269116
v -1.735558 1.113716 -3.163684
v -1.328866 1.113716 -5.574015
v -1.389848 1.259961 -3.163683
v -0.665779 1.259961 -3.269116
v -1.688998 1.224287 -3.124462
v -1.547726 1.239894 -3.121051
v 0.085149 1.259960 -3.399696
v 0.052478 1.259961 -4.142212
v -0.577705 1.259960 -5.260990
v -1.094604 1.239894 -5.574015
v -1.193166 1.103176 -5.598440
v -1.328866 0.990852 -5.574014
v -1.376283 0.506831 -5.406337
v -1.445595 0.842741 -4.990263
v -1.513355 0.842741 -4.593571
v -1.592142 0.007485 -4.142603
v -1.719172 0.022771 -3.399696
v -1.735558 0.507615 -3.269116
v -1.735558 0.990852 -3.163684
v -1.709368 1.113716 -3.121051
v -1.389848 1.239894 -3.121050
v -0.665779 1.259961 -3.163683
v 0.089368 1.259961 -3.269117
v -1.539508 1.108572 -3.119534
v 0.781895 1.259960 -3.399696
v 0.687611 1.259961 -4.142212
v 0.003095 1.259960 -5.260990
v -0.563903 1.239894 -5.574015
v -1.044323 1.113795 -5.598439
v -1.199226 0.953894 -5.598439
v -1.328866 0.507615 -5.574014
v -1.394787 0.007486 -5.294294
v -1.546633 0.500833 -4.395903
v -1.513354 0.158899 -4.593571
v -1.445595 0.158899 -4.990263
v -1.412317 0.500833 -5.187934
v -1.719172 -0.097288 -3.399696
v -1.592287 -0.097288 -4.142212
v -1.735558 0.022771 -3.269116
v -1.735558 0.507615 -3.163684
v -1.709368 0.990852 -3.121051
v -1.389276 1.119493 -3.121146
v -0.665779 1.239894 -3.121050
v 0.089368 1.259961 -3.163683
v 0.794071 1.259961 -3.269117
v -1.551584 0.990852 -3.121147
v 0.829952 1.259960 -4.142212
v 0.938044 1.259961 -3.399697
v 0.545098 1.259961 -5.260990
v -0.010424 1.239894 -5.574015
v -0.570020 1.097567 -5.598439
v -0.546150 0.949002 -5.598392
v -0.830942 0.501911 -5.598393
v -1.160013 0.507052 -5.598439
v -1.328866 0.022771 -5.574014
v -1.400497 -0.097288 -5.260990
v -1.693278 -0.232279 -3.399696
v -1.568682 -0.232279 -4.142212
v -1.735558 -0.097288 -3.269115
v -1.735558 0.022770 -3.163684
v -1.709368 0.507616 -3.121051
v -1.498167 1.093650 -3.279977
v -1.368997 1.099426 -3.279977
v -0.665586 1.119493 -3.121146
v 0.089368 1.239894 -3.121050
v 0.794071 1.259961 -3.163684
v 0.952003 1.259961 -3.269116
v -1.551584 0.507616 -3.121146
v -1.502582 0.990852 -3.279978
v 1.120822 1.239894 -3.399696
v 0.996567 1.239894 -4.142212
v 0.666567 1.259961 -5.260990
v 0.506082 1.239894 -5.574015
v -0.004012 1.097567 -5.598439
v -0.023612 0.949002 -5.598392
v -0.521911 0.912305 -5.600798
v -0.759516 0.500761 -5.600799
v -0.546150 0.054836 -5.598392
v -0.570020 -0.082339 -5.598440
v -1.044323 -0.098494 -5.598440
v -1.193166 -0.086935 -5.598440
v -1.199226 0.060192 -5.598439
v -1.328866 -0.097288 -5.574014
v -1.380354 -0.232279 -5.260990
v -1.422998 -0.253951 -4.142212
v -1.533461 -0.253951 -3.399696
v -1.709368 -0.232280 -3.269115
v -1.735558 -0.097288 -3.163684
v -1.709368 0.022770 -3.121051
v -0.658778 1.099426 -3.279978
v -1.363319 1.093650 -4.222336
v -1.248685 1.099426 -4.222336
v 0.089163 1.119493 -3.121146
v 0.794071 1.239894 -3.121051
v 0.952003 1.259961 -3.163684
v 1.136868 1.239894 -3.269116
v -1.551584 0.022770 -3.121147
v -1.502582 0.507616 -3.279977
v -1.365406 1.002469 -4.235096
v 0.808752 1.239893 -5.260990
v 1.150560 1.113716 -3.399696
v 1.023675 1.113716 -4.142212
v 0.621837 1.239894 -5.574015
v 0.457602 1.113795 -5.598439
v 0.259240 0.501911 -5.598393
v 0.605323 1.103176 -5.598440
v 0.613988 0.953894 -5.598438
v 0.574116 0.507052 -5.598439
v -0.046701 0.912305 -5.600798
v -0.520302 0.909519 -5.737058
v -0.756299 0.500761 -5.737059
v -0.521911 0.089217 -5.600798
v -0.004012 -0.082339 -5.598440
v -0.023612 0.054836 -5.598393
v -0.563903 -0.232279 -5.574014
v -1.094604 -0.232279 -5.574014
v -1.210320 -0.232279 -5.574014
v -1.316967 -0.215423 -5.555018
v -1.256031 -0.253951 -5.260991
v -1.280706 -0.253951 -4.142212
v -1.377365 -0.253951 -3.399696
v -1.547726 -0.253952 -3.269115
v -1.709368 -0.232279 -3.163684
v -1.709368 -0.097288 -3.121051
v 0.081923 1.099426 -3.279978
v -0.618389 1.099426 -4.222337
v -1.218376 1.093649 -5.235245
v -1.119365 1.099426 -5.235245
v 0.793496 1.119493 -3.121146
v 0.952003 1.239894 -3.121051
v 1.136868 1.239894 -3.163684
v 1.166946 1.113716 -3.269115
v -1.539508 -0.091272 -3.119534
v -1.502582 0.022771 -3.279978
v -1.385016 0.506829 -4.098554
v -1.216969 1.002469 -5.268610
v 0.743289 1.224286 -5.555018
v 0.831885 1.113716 -5.260990
v 1.150560 0.990852 -3.399696
v 1.023538 1.004862 -4.142559
v 0.605323 -0.086935 -5.598440
v 0.457602 -0.098494 -5.598440
v 0.613988 0.060192 -5.598439
v 0.190905 0.500761 -5.600799
v 0.757415 1.113716 -5.574015
v 0.757415 0.990852 -5.574014
v 0.757415 0.507616 -5.574014
v -0.048309 0.909519 -5.737058
v -0.520330 0.909846 -6.551708
v -0.756326 0.501087 -6.551709
v -0.520302 0.092003 -5.737058
v -0.046701 0.089217 -5.600798
v -0.010424 -0.232279 -5.574014
v -0.577705 -0.253951 -5.260991
v -1.134603 -0.253951 -5.260990
v -1.389848 -0.253952 -3.269115
v -0.628119 -0.253951 -4.142212
v -0.661471 -0.253951 -3.399696
v -1.547726 -0.253951 -3.163683
v -1.688998 -0.215424 -3.124462
v 0.773145 1.099426 -3.279978
v 0.038960 1.099426 -4.222337
v -0.574975 1.099425 -5.235245
v -1.192168 1.089156 -5.400486
v -1.097908 1.093649 -5.403320
v 0.942348 1.108572 -3.119534
v 1.113474 1.224287 -3.124462
v 1.166946 1.113716 -3.163684
v 1.166946 0.990852 -3.269116
v -1.547726 -0.232280 -3.121051
v -1.498167 -0.075616 -3.279978
v -1.365406 0.009857 -4.235096
v -1.315518 0.839033 -4.595568
v -1.258847 0.839033 -4.989442
v -1.203997 0.506829 -5.358927
v -1.194327 0.990852 -5.403320
v 0.826170 1.004861 -5.294324
v 1.150560 0.507615 -3.399696
v 1.045725 0.506832 -4.009474
v 0.757415 0.022771 -5.574014
v 0.757415 -0.097288 -5.574015
v 0.621837 -0.232279 -5.574014
v 0.506082 -0.232279 -5.574014
v 0.187687 0.500761 -5.737059
v 0.807664 0.506832 -5.406382
v -0.048337 0.909846 -6.551708
v -0.518875 0.907326 -6.686577
v -0.753418 0.501087 -6.686579
v -0.520330 0.092329 -6.551709
v -0.048309 0.092004 -5.737057
v 0.003095 -0.253951 -5.260991
v -0.665779 -0.253952 -3.269115
v -1.389848 -0.253951 -3.163683
v 0.052478 -0.253951 -4.142212
v 0.085148 -0.253951 -3.399696
v 0.652398 1.099426 -4.222337
v 0.898554 1.093650 -3.279978
v -0.007218 1.099425 -5.235245
v -0.567771 1.093649 -5.403320
v -1.097443 0.990852 -5.406962
v 1.136868 1.113716 -3.121051
v 1.166946 0.990852 -3.163684
v 1.166946 0.507615 -3.269116
v -1.389848 -0.232280 -3.121051
v -1.389276 -0.102249 -3.121147
v -1.368997 -0.080576 -3.279978
v -1.363319 -0.075616 -4.222337
v -1.216969 0.009856 -5.268609
v -1.230943 0.500831 -5.183372
v -1.258847 0.162604 -4.989442
v -1.315518 0.162604 -4.595568
v -1.343423 0.500831 -4.401638
v -1.194327 0.507616 -5.403320
v 0.943393 0.842772 -4.593501
v 0.875667 0.842772 -4.990312
v 1.150560 0.022771 -3.399696
v 1.023538 0.007467 -4.142559
v 0.826169 0.007467 -5.294324
v 0.831885 -0.097288 -5.260991
v 0.743289 -0.215423 -5.555018
v 0.666568 -0.253951 -5.260991
v 0.545098 -0.253951 -5.260991
v 0.187660 0.501088 -6.551708
v -0.049791 0.907326 -6.686577
v -0.486110 0.850576 -6.689023
v -0.687887 0.501087 -6.689024
v -0.518875 0.094849 -6.686577
v -0.048337 0.092329 -6.551709
v 0.089368 -0.253952 -3.269115
v -0.665779 -0.253951 -3.163683
v 0.687611 -0.253951 -4.142212
v 0.781895 -0.253951 -3.399696
v 0.522611 1.099425 -5.235245
v 0.763694 1.093649 -4.222337
v 0.902868 0.990852 -3.279977
v 0.955757 0.990852 -3.121147
v -0.014881 1.093649 -5.403320
v -0.567615 0.990852 -5.406962
v -1.097443 0.507616 -5.406963
v 1.136868 0.990852 -3.121051
v 1.166946 0.507615 -3.163684
v 1.166946 0.022771 -3.269116
v -0.665779 -0.232280 -3.121051
v -0.665586 -0.102249 -3.121147
v -0.658778 -0.080576 -3.279978
v -1.248685 -0.080576 -4.222337
v -1.218376 -0.075616 -5.235245
v -1.194327 0.022770 -5.403320
v 0.842418 0.500834 -5.187978
v 0.875667 0.158871 -4.990312
v 0.943393 0.158871 -4.593502
v 0.976643 0.500835 -4.395834
v 1.023675 -0.097288 -4.142212
v 1.150560 -0.097288 -3.399696
v 0.808752 -0.232279 -5.260990
v 0.829952 -0.253951 -4.142213
v 0.184751 0.501087 -6.686578
v -0.082556 0.850576 -6.689023
v -0.486110 0.151599 -6.689023
v -0.284333 0.501088 -6.689024
v -0.049791 0.094849 -6.686577
v 0.794071 -0.253952 -3.269115
v 0.089368 -0.253951 -3.163683
v 0.938044 -0.253951 -3.399696
v 0.501076 1.093649 -5.403320
v 0.618739 1.093649 -5.235245
v 0.765736 1.002663 -4.234776
v 0.955757 0.507616 -3.121146
v 0.902868 0.507616 -3.279977
v -0.015047 0.990852 -5.406962
v -0.567615 0.507616 -5.406963
v -1.097443 0.022770 -5.406962
v 1.136868 0.507616 -3.121051
v 1.166946 0.022770 -3.163684
v 1.166946 -0.097288 -3.269115
v 0.089368 -0.232280 -3.121051
v 0.089163 -0.102249 -3.121147
v -0.618389 -0.080576 -4.222337
v 0.081923 -0.080576 -3.279978
v -1.119365 -0.080577 -5.235245
v -1.192168 -0.071758 -5.400487
v 1.120822 -0.232279 -3.399696
v 0.996567 -0.232279 -4.142212
v 0.119221 0.501088 -6.689024
v -0.082556 0.151599 -6.689023
v 0.952003 -0.253952 -3.269115
v 0.794071 -0.253951 -3.163684
v 0.500609 0.990852 -5.406963
v 0.592589 1.089156 -5.400486
v 0.617208 1.002663 -5.268932
v 0.785359 0.506843 -4.098151
v 0.902868 0.022771 -3.279978
v 0.955757 0.022770 -3.121147
v -0.015047 0.507616 -5.406963
v -0.567615 0.022770 -5.406962
v -1.097908 -0.075616 -5.403320
v 1.136868 0.022770 -3.121051
v 1.166946 -0.097288 -3.163684
v 1.136868 -0.232280 -3.269115
v 0.794071 -0.232280 -3.121051
v 0.793496 -0.102249 -3.121147
v -0.574975 -0.080577 -5.235245
v 0.038960 -0.080576 -4.222337
v 0.773145 -0.080576 -3.279978
v 0.952003 -0.253951 -3.163684
v 0.500609 0.507616 -5.406963
v 0.594688 0.990852 -5.403320
v 0.604224 0.506843 -5.359331
v 0.659246 0.839337 -4.989945
v 0.716057 0.839337 -4.595066
v 0.765736 0.009677 -4.234775
v 0.942348 -0.091272 -3.119534
v 0.898554 -0.075616 -3.279978
v -0.015047 0.022770 -5.406962
v -0.567771 -0.075616 -5.403320
v 1.136868 -0.097288 -3.121051
v 1.136868 -0.232279 -3.163684
v 0.952003 -0.232280 -3.121051
v -0.007218 -0.080577 -5.235245
v 0.652398 -0.080576 -4.222337
v 0.500609 0.022770 -5.406962
v 0.594688 0.507616 -5.403320
v 0.617208 0.009677 -5.268931
v 0.743944 0.500846 -4.401235
v 0.716057 0.162324 -4.595067
v 0.659246 0.162324 -4.989944
v 0.631359 0.500845 -5.183777
v 0.763694 -0.075616 -4.222337
v -0.014881 -0.075616 -5.403320
v 1.113474 -0.215424 -3.124462
v 0.522612 -0.080577 -5.235245
v 0.501076 -0.075616 -5.403320
v 0.594688 0.022770 -5.403320
v 0.618739 -0.075616 -5.235246
v 0.592589 -0.071758 -5.400487
v -1.439265 0.887311 -5.038153
v -1.406802 0.502051 -5.248551
v -1.439264 0.116334 -5.038153
v -1.525695 0.116334 -4.526009
v -1.558158 0.502051 -4.315618
v -1.525695 0.887311 -4.526008
v 0.989612 0.502059 -4.315211
v 0.957155 0.887494 -4.525589
v 0.870604 0.887495 -5.038443
v 0.838147 0.502059 -5.248820
v 0.870604 0.116164 -5.038443
v 0.957155 0.116164 -4.525590
v 0.781062 0.500761 -4.403648
v 0.752230 0.164005 -4.598075
v 0.694567 0.164005 -4.986927
v 0.665736 0.500761 -5.181352
v 0.694568 0.837516 -4.986926
v 0.752231 0.837516 -4.598074
v 0.934586 0.500761 -4.403648
v 0.902235 0.164005 -4.598074
v 0.837532 0.164005 -4.986927
v 0.805181 0.500761 -5.181352
v 0.837533 0.837516 -4.986926
v 0.902235 0.837516 -4.598074
v -1.377204 0.500761 -4.403648
v -1.348330 0.164005 -4.598075
v -1.290582 0.164005 -4.986926
v -1.261708 0.500761 -5.181352
v -1.290582 0.837516 -4.986927
v -1.348330 0.837516 -4.598073
v -1.515239 0.500761 -4.403648
v -1.482723 0.164005 -4.598075
v -1.417691 0.164005 -4.986927
v -1.385175 0.500761 -5.181352
v -1.417691 0.837516 -4.986926
v -1.482723 0.837516 -4.598073
v 0.747073 0.502125 -4.364719
v 0.720527 0.136883 -4.549551
v 0.650715 0.136883 -5.035625
v 0.624169 0.502125 -5.220456
v 0.650716 0.866886 -5.035625
v 0.720527 0.866885 -4.549551
v -1.346442 0.502040 -4.367134
v -1.319810 0.138564 -4.552560
v -1.250864 0.138564 -5.032606
v -1.224233 0.502041 -5.218032
v -1.250864 0.865065 -5.032605
v -1.319810 0.865065 -4.552560
v -1.440884 -0.075616 -3.680288
v -1.367238 -0.060735 -4.222337
v -1.204912 0.770624 -5.352555
v -1.199190 0.507616 -5.392393
v -1.194327 0.780658 -5.403320
v 1.101402 0.022770 -3.689280
v 1.044636 0.240044 -4.017238
v 1.150560 0.233604 -3.399696
v 0.791347 0.022771 -5.500741
v 0.831885 -0.060735 -5.260990
v 0.791347 -0.097288 -5.500742
v 0.757415 -0.167264 -5.574014
v 0.691197 -0.232279 -5.574015
v 0.633286 -0.253951 -5.260991
v 0.514976 -0.253951 -5.500741
v 0.632034 -0.253951 -5.500741
v 0.307593 -0.253951 -5.260991
v 0.120260 0.267185 -5.737058
v 0.808753 0.240044 -5.398618
v 0.187674 0.500924 -6.144383
v 0.120232 0.734664 -6.551708
v -0.048337 0.909845 -6.679242
v -0.284333 0.965360 -6.686577
v -0.514512 0.899769 -6.689022
v -0.626389 0.698573 -6.689023
v -0.744691 0.501088 -6.689023
v -0.686405 0.268951 -6.686578
v -0.520330 0.092330 -6.679243
v -0.284333 0.033936 -6.551708
v -0.048323 0.092167 -6.144383
v 0.026191 -0.253951 -4.737132
v 0.089368 -0.253951 -3.294823
v -0.286600 -0.253952 -3.269115
v -0.665779 -0.253951 -3.217027
v -1.071312 -0.253951 -3.163683
v -1.389848 -0.253951 -3.134207
v 0.409296 -0.253951 -4.142212
v 0.745367 -0.253951 -3.689280
v 0.476581 -0.253951 -3.399696
v 0.579285 1.099425 -4.792942
v 0.290440 1.099425 -5.235246
v 0.752210 1.099426 -4.222337
v 0.841266 1.093649 -3.680288
v 0.923749 0.990852 -3.134591
v 0.955757 1.076320 -3.121147
v 0.902868 1.076320 -3.279978
v -0.290151 1.093649 -5.403320
v -0.014383 1.099425 -5.392393
v -0.864359 0.990852 -5.406962
v -0.567615 1.076320 -5.406962
v -1.097443 0.780658 -5.406963
v -1.183921 0.507616 -5.406962
v 1.046635 0.990852 -3.116665
v 1.136868 1.076320 -3.121051
v 1.166946 0.990852 -3.134208
v 1.166946 0.780657 -3.163684
v 1.166946 0.507615 -3.217028
v 1.166946 0.022771 -3.294824
v 1.166946 0.233604 -3.269116
v -0.665779 -0.167264 -3.116665
v -1.070907 -0.102249 -3.121147
v -1.071312 -0.232280 -3.121051
v -0.665010 -0.080576 -3.134591
v -1.056555 -0.080576 -3.279978
v -1.317889 -0.080576 -3.680287
v -1.351563 -0.080576 -4.222337
v -1.281668 -0.075616 -4.792941
v -1.221761 -0.060735 -5.235244
v -1.285293 -0.027867 -4.792891
v -1.204912 0.242176 -5.352554
v -1.199190 0.022770 -5.392393
v -1.194327 0.233603 -5.403320
v 1.023675 -0.060735 -4.142212
v 1.150560 -0.060735 -3.399696
v 1.101402 -0.097288 -3.689280
v 0.920496 -0.032134 -4.743459
v 0.921582 -0.097288 -4.737132
v 0.831885 -0.167264 -5.260990
v 0.769054 -0.232279 -5.500741
v 0.739351 -0.253951 -5.260991
v 0.790952 -0.253951 -4.142213
v 0.611749 -0.253951 -4.737131
v 0.742980 -0.253951 -4.737131
v 0.120232 0.267512 -6.551708
v 0.187660 0.501088 -6.679243
v 0.117739 0.733224 -6.686578
v -0.054154 0.899769 -6.689022
v -0.284333 0.896059 -6.689023
v -0.626389 0.303602 -6.689023
v -0.514512 0.102406 -6.689022
v -0.412540 0.723148 -6.689023
v -0.540746 0.501088 -6.689023
v -0.284333 0.036815 -6.686578
v -0.048337 0.092330 -6.679243
v 0.794070 -0.253951 -3.294823
v 0.485270 -0.253952 -3.269115
v 0.089368 -0.253951 -3.217027
v -0.286600 -0.253951 -3.163683
v -0.665779 -0.253951 -3.134207
v 0.896167 -0.253951 -3.689280
v 0.895261 -0.253951 -3.399696
v 0.502476 1.099425 -5.392393
v 0.274984 1.093649 -5.403320
v 0.608819 1.099425 -5.235246
v 0.682036 1.093649 -4.792941
v 0.845374 0.990852 -3.680288
v 0.767523 1.076320 -4.222337
v 0.955757 0.780658 -3.121146
v 0.902868 0.780658 -3.279978
v 0.923749 0.507616 -3.134591
v -0.290157 0.990852 -5.406962
v -0.015047 1.076320 -5.406962
v -0.567615 0.780658 -5.406963
v -0.864359 0.507616 -5.406962
v -1.183921 0.022770 -5.406962
v -1.097443 0.233603 -5.406962
v 1.046635 0.507616 -3.116665
v 1.136868 0.780658 -3.121051
v 1.166946 0.507615 -3.134208
v 1.166946 0.022771 -3.217029
v 1.166946 0.233603 -3.163685
v 1.166946 -0.060735 -3.269116
v 1.166946 -0.097288 -3.294822
v 0.089368 -0.167264 -3.116665
v -0.286607 -0.102249 -3.121147
v -0.286600 -0.232280 -3.121051
v -0.641621 -0.080576 -3.680288
v -0.971403 -0.080576 -4.222337
v 0.088551 -0.080576 -3.134591
v -0.286853 -0.080576 -3.279978
v -1.175835 -0.080577 -4.792941
v -1.208222 -0.080577 -5.235245
v -1.195889 -0.075616 -5.392392
v -1.194327 -0.060735 -5.403320
v 1.150560 -0.167264 -3.399696
v 1.072683 -0.232279 -3.689280
v 1.023675 -0.167264 -4.142212
v 0.896590 -0.232279 -4.737131
v 0.915241 -0.253951 -4.142213
v 0.117739 0.268951 -6.686578
v 0.176025 0.501088 -6.689023
v 0.057722 0.698573 -6.689023
v -0.156127 0.723148 -6.689022
v -0.284333 0.106116 -6.689023
v -0.054154 0.102406 -6.689022
v -0.412540 0.279027 -6.689022
v 0.908732 -0.253952 -3.269116
v 0.952003 -0.253951 -3.294823
v 0.794070 -0.253951 -3.217028
v 0.485270 -0.253951 -3.163683
v 0.089368 -0.253951 -3.134207
v 1.031607 -0.253951 -3.399696
v 0.500609 1.076320 -5.406962
v 0.274649 0.990852 -5.406962
v 0.585026 1.093649 -5.403320
v 0.596250 1.093649 -5.392393
v 0.685578 1.040110 -4.792892
v 0.622046 1.076320 -5.235245
v 0.784460 0.770804 -4.104410
v 0.845374 0.507615 -3.680287
v 0.923749 0.022770 -3.134591
v 0.955757 0.233603 -3.121147
v 0.902868 0.233604 -3.279978
v -0.015047 0.780658 -5.406963
v -0.290157 0.507616 -5.406962
v -0.864359 0.022770 -5.406962
v -0.567615 0.233603 -5.406962
v -1.097443 -0.060735 -5.406962
v -1.184437 -0.075616 -5.403319
v 1.046635 0.022770 -3.116666
v 1.136868 0.233603 -3.121051
v 1.166946 0.022770 -3.134208
v 1.166946 -0.060735 -3.163684
v 1.166946 -0.097288 -3.217028
v 1.166946 -0.167264 -3.269115
v 1.136868 -0.232280 -3.294823
v 0.794070 -0.167264 -3.116665
v 0.484858 -0.102249 -3.121147
v 0.485270 -0.232280 -3.121051
v -0.593932 -0.080577 -4.792941
v -0.879875 -0.080577 -5.235245
v 0.063672 -0.080576 -3.680288
v -0.288317 -0.080576 -4.222337
v 0.791774 -0.080576 -3.134591
v 0.470252 -0.080576 -3.279978
v -1.099303 -0.080577 -5.392392
v 0.057722 0.303602 -6.689023
v -0.027920 0.501088 -6.689023
v -0.156127 0.279027 -6.689022
v 1.046635 -0.253952 -3.269116
v 0.908732 -0.253951 -3.163684
v 0.952003 -0.253951 -3.217028
v 0.794070 -0.253951 -3.134207
v 0.500609 0.780658 -5.406963
v 0.274649 0.507616 -5.406962
v 0.584511 0.990852 -5.406962
v 0.594688 1.076320 -5.403320
v 0.599476 0.990852 -5.392393
v 0.845374 0.022771 -3.680288
v 0.784460 0.242022 -4.104410
v 0.955757 -0.060735 -3.121147
v 0.902868 -0.060735 -3.279978
v 0.919360 -0.075616 -3.134591
v -0.290157 0.022770 -5.406962
v -0.015047 0.233603 -5.406962
v -0.567615 -0.060735 -5.406962
v -0.864688 -0.075616 -5.403319
v 1.046635 -0.097288 -3.116666
v 1.136868 -0.060735 -3.121051
v 1.166946 -0.097288 -3.134208
v 1.166946 -0.167264 -3.163683
v 1.136868 -0.232280 -3.217028
v 0.908097 -0.102249 -3.121147
v 0.908732 -0.232280 -3.121051
v 0.952003 -0.167264 -3.116665
v -0.568239 -0.080577 -5.392392
v 0.012946 -0.080577 -4.792941
v -0.289890 -0.080577 -5.235245
v 0.721852 -0.080576 -3.680288
v 0.383590 -0.080576 -4.222337
v 0.885612 -0.080576 -3.279978
v 1.046635 -0.253951 -3.163684
v 0.952003 -0.253951 -3.134208
v 0.500609 0.233603 -5.406962
v 0.274649 0.022770 -5.406962
v 0.584511 0.507616 -5.406962
v 0.594688 0.780658 -5.403320
v 0.605123 0.770804 -5.353073
v 0.599476 0.507616 -5.392393
v 0.767523 -0.060735 -4.222337
v 0.841266 -0.075616 -3.680288
v -0.015047 -0.060735 -5.406962
v -0.290151 -0.075616 -5.403319
v 1.046635 -0.232280 -3.121051
v 1.136868 -0.167264 -3.121051
v 1.136868 -0.232279 -3.134208
v -0.014383 -0.080577 -5.392392
v 0.579285 -0.080577 -4.792941
v 0.290440 -0.080577 -5.235245
v 0.752210 -0.080576 -4.222337
v 0.500609 -0.060735 -5.406962
v 0.274984 -0.075616 -5.403319
v 0.584511 0.022770 -5.406962
v 0.594688 0.233603 -5.403320
v 0.599476 0.022770 -5.392394
v 0.605123 0.242022 -5.353073
v 0.685578 -0.028190 -4.792892
v 0.622046 -0.060735 -5.235245
v 0.682036 -0.075616 -4.792941
v 0.502476 -0.080577 -5.392392
v 0.608819 -0.080577 -5.235245
v 0.585026 -0.075616 -5.403319
v 0.594688 -0.060735 -5.403320
v 0.596250 -0.075616 -5.392392
v 0.723399 0.115897 -4.792500
v 0.665590 0.164005 -4.986926
v 0.687651 0.113963 -4.792506
v 0.721826 0.164005 -4.598075
v 0.772824 0.308329 -4.459199
v 0.736050 0.307407 -4.456100
v 0.749944 0.500761 -4.403648
v 0.673973 0.308329 -5.125802
v 0.637471 0.500761 -5.181353
v 0.639252 0.307407 -5.128911
v 0.772825 0.693192 -4.459199
v 0.736050 0.694272 -4.456100
v 0.721826 0.837516 -4.598075
v 0.673973 0.693192 -5.125802
v 0.665590 0.837516 -4.986926
v 0.639252 0.694272 -5.128912
v 0.723399 0.885624 -4.792500
v 0.687651 0.887692 -4.792506
v -1.450207 0.115897 -4.792500
v -1.442206 0.164005 -4.986926
v -1.479475 0.110051 -4.791918
v -1.508643 0.164005 -4.598075
v -1.505949 0.308329 -4.459199
v -1.537210 0.305444 -4.452283
v -1.541861 0.500761 -4.403648
v -1.394465 0.308329 -5.125802
v -1.408988 0.500761 -5.181353
v -1.421739 0.305444 -5.131553
v -1.505949 0.693193 -4.459198
v -1.537210 0.696211 -4.452283
v -1.508643 0.837516 -4.598074
v -1.394465 0.693192 -5.125802
v -1.442206 0.837516 -4.986926
v -1.421739 0.696211 -5.131553
v -1.450207 0.885624 -4.792500
v -1.479475 0.891584 -4.791917
v -1.550419 0.722238 -4.369204
v -1.516662 0.858416 -4.580062
v -1.549825 0.501050 -4.372663
v -1.550419 0.281680 -4.369205
v -1.516662 0.143581 -4.580062
v -1.445522 0.143581 -5.000274
v -1.482480 0.061218 -4.782081
v -1.412359 0.501050 -5.207677
v -1.414540 0.281681 -5.194963
v -1.445521 0.858416 -5.000275
v -1.414540 0.722239 -5.194963
v -1.482480 0.942335 -4.782080
v 0.981884 0.722347 -4.368742
v 0.979020 0.932318 -4.399594
v 1.009781 0.504482 -4.206178
v 0.979020 0.075330 -4.399594
v 0.981884 0.281587 -4.368742
v 0.855457 0.075330 -5.125287
v 0.913879 0.061023 -4.782016
v 0.845875 0.281587 -5.195291
v 0.824696 0.504482 -5.318702
v 0.845875 0.722347 -5.195291
v 0.855457 0.932318 -5.125287
v 0.913879 0.942544 -4.782017
v -1.335511 0.307561 -4.456616
v -1.342353 0.501043 -4.395605
v -1.339953 0.294378 -4.412314
v -1.314713 0.158401 -4.588048
v -1.287182 0.114285 -4.792505
v -1.285337 0.086626 -4.792583
v -1.255980 0.158401 -4.996990
v -1.335511 0.694092 -4.456616
v -1.314713 0.843585 -4.588048
v -1.339953 0.709522 -4.412313
v -1.287182 0.887347 -4.792505
v -1.255980 0.843586 -4.996989
v -1.285337 0.916912 -4.792583
v -1.238854 0.694092 -5.128393
v -1.228340 0.501043 -5.189432
v -1.230721 0.709522 -5.172851
v -1.238854 0.307561 -5.128393
v -1.230721 0.294379 -5.172852
v 0.740683 0.293457 -4.409214
v 0.732793 0.089142 -4.464145
v 0.756914 0.504527 -4.296200
v 0.740683 0.710601 -4.409214
v 0.732793 0.918579 -4.464144
v 0.685621 0.084691 -4.792588
v 0.638405 0.089142 -5.121340
v 0.630559 0.293457 -5.175962
v 0.614284 0.504526 -5.289285
v 0.630560 0.710601 -5.175962
v 0.638405 0.918579 -5.121340
v 0.685621 0.918981 -4.792588
v -1.424102 0.932196 -5.125094
v -1.393337 0.504477 -5.318523
v -1.424102 0.075443 -5.125094
v -1.547584 0.075443 -4.399874
v -1.578349 0.504477 -4.206449
v -1.547584 0.932196 -4.399874
v 0.967231 0.696230 -4.452205
v 0.948098 0.858538 -4.579783
v 0.981257 0.501055 -4.372393
v 0.909530 0.891619 -4.791907
v 0.876877 0.858539 -5.000468
v 0.851830 0.696229 -5.131608
v 0.843718 0.501055 -5.207857
v 0.851830 0.305429 -5.131608
v 0.876877 0.143467 -5.000468
v 0.909530 0.110018 -4.791906
v 0.948098 0.143467 -4.579783
v 0.967231 0.305429 -4.452205
v 0.925343 0.308329 -4.459199
v 0.826909 0.164005 -4.598074
v 0.857492 0.500761 -4.403648
v 0.869883 0.115897 -4.792500
v 0.765741 0.164005 -4.986926
v 0.814424 0.308329 -5.125802
v 0.735157 0.500761 -5.181353
v 0.814424 0.693192 -5.125802
v 0.765741 0.837516 -4.986926
v 0.869884 0.885624 -4.792500
v 0.826909 0.837516 -4.598075
v 0.925343 0.693192 -4.459199
v 0.934584 0.164005 -4.598074
v 0.967695 0.500761 -4.403648
v 0.868363 0.164005 -4.986926
v 0.835253 0.500761 -5.181353
v 0.868364 0.837516 -4.986926
v 0.934584 0.837516 -4.598075
v -1.320814 0.164005 -4.598074
v -1.368954 0.308329 -4.459199
v -1.348943 0.500761 -4.403648
v -1.264558 0.164005 -4.986926
v -1.319456 0.115897 -4.792500
v -1.236429 0.500761 -5.181353
v -1.269957 0.308329 -5.125802
v -1.264558 0.837516 -4.986926
v -1.269957 0.693192 -5.125802
v -1.320814 0.837516 -4.598074
v -1.319456 0.885624 -4.792500
v -1.368954 0.693193 -4.459198
v -1.415793 0.164005 -4.598074
v -1.446495 0.500761 -4.403648
v -1.354388 0.164005 -4.986926
v -1.323686 0.500761 -5.181353
v -1.354388 0.837516 -4.986926
v -1.415793 0.837516 -4.598073
v 0.715286 0.157280 -4.586042
v 0.742869 0.501099 -4.393995
v 0.655975 0.157280 -4.999002
v 0.628393 0.501099 -5.191049
v 0.655975 0.844799 -4.999002
v 0.715286 0.844799 -4.586042
v -1.356398 0.504470 -4.297810
v -1.332221 0.090263 -4.466151
v -1.238409 0.090263 -5.119328
v -1.214231 0.504470 -5.287668
v -1.238409 0.917365 -5.119327
v -1.332221 0.917365 -4.466150
v -1.615595 1.259960 -3.399696
v -1.490665 1.259960 -3.689280
v -1.497869 1.259960 -4.142212
v -1.645007 1.239893 -3.689280
v -1.719172 1.179693 -3.399696
v -1.592287 1.179693 -4.142212
v -1.670014 1.113716 -3.689280
v -1.709368 1.239894 -3.294823
v -1.630798 1.259961 -3.269116
v -1.547726 1.259961 -3.294823
v -1.339917 1.259960 -3.689280
v -1.387221 1.259960 -4.142212
v -1.494214 1.259960 -3.399696
v -1.334119 1.259961 -4.737131
v -1.319924 1.259961 -5.260989
v -1.468432 1.239894 -4.737131
v -1.670014 0.990852 -3.689280
v -1.719172 1.076320 -3.399696
v -1.592287 1.076320 -4.142212
v -1.735558 1.113716 -3.294823
v -1.735558 1.179693 -3.269115
v -1.400497 1.179693 -5.260989
v -1.490194 1.113716 -4.737131
v -1.389848 1.259961 -3.294823
v -1.508031 1.259961 -3.269116
v -1.709368 1.239894 -3.217028
v -1.630798 1.259960 -3.163684
v -1.547726 1.259961 -3.217028
v -0.648550 1.259960 -3.689280
v -0.993617 1.259960 -4.142212
v -1.062426 1.259960 -3.399696
v -1.202933 1.259961 -4.737131
v -1.225501 1.259961 -5.260989
v -1.220740 1.259961 -5.500741
v -1.271207 1.239894 -5.574015
v -1.340547 1.239894 -5.500742
v -1.489106 1.044003 -4.743469
v -1.400497 1.076321 -5.260990
v -1.719172 0.780657 -3.399695
v -1.613234 0.772743 -4.017315
v -1.670014 0.507615 -3.689279
v -1.735558 0.990852 -3.294823
v -1.735558 1.076320 -3.269116
v -1.735558 1.113716 -3.217028
v -1.735558 1.179693 -3.163684
v -1.359959 1.113716 -5.500741
v -1.328866 1.179693 -5.574015
v -1.389848 1.259961 -3.217028
v -1.508031 1.259960 -3.163684
v -0.665779 1.259961 -3.294823
v -1.071312 1.259961 -3.269116
v -1.709368 1.239894 -3.134208
v -1.630798 1.239894 -3.121051
v -1.547726 1.259961 -3.134207
v 0.072491 1.259960 -3.689280
v -0.286374 1.259960 -4.142212
v -0.286574 1.259960 -3.399696
v -0.601282 1.259961 -4.737131
v -0.889610 1.259961 -5.260989
v -1.103722 1.259961 -5.500741
v -1.181226 1.239894 -5.574015
v -1.206847 1.179693 -5.598439
v -1.267505 1.113716 -5.598438
v -1.359959 0.990852 -5.500741
v -1.328866 1.076321 -5.574015
v -1.670014 0.022770 -3.689280
v -1.719172 0.233604 -3.399696
v -1.613234 0.240059 -4.017315
v -1.735558 0.780658 -3.269116
v -1.735558 0.507615 -3.294823
v -1.735558 0.990852 -3.217028
v -1.735558 1.076320 -3.163684
v -1.735558 1.113716 -3.134208
v -1.709368 1.179693 -3.121051
v -1.389848 1.259961 -3.134207
v -1.508031 1.239894 -3.121051
v -0.665779 1.259961 -3.217028
v -1.071312 1.259960 -3.163684
v 0.089368 1.259961 -3.294824
v -0.286600 1.259961 -3.269116
v -1.630798 1.113716 -3.116666
v -1.547726 1.179693 -3.116665
v 0.745367 1.259960 -3.689280
v 0.409296 1.259960 -4.142212
v 0.476581 1.259960 -3.399696
v 0.026191 1.259961 -4.737131
v -0.286070 1.259961 -5.260989
v -0.567049 1.259961 -5.500741
v -0.861136 1.239894 -5.574015
v -1.091565 1.179693 -5.598439
v -1.123140 1.071555 -5.598439
v -1.152126 1.034160 -5.598439
v -1.267505 0.990853 -5.598439
v -1.359959 0.507615 -5.500741
v -1.377374 0.772743 -5.398563
v -1.328866 0.780658 -5.574015
v -1.719172 -0.060735 -3.399696
v -1.592287 -0.060735 -4.142212
v -1.670014 -0.097288 -3.689280
v -1.735558 0.022771 -3.294824
v -1.735558 0.233604 -3.269116
v -1.735558 0.507615 -3.217028
v -1.735558 0.780657 -3.163684
v -1.735558 0.990852 -3.134208
v -1.709368 1.076320 -3.121051
v -1.507397 1.119493 -3.121147
v -1.389848 1.179693 -3.116665
v -0.665779 1.259961 -3.134207
v -1.071312 1.239894 -3.121051
v 0.089368 1.259961 -3.217028
v -0.286600 1.259960 -3.163684
v 0.794070 1.259961 -3.294824
v 0.485270 1.259961 -3.269116
v -1.630798 0.990852 -3.116665
v -1.551584 1.076320 -3.121147
v 0.790952 1.259960 -4.142212
v 0.895261 1.259960 -3.399696
v 0.896167 1.259960 -3.689280
v 0.611749 1.259961 -4.737131
v 0.307593 1.259961 -5.260989
v -0.007343 1.259961 -5.500741
v -0.285987 1.239894 -5.574015
v -0.562854 1.179693 -5.598439
v -0.883974 1.071555 -5.598439
v -0.591519 1.011724 -5.598439
v -0.770186 0.785633 -5.598393
v -0.990527 0.505362 -5.598439
v -1.152126 0.812413 -5.598439
v -1.267505 0.507615 -5.598440
v -1.359959 0.022771 -5.500741
v -1.377374 0.240059 -5.398564
v -1.328866 0.233603 -5.574014
v -1.489106 -0.032102 -4.743469
v -1.400497 -0.060735 -5.260990
v -1.490194 -0.097288 -4.737132
v -1.719172 -0.167264 -3.399696
v -1.592287 -0.167264 -4.142212
v -1.645007 -0.232279 -3.689280
v -1.735558 -0.060735 -3.269116
v -1.735558 -0.097288 -3.294822
v -1.735558 0.022771 -3.217029
v -1.735558 0.233603 -3.163685
v -1.735558 0.507616 -3.134208
v -1.709368 0.780658 -3.121051
v -1.518971 1.093649 -3.134591
v -1.484920 1.099426 -3.279978
v -1.387559 1.099426 -3.134591
v -1.070907 1.119493 -3.121147
v -0.665779 1.179693 -3.116665
v 0.089368 1.259961 -3.134207
v -0.286600 1.239894 -3.121051
v 0.794070 1.259961 -3.217028
v 0.485270 1.259960 -3.163684
v 0.908732 1.259961 -3.269116
v 0.952003 1.259961 -3.294824
v -1.630798 0.507616 -3.116665
v -1.551584 0.780658 -3.121146
v -1.523463 0.990852 -3.134591
v -1.502583 1.076320 -3.279978
v 1.031607 1.259960 -3.399696
v 1.072683 1.239893 -3.689280
v 0.915241 1.259960 -4.142212
v 0.633286 1.259961 -5.260989
v 0.742980 1.259961 -4.737131
v 0.514976 1.259961 -5.500741
v 0.279749 1.239894 -5.574015
v -0.011452 1.179693 -5.598439
v -0.285771 1.106238 -5.598438
v -0.284515 1.003458 -5.598393
v 0.018309 1.011724 -5.598439
v -0.526737 0.920664 -5.598253
v -0.691629 0.735929 -5.600799
v -0.769168 0.500761 -5.598253
v -0.770186 0.218655 -5.598393
v -0.591519 -0.000938 -5.598439
v -0.883973 -0.055876 -5.598439
v -1.123140 -0.055876 -5.598439
v -1.152126 -0.019323 -5.598439
v -1.152126 0.201430 -5.598439
v -1.267505 0.022771 -5.598439
v -1.359959 -0.097288 -5.500742
v -1.328866 -0.060735 -5.574014
v -1.400497 -0.167264 -5.260991
v -1.468432 -0.232279 -4.737132
v -1.497869 -0.253951 -4.142212
v -1.490665 -0.253951 -3.689280
v -1.615595 -0.253951 -3.399696
v -1.735558 -0.167264 -3.269115
v -1.709368 -0.232280 -3.294823
v -1.735558 -0.097288 -3.217028
v -1.735558 -0.060735 -3.163684
v -1.735558 0.022770 -3.134208
v -1.709368 0.233603 -3.121051
v -1.056555 1.099426 -3.279978
v -0.665010 1.099426 -3.134591
v -1.440884 1.093649 -3.680288
v -1.351563 1.099426 -4.222336
v -1.317889 1.099426 -3.680287
v -0.286607 1.119493 -3.121147
v 0.089368 1.179693 -3.116665
v 0.794070 1.259961 -3.134208
v 0.485270 1.239894 -3.121051
v 0.908732 1.259960 -3.163685
v 0.952003 1.259961 -3.217028
v 1.046635 1.259961 -3.269116
v 1.136868 1.239894 -3.294823
v -1.630798 0.022770 -3.116666
v -1.551584 0.233603 -3.121147
v -1.523463 0.507616 -3.134591
v -1.502583 0.780658 -3.279978
v -1.445089 0.990852 -3.680288
v -1.367238 1.076320 -4.222337
v 0.896590 1.239894 -4.737131
v 0.739351 1.259961 -5.260989
v 1.150560 1.179693 -3.399696
v 1.101402 1.113716 -3.689280
v 1.023675 1.179693 -4.142212
v 0.632034 1.259961 -5.500741
v 0.590122 1.239894 -5.574015
v 0.503118 1.179693 -5.598439
v 0.302474 1.071555 -5.598439
v 0.198232 0.785633 -5.598393
v 0.534381 1.071555 -5.598439
v 0.565977 1.034160 -5.598439
v 0.565977 0.812413 -5.598439
v 0.409552 0.505362 -5.598439
v -0.041875 0.920664 -5.598253
v -0.284306 0.971098 -5.600798
v -0.520302 0.909519 -5.608806
v -0.688871 0.734337 -5.737059
v -0.756299 0.500761 -5.608805
v -0.691629 0.265593 -5.600798
v -0.526737 0.080858 -5.598253
v -0.285771 -0.091159 -5.598439
v -0.284515 0.000230 -5.598392
v 0.018309 -0.000938 -5.598439
v -0.562854 -0.167264 -5.598438
v -0.861136 -0.232279 -5.574015
v -1.091565 -0.167264 -5.598438
v -1.181226 -0.232279 -5.574015
v -1.206847 -0.167264 -5.598438
v -1.267505 -0.097288 -5.598439
v -1.328866 -0.167264 -5.574015
v -1.340547 -0.232279 -5.500741
v -1.319924 -0.253951 -5.260991
v -1.334119 -0.253951 -4.737132
v -1.387221 -0.253951 -4.142212
v -1.339917 -0.253951 -3.689280
v -1.494214 -0.253951 -3.399696
v -1.547726 -0.253951 -3.294823
v -1.630798 -0.253952 -3.269115
v -1.709368 -0.232280 -3.217027
v -1.735558 -0.167264 -3.163683
v -1.735558 -0.097288 -3.134208
v -1.709368 -0.060735 -3.121051
v -0.286853 1.099426 -3.279978
v 0.088551 1.099426 -3.134591
v -0.971403 1.099426 -4.222336
v -0.641621 1.099426 -3.680288
v -1.281668 1.093649 -4.792941
v -1.208222 1.099425 -5.235245
v -1.175835 1.099425 -4.792941
v 0.484858 1.119493 -3.121147
v 0.794070 1.179693 -3.116665
v 0.908732 1.239894 -3.121051
v 0.952003 1.259961 -3.134208
v 1.046635 1.259960 -3.163685
v 1.136868 1.239894 -3.217028
v 1.166946 1.179693 -3.269115
v 1.166946 1.113716 -3.294823
v -1.630798 -0.097288 -3.116666
v -1.551584 -0.060735 -3.121147
v -1.523463 0.022770 -3.134591
v -1.502583 0.233604 -3.279978
v -1.445089 0.507615 -3.680287
v -1.384101 0.770624 -4.104926
v -1.285293 1.039766 -4.792891
v -1.221761 1.076320 -5.235245
v 0.769054 1.239894 -5.500742
v 0.691197 1.239894 -5.574015
v 0.921582 1.113716 -4.737131
v 0.831885 1.179693 -5.260989
v 1.150560 1.076320 -3.399696
v 1.101402 0.990852 -3.689280
v 1.023675 1.076320 -4.142212
v 0.618439 1.179693 -5.598439
v 0.534381 -0.055876 -5.598439
v 0.302474 -0.055876 -5.598439
v 0.198232 0.218655 -5.598393
v 0.565977 0.201430 -5.598439
v 0.565977 -0.019323 -5.598439
v 0.200557 0.500761 -5.598253
v 0.123017 0.735929 -5.600799
v 0.687538 1.113716 -5.598438
v 0.757415 1.076321 -5.574015
v 0.687538 0.990853 -5.598439
v 0.757415 0.780658 -5.574014
v 0.687538 0.507615 -5.598440
v -0.048309 0.909519 -5.608806
v -0.284306 0.967913 -5.737058
v -0.520316 0.909682 -6.144383
v -0.688899 0.734664 -6.551708
v -0.756313 0.500924 -6.144384
v -0.688871 0.267185 -5.737058
v -0.520302 0.092003 -5.608805
v -0.284306 0.030425 -5.600798
v -0.041875 0.080858 -5.598253
v -0.011452 -0.167264 -5.598438
v -0.285987 -0.232279 -5.574015
v -0.567049 -0.253951 -5.500741
v -0.889610 -0.253951 -5.260991
v -1.103722 -0.253951 -5.500741
v -1.271207 -0.232279 -5.574015
v -1.225501 -0.253951 -5.260991
v -1.220740 -0.253951 -5.500741
v -1.202933 -0.253951 -4.737131
v -1.389848 -0.253951 -3.294823
v -1.508031 -0.253952 -3.269115
v -0.993617 -0.253951 -4.142212
v -0.648550 -0.253951 -3.689280
v -1.062426 -0.253951 -3.399696
v -1.547726 -0.253951 -3.217027
v -1.630798 -0.253951 -3.163683
v -1.709368 -0.232279 -3.134207
v -1.709368 -0.167264 -3.121051
v 0.791774 1.099426 -3.134591
v 0.470252 1.099426 -3.279978
v -0.288317 1.099426 -4.222337
v 0.063672 1.099426 -3.680288
v -0.879875 1.099425 -5.235245
v -0.593932 1.099425 -4.792942
v -1.195889 1.093649 -5.392393
v -1.184437 1.093649 -5.403320
v -1.099303 1.099425 -5.392393
v 0.908097 1.119493 -3.121147
v 0.952003 1.179693 -3.116665
v 1.046635 1.239894 -3.121051
v 1.136868 1.239894 -3.134208
v 1.166946 1.179693 -3.163684
v 1.166946 1.113716 -3.217028
v 1.166946 0.990852 -3.294823
v 1.166946 1.076320 -3.269115
v -1.630798 -0.232280 -3.121051
v -1.547726 -0.167264 -3.116665
v -1.518971 -0.075616 -3.134591
v -1.502583 -0.060735 -3.279978
v -1.445089 0.022771 -3.680288
v -1.384101 0.242176 -4.104927
v -1.199190 0.990852 -5.392393
v -1.194327 1.076320 -5.403320
v 0.757415 1.179693 -5.574015
v 0.791347 1.113716 -5.500741
v 0.920496 1.044038 -4.743459
v 0.831885 1.076321 -5.260990
v 1.150560 0.780657 -3.399695
v 1.101402 0.507615 -3.689279
v 1.044636 0.772761 -4.017238
v 0.687538 0.022771 -5.598439
v 0.757415 -0.060735 -5.574014
v 0.687538 -0.097288 -5.598439
v 0.618439 -0.167264 -5.598438
v 0.590122 -0.232279 -5.574015
v 0.503118 -0.167264 -5.598438
v 0.279749 -0.232279 -5.574015
v 0.123017 0.265593 -5.600798
v 0.757415 0.233603 -5.574014
v 0.187687 0.500761 -5.608805
v 0.120260 0.734337 -5.737059
v 0.791347 0.990852 -5.500741
v 0.808753 0.772761 -5.398619
v 0.791347 0.507615 -5.500741
v -0.048323 0.909682 -6.144383
v -0.284333 0.968240 -6.551707
v -0.520330 0.909845 -6.679242
v -0.686405 0.733224 -6.686578
v -0.756326 0.501088 -6.679243
v -0.688899 0.267512 -6.551708
v -0.520316 0.092166 -6.144383
v -0.284306 0.033609 -5.737058
v -0.048309 0.092003 -5.608805
v -0.007343 -0.253951 -5.500741
v -0.286070 -0.253951 -5.260991
v -0.601282 -0.253951 -4.737131
v -0.665779 -0.253951 -3.294823
v -1.071312 -0.253952 -3.269115
v -1.389848 -0.253951 -3.217027
v -1.508031 -0.253951 -3.163683
v -0.286374 -0.253951 -4.142212
v 0.072491 -0.253951 -3.689280
v -0.286574 -0.253951 -3.399696
v -1.547726 -0.253951 -3.134207
v 0.721852 1.099426 -3.680288
v 0.383590 1.099426 -4.222337
v 0.885612 1.099426 -3.279978
v 0.919360 1.093649 -3.134591
v -0.289890 1.099425 -5.235246
v 0.012946 1.099425 -4.792942
v -0.864688 1.093649 -5.403320
v -0.568239 1.099425 -5.392393
v -1.183921 0.990852 -5.406962
v -1.097443 1.076320 -5.406962
v 1.046635 1.113716 -3.116666
v 1.136868 1.179693 -3.121051
v 1.166946 1.113716 -3.134208
v 1.166946 0.990852 -3.217028
v 1.166946 1.076320 -3.163684
v 1.166946 0.780658 -3.269116
v 1.166946 0.507615 -3.294823
v -1.389848 -0.167264 -3.116665
v -1.507397 -0.102249 -3.121147
v -1.508031 -0.232280 -3.121051
v -1.387559 -0.080576 -3.134590
v -1.484920 -0.080576 -3.279978
v -1.569985 1.259960 -3.689280
v -1.670014 1.179693 -3.689280
v -1.630798 1.259961 -3.294823
v -1.452763 1.259960 -3.689280
v -1.403146 1.259960 -4.737131
v -1.670014 1.076320 -3.689280
v -1.735558 1.179693 -3.294823
v -1.490194 1.179693 -4.737131
v -1.508031 1.259961 -3.294823
v -1.630798 1.259961 -3.217028
v -1.035768 1.259960 -3.689280
v -1.301135 1.259960 -4.737131
v -1.282312 1.259960 -5.500741
v -1.490194 1.076320 -4.737131
v -1.670014 0.780657 -3.689279
v -1.735558 1.076320 -3.294823
v -1.735558 1.179693 -3.217028
v -1.359959 1.179693 -5.500741
v -1.508031 1.259961 -3.217028
v -1.071312 1.259961 -3.294823
v -1.630798 1.259961 -3.134207
v -0.286497 1.259960 -3.689280
v -0.938252 1.259960 -4.737131
v -1.191318 1.259960 -5.500741
v -1.267505 1.179693 -5.598439
v -1.359959 1.076320 -5.500741
v -1.670014 0.233603 -3.689280
v -1.735558 0.780658 -3.294823
v -1.735558 1.076320 -3.217028
v -1.735558 1.179693 -3.134208
v -1.508031 1.259961 -3.134207
v -1.071312 1.259961 -3.217028
v -0.286600 1.259961 -3.294824
v -1.630798 1.179693 -3.116665
v 0.450513 1.259960 -3.689280
v -0.286212 1.259960 -4.737131
v -0.867626 1.259960 -5.500741
v -1.177861 1.179693 -5.598439
v -1.267505 1.076321 -5.598438
v -1.359959 0.780658 -5.500741
v -1.670014 -0.060735 -3.689280
v -1.735558 0.233604 -3.294823
v -1.735558 0.780658 -3.217028
v -1.735558 1.076320 -3.134208
v -1.508031 1.179693 -3.116665
v -1.071312 1.259961 -3.134207
v -0.286600 1.259961 -3.217028
v 0.485270 1.259961 -3.294824
v -1.630798 1.076321 -3.116665
v 0.854850 1.259960 -3.689280
v 0.355158 1.259960 -4.737131
v -0.286006 1.259960 -5.500741
v -0.858972 1.179693 -5.598439
v -0.958977 0.907677 -5.598439
v -1.267505 0.780658 -5.598439
v -1.359959 0.233603 -5.500741
v -1.490194 -0.060735 -4.737132
v -1.670014 -0.167264 -3.689280
v -1.735558 -0.060735 -3.294823
v -1.735558 0.233603 -3.217028
v -1.735558 0.780658 -3.134208
v -1.505494 1.099426 -3.134591
v -1.071312 1.179693 -3.116665
v -0.286600 1.259961 -3.134207
v 0.485270 1.259961 -3.217028
v 0.908732 1.259961 -3.294823
v -1.630798 0.780658 -3.116665
v -1.523463 1.076320 -3.134591
v 0.986524 1.259960 -3.689280
v 0.707024 1.259960 -4.737131
v 0.286096 1.259960 -5.500741
v -0.285981 1.179693 -5.598439
v -0.285143 1.046407 -5.598439
v -0.699902 0.740706 -5.598253
v -0.958977 0.104910 -5.598439
v -1.267505 0.233603 -5.598439
v -1.359959 -0.060735 -5.500741
v -1.490194 -0.167264 -4.737132
v -1.569985 -0.253951 -3.689279
v -1.735558 -0.167264 -3.294823
v -1.735558 -0.060735 -3.217028
v -1.735558 0.233603 -3.134208
v -1.069692 1.099426 -3.134591
v -1.428270 1.099426 -3.680287
v -0.286600 1.179693 -3.116665
v 0.485270 1.259961 -3.134207
v 0.908732 1.259961 -3.217028
v 1.046635 1.259961 -3.294823
v -1.630798 0.233603 -3.116665
v -1.523463 0.780658 -3.134591
v -1.445089 1.076320 -3.680288
v 0.821612 1.259960 -4.737131
v 1.101402 1.179693 -3.689280
v 0.599961 1.259960 -5.500741
v 0.277634 1.179693 -5.598439
v 0.376996 0.907677 -5.598439
v -0.284306 0.980650 -5.598254
v -0.688871 0.734337 -5.608806
v -0.699902 0.260816 -5.598252
v -0.285143 -0.036221 -5.598439
v -0.858972 -0.167264 -5.598439
v -1.177861 -0.167264 -5.598439
v -1.267505 -0.060735 -5.598439
v -1.359959 -0.167264 -5.500742
v -1.403146 -0.253951 -4.737131
v -1.452763 -0.253951 -3.689280
v -1.630798 -0.253951 -3.294823
v -1.735558 -0.167264 -3.217028
v -1.735558 -0.060735 -3.134208
v -0.286628 1.099426 -3.134591
v -1.020383 1.099426 -3.680287
v -1.270814 1.099426 -4.792941
v 0.485270 1.179693 -3.116665
v 0.908732 1.259961 -3.134207
v 1.046635 1.259961 -3.217028
v 1.166946 1.179693 -3.294823
v -1.630798 -0.060735 -3.116666
v -1.523463 0.233604 -3.134591
v -1.445089 0.780658 -3.680287
v -1.285286 1.076320 -4.792941
v 0.702173 1.259960 -5.500741
v 0.921582 1.179693 -4.737131
v 1.101402 1.076320 -3.689280
v 0.586842 1.179693 -5.598439
v 0.376996 0.104911 -5.598439
v 0.131290 0.740706 -5.598253
v 0.687538 1.076321 -5.598438
v 0.687538 0.780658 -5.598439
v -0.284306 0.967913 -5.608806
v -0.688885 0.734500 -6.144383
v -0.688871 0.267185 -5.608806
v -0.284306 0.020872 -5.598253
v -0.285981 -0.167264 -5.598439
v -0.867626 -0.253951 -5.500741
v -1.267505 -0.167264 -5.598439
v -1.191318 -0.253951 -5.500741
v -1.282312 -0.253951 -5.500741
v -1.301135 -0.253951 -4.737131
v -1.508031 -0.253951 -3.294823
v -1.035768 -0.253951 -3.689280
v -1.630798 -0.253951 -3.217028
v -1.735558 -0.167264 -3.134207
v 0.483622 1.099426 -3.134591
v -0.287475 1.099426 -3.680288
v -0.919842 1.099426 -4.792941
v -1.185983 1.099425 -5.392392
v 0.908732 1.179693 -3.116665
v 1.046635 1.259961 -3.134207
v 1.166946 1.179693 -3.217028
v 1.166946 1.076320 -3.294823
v -1.630798 -0.167264 -3.116665
v -1.523463 -0.060735 -3.134591
v -1.445089 0.233603 -3.680287
v -1.199190 1.076320 -5.392393
v 0.687538 1.179693 -5.598439
v 0.791347 1.179693 -5.500741
v 0.921582 1.076320 -4.737131
v 1.101402 0.780657 -3.689279
v 0.687538 -0.060735 -5.598439
v 0.586842 -0.167264 -5.598439
v 0.277634 -0.167264 -5.598439
v 0.131290 0.260816 -5.598252
v 0.687538 0.233603 -5.598439
v 0.120260 0.734337 -5.608806
v 0.791347 1.076320 -5.500741
v 0.791347 0.780658 -5.500741
v -0.284319 0.968076 -6.144382
v -0.688899 0.734664 -6.679243
v -0.688885 0.267348 -6.144383
v -0.284306 0.033609 -5.608805
v -0.286006 -0.253951 -5.500741
v -0.938252 -0.253951 -4.737131
v -1.071312 -0.253951 -3.294823
v -1.508031 -0.253951 -3.217028
v -0.286497 -0.253951 -3.689280
v -1.630798 -0.253951 -3.134207
v 0.433438 1.099426 -3.680288
v 0.906194 1.099426 -3.134591
v -0.289203 1.099426 -4.792941
v -0.865675 1.099425 -5.392392
v -1.183921 1.076320 -5.406962
v 1.046635 1.179693 -3.116665
v 1.166946 1.179693 -3.134208
v 1.166946 1.076320 -3.217028
v 1.166946 0.780658 -3.294823
v -1.508031 -0.167264 -3.116665
v -1.505494 -0.080576 -3.134591
v -1.445089 -0.060735 -3.680288
v -1.199190 0.780658 -5.392393
v 1.101402 0.233603 -3.689280
v 0.791347 -0.060735 -5.500741
v 0.687538 -0.167264 -5.598439
v 0.599961 -0.253951 -5.500741
v 0.286096 -0.253951 -5.500741
v 0.120260 0.267185 -5.608806
v 0.791347 0.233603 -5.500741
v 0.120246 0.734500 -6.144383
v -0.284333 0.968239 -6.679242
v -0.678926 0.728906 -6.689023
v -0.688899 0.267512 -6.679243
v -0.284319 0.033772 -6.144383
v -0.286212 -0.253951 -4.737131
v -0.286600 -0.253951 -3.294823
v -1.071312 -0.253951 -3.217028
v -1.508031 -0.253951 -3.134207
v 0.450513 -0.253951 -3.689280
v 0.331116 1.099425 -4.792941
v 0.828943 1.099426 -3.680288
v 0.923749 1.076320 -3.134591
v -0.290134 1.099425 -5.392392
v -0.864359 1.076320 -5.406962
v -1.183921 0.780658 -5.406962
v 1.046635 1.076321 -3.116665
v 1.166946 1.076320 -3.134208
v 1.166946 0.780658 -3.217028
v 1.166946 0.233604 -3.294823
v -1.071312 -0.167264 -3.116665
v -1.069692 -0.080576 -3.134591
v -1.428270 -0.080576 -3.680288
v -1.285286 -0.060735 -4.792941
v -1.199190 0.233603 -5.392393
v 1.101402 -0.060735 -3.689280
v 0.921582 -0.060735 -4.737132
v 0.791347 -0.167264 -5.500741
v 0.702173 -0.253951 -5.500741
v 0.707024 -0.253951 -4.737131
v 0.355158 -0.253951 -4.737131
v 0.120246 0.267348 -6.144383
v 0.120232 0.734663 -6.679243
v -0.284333 0.956724 -6.689023
v -0.678926 0.273270 -6.689023
v -0.540746 0.649128 -6.689023
v -0.284333 0.033936 -6.679243
v 0.485270 -0.253951 -3.294823
v -0.286600 -0.253951 -3.217028
v -1.071312 -0.253951 -3.134207
v 0.854850 -0.253951 -3.689280
v 0.275989 1.099425 -5.392392
v 0.671433 1.099426 -4.792941
v 0.845374 1.076320 -3.680288
v 0.923749 0.780658 -3.134591
v -0.290157 1.076320 -5.406962
v -0.864359 0.780658 -5.406962
v -1.183921 0.233603 -5.406962
v 1.046635 0.780658 -3.116665
v 1.166946 0.780658 -3.134208
v 1.166946 0.233604 -3.217028
v 1.166946 -0.060735 -3.294823
v -0.286600 -0.167264 -3.116665
v -1.020383 -0.080576 -3.680288
v -0.286628 -0.080576 -3.134591
v -1.270814 -0.080576 -4.792941
v -1.199190 -0.060735 -5.392393
v 1.101402 -0.167264 -3.689280
v 0.921582 -0.167264 -4.737132
v 0.821612 -0.253951 -4.737131
v 0.120232 0.267512 -6.679243
v 0.110259 0.728906 -6.689023
v -0.284333 0.797168 -6.689023
v -0.284333 0.045451 -6.689022
v -0.540746 0.353047 -6.689023
v 0.908732 -0.253951 -3.294823
v 0.485270 -0.253951 -3.217028
v -0.286600 -0.253951 -3.134207
v 0.986524 -0.253951 -3.689280
v 0.274649 1.076320 -5.406962
v 0.586573 1.099425 -5.392392
v 0.685571 1.076320 -4.792941
v 0.845374 0.780658 -3.680287
v 0.923749 0.233604 -3.134591
v -0.290157 0.780658 -5.406962
v -0.864359 0.233603 -5.406962
v -1.183921 -0.060735 -5.406962
v 1.046635 0.233603 -3.116666
v 1.166946 0.233603 -3.134208
v 1.166946 -0.060735 -3.217028
v 1.166946 -0.167264 -3.294823
v 0.485270 -0.167264 -3.116665
v -0.919842 -0.080576 -4.792941
v -0.287475 -0.080576 -3.680288
v 0.483622 -0.080576 -3.134591
v -1.185983 -0.080577 -5.392392
v 0.110259 0.273269 -6.689023
v -0.027920 0.649128 -6.689023
v -0.284333 0.205007 -6.689023
v 1.046635 -0.253951 -3.294823
v 0.908732 -0.253951 -3.217028
v 0.485270 -0.253951 -3.134207
v 0.274649 0.780658 -5.406962
v 0.584511 1.076320 -5.406962
v 0.599476 1.076320 -5.392393
v 0.845374 0.233603 -3.680287
v 0.923749 -0.060735 -3.134591
v -0.290157 0.233603 -5.406962
v -0.864359 -0.060735 -5.406962
v 1.046635 -0.060735 -3.116666
v 1.166946 -0.060735 -3.134208
v 1.166946 -0.167264 -3.217028
v 0.908732 -0.167264 -3.116665
v -0.865675 -0.080577 -5.392392
v -0.289203 -0.080576 -4.792941
v 0.433438 -0.080576 -3.680288
v 0.906194 -0.080576 -3.134591
v -0.027920 0.353047 -6.689023
v 1.046635 -0.253951 -3.217028
v 0.908732 -0.253951 -3.134208
v 0.274649 0.233603 -5.406962
v 0.584511 0.780658 -5.406962
v 0.599476 0.780658 -5.392393
v 0.845374 -0.060735 -3.680288
v -0.290157 -0.060735 -5.406962
v 1.046635 -0.167264 -3.116665
v 1.166946 -0.167264 -3.134207
v -0.290134 -0.080577 -5.392392
v 0.331116 -0.080576 -4.792941
v 0.828943 -0.080576 -3.680288
v 1.046635 -0.253951 -3.134208
v 0.274649 -0.060735 -5.406962
v 0.584511 0.233603 -5.406962
v 0.599476 0.233603 -5.392393
v 0.685571 -0.060735 -4.792941
v 0.275989 -0.080577 -5.392392
v 0.671433 -0.080576 -4.792941
v 0.584511 -0.060735 -5.406962
v 0.599476 -0.060735 -5.392393
v 0.586573 -0.080577 -5.392392
v 0.693708 0.115897 -4.792500
v 0.741910 0.308329 -4.459199
v 0.645505 0.308329 -5.125803
v 0.741910 0.693193 -4.459198
v 0.645505 0.693192 -5.125802
v 0.693708 0.885624 -4.792500
v -1.475424 0.115897 -4.792500
v -1.532370 0.308329 -4.459199
v -1.418478 0.308329 -5.125803
v -1.532370 0.693193 -4.459198
v -1.418479 0.693192 -5.125802
v -1.475424 0.885624 -4.792500
v -1.540694 0.705268 -4.431534
v -1.540694 0.296790 -4.431534
v -1.481092 0.092511 -4.790167
v -1.421490 0.296790 -5.148806
v -1.421490 0.705268 -5.148806
v -1.481092 0.909465 -4.790168
v 1.005424 0.749073 -4.237236
v 1.005424 0.259365 -4.237236
v 0.917238 0.013985 -4.762441
v 0.829053 0.259365 -5.287645
v 0.829054 0.749073 -5.287645
v 0.917239 0.993400 -4.762441
v -1.334702 0.305256 -4.448870
v -1.285346 0.109449 -4.792519
v -1.334702 0.696790 -4.448870
v -1.285346 0.892517 -4.792519
v -1.235991 0.696790 -5.136167
v -1.235991 0.305256 -5.136168
v 0.753319 0.267278 -4.321233
v 0.753319 0.741242 -4.321234
v 0.685599 0.029764 -4.792743
v 0.617879 0.267278 -5.264251
v 0.617880 0.741242 -5.264251
v 0.685599 0.977691 -4.792743
v -1.397702 0.749000 -5.287426
v -1.397702 0.259428 -5.287426
v -1.485843 0.014115 -4.762483
v -1.573984 0.259427 -4.237544
v -1.573984 0.749000 -4.237544
v -1.485843 0.993261 -4.762483
v 0.972133 0.705340 -4.431225
v 0.912487 0.909605 -4.790125
v 0.852842 0.705340 -5.149024
v 0.852842 0.296728 -5.149025
v 0.912487 0.092380 -4.790125
v 0.972133 0.296728 -4.431225
v 0.848754 0.308329 -4.459199
v 0.796325 0.115897 -4.792500
v 0.743895 0.308329 -5.125803
v 0.743896 0.693192 -5.125802
v 0.796325 0.885624 -4.792500
v 0.848754 0.693193 -4.459198
v 0.958234 0.308329 -4.459199
v 0.901474 0.115897 -4.792500
v 0.844713 0.308329 -5.125803
v 0.844713 0.693192 -5.125802
v 0.901474 0.885624 -4.792500
v 0.958234 0.693193 -4.459198
v -1.340906 0.308329 -4.459199
v -1.292686 0.115897 -4.792500
v -1.244466 0.308329 -5.125803
v -1.244466 0.693192 -5.125802
v -1.292686 0.885624 -4.792500
v -1.340906 0.693193 -4.459198
v -1.437723 0.308329 -4.459199
v -1.385090 0.115897 -4.792500
v -1.332458 0.308329 -5.125803
v -1.332458 0.693192 -5.125802
v -1.385090 0.885624 -4.792500
v -1.437723 0.693193 -4.459198
v 0.735284 0.304641 -4.446804
v 0.685630 0.108159 -4.792522
v 0.635977 0.304641 -5.138241
v 0.635977 0.697509 -5.138241
v 0.685631 0.893896 -4.792522
v 0.735284 0.697509 -4.446804
v -1.352737 0.267893 -4.323300
v -1.285315 0.031053 -4.792739
v -1.217892 0.267893 -5.262177
v -1.217892 0.740523 -5.262178
v -1.285315 0.976313 -4.792739
v -1.352737 0.740522 -4.323300
vn -0.6264 0.7728 -0.1021
vn -0.1314 0.9911 -0.0207
vn -0.1326 0.9909 -0.0214
vn -0.6313 0.7683 -0.1057
vn 0.0005 1.0000 0.0003
vn 0.0006 1.0000 0.0003
vn -0.1389 0.9900 -0.0225
vn -0.6496 0.7524 -0.1093
vn -0.9865 0.0006 -0.1638
vn -0.9677 0.1950 -0.1599
vn -0.9679 0.1898 -0.1646
vn -0.9857 0.0006 -0.1684
vn -0.9696 0.1801 -0.1656
vn -0.9856 0.0006 -0.1691
vn -0.1322 0.9911 -0.0158
vn -0.6283 0.7741 -0.0773
vn -0.6077 0.7941 -0.0000
vn -0.1226 0.9925 0.0004
vn -0.1454 0.9891 -0.0235
vn -0.6687 0.7350 -0.1123
vn -0.1496 0.9885 -0.0241
vn -0.6836 0.7209 -0.1142
vn -0.9854 -0.0022 -0.1701
vn -0.9857 0.0002 -0.1687
vn -0.9857 0.0003 -0.1684
vn -0.9856 0.0002 -0.1691
vn -0.9865 0.0006 -0.1639
vn -0.9727 0.1983 -0.1210
vn -0.9922 0.0006 -0.1245
vn -1.0000 0.0006 -0.0000
vn -0.9790 0.2037 -0.0000
vn -0.9715 0.1696 -0.1657
vn -0.9856 0.0007 -0.1689
vn -0.9731 0.1607 -0.1653
vn -0.9858 0.0007 -0.1681
vn -0.1524 0.9848 -0.0827
vn -0.6876 0.7069 -0.1659
vn 0.0006 0.9978 -0.0656
vn 0.0004 0.7673 -0.6413
vn -0.1671 0.7503 -0.6396
vn -0.5943 0.5854 -0.5514
vn -0.9856 0.0031 -0.1690
vn -0.9856 -0.0003 -0.1689
vn -0.9856 0.0003 -0.1689
vn -0.9858 0.0005 -0.1681
vn -0.9856 0.0004 -0.1690
vn -0.9856 0.0006 -0.1692
vn -0.9851 -0.0014 -0.1717
vn -0.9849 0.0007 -0.1732
vn -0.9922 -0.0000 -0.1245
vn -0.7264 0.0007 -0.6873
vn -0.9748 0.0007 -0.2230
vn -0.9644 0.1521 -0.2164
vn -0.7117 0.1536 -0.6855
vn -0.1103 0.9089 0.4021
vn -0.0000 0.9046 0.4262
vn -0.5703 0.7235 0.3890
vn -0.1504 0.2092 0.9662
vn -0.0399 0.2238 0.9738
vn 0.0002 0.2132 0.9770
vn 0.0006 0.9983 -0.0584
vn 0.0004 0.7829 -0.6222
vn 0.0006 0.9983 -0.0590
vn 0.0004 0.7814 -0.6240
vn -0.1776 0.1703 -0.9693
vn -0.0000 0.1509 -0.9885
vn -0.0000 0.0003 -1.0000
vn -0.1594 0.0004 -0.9872
vn -0.9715 0.0008 -0.2371
vn -0.9737 0.0004 -0.2278
vn -0.9854 0.0034 -0.1702
vn -0.9857 0.0011 -0.1687
vn -0.9856 0.0012 -0.1690
vn -0.9850 0.0024 -0.1723
vn -1.0000 0.0005 -0.0000
vn -0.8606 0.1724 0.4792
vn -0.8520 0.0003 0.5235
vn -0.1652 -0.0002 0.9863
vn -0.1796 0.0523 0.9824
vn 0.0006 0.9046 0.4262
vn -0.0136 -0.0125 0.9998
vn -0.0217 0.0277 0.9994
vn 0.0586 -0.0576 0.9966
vn 0.0106 0.0178 0.9998
vn 0.0006 0.9981 -0.0618
vn 0.0004 0.7754 -0.6314
vn 0.0006 0.9980 -0.0626
vn 0.0004 0.7738 -0.6334
vn 0.0001 0.1569 -0.9876
vn 0.0001 0.1888 -0.9820
vn -0.0000 -0.0000 -1.0000
vn -0.1507 0.0004 -0.9886
vn -0.1760 0.0005 -0.9844
vn -0.9629 0.0007 -0.2699
vn -0.9670 0.0010 -0.2550
vn -0.9843 0.0007 -0.1764
vn -0.9851 0.0032 -0.1719
vn -0.9857 0.0007 -0.1684
vn -0.9857 0.0005 -0.1684
vn -0.9856 0.0010 -0.1691
vn -0.9856 0.0005 -0.1691
vn 0.0039 0.0016 1.0000
vn 0.0159 -0.1917 0.9813
vn -0.0011 -0.2158 0.9764
vn -0.0000 -0.0008 1.0000
vn 0.0004 -0.0000 1.0000
vn -0.0015 -0.0051 1.0000
vn 0.1648 -0.0004 0.9863
vn 0.1456 -0.0169 0.9892
vn 0.0006 0.9980 -0.0624
vn 0.0004 0.7741 -0.6331
vn 0.0004 0.7739 -0.6333
vn 0.0001 0.1616 -0.9868
vn 0.0001 0.1635 -0.9865
vn 0.0001 -0.0000 -1.0000
vn -0.0000 0.0002 -1.0000
vn 0.0004 -0.0007 -1.0000
vn 0.0005 -0.0001 -1.0000
vn 0.0005 0.0003 -1.0000
vn 0.0001 0.0003 -1.0000
vn -0.1448 0.0004 -0.9895
vn -0.1352 0.0004 -0.9908
vn -0.9714 0.0005 -0.2374
vn -0.9669 0.0004 -0.2552
vn -0.9856 -0.0018 -0.1691
vn -0.9851 -0.0020 -0.1721
vn -0.9856 0.0009 -0.1689
vn -0.9856 0.0006 -0.1689
vn -0.9856 0.0016 -0.1689
vn -0.9858 0.0008 -0.1681
vn -0.9858 0.0006 -0.1681
vn -0.6555 -0.7476 -0.1072
vn -0.9702 -0.1816 -0.1604
vn -0.9703 -0.1766 -0.1651
vn -0.6604 -0.7426 -0.1110
vn -0.9718 -0.1675 -0.1660
vn -0.6783 -0.7258 -0.1145
vn 0.0529 -0.9857 0.1599
vn -0.0006 -0.9911 0.1329
vn 0.7401 -0.5680 0.3600
vn 0.8002 -0.5888 0.1143
vn 0.0481 -0.9988 0.0066
vn -0.0006 -1.0000 -0.0003
vn -0.0000 -0.0011 1.0000
vn -0.0008 -0.2178 0.9760
vn -0.0004 -0.2183 0.9759
vn 0.0006 -0.0003 1.0000
vn 0.1648 -0.0000 0.9863
vn 0.9507 -0.0464 0.3067
vn 0.9556 -0.0006 0.2948
vn 0.9898 -0.0006 0.1421
vn 0.9890 -0.0422 0.1419
vn 0.1172 0.9929 -0.0186
vn 0.1229 0.9922 -0.0195
vn 0.1162 0.9931 -0.0179
vn 0.5755 0.8124 -0.0934
vn 0.5803 0.8086 -0.0968
vn 0.5989 0.7945 -0.1003
vn 0.0006 0.9983 -0.0591
vn 0.0004 0.7813 -0.6242
vn 0.0001 0.1737 -0.9848
vn 0.0001 0.1636 -0.9865
vn -0.0005 -0.0007 -1.0000
vn -0.0000 -0.0015 -1.0000
vn -0.0001 0.0002 -1.0000
vn -0.0158 0.0274 -0.9995
vn -0.0194 0.0115 -0.9997
vn -0.2933 0.5090 -0.8092
vn -0.5170 0.2992 -0.8020
vn -0.5873 0.0006 -0.8094
vn -0.0191 0.0004 -0.9998
vn 0.0004 0.0007 -1.0000
vn 0.0007 0.0019 -1.0000
vn -0.0000 0.0006 -1.0000
vn -0.1449 0.0004 -0.9894
vn -0.1764 0.0005 -0.9843
vn -0.9748 0.0007 -0.2231
vn -0.9736 0.0009 -0.2281
vn -0.9734 -0.1575 -0.1662
vn -0.6969 -0.7074 -0.1175
vn -0.9749 -0.1491 -0.1654
vn -0.7114 -0.6926 -0.1193
vn -0.1510 -0.9882 -0.0250
vn -0.1441 -0.9893 -0.0238
vn -0.1430 -0.9895 -0.0230
vn -0.6380 -0.7700 -0.0002
vn -0.9817 -0.1903 -0.0000
vn -0.9752 -0.1848 -0.1214
vn -0.6575 -0.7491 -0.0813
vn -0.1652 -0.0003 0.9863
vn -0.0006 -0.9919 0.1273
vn -0.0006 -0.9920 0.1259
vn 0.0477 -0.9988 0.0065
vn 0.8069 -0.5793 0.1153
vn 0.8217 -0.5576 0.1174
vn 0.0499 -0.9987 0.0068
vn -0.0000 -0.2182 0.9759
vn 0.0004 -0.2183 0.9759
vn 0.1169 0.9931 -0.0137
vn 0.5774 0.8134 -0.0708
vn 0.1084 0.9941 0.0004
vn 0.5555 0.8315 0.0003
vn 0.9898 -0.0007 0.1421
vn 0.9890 -0.0418 0.1419
vn 0.9898 -0.0005 0.1421
vn 0.9888 -0.0457 0.1419
vn 0.1286 0.9915 -0.0205
vn 0.1324 0.9910 -0.0210
vn 0.6185 0.7789 -0.1035
vn 0.6337 0.7664 -0.1055
vn 0.9622 0.2211 -0.1589
vn 0.9627 0.2154 -0.1636
vn 0.9865 -0.0005 -0.1640
vn 0.9857 -0.0004 -0.1684
vn 0.9856 -0.0005 -0.1692
vn 0.9649 0.2045 -0.1647
vn 0.0006 0.9983 -0.0588
vn 0.0004 0.7819 -0.6234
vn 0.0006 0.9978 -0.0657
vn 0.0004 0.7671 -0.6416
vn 0.0001 0.1616 -0.9869
vn 0.0001 0.1883 -0.9821
vn -0.0007 0.0003 -1.0000
vn -0.0006 -0.0001 -1.0000
vn -0.0001 -0.0001 -1.0000
vn -0.0002 0.0003 -1.0000
vn 0.0160 0.0277 -0.9995
vn -0.0000 0.0482 -0.9988
vn 0.2939 0.5087 -0.8093
vn 0.0003 0.5974 -0.8019
vn -0.4993 0.8661 -0.0248
vn -0.8658 0.4999 -0.0245
vn -0.4995 0.8663 0.0006
vn -0.8659 0.5003 0.0003
vn -1.0000 0.0004 0.0001
vn -0.9997 0.0006 -0.0251
vn -0.0198 -0.0110 -0.9997
vn -0.5173 -0.2980 -0.8022
vn -0.2940 -0.5081 -0.8096
vn -0.0167 -0.0280 -0.9995
vn -0.0000 0.0004 -1.0000
vn -0.0001 0.0006 -1.0000
vn -0.0000 0.0029 -1.0000
vn -0.0006 0.0016 -1.0000
vn -0.0001 -0.1532 -0.9882
vn -0.0001 -0.1780 -0.9840
vn -0.0001 -0.1548 -0.9879
vn -0.0005 -0.7488 -0.6628
vn -0.0005 -0.7504 -0.6609
vn -0.0005 -0.7566 -0.6538
vn -0.0001 -0.1479 -0.9890
vn -0.0001 -0.1417 -0.9899
vn -0.0005 -0.7581 -0.6521
vn -0.0005 -0.7420 -0.6704
vn -0.1502 0.0004 -0.9887
vn -0.1602 0.0004 -0.9871
vn -0.9659 -0.1411 -0.2170
vn -0.7139 -0.6787 -0.1725
vn -0.7132 -0.1433 -0.6862
vn -0.6105 -0.5525 -0.5674
vn -0.1625 -0.9863 -0.0267
vn -0.1580 -0.9871 -0.0261
vn -0.0005 -1.0000 -0.0003
vn -0.1438 -0.9894 -0.0178
vn -0.1336 -0.9910 -0.0003
vn -0.9818 -0.1900 -0.0000
vn -0.9818 -0.1898 -0.0000
vn -0.0006 -0.9920 0.1261
vn -0.0006 -0.9920 0.1260
vn 0.0523 -0.9986 0.0072
vn 0.8369 -0.5342 0.1196
vn 0.8459 -0.5195 0.1209
vn 0.0524 -0.9986 0.0072
vn 0.0008 -0.2178 0.9760
vn 0.0011 -0.2158 0.9764
vn 0.1085 0.9941 0.0004
vn 0.9670 0.2246 -0.1202
vn 0.9922 -0.0000 -0.1245
vn 0.9729 0.2313 -0.0000
vn 1.0000 -0.0006 -0.0000
vn -0.0139 0.0115 0.9998
vn -0.0016 0.0045 1.0000
vn 0.0546 0.0552 0.9970
vn 0.1445 0.0165 0.9894
vn 0.9886 -0.0503 0.1419
vn 0.9890 -0.0417 0.1419
vn 0.1350 0.9876 -0.0799
vn 0.1492 0.7542 -0.6395
vn 0.6395 0.7518 -0.1609
vn 0.5423 0.6174 -0.5699
vn 0.9673 0.1926 -0.1650
vn 0.9856 -0.0007 -0.1690
vn 0.9858 -0.0005 -0.1682
vn 0.9693 0.1826 -0.1645
vn 0.9857 -0.0006 -0.1684
vn 0.9856 -0.0009 -0.1692
vn 0.9856 -0.0012 -0.1688
vn 0.9854 -0.0033 -0.1702
vn 0.0001 0.1558 -0.9878
vn 0.0001 0.1536 -0.9881
vn -0.0001 0.0001 -1.0000
vn -0.0005 0.0007 -1.0000
vn 0.0199 0.0003 -0.9998
vn 0.0200 0.0119 -0.9997
vn 0.5872 -0.0001 -0.8094
vn 0.5173 0.2985 -0.8021
vn 0.1426 0.0003 -0.9898
vn 0.1373 0.0003 -0.9905
vn 0.6853 -0.0002 -0.7282
vn 0.6853 -0.0002 -0.7283
vn 0.1605 0.0003 -0.9870
vn 0.1336 0.0003 -0.9910
vn 0.1249 0.0003 -0.9922
vn 0.0006 0.9997 -0.0244
vn 0.5004 0.8655 -0.0249
vn 0.5005 0.8657 0.0005
vn 0.0005 1.0000 0.0006
vn -0.4996 0.8663 0.0006
vn -0.8658 0.5004 0.0004
vn -0.4994 0.8664 0.0006
vn -0.8657 0.5005 0.0004
vn -1.0000 0.0006 0.0001
vn -0.8658 -0.4998 -0.0249
vn -0.8663 -0.4995 -0.0003
vn -0.5004 -0.8658 -0.0005
vn -0.5004 -0.8654 -0.0255
vn -0.0001 -0.0508 -0.9987
vn -0.0004 -0.5968 -0.8024
vn 0.2933 -0.5084 -0.8096
vn 0.0168 -0.0285 -0.9995
vn -0.0001 -0.1642 -0.9864
vn -0.0001 -0.1549 -0.9879
vn -0.0005 -0.7490 -0.6626
vn -0.0006 -0.9977 -0.0683
vn -0.0006 -0.9977 -0.0675
vn -0.0006 -0.9979 -0.0645
vn -0.1789 -0.1592 -0.9709
vn -0.1743 -0.7259 -0.6654
vn -0.0006 -0.9980 -0.0638
vn -0.0006 -0.9974 -0.0715
vn -0.1653 -0.9822 -0.0895
vn -0.1335 -0.9910 -0.0003
vn -0.8614 -0.1612 0.4817
vn -0.1788 -0.0493 0.9826
vn -0.5914 -0.6990 0.4021
vn -0.1528 -0.1935 0.9691
vn -0.0006 -0.9919 0.1274
vn 0.0504 -0.9981 0.0360
vn -0.0006 -0.9995 0.0315
vn 0.8461 -0.5143 0.1400
vn 0.6459 -0.3559 0.6753
vn 0.0356 -0.5503 0.8342
vn -0.0003 -0.5416 0.8407
vn -0.0039 0.0019 1.0000
vn -0.0161 -0.1897 0.9817
vn -0.0530 -0.0550 0.9971
vn -0.0094 0.0180 0.9998
vn 0.0978 0.9092 0.4046
vn 0.5230 0.7485 0.4078
vn 0.0352 0.2225 0.9743
vn 0.1286 0.2119 0.9688
vn 0.9922 -0.0005 -0.1245
vn 0.9922 -0.0006 -0.1245
vn -0.0404 -0.2096 0.9770
vn -0.0218 -0.0265 0.9994
vn -0.0000 -0.1987 0.9801
vn 0.0105 -0.0173 0.9998
vn 0.9500 0.0471 0.3087
vn 0.6972 0.6134 0.3710
vn 0.7561 0.6454 0.1083
vn 0.9890 0.0426 0.1420
vn 0.9858 -0.0379 0.1633
vn 0.9853 -0.0007 0.1708
vn 0.6904 -0.0007 0.7235
vn 0.6895 -0.0296 0.7237
vn 0.1578 0.1725 -0.9723
vn 0.6730 0.1641 -0.7212
vn 0.9595 0.1725 -0.2229
vn 0.9728 -0.0005 -0.2315
vn 0.9856 -0.0008 -0.1690
vn 0.9858 -0.0005 -0.1681
vn 0.9856 -0.0014 -0.1689
vn 0.9856 0.0018 -0.1689
vn 0.9856 -0.0009 -0.1690
vn 0.9851 -0.0025 -0.1717
vn 0.9865 -0.0005 -0.1639
vn 0.9856 -0.0005 -0.1693
vn 0.9849 -0.0005 -0.1733
vn 0.1608 0.0003 -0.9870
vn 0.1368 0.0003 -0.9906
vn 0.6853 -0.0001 -0.7283
vn 0.1434 0.0003 -0.9897
vn -0.0001 -0.1469 -0.9891
vn -0.0001 -0.1776 -0.9841
vn -0.0001 -0.1442 -0.9895
vn -0.0005 -0.7418 -0.6706
vn -0.0005 -0.7571 -0.6533
vn -0.0005 -0.7565 -0.6540
vn -0.0005 -0.7505 -0.6609
vn 0.0204 -0.0114 -0.9997
vn 0.5169 -0.2986 -0.8023
vn 0.1337 0.0003 -0.9910
vn 0.9997 -0.0006 -0.0252
vn 0.8658 0.4999 -0.0246
vn 1.0000 -0.0006 -0.0001
vn 0.8663 0.4995 0.0003
vn 0.9715 -0.0008 -0.2370
vn 0.9689 -0.0004 -0.2476
vn 0.9634 -0.0002 -0.2679
vn 0.9851 0.0021 -0.1720
vn 0.9843 -0.0004 -0.1765
vn 0.9586 -0.0005 -0.2848
vn 0.0007 1.0000 0.0008
vn 0.5004 0.8658 0.0006
vn 0.5003 0.8658 0.0004
vn -0.4994 0.8662 -0.0199
vn -0.8658 0.4999 -0.0200
vn -0.3457 0.5998 -0.7216
vn -0.5967 0.3452 -0.7244
vn -0.6921 0.0007 -0.7218
vn -0.9998 0.0006 -0.0201
vn -0.8664 -0.4994 -0.0003
vn -0.8663 -0.4996 -0.0002
vn -0.5004 -0.8658 -0.0006
vn -0.0000 -0.9997 -0.0251
vn -0.0005 -1.0000 -0.0006
vn 0.4996 -0.8663 -0.0005
vn 0.4993 -0.8660 -0.0255
vn -0.0006 -0.9977 -0.0682
vn -0.1183 -0.8971 0.4258
vn -0.0005 -0.8916 0.4528
vn -0.0556 -0.9852 0.1623
vn -0.7351 -0.5597 0.3826
vn -0.0508 -0.9987 0.0068
vn -0.8072 -0.5789 0.1153
vn -0.0006 -0.9994 0.0332
vn -0.0006 -0.9994 0.0337
vn -0.0003 -0.5354 0.8446
vn -0.0003 -0.5337 0.8456
vn 0.0376 -0.0004 0.9993
vn 0.0367 -0.0357 0.9987
vn -0.0000 -0.0003 1.0000
vn -0.0000 -0.0360 0.9994
vn 0.0191 0.0277 0.9994
vn 0.0118 -0.0125 0.9999
vn 0.1443 -0.0004 0.9895
vn 0.1592 0.0527 0.9858
vn 0.8308 0.1887 0.5236
vn 0.8171 -0.0007 0.5764
vn 1.0000 -0.0005 -0.0000
vn -0.0000 0.0004 1.0000
vn 0.0038 -0.0022 1.0000
vn -0.0001 -0.1987 0.9801
vn 0.0002 0.1999 0.9798
vn 0.0150 0.1777 0.9840
vn 0.0473 0.9843 0.1700
vn 0.0006 0.9896 0.1439
vn 0.0425 0.9991 0.0063
vn 0.9890 0.0425 0.1420
vn 0.7635 0.6365 0.1094
vn 0.7805 0.6151 0.1118
vn 0.9887 0.0474 0.1419
vn 0.9825 -0.0006 0.1865
vn 0.9779 -0.0007 0.2089
vn 0.6904 -0.0007 0.7234
vn 0.9856 -0.0000 -0.1688
vn 0.9856 -0.0001 -0.1691
vn 0.9854 0.0022 -0.1704
vn 0.9851 0.0015 -0.1718
vn 0.9688 -0.0006 -0.2479
vn 0.9714 -0.0002 -0.2373
vn 0.9856 -0.0030 -0.1691
vn 0.9858 -0.0003 -0.1682
vn 0.1585 -0.1617 -0.9740
vn 0.6740 -0.1549 -0.7223
vn 0.5577 -0.5861 -0.5878
vn 0.1541 -0.7301 -0.6657
vn -0.0006 -0.9979 -0.0643
vn -0.0006 -0.9974 -0.0716
vn -0.0006 -0.9979 -0.0646
vn -0.0006 -0.9977 -0.0674
vn 0.8658 -0.4999 -0.0250
vn 0.8657 -0.5005 -0.0004
vn 0.9634 -0.0008 -0.2681
vn 0.9851 -0.0032 -0.1721
vn 0.8664 0.4993 0.0004
vn 1.0000 -0.0004 -0.0001
vn 0.0006 0.9998 -0.0198
vn 0.5004 0.8656 -0.0199
vn 0.3464 0.5994 -0.7216
vn 0.0004 0.6895 -0.7243
vn -0.0436 0.0256 -0.9987
vn -0.0520 0.0004 -0.9986
vn -0.0260 0.0453 -0.9986
vn -0.8658 -0.4999 -0.0203
vn -0.5971 -0.3440 -0.7246
vn -0.3464 -0.5989 -0.7220
vn -0.5004 -0.8655 -0.0205
vn -0.0005 -1.0000 -0.0007
vn 0.4997 -0.8662 -0.0005
vn 0.4996 -0.8662 -0.0006
vn -0.0504 -0.9987 0.0068
vn -0.8138 -0.5694 0.1162
vn -0.0526 -0.9986 0.0071
vn -0.8283 -0.5477 0.1183
vn -0.9898 0.0006 0.1422
vn -0.9488 0.0004 0.3160
vn -0.9433 -0.0449 0.3289
vn -0.9891 -0.0400 0.1420
vn -0.1443 -0.0003 0.9895
vn -0.1267 -0.0161 0.9918
vn -0.0006 -0.9994 0.0336
vn 0.0001 -0.5339 0.8455
vn -0.0003 -0.5338 0.8456
vn -0.0000 -0.0358 0.9994
vn -0.0000 -0.0000 1.0000
vn 0.0014 -0.0050 1.0000
vn -0.0005 -0.0003 1.0000
vn 0.0001 0.0002 1.0000
vn 0.0002 0.2021 0.9794
vn -0.0007 0.2017 0.9795
vn 0.0006 0.9904 0.1380
vn 0.0006 0.9906 0.1366
vn 0.0422 0.9991 0.0063
vn 0.0440 0.9990 0.0065
vn 0.9884 0.0535 0.1419
vn 0.7980 0.5918 0.1143
vn 0.8084 0.5772 0.1158
vn 0.9889 0.0437 0.1420
vn 0.9824 -0.0006 0.1868
vn 0.9853 -0.0007 0.1709
vn 0.9856 -0.0003 -0.1692
vn 0.9856 -0.0002 -0.1692
vn 0.9857 -0.0003 -0.1685
vn 0.9856 0.0009 -0.1689
vn 0.9856 -0.0004 -0.1690
vn 0.9856 -0.0005 -0.1690
vn 0.9610 -0.1625 -0.2236
vn 0.9712 -0.1719 -0.1649
vn 0.6613 -0.7419 -0.1108
vn 0.6657 -0.7271 -0.1681
vn 0.1415 -0.9897 -0.0233
vn 0.1441 -0.9858 -0.0866
vn 0.8658 -0.5004 -0.0004
vn 0.8658 -0.5003 -0.0003
vn 0.9998 -0.0006 -0.0203
vn 0.8659 0.4999 -0.0201
vn 0.6921 -0.0002 -0.7218
vn 0.5971 0.3445 -0.7244
vn -0.0000 0.0507 -0.9987
vn 0.0259 0.0453 -0.9986
vn -0.0436 -0.0248 -0.9987
vn -0.0260 -0.0446 -0.9987
vn -0.0000 -0.9998 -0.0205
vn -0.0004 -0.6890 -0.7248
vn 0.3457 -0.5993 -0.7220
vn 0.4994 -0.8661 -0.0205
vn -0.0003 -0.5416 0.8406
vn -0.0006 -0.9995 0.0314
vn -0.0550 -0.9985 0.0074
vn -0.8430 -0.5243 0.1204
vn -0.0552 -0.9984 0.0074
vn -0.8518 -0.5095 0.1217
vn -0.9898 0.0005 0.1422
vn -0.9898 -0.0000 0.1422
vn -0.9891 -0.0397 0.1420
vn -0.9889 -0.0436 0.1420
vn -0.9488 0.0005 0.3160
vn 0.0376 -0.0000 0.9993
vn -0.0004 -0.0000 1.0000
vn 0.1444 -0.0004 0.9895
vn -0.0000 0.0007 1.0000
vn -0.0000 0.2021 0.9794
vn 0.0006 0.9906 0.1367
vn 0.0460 0.9989 0.0068
vn 0.0461 0.9989 0.0068
vn 0.9858 0.0389 0.1636
vn 0.8094 0.5717 0.1343
vn 0.6305 0.4115 0.6581
vn 0.6895 0.0291 0.7237
vn 0.9653 -0.2030 -0.1642
vn 0.9672 -0.1927 -0.1653
vn 0.9649 -0.2085 -0.1596
vn 0.6034 -0.7913 -0.0986
vn 0.6083 -0.7871 -0.1022
vn 0.6269 -0.7719 -0.1057
vn 0.9694 -0.1814 -0.1655
vn 0.6463 -0.7553 -0.1089
vn 0.1313 -0.9911 -0.0219
vn 0.1375 -0.9902 -0.0228
vn 0.8658 -0.4999 -0.0204
vn 0.5967 -0.3447 -0.7247
vn 0.0436 0.0255 -0.9987
vn 0.0518 0.0003 -0.9987
vn -0.0001 -0.0500 -0.9987
vn 0.0259 -0.0446 -0.9987
vn 0.1252 -0.9919 -0.0207
vn 0.1241 -0.9921 -0.0201
vn -0.0531 -0.9979 0.0362
vn -0.8519 -0.5044 0.1406
vn -0.0372 -0.5502 0.8342
vn -0.6544 -0.3507 0.6699
vn -0.9898 0.0003 0.1422
vn -0.9887 -0.0482 0.1420
vn -0.9488 -0.0000 0.3160
vn 0.0004 0.5999 0.8001
vn 0.0001 0.0369 0.9993
vn 0.0367 0.0366 0.9987
vn 0.0346 0.6078 0.7933
vn 0.9698 -0.2119 -0.1207
vn 0.6054 -0.7924 -0.0749
vn 0.9759 -0.2181 -0.0001
vn 0.5841 -0.8117 -0.0003
vn 0.0007 0.2017 0.9795
vn 0.0006 0.9904 0.1381
vn 0.0444 0.9985 0.0316
vn 0.0006 0.9996 0.0276
vn 0.0436 -0.0249 -0.9987
vn 0.1158 -0.9933 -0.0004
vn 0.1248 -0.9921 -0.0155
vn -0.0377 -0.0356 0.9987
vn -0.6966 -0.0284 0.7169
vn -0.0387 -0.0003 0.9993
vn -0.6975 0.0002 0.7165
vn -0.9854 0.0005 0.1703
vn -0.9860 -0.0360 0.1630
vn -0.0493 0.0528 0.9974
vn -0.1257 0.0160 0.9919
vn -0.9424 0.0478 0.3311
vn -0.6909 0.6060 0.3943
vn -0.9889 0.0429 0.1421
vn -0.7626 0.6376 0.1094
vn 0.0004 0.5916 0.8062
vn 0.0001 0.0367 0.9993
vn 0.0004 0.5934 0.8049
vn 0.0015 0.0044 1.0000
vn 0.0122 0.0115 0.9999
vn -0.0148 0.1760 0.9843
vn -0.0037 -0.0024 1.0000
vn -0.0093 -0.0174 0.9998
vn 0.0006 0.9996 0.0292
vn 0.0006 0.9996 0.0296
vn -0.0473 0.9839 0.1724
vn -0.0425 0.9991 0.0065
vn -0.0387 -0.0000 0.9993
vn -0.9826 0.0005 0.1858
vn -0.9781 0.0005 0.2081
vn -0.9889 0.0428 0.1421
vn -0.7699 0.6285 0.1105
vn -0.9887 0.0476 0.1420
vn -0.7866 0.6071 0.1129
vn -0.0000 0.0367 0.9993
vn 0.0004 0.5918 0.8061
vn 0.0191 -0.0266 0.9995
vn 0.1583 -0.0501 0.9861
vn 0.0351 -0.2083 0.9774
vn 0.1304 -0.1966 0.9718
vn 0.8311 -0.1785 0.5267
vn 0.5422 -0.7265 0.4222
vn 0.0006 0.9996 0.0295
vn -0.0422 0.9991 0.0064
vn -0.0441 0.9990 0.0067
vn 0.1029 -0.8976 0.4287
vn 0.0004 0.6000 0.8000
vn 0.0001 0.0370 0.9993
vn -0.6975 0.0002 0.7166
vn -0.9854 0.0005 0.1705
vn -0.9825 -0.0000 0.1861
vn -0.9884 0.0536 0.1420
vn -0.8037 0.5837 0.1153
vn -0.9889 0.0439 0.1420
vn -0.8139 0.5691 0.1168
vn -0.0462 0.9989 0.0070
vn -0.0463 0.9989 0.0070
vn -0.0377 0.0366 0.9986
vn -0.6965 0.0296 0.7169
vn -0.0347 0.6078 0.7933
vn -0.6384 0.4074 0.6531
vn -0.9858 0.0392 0.1632
vn -0.8149 0.5636 0.1350
vn -0.0445 0.9985 0.0318
vn 0.0005 0.8694 -0.4940
vn 0.0006 1.0000 0.0069
vn -0.0630 0.9978 0.0211
vn -0.0763 0.8780 -0.4726
vn 0.0005 0.8626 0.5059
vn -0.0801 0.8559 0.5108
vn -0.8034 0.4522 0.3873
vn -0.7618 0.6372 0.1167
vn -0.8425 0.5108 -0.1711
vn 0.0003 0.5032 -0.8642
vn -0.0844 0.5111 -0.8554
vn -0.0796 0.0013 -0.9968
vn -0.8934 0.2777 -0.3532
vn -0.8900 0.0006 -0.4560
vn 0.0003 0.4969 0.8678
vn -0.0948 0.4886 0.8673
vn -0.0919 0.0001 0.9958
vn -0.8090 0.0002 0.5878
vn -0.8217 0.2270 0.5227
vn -0.0005 -0.8691 -0.4946
vn -0.0003 -0.5025 -0.8646
vn -0.0872 -0.5100 -0.8557
vn -0.0812 -0.8774 -0.4729
vn -0.8991 -0.2714 -0.3434
vn -0.8560 -0.4919 -0.1594
vn -0.0003 -0.4975 0.8675
vn -0.0978 -0.4884 0.8671
vn -0.0005 -0.8629 0.5053
vn -0.0853 -0.8555 0.5108
vn -0.8162 -0.4358 0.3793
vn -0.8273 -0.2225 0.5158
vn -0.0006 -1.0000 0.0062
vn -0.0683 -0.9974 0.0210
vn -0.7815 -0.6125 0.1187
vn 0.0005 0.8588 -0.5123
vn 0.0006 0.9999 -0.0143
vn -0.2208 0.9736 -0.0580
vn -0.2423 0.8125 -0.5302
vn 0.0005 0.8731 0.4876
vn -0.2350 0.8690 0.4354
vn -0.9830 0.1729 -0.0624
vn -0.9687 0.1845 -0.1662
vn -0.9648 0.1225 -0.2329
vn 0.0003 0.4939 -0.8695
vn -0.2609 0.4567 -0.8505
vn -0.2787 0.0005 -0.9604
vn -0.9679 0.0526 -0.2456
vn -0.9722 0.0005 -0.2340
vn 0.0003 0.5061 0.8625
vn -0.2464 0.5121 0.8228
vn -0.2591 0.0001 0.9659
vn -0.9968 0.0005 0.0801
vn -0.9928 0.1131 0.0404
vn -0.0005 -0.8584 -0.5129
vn -0.0003 -0.4933 -0.8698
vn -0.2636 -0.4552 -0.8505
vn -0.2470 -0.8106 -0.5309
vn -0.9683 -0.0509 -0.2447
vn -0.9654 -0.1194 -0.2318
vn -0.0003 -0.5067 0.8621
vn -0.2496 -0.5119 0.8220
vn -0.0005 -0.8734 0.4869
vn -0.2401 -0.8683 0.4340
vn -0.9835 -0.1689 -0.0644
vn -0.9931 -0.1110 0.0383
vn -0.0006 -0.9999 -0.0150
vn -0.2262 -0.9723 -0.0595
vn -0.9695 -0.1797 -0.1664
vn -0.9853 0.0007 -0.1709
vn -0.9857 -0.0067 -0.1686
vn -0.9877 -0.0013 -0.1566
vn -0.9887 0.0005 -0.1497
vn -0.9860 -0.0047 -0.1666
vn -0.9859 -0.0070 -0.1672
vn -0.9860 0.0062 -0.1667
vn -0.9856 0.0082 -0.1687
vn -0.9877 0.0026 -0.1566
vn -0.9859 0.0085 -0.1673
vn -0.9859 0.0195 -0.1664
vn -0.9884 0.0211 -0.1503
vn -0.9860 -0.0041 -0.1665
vn -0.9859 0.0005 -0.1675
vn -0.9918 0.0152 -0.1272
vn -0.9934 0.0006 -0.1148
vn -0.9852 0.0005 -0.1717
vn -0.9856 -0.0067 -0.1688
vn -0.9917 -0.0137 -0.1278
vn -0.9884 -0.0191 -0.1507
vn -0.9860 0.0052 -0.1664
vn -0.9856 0.0078 -0.1687
vn -0.9859 -0.0175 -0.1664
vn -0.9859 0.0006 -0.1674
vn 0.9853 -0.0005 -0.1709
vn 0.9856 -0.0079 -0.1686
vn 0.9847 -0.0065 -0.1744
vn 0.9841 -0.0004 -0.1776
vn 0.9860 -0.0059 -0.1667
vn 0.9854 -0.0067 -0.1698
vn 0.9847 0.0055 -0.1744
vn 0.9854 0.0061 -0.1702
vn 0.9860 0.0050 -0.1668
vn 0.9856 0.0070 -0.1688
vn 0.9857 -0.0000 -0.1686
vn 0.9854 -0.0066 -0.1701
vn 0.9860 -0.0053 -0.1665
vn 0.9859 -0.0006 -0.1676
vn 0.9851 -0.0006 -0.1718
vn 0.9856 -0.0079 -0.1689
vn 0.9842 -0.0073 -0.1771
vn 0.9830 -0.0005 -0.1836
vn 0.9860 0.0041 -0.1665
vn 0.9856 0.0066 -0.1687
vn 0.9842 0.0063 -0.1768
vn 0.9854 0.0052 -0.1701
vn 0.9859 -0.0004 -0.1675
vn 0.9857 -0.0010 -0.1686
vn 0.8166 0.5439 -0.1932
vn 0.8707 0.2977 -0.3915
vn 0.9934 0.0144 0.1134
vn 0.9922 0.0275 0.1216
vn 0.8652 -0.0004 -0.5014
vn 0.9941 -0.0009 0.1087
vn 0.7814 0.4793 0.3996
vn 0.7336 0.6702 0.1125
vn 0.9889 0.0417 0.1423
vn 0.9866 0.0255 0.1612
vn 0.8766 -0.2934 -0.3815
vn 0.9933 -0.0155 0.1142
vn 0.8304 -0.5269 -0.1814
vn 0.9921 -0.0275 0.1228
vn 0.7531 -0.6479 0.1147
vn 0.9890 -0.0404 0.1422
vn 0.7941 -0.4647 0.3918
vn 0.9868 -0.0256 0.1601
vn 0.8088 -0.2381 0.5378
vn 0.9858 -0.0141 0.1672
vn 0.7900 -0.0008 0.6132
vn 0.9852 -0.0009 0.1717
vn 0.8033 0.2408 0.5447
vn 0.9857 0.0128 0.1679
vn -0.9843 0.0074 -0.1766
vn -0.9830 0.0007 -0.1835
vn -0.9854 0.0063 -0.1700
vn -0.9842 -0.0062 -0.1769
vn -0.9854 -0.0055 -0.1702
vn -0.9857 0.0009 -0.1685
vn -0.9854 0.0073 -0.1702
vn -0.9847 0.0066 -0.1742
vn -0.9841 0.0006 -0.1775
vn -0.9847 -0.0053 -0.1742
vn -0.9854 -0.0057 -0.1700
vn -0.9857 0.0001 -0.1685
vn 0.9312 -0.0006 -0.3645
vn 0.9241 -0.1220 -0.3622
vn 0.9859 -0.0083 -0.1672
vn 0.9869 -0.0006 -0.1611
vn 0.9195 -0.2504 -0.3030
vn 0.9844 -0.0202 -0.1748
vn 0.9225 -0.3504 -0.1622
vn 0.9853 -0.0365 -0.1668
vn 0.9482 -0.3168 0.0214
vn 0.9891 -0.0340 -0.1430
vn 0.9634 -0.1955 0.1833
vn 0.9931 -0.0221 -0.1154
vn 0.9702 -0.0007 0.2421
vn 0.9949 -0.0007 -0.1009
vn 0.9626 0.1960 0.1870
vn 0.9932 0.0213 -0.1146
vn 0.9468 0.3207 0.0249
vn 0.9892 0.0341 -0.1422
vn 0.9853 0.0368 -0.1668
vn 0.9843 0.0197 -0.1752
vn 0.9205 0.3557 -0.1616
vn 0.9181 0.2532 -0.3049
vn 0.9859 0.0074 -0.1674
vn 0.9234 0.1220 -0.3641
vn 0.0003 0.4946 -0.8691
vn 0.0002 0.4992 -0.8665
vn 0.0005 0.8596 -0.5110
vn 0.0005 0.8648 -0.5021
vn 0.0006 0.9999 -0.0127
vn 0.0006 1.0000 -0.0025
vn 0.0005 0.8723 0.4890
vn 0.0005 0.8673 0.4978
vn 0.0003 0.5053 0.8629
vn 0.0003 0.5009 0.8655
vn -0.0003 -0.5060 0.8626
vn -0.0003 -0.5016 0.8651
vn -0.0005 -0.8726 0.4883
vn -0.0005 -0.8677 0.4972
vn -0.0006 -0.9999 -0.0134
vn -0.0006 -1.0000 -0.0032
vn -0.0005 -0.8592 -0.5116
vn -0.0005 -0.8644 -0.5027
vn -0.0003 -0.4940 -0.8695
vn -0.0003 -0.4985 -0.8669
vn 0.1947 0.4710 -0.8604
vn 0.2075 0.0004 -0.9782
vn 0.1788 0.8317 -0.5256
vn 0.1615 0.9859 -0.0436
vn 0.1701 0.8746 0.4541
vn 0.1782 0.5130 0.8397
vn 0.1857 -0.0002 0.9826
vn 0.1795 -0.5134 0.8391
vn 0.1721 -0.8747 0.4530
vn 0.1636 -0.9855 -0.0449
vn 0.1808 -0.8308 -0.5264
vn 0.1959 -0.4701 -0.8606
vn 0.0775 0.5105 -0.8564
vn 0.0725 0.0007 -0.9974
vn 0.0710 0.8774 -0.4745
vn 0.0005 0.8692 -0.4944
vn 0.0003 0.5029 -0.8643
vn 0.0591 0.9981 0.0198
vn 0.0751 0.8567 0.5103
vn 0.0005 0.8628 0.5055
vn 0.0006 1.0000 0.0064
vn 0.0885 0.4894 0.8676
vn 0.0854 -0.0000 0.9963
vn 0.0003 0.4971 0.8677
vn 0.0902 -0.4894 0.8674
vn 0.0779 -0.8565 0.5102
vn -0.0005 -0.8632 0.5049
vn -0.0003 -0.4978 0.8673
vn 0.0617 -0.9979 0.0196
vn 0.0734 -0.8770 -0.4748
vn -0.0005 -0.8689 -0.4950
vn -0.0006 -1.0000 0.0057
vn 0.0789 -0.5097 -0.8568
vn -0.0003 -0.5023 -0.8647
vn 0.0003 0.4988 -0.8667
vn 0.0005 0.8645 -0.5027
vn 0.0006 1.0000 -0.0032
vn 0.0005 0.8677 0.4972
vn 0.0003 0.5013 0.8653
vn -0.0003 -0.5019 0.8649
vn -0.0005 -0.8680 0.4966
vn -0.0006 -1.0000 -0.0039
vn -0.0005 -0.8641 -0.5033
vn -0.0003 -0.4983 -0.8670
vn -0.9935 0.0161 0.1124
vn -0.9942 0.0003 0.1074
vn -0.9922 0.0296 0.1209
vn -0.9888 0.0447 0.1423
vn -0.9864 0.0278 0.1621
vn -0.9855 0.0147 0.1693
vn -0.9849 0.0003 0.1734
vn -0.9856 -0.0135 0.1686
vn -0.9866 -0.0255 0.1610
vn -0.9890 -0.0410 0.1423
vn -0.9921 -0.0273 0.1221
vn -0.9935 -0.0149 0.1132
vt 0.244448 0.486680
vt 0.269933 0.506300
vt 0.279622 0.567818
vt 0.258372 0.567818
vt 0.287381 0.506300
vt 0.296473 0.567818
vt 0.310848 0.664038
vt 0.294942 0.664038
vt 0.272296 0.648956
vt 2.047044 0.035761
vt 2.054958 0.035761
vt 2.054958 0.070497
vt 2.047044 0.070497
vt 2.064586 0.024683
vt 2.064586 0.070497
vt 2.064586 0.116311
vt 2.054958 0.124827
vt 2.047044 0.124827
vt 0.266703 0.484021
vt 0.284351 0.484021
vt 0.244448 0.484021
vt 0.244448 0.481361
vt 0.266703 0.478559
vt 0.284351 0.478559
vt 0.320542 0.506300
vt 0.328497 0.567818
vt 0.304524 0.567818
vt 0.295719 0.506300
vt 0.341076 0.664038
vt 0.318448 0.664038
vt 0.315065 0.790421
vt 0.296573 0.790421
vt 0.329729 0.790421
vt 0.346318 0.901708
vt 0.332744 0.901708
vt 0.320849 0.931886
vt 2.033985 0.124874
vt 2.032307 0.070497
vt 2.042559 0.070497
vt 2.042559 0.124827
vt 2.032307 0.035761
vt 2.042559 0.035761
vt 2.054958 0.023181
vt 2.064586 0.023181
vt 2.047044 0.023181
vt 2.047044 0.020098
vt 2.054958 0.020098
vt 2.064586 0.021680
vt 2.054958 0.196188
vt 2.047044 0.196189
vt 2.064586 0.196189
vt 2.064586 0.276066
vt 2.054958 0.259026
vt 2.047044 0.259026
vt 0.317890 0.478559
vt 0.317890 0.484021
vt 0.292783 0.484021
vt 0.292783 0.478559
vt 0.266703 0.467494
vt 0.284351 0.467494
vt 0.244448 0.467494
vt 0.244448 0.453626
vt 0.266703 0.456161
vt 0.284351 0.456161
vt 0.472624 0.506300
vt 0.475369 0.567818
vt 0.393110 0.567818
vt 0.387447 0.506300
vt 0.479710 0.664038
vt 0.402064 0.664038
vt 0.336736 0.790421
vt 0.357598 0.790421
vt 0.372114 0.901708
vt 0.352803 0.901708
vt 0.340735 0.952641
vt 0.324239 0.952641
vt 0.353815 0.952641
vt 0.360130 0.973395
vt 0.343880 0.973395
vt 0.327630 0.973395
vt 2.033985 0.263021
vt 2.038682 0.196949
vt 2.042559 0.196189
vt 2.042559 0.259026
vt 1.974342 0.035761
vt 2.007093 0.035761
vt 2.007093 0.070497
vt 1.974342 0.070497
vt 2.006144 0.109845
vt 1.974248 0.108913
vt 2.032307 0.023181
vt 2.042559 0.023181
vt 2.032307 0.020098
vt 2.042559 0.020098
vt 2.054958 0.013850
vt 2.064586 0.013850
vt 2.047044 0.013850
vt 2.047044 0.007451
vt 2.054958 0.007451
vt 2.064586 0.006020
vt 2.045330 0.299504
vt 2.047044 0.287785
vt 2.054958 0.287785
vt 2.054958 0.299504
vt 2.064586 0.287785
vt 2.064586 0.299504
vt 0.317890 0.456161
vt 0.317890 0.467494
vt 0.292783 0.467494
vt 0.292783 0.456161
vt 0.471709 0.478559
vt 0.471710 0.484021
vt 0.385559 0.484021
vt 0.385559 0.478559
vt 0.266703 0.449899
vt 0.284351 0.449899
vt 0.244448 0.449899
vt 0.244448 0.446173
vt 0.266703 0.446173
vt 0.288958 0.446173
vt 0.631234 0.506300
vt 0.628545 0.567818
vt 0.552283 0.567818
vt 0.552266 0.506300
vt 0.624294 0.664038
vt 0.552309 0.664038
vt 0.413826 0.790421
vt 0.424159 0.901708
vt 0.485411 0.790421
vt 0.490420 0.901708
vt 0.360065 0.952641
vt 0.362924 0.973395
vt 0.378674 0.952641
vt 0.365717 0.973395
vt 1.233989 0.906342
vt 1.233989 0.897166
vt 1.243617 0.897166
vt 1.243618 0.906342
vt 1.233989 0.887991
vt 1.243618 0.889891
vt 1.252796 0.888250
vt 1.251532 0.897166
vt 1.253246 0.906342
vt 2.039787 0.299504
vt 2.032307 0.287785
vt 2.042559 0.287785
vt 2.042559 0.299504
vt 1.914350 0.124874
vt 1.916184 0.070497
vt 1.941474 0.070497
vt 1.942248 0.109845
vt 1.916184 0.035761
vt 1.941473 0.035761
vt 1.974342 0.020098
vt 2.007093 0.020098
vt 2.007093 0.023181
vt 1.974342 0.023181
vt 2.042559 0.013850
vt 2.042559 0.007451
vt 2.032307 0.013850
vt 2.032307 0.007451
vt 2.054958 0.003915
vt 2.064586 0.003915
vt 2.047044 0.003915
vt 2.045330 0.001811
vt 2.054958 0.001811
vt 2.064586 0.001811
vt 0.296609 0.446173
vt 0.317890 0.449899
vt 0.292783 0.449899
vt 0.292783 0.446173
vt 0.471709 0.456161
vt 0.471710 0.467494
vt 0.385559 0.467494
vt 0.385559 0.456161
vt 0.632131 0.478559
vt 0.632131 0.484021
vt 0.552261 0.484021
vt 0.552261 0.478559
vt 1.552245 0.349971
vt 1.553959 0.337405
vt 1.561873 0.337405
vt 1.561873 0.349971
vt 1.552245 0.324839
vt 1.561873 0.327441
vt 1.571502 0.324839
vt 1.571502 0.337405
vt 1.571502 0.349971
vt 0.779249 0.506300
vt 0.771490 0.567818
vt 0.708851 0.567818
vt 0.714389 0.506300
vt 0.759220 0.664038
vt 0.700095 0.664038
vt 0.552343 0.790421
vt 0.618710 0.790421
vt 0.613803 0.901708
vt 0.552374 0.901708
vt 0.428829 0.952641
vt 0.430668 0.973395
vt 0.492683 0.952641
vt 0.495619 0.973395
vt 1.233989 0.886414
vt 1.243617 0.886414
vt 1.233989 0.884836
vt 1.243618 0.876062
vt 1.251522 0.870395
vt 1.256589 0.879850
vt 1.256017 0.897166
vt 1.256017 0.906342
vt 1.261075 0.883327
vt 1.270703 0.888977
vt 1.266269 0.897166
vt 1.258789 0.906342
vt 1.974400 0.299504
vt 1.974342 0.287785
vt 2.007094 0.287785
vt 2.007093 0.299504
vt 1.974248 0.276461
vt 2.006144 0.275529
vt 1.901782 0.035761
vt 1.906167 0.035761
vt 1.906167 0.070497
vt 1.901783 0.070497
vt 1.906167 0.124827
vt 1.901782 0.124827
vt 1.916184 0.023181
vt 1.941474 0.023181
vt 1.916184 0.020098
vt 1.941473 0.020098
vt 2.007093 0.013850
vt 2.007093 0.007451
vt 1.974342 0.013850
vt 1.974342 0.007451
vt 2.042559 0.003915
vt 2.042559 0.001811
vt 2.032307 0.003915
vt 2.039787 0.001811
vt 1.561873 0.322679
vt 1.571502 0.322679
vt 1.552245 0.322679
vt 1.552245 0.320519
vt 1.561873 0.308503
vt 1.571502 0.320519
vt 0.474509 0.446173
vt 0.471710 0.449899
vt 0.385559 0.449899
vt 0.385559 0.446173
vt 0.632131 0.456161
vt 0.632131 0.467494
vt 0.552261 0.467494
vt 0.552261 0.456161
vt 0.781836 0.478559
vt 0.781836 0.484021
vt 0.716235 0.484021
vt 0.716235 0.478559
vt 1.546702 0.349971
vt 1.539222 0.337405
vt 1.549474 0.337405
vt 1.549474 0.349971
vt 1.546702 0.324839
vt 1.549474 0.324839
vt 0.789459 0.664038
vt 0.781174 0.664038
vt 0.794748 0.567818
vt 0.803525 0.567818
vt 0.803333 0.506300
vt 0.812422 0.506300
vt 0.743104 0.790421
vt 0.688595 0.790421
vt 0.728945 0.901708
vt 0.678490 0.901708
vt 0.552387 0.952641
vt 0.552393 0.973395
vt 0.611586 0.952641
vt 0.609167 0.973395
vt 1.243618 0.848162
vt 1.256589 0.851161
vt 1.233989 0.848162
vt 1.233989 0.811488
vt 1.243618 0.812642
vt 1.253469 0.813502
vt 1.276246 0.860158
vt 1.263766 0.816081
vt 1.271289 0.810639
vt 1.290886 0.837512
vt 1.324919 0.844800
vt 1.324505 0.863943
vt 1.324302 0.884273
vt 1.287673 0.883327
vt 1.291482 0.897166
vt 1.291482 0.906342
vt 1.324234 0.897166
vt 1.324176 0.906342
vt 1.908547 0.299504
vt 1.916184 0.287785
vt 1.941474 0.287785
vt 1.941473 0.299504
vt 1.914350 0.263021
vt 1.942248 0.275529
vt 1.906167 0.196188
vt 1.901783 0.196189
vt 1.909602 0.196949
vt 1.906167 0.259026
vt 1.901782 0.259026
vt 1.882990 0.024683
vt 1.893389 0.035761
vt 1.893389 0.070497
vt 1.882990 0.070497
vt 1.893389 0.124827
vt 1.882990 0.116311
vt 1.901782 0.020098
vt 1.906167 0.020098
vt 1.906167 0.023181
vt 1.901783 0.023181
vt 1.941473 0.013850
vt 1.941473 0.007451
vt 1.916184 0.013850
vt 1.916184 0.007451
vt 2.007093 0.003915
vt 2.007093 0.001811
vt 1.974342 0.003915
vt 1.974400 0.001811
vt 1.893959 0.643807
vt 1.893959 0.645967
vt 1.891809 0.645662
vt 1.891809 0.631516
vt 1.893959 0.648127
vt 1.891809 0.647818
vt 1.889658 0.647509
vt 1.874369 0.643194
vt 1.874369 0.629289
vt 1.561873 0.270294
vt 1.571502 0.270294
vt 1.552245 0.270294
vt 1.552245 0.220069
vt 1.561873 0.221650
vt 1.571502 0.220069
vt 0.630013 0.446173
vt 0.632131 0.449899
vt 0.552261 0.449899
vt 0.552261 0.446173
vt 0.781836 0.456161
vt 0.781836 0.467494
vt 0.716235 0.467494
vt 0.716235 0.456161
vt 0.806195 0.484021
vt 0.815387 0.484021
vt 0.806195 0.478559
vt 0.815387 0.478559
vt 1.481315 0.349971
vt 1.481257 0.337405
vt 1.514009 0.337405
vt 1.514009 0.349971
vt 1.481315 0.324839
vt 1.514009 0.324839
vt 1.190696 0.353962
vt 1.193467 0.353962
vt 1.193467 0.356113
vt 1.190696 0.356112
vt 1.196239 0.353962
vt 1.203719 0.356112
vt 1.203719 0.373552
vt 1.193467 0.373552
vt 1.190696 0.358263
vt 0.822721 0.567818
vt 0.807577 0.664038
vt 0.832298 0.506300
vt 0.861049 0.486680
vt 0.847125 0.567818
vt 0.833201 0.648956
vt 0.754750 0.901708
vt 0.747680 0.901708
vt 0.763344 0.790421
vt 0.770983 0.790421
vt 0.673923 0.952641
vt 0.672125 0.973395
vt 0.722546 0.952641
vt 0.735084 0.973395
vt 1.233989 0.779431
vt 1.243617 0.779431
vt 1.233989 0.747374
vt 1.243618 0.746501
vt 1.253469 0.745609
vt 1.252429 0.779406
vt 1.271289 0.747960
vt 1.264757 0.779256
vt 1.259605 0.779331
vt 1.263766 0.742931
vt 1.274688 0.808310
vt 1.296275 0.829082
vt 1.269021 0.811582
vt 1.297039 0.827758
vt 1.325057 0.843934
vt 1.325057 0.837390
vt 1.358896 0.837512
vt 1.372540 0.860158
vt 1.378546 0.810639
vt 1.385236 0.816081
vt 1.395000 0.813502
vt 1.391826 0.851161
vt 1.396938 0.870395
vt 1.391826 0.879850
vt 1.395552 0.888250
vt 1.387442 0.883327
vt 1.377904 0.888976
vt 1.360962 0.883327
vt 1.357102 0.897166
vt 1.357102 0.906342
vt 1.382392 0.897166
vt 1.390029 0.906342
vt 1.903787 0.299504
vt 1.901783 0.287785
vt 1.906167 0.287785
vt 1.906167 0.299504
vt 1.893389 0.196188
vt 1.882990 0.196189
vt 1.893389 0.259026
vt 1.882990 0.276066
vt 1.762146 0.334247
vt 1.753630 0.321460
vt 1.807961 0.330110
vt 1.807961 0.342109
vt 1.753630 0.312479
vt 1.807961 0.320596
vt 1.842697 0.325729
vt 1.842697 0.335581
vt 1.853775 0.349971
vt 1.882990 0.021680
vt 1.893389 0.020098
vt 1.893389 0.023181
vt 1.882990 0.023181
vt 1.906167 0.013850
vt 1.906167 0.007451
vt 1.901783 0.013850
vt 1.901782 0.007451
vt 1.941473 0.003915
vt 1.941473 0.001811
vt 1.916184 0.003915
vt 1.908547 0.001811
vt 1.893959 0.543357
vt 1.893959 0.593582
vt 1.891809 0.593388
vt 1.891809 0.544845
vt 1.874369 0.591812
vt 1.874369 0.544098
vt 1.826351 0.636399
vt 1.826351 0.623159
vt 1.826351 0.638417
vt 1.763044 0.629324
vt 1.761331 0.627198
vt 1.761331 0.614858
vt 1.561873 0.176167
vt 1.571502 0.176167
vt 1.552245 0.176167
vt 1.552245 0.132264
vt 1.561873 0.131068
vt 1.571502 0.132264
vt 0.802457 0.446173
vt 0.781836 0.449899
vt 0.716235 0.449899
vt 0.716235 0.446173
vt 0.806195 0.467494
vt 0.815387 0.467494
vt 0.806195 0.456161
vt 0.815387 0.456161
vt 0.835490 0.484021
vt 0.861049 0.484021
vt 0.835490 0.478559
vt 0.861049 0.481361
vt 1.415462 0.349971
vt 1.423099 0.337405
vt 1.448389 0.337405
vt 1.448389 0.349971
vt 1.415462 0.324839
vt 1.448389 0.324839
vt 1.228932 0.353962
vt 1.228932 0.356113
vt 1.261626 0.353962
vt 1.261684 0.356112
vt 1.261684 0.373552
vt 1.228932 0.373552
vt 1.193467 0.421570
vt 1.190696 0.421570
vt 1.203719 0.421570
vt 1.202326 0.488120
vt 1.193467 0.486590
vt 1.190696 0.484877
vt 0.787687 0.790421
vt 0.770212 0.901708
vt 0.808924 0.790421
vt 0.784648 0.931886
vt 1.900094 0.326367
vt 1.909722 0.337445
vt 1.909722 0.372181
vt 1.900094 0.372181
vt 1.917636 0.337445
vt 1.917636 0.372181
vt 1.917636 0.426511
vt 1.909722 0.426511
vt 1.900094 0.417995
vt 0.740600 0.952641
vt 0.737813 0.973395
vt 0.747413 0.952641
vt 0.740542 0.973395
vt 1.233989 0.711825
vt 1.243617 0.711825
vt 1.233989 0.676276
vt 1.243618 0.684778
vt 1.251522 0.690238
vt 1.256589 0.708845
vt 1.324919 0.714031
vt 1.290886 0.721349
vt 1.276246 0.699906
vt 1.324505 0.696001
vt 1.256589 0.681028
vt 1.252796 0.672518
vt 1.261075 0.677238
vt 1.270703 0.671478
vt 1.287673 0.677238
vt 1.324302 0.676261
vt 1.274688 0.750150
vt 1.267493 0.779230
vt 1.269021 0.746878
vt 1.269021 0.779230
vt 1.802115 0.652118
vt 1.802115 0.653406
vt 1.774097 0.653406
vt 1.774097 0.652118
vt 1.802115 0.654694
vt 1.774097 0.668790
vt 1.746080 0.668790
vt 1.746080 0.653406
vt 1.746080 0.652118
vt 1.353839 0.829082
vt 1.353075 0.827758
vt 1.381092 0.811582
vt 1.375425 0.808310
vt 1.395000 0.745609
vt 1.396058 0.779406
vt 1.389469 0.779331
vt 1.385236 0.742931
vt 1.385096 0.779256
vt 1.378546 0.747960
vt 1.405187 0.848162
vt 1.405187 0.876062
vt 1.405187 0.812642
vt 1.415585 0.811488
vt 1.415585 0.848162
vt 1.415585 0.884836
vt 1.405187 0.886414
vt 1.405187 0.889890
vt 1.415585 0.886414
vt 1.415585 0.887991
vt 1.392409 0.897166
vt 1.392409 0.906342
vt 1.396793 0.897166
vt 1.394789 0.906342
vt 1.893389 0.287785
vt 1.882990 0.287785
vt 1.893389 0.299504
vt 1.882990 0.299504
vt 1.602392 0.306832
vt 1.619431 0.300115
vt 1.682269 0.310098
vt 1.682269 0.320539
vt 1.619431 0.292451
vt 1.682269 0.301818
vt 1.807961 0.316050
vt 1.842697 0.321022
vt 1.753630 0.308188
vt 1.753630 0.295411
vt 1.807961 0.302513
vt 1.842697 0.307005
vt 1.855277 0.337405
vt 1.855277 0.349971
vt 1.855277 0.327441
vt 1.858360 0.327441
vt 1.858360 0.337405
vt 1.856778 0.349971
vt 1.893389 0.013850
vt 1.893389 0.007451
vt 1.882990 0.013850
vt 1.882990 0.006020
vt 1.906167 0.003915
vt 1.906167 0.001811
vt 1.901783 0.003915
vt 1.903787 0.001811
vt 1.893959 0.455552
vt 1.893959 0.499454
vt 1.891809 0.499458
vt 1.891809 0.454455
vt 1.874369 0.499485
vt 1.874369 0.455250
vt 1.826351 0.587473
vt 1.826351 0.542040
vt 1.761331 0.581598
vt 1.761331 0.539253
vt 1.692886 0.617512
vt 1.692886 0.606120
vt 1.692886 0.619248
vt 1.622729 0.609172
vt 1.639832 0.610004
vt 1.639832 0.599346
vt 1.561873 0.083580
vt 1.571502 0.083580
vt 1.552245 0.083580
vt 1.552245 0.034895
vt 1.561873 0.046539
vt 1.571502 0.034895
vt 0.806194 0.449899
vt 0.815387 0.449899
vt 0.806194 0.446173
vt 0.809932 0.446173
vt 0.835490 0.467494
vt 0.861049 0.467494
vt 0.835490 0.456161
vt 0.861049 0.453626
vt 1.909722 0.324865
vt 1.917636 0.324865
vt 1.900094 0.324865
vt 1.900094 0.323364
vt 1.909722 0.321782
vt 1.917636 0.321782
vt 1.410702 0.349971
vt 1.408698 0.337405
vt 1.413082 0.337405
vt 1.413082 0.349971
vt 1.410702 0.324839
vt 1.413082 0.324839
vt 1.294553 0.353962
vt 1.294553 0.356113
vt 1.327479 0.353962
vt 1.319842 0.356112
vt 1.319842 0.373552
vt 1.294553 0.373552
vt 1.228932 0.421570
vt 1.261684 0.421570
vt 1.261779 0.471742
vt 1.230136 0.472506
vt 1.193467 0.555034
vt 1.190696 0.555035
vt 1.197852 0.555028
vt 1.202326 0.612092
vt 1.193467 0.608090
vt 1.190696 0.625192
vt 0.762314 0.952641
vt 0.759205 0.973395
vt 0.781258 0.952641
vt 0.777867 0.973395
vt 1.909722 0.497873
vt 1.900094 0.497873
vt 1.917636 0.497873
vt 1.917636 0.560710
vt 1.909722 0.560710
vt 1.900094 0.577750
vt 1.922122 0.372181
vt 1.922122 0.426511
vt 1.922122 0.337445
vt 1.932374 0.337445
vt 1.932374 0.372181
vt 1.930693 0.426552
vt 1.233989 0.674735
vt 1.243617 0.674735
vt 1.233989 0.673194
vt 1.243618 0.670945
vt 1.395552 0.672518
vt 1.391826 0.681028
vt 1.372540 0.699906
vt 1.387442 0.677238
vt 1.396938 0.690238
vt 1.391826 0.708845
vt 1.358896 0.721349
vt 1.360962 0.677238
vt 1.377904 0.671478
vt 1.325057 0.721070
vt 1.296275 0.729379
vt 1.325057 0.714526
vt 1.297039 0.730702
vt 1.251532 0.662656
vt 1.256017 0.662656
vt 1.253246 0.652118
vt 1.256017 0.652118
vt 1.258789 0.652118
vt 1.266269 0.662656
vt 1.291482 0.662656
vt 1.291482 0.652118
vt 1.324176 0.652118
vt 1.324234 0.662656
vt 1.808930 0.652118
vt 1.841283 0.652118
vt 1.841282 0.653406
vt 1.808930 0.653406
vt 1.873635 0.652118
vt 1.873635 0.653406
vt 1.873635 0.654694
vt 1.841282 0.668790
vt 1.808930 0.654694
vt 1.802115 0.712367
vt 1.774097 0.712367
vt 1.802115 0.770039
vt 1.774097 0.755914
vt 1.746080 0.755914
vt 1.746080 0.712367
vt 1.718062 0.653406
vt 1.718062 0.652118
vt 1.718062 0.668790
vt 1.690044 0.654694
vt 1.690044 0.653406
vt 1.690044 0.652118
vt 1.382620 0.779230
vt 1.381092 0.779230
vt 1.381092 0.746878
vt 1.375425 0.750150
vt 1.405187 0.779431
vt 1.405187 0.746501
vt 1.415585 0.747374
vt 1.415585 0.779431
vt 1.578954 0.208149
vt 1.590673 0.209807
vt 1.590673 0.245861
vt 1.578954 0.244823
vt 1.619431 0.211085
vt 1.619431 0.248498
vt 1.619431 0.277885
vt 1.590673 0.274181
vt 1.578954 0.281497
vt 1.405187 0.897166
vt 1.405187 0.906342
vt 1.415585 0.897166
vt 1.415585 0.906342
vt 1.590673 0.284689
vt 1.578954 0.283074
vt 1.619431 0.288789
vt 1.590673 0.288218
vt 1.578954 0.284652
vt 1.578954 0.303003
vt 1.578954 0.293828
vt 1.590673 0.295603
vt 1.590673 0.304918
vt 1.682269 0.297861
vt 1.682269 0.286082
vt 1.855277 0.308503
vt 1.855277 0.322679
vt 1.858360 0.308503
vt 1.858360 0.322679
vt 1.807961 0.266030
vt 1.842697 0.269228
vt 1.753630 0.260974
vt 1.753630 0.217132
vt 1.807961 0.219583
vt 1.842697 0.221133
vt 1.864608 0.337405
vt 1.864608 0.349971
vt 1.864608 0.327441
vt 1.871006 0.327441
vt 1.871006 0.337405
vt 1.872438 0.349971
vt 1.893389 0.003915
vt 1.893389 0.001811
vt 1.882990 0.003915
vt 1.882990 0.001811
vt 1.874369 0.372337
vt 1.891809 0.370102
vt 1.891809 0.407065
vt 1.874369 0.408669
vt 1.893959 0.358183
vt 1.893959 0.406868
vt 1.826351 0.499559
vt 1.826351 0.457439
vt 1.761331 0.499661
vt 1.761331 0.460403
vt 1.692886 0.575413
vt 1.692886 0.536319
vt 1.639832 0.570619
vt 1.639832 0.534045
vt 1.620981 0.607337
vt 1.620981 0.596939
vt 1.620981 0.608921
vt 1.619234 0.608670
vt 1.619234 0.607090
vt 1.619234 0.605509
vt 1.561873 0.032784
vt 1.571502 0.032784
vt 1.552245 0.032784
vt 1.552245 0.030674
vt 1.561873 0.027594
vt 1.571502 0.030674
vt 0.835490 0.449899
vt 0.861049 0.449899
vt 0.835490 0.446173
vt 0.861049 0.446173
vt 1.909722 0.315534
vt 1.917636 0.315534
vt 1.900094 0.315534
vt 1.900094 0.307704
vt 1.909722 0.309135
vt 1.917636 0.309135
vt 1.932374 0.321782
vt 1.932374 0.324865
vt 1.922122 0.324865
vt 1.922122 0.321782
vt 1.389906 0.349971
vt 1.389906 0.337405
vt 1.400304 0.337405
vt 1.400304 0.349971
vt 1.389906 0.324839
vt 1.400304 0.327441
vt 1.329859 0.353962
vt 1.329859 0.356113
vt 1.332239 0.353962
vt 1.332239 0.356112
vt 1.332239 0.358263
vt 1.329859 0.373552
vt 1.294553 0.421570
vt 1.319842 0.421570
vt 1.321391 0.488120
vt 1.293524 0.472506
vt 1.193467 0.626940
vt 1.190696 0.626940
vt 1.203719 0.626940
vt 1.196239 0.628687
vt 1.193467 0.628687
vt 1.190696 0.628687
vt 1.233989 0.662656
vt 1.243617 0.662656
vt 1.233989 0.652118
vt 1.243618 0.652118
vt 1.909722 0.589469
vt 1.900094 0.589469
vt 1.917636 0.589469
vt 1.919350 0.601188
vt 1.909722 0.601188
vt 1.900094 0.601188
vt 1.922122 0.497873
vt 1.922122 0.560710
vt 1.925994 0.498632
vt 1.930693 0.564709
vt 1.957587 0.372181
vt 1.958534 0.411520
vt 1.957587 0.337445
vt 1.990339 0.337445
vt 1.990339 0.372181
vt 1.990433 0.410589
vt 1.382392 0.662656
vt 1.392409 0.662656
vt 1.390029 0.652118
vt 1.392409 0.652118
vt 1.394789 0.652118
vt 1.396793 0.662656
vt 1.405187 0.674735
vt 1.405187 0.684778
vt 1.405187 0.670945
vt 1.415585 0.673194
vt 1.415585 0.674735
vt 1.415585 0.676276
vt 1.405187 0.711825
vt 1.415585 0.711825
vt 1.353838 0.729379
vt 1.353075 0.730702
vt 1.357102 0.662656
vt 1.357102 0.652118
vt 1.968260 0.605179
vt 1.968260 0.606467
vt 1.940243 0.606467
vt 1.940243 0.605179
vt 1.968260 0.607755
vt 1.940243 0.607755
vt 1.912225 0.607755
vt 1.912225 0.606467
vt 1.912225 0.605179
vt 1.922122 0.589469
vt 1.922122 0.601188
vt 1.932374 0.589469
vt 1.924893 0.601188
vt 1.957587 0.589469
vt 1.957587 0.601188
vt 1.958534 0.577219
vt 1.990433 0.578151
vt 1.990339 0.589469
vt 1.990281 0.601188
vt 1.841282 0.712367
vt 1.808930 0.712367
vt 1.869591 0.712367
vt 1.873635 0.770039
vt 1.841282 0.755914
vt 1.808930 0.770039
vt 1.802115 0.771212
vt 1.774097 0.771212
vt 1.802115 0.772385
vt 1.774097 0.772385
vt 1.746080 0.772385
vt 1.746080 0.771212
vt 1.718062 0.712367
vt 1.718062 0.755914
vt 1.690044 0.770039
vt 1.690044 0.712367
vt 2.016986 0.849705
vt 2.016986 0.848416
vt 2.049338 0.848416
vt 2.049338 0.849705
vt 2.016986 0.847128
vt 2.049338 0.833032
vt 2.081690 0.847128
vt 2.081690 0.848416
vt 2.081690 0.849705
vt 1.578954 0.144035
vt 1.590673 0.142669
vt 1.590673 0.176095
vt 1.578954 0.176092
vt 1.619431 0.141417
vt 1.619431 0.176103
vt 1.682269 0.254333
vt 1.682269 0.213913
vt 1.855277 0.221650
vt 1.855277 0.270294
vt 1.858360 0.221650
vt 1.858360 0.270294
vt 1.864608 0.308503
vt 1.864608 0.322679
vt 1.871006 0.308503
vt 1.871006 0.322679
vt 1.807961 0.176154
vt 1.842697 0.176163
vt 1.753630 0.176139
vt 1.753630 0.135493
vt 1.807961 0.133093
vt 1.842697 0.131575
vt 1.874542 0.337405
vt 1.874542 0.349971
vt 1.874542 0.327441
vt 1.876646 0.324839
vt 1.876646 0.337405
vt 1.876646 0.349971
vt 1.761331 0.386820
vt 1.826351 0.378489
vt 1.826351 0.413085
vt 1.761331 0.419064
vt 1.893959 0.353962
vt 1.893959 0.356072
vt 1.891809 0.356377
vt 1.891809 0.354271
vt 1.874369 0.358846
vt 1.889658 0.354580
vt 1.692886 0.499767
vt 1.692886 0.463524
vt 1.639832 0.499849
vt 1.639832 0.465942
vt 1.620981 0.568915
vt 1.620981 0.533237
vt 1.619234 0.568758
vt 1.619234 0.532006
vt 1.559038 0.867369
vt 1.551558 0.865788
vt 1.561810 0.865788
vt 1.561810 0.867369
vt 1.551557 0.855415
vt 1.561810 0.855415
vt 1.564581 0.864208
vt 1.564581 0.865788
vt 1.564581 0.867369
vt 1.561873 0.016242
vt 1.571502 0.016243
vt 1.553959 0.016243
vt 1.552245 0.001811
vt 1.561873 0.001811
vt 1.571502 0.001811
vt 1.909722 0.305600
vt 1.917636 0.305600
vt 1.900094 0.305600
vt 1.900094 0.303495
vt 1.909722 0.303495
vt 1.919350 0.303495
vt 1.932374 0.309135
vt 1.932374 0.315534
vt 1.922122 0.315534
vt 1.922122 0.309135
vt 1.957587 0.324865
vt 1.990339 0.324865
vt 1.957587 0.321782
vt 1.990339 0.321782
vt 1.389906 0.320519
vt 1.400304 0.308503
vt 1.400304 0.322679
vt 1.389906 0.322679
vt 1.410702 0.320519
vt 1.410702 0.322679
vt 1.338374 0.648127
vt 1.338374 0.645967
vt 1.340524 0.645663
vt 1.340524 0.647818
vt 1.338374 0.643807
vt 1.340524 0.631516
vt 1.357963 0.629289
vt 1.357963 0.643194
vt 1.342674 0.647509
vt 1.329859 0.421570
vt 1.332239 0.421570
vt 1.332239 0.484877
vt 1.329859 0.486590
vt 1.230136 0.622161
vt 1.228932 0.626940
vt 1.261779 0.622925
vt 1.261684 0.626940
vt 1.261626 0.628687
vt 1.228932 0.628687
vt 2.048497 0.337445
vt 2.048497 0.372181
vt 2.023207 0.372181
vt 2.023207 0.337445
vt 2.050332 0.426552
vt 2.022434 0.411520
vt 2.056133 0.601188
vt 2.048497 0.589469
vt 2.058514 0.589469
vt 2.058514 0.601188
vt 2.050332 0.564709
vt 2.058514 0.560710
vt 2.062898 0.560710
vt 2.062898 0.589469
vt 2.060894 0.601188
vt 1.405187 0.662656
vt 1.405187 0.652118
vt 1.415585 0.652118
vt 1.415585 0.662656
vt 1.619431 0.061832
vt 1.619431 0.065824
vt 1.590673 0.069822
vt 1.590673 0.065975
vt 1.619431 0.076402
vt 1.590673 0.080016
vt 1.578954 0.072936
vt 1.578954 0.071396
vt 1.578954 0.069855
vt 1.590673 0.107470
vt 1.578954 0.108485
vt 1.619431 0.104892
vt 2.024296 0.605179
vt 2.024296 0.606467
vt 1.996278 0.606467
vt 1.996278 0.605179
vt 2.024296 0.607755
vt 1.996278 0.621851
vt 2.023207 0.589469
vt 2.023207 0.601188
vt 2.022434 0.577219
vt 1.905987 0.654694
vt 1.905987 0.712367
vt 1.889811 0.712367
vt 1.889811 0.654694
vt 1.905987 0.770039
vt 1.889811 0.770039
vt 1.841282 0.771212
vt 1.808930 0.771212
vt 1.873635 0.771212
vt 1.873635 0.772385
vt 1.841283 0.772385
vt 1.808930 0.772385
vt 1.627194 0.781527
vt 1.599176 0.765351
vt 1.599867 0.764155
vt 1.627194 0.772043
vt 1.571158 0.749175
vt 1.579371 0.744433
vt 1.585272 0.741026
vt 1.603505 0.757853
vt 1.627194 0.765230
vt 1.718062 0.771212
vt 1.718062 0.772385
vt 1.690044 0.772385
vt 1.690044 0.771212
vt 2.016986 0.789456
vt 2.049338 0.789456
vt 2.016986 0.731784
vt 2.049338 0.745909
vt 2.081690 0.731784
vt 2.081690 0.789456
vt 1.682269 0.176120
vt 1.682269 0.138646
vt 1.855277 0.131068
vt 1.855277 0.176167
vt 1.858360 0.131068
vt 1.858360 0.176167
vt 1.864608 0.221650
vt 1.864608 0.270294
vt 1.871006 0.221650
vt 1.871006 0.270294
vt 1.874542 0.322679
vt 1.876646 0.322679
vt 1.874542 0.308503
vt 1.876646 0.320519
vt 1.807961 0.087749
vt 1.842697 0.084622
vt 1.753630 0.092692
vt 1.753630 0.059308
vt 1.807961 0.052380
vt 1.842697 0.047999
vt 1.639832 0.402388
vt 1.692886 0.395590
vt 1.692886 0.425358
vt 1.639832 0.430238
vt 1.826351 0.365643
vt 1.826351 0.363672
vt 1.761331 0.374848
vt 1.763044 0.372765
vt 1.214193 0.652268
vt 1.214193 0.634829
vt 1.224445 0.634829
vt 1.224445 0.652268
vt 1.221674 0.632679
vt 1.224445 0.632679
vt 1.227217 0.632679
vt 1.227217 0.634829
vt 1.227217 0.636979
vt 1.620981 0.499878
vt 1.620981 0.466802
vt 1.619234 0.499881
vt 1.619234 0.467756
vt 1.561810 0.827456
vt 1.564581 0.827456
vt 1.551558 0.827456
vt 1.551557 0.791862
vt 1.561810 0.791862
vt 1.564581 0.790705
vt 1.493592 0.855415
vt 1.526344 0.855415
vt 1.526344 0.865788
vt 1.493592 0.865788
vt 1.526344 0.867369
vt 1.493650 0.867369
vt 1.549474 0.016243
vt 1.549474 0.001811
vt 1.549474 0.030674
vt 1.546702 0.030674
vt 1.539222 0.016243
vt 1.546702 0.001811
vt 1.924893 0.303495
vt 1.932374 0.305600
vt 1.922122 0.305600
vt 1.922122 0.303495
vt 1.957587 0.315534
vt 1.990339 0.315534
vt 1.957587 0.309135
vt 1.990339 0.309135
vt 2.048497 0.321782
vt 2.048497 0.324865
vt 2.023207 0.324865
vt 2.023207 0.321782
vt 1.389906 0.220069
vt 1.400304 0.221650
vt 1.400304 0.270294
vt 1.389906 0.270294
vt 1.410702 0.220069
vt 1.410702 0.270294
vt 1.340524 0.593387
vt 1.357963 0.591812
vt 1.338374 0.593582
vt 1.338374 0.543357
vt 1.340524 0.544845
vt 1.357963 0.544098
vt 1.405981 0.636399
vt 1.405981 0.638417
vt 1.405981 0.623159
vt 1.471001 0.614858
vt 1.471001 0.627198
vt 1.469288 0.629324
vt 1.329859 0.555034
vt 1.325916 0.555028
vt 1.332239 0.555035
vt 1.332239 0.625192
vt 1.329859 0.608090
vt 1.321391 0.612092
vt 1.293524 0.622161
vt 1.294553 0.626940
vt 1.319842 0.626940
vt 1.327479 0.628687
vt 1.294553 0.628687
vt 2.062898 0.426511
vt 2.058514 0.426511
vt 2.058514 0.372181
vt 2.062898 0.372181
vt 2.058514 0.337445
vt 2.062898 0.337445
vt 2.055083 0.498632
vt 2.058514 0.497873
vt 2.062898 0.497873
vt 2.071292 0.589469
vt 2.071292 0.601188
vt 2.071292 0.560710
vt 2.081690 0.577750
vt 2.081690 0.589469
vt 2.081690 0.601188
vt 1.602392 0.044951
vt 1.619431 0.053102
vt 1.590673 0.057561
vt 1.590673 0.046865
vt 1.578954 0.059317
vt 1.578954 0.048779
vt 1.753630 0.042234
vt 1.753630 0.046912
vt 1.682269 0.056979
vt 1.682269 0.052666
vt 1.682269 0.068408
vt 1.682269 0.099186
vt 2.024296 0.665428
vt 1.996278 0.665428
vt 2.024296 0.723100
vt 1.996278 0.708975
vt 1.968260 0.723100
vt 1.968260 0.665428
vt 1.968260 0.724273
vt 1.940243 0.724273
vt 1.940243 0.723100
vt 1.968260 0.725446
vt 1.940243 0.725446
vt 1.912225 0.725446
vt 1.912225 0.724273
vt 1.912225 0.723100
vt 1.571158 0.716823
vt 1.572540 0.716823
vt 1.571158 0.684470
vt 1.579371 0.689212
vt 1.585272 0.692619
vt 1.579816 0.716823
vt 1.683229 0.749175
vt 1.655211 0.765351
vt 1.654521 0.764155
vt 1.681848 0.748378
vt 1.650883 0.757853
vt 1.680467 0.747580
vt 1.609436 0.747580
vt 1.627194 0.747580
vt 1.600557 0.732201
vt 1.627194 0.716823
vt 2.016986 0.730611
vt 2.049338 0.730611
vt 2.016986 0.729438
vt 2.049338 0.729438
vt 2.081690 0.729438
vt 2.081690 0.730611
vt 1.855277 0.046538
vt 1.855277 0.083579
vt 1.858360 0.046539
vt 1.858360 0.083579
vt 1.864608 0.131068
vt 1.864608 0.176167
vt 1.871006 0.131068
vt 1.871006 0.176167
vt 1.874542 0.270294
vt 1.876646 0.270294
vt 1.874542 0.221650
vt 1.876646 0.220069
vt 1.807961 0.039247
vt 1.842697 0.034400
vt 1.807961 0.034291
vt 1.842697 0.029268
vt 1.619234 0.396507
vt 1.620981 0.404803
vt 1.620981 0.431971
vt 1.619234 0.432131
vt 1.692886 0.384537
vt 1.692886 0.382841
vt 1.639832 0.392047
vt 1.622729 0.392917
vt 1.215610 0.766798
vt 1.214193 0.700286
vt 1.224445 0.700286
vt 1.224445 0.765306
vt 1.227217 0.700286
vt 1.227217 0.763593
vt 1.156287 0.632679
vt 1.188980 0.632679
vt 1.188980 0.634829
vt 1.156229 0.634829
vt 1.188980 0.652268
vt 1.156229 0.652268
vt 1.551558 0.758580
vt 1.561810 0.758580
vt 1.551557 0.725580
vt 1.561810 0.725580
vt 1.564581 0.726455
vt 1.564581 0.758580
vt 1.493592 0.791862
vt 1.526344 0.791862
vt 1.526344 0.827457
vt 1.493592 0.827456
vt 1.427798 0.867369
vt 1.435434 0.865788
vt 1.460724 0.865788
vt 1.460724 0.867369
vt 1.435435 0.855415
vt 1.460724 0.855415
vt 1.514009 0.016243
vt 1.514009 0.001811
vt 1.514009 0.030674
vt 1.481315 0.030674
vt 1.481257 0.016243
vt 1.481315 0.001811
vt 1.957587 0.305600
vt 1.990339 0.305600
vt 1.957587 0.303495
vt 1.990281 0.303495
vt 2.048497 0.309135
vt 2.048497 0.315534
vt 2.023207 0.315534
vt 2.023207 0.309135
vt 2.058514 0.324865
vt 2.062898 0.324865
vt 2.058514 0.321782
vt 2.062898 0.321782
vt 1.389906 0.132264
vt 1.400304 0.131068
vt 1.400304 0.176167
vt 1.389906 0.176167
vt 1.410702 0.132264
vt 1.410702 0.176167
vt 1.405981 0.587473
vt 1.471001 0.581598
vt 1.405981 0.542040
vt 1.471001 0.539253
vt 1.338374 0.499454
vt 1.340524 0.499458
vt 1.338374 0.455552
vt 1.340524 0.454455
vt 1.357963 0.455250
vt 1.357963 0.499485
vt 1.539446 0.617512
vt 1.539446 0.619248
vt 1.539446 0.606120
vt 1.592501 0.599346
vt 1.592501 0.610004
vt 1.609603 0.609172
vt 1.329859 0.626940
vt 1.332239 0.626940
vt 1.332239 0.628687
vt 1.329859 0.628687
vt 2.071292 0.372181
vt 2.071292 0.426511
vt 2.071292 0.337445
vt 2.081690 0.326367
vt 2.081690 0.372181
vt 2.081690 0.417995
vt 2.071292 0.497873
vt 2.081690 0.497873
vt 1.762146 0.017535
vt 1.753630 0.032003
vt 1.682269 0.043234
vt 1.682269 0.031243
vt 2.024296 0.724273
vt 1.996278 0.724273
vt 2.024296 0.725446
vt 1.996278 0.725446
vt 1.599176 0.668294
vt 1.599867 0.669490
vt 1.627194 0.652118
vt 1.627194 0.661602
vt 1.627194 0.668415
vt 1.603505 0.675792
vt 1.591679 0.716823
vt 1.600557 0.701444
vt 1.781531 0.776377
vt 1.781531 0.808729
vt 1.780149 0.808729
vt 1.780149 0.777174
vt 1.781531 0.841081
vt 1.780149 0.840284
vt 1.778768 0.839486
vt 1.778768 0.808729
vt 1.778768 0.777972
vt 1.644952 0.747580
vt 1.653831 0.732201
vt 1.858360 0.027594
vt 1.858360 0.032784
vt 1.855277 0.032784
vt 1.855277 0.027594
vt 1.864608 0.046538
vt 1.864608 0.083579
vt 1.871006 0.046539
vt 1.871006 0.083580
vt 1.874542 0.176167
vt 1.876646 0.176167
vt 1.874542 0.131068
vt 1.876646 0.132264
vt 1.807961 0.023453
vt 1.842697 0.018045
vt 1.807961 0.009673
vt 1.853775 0.001811
vt 1.551557 0.663726
vt 1.561810 0.663726
vt 1.561810 0.690831
vt 1.551558 0.690830
vt 1.564581 0.655206
vt 1.564581 0.690830
vt 1.620981 0.394716
vt 1.620981 0.393168
vt 1.619234 0.394963
vt 1.619234 0.393419
vt 1.215610 0.890846
vt 1.220102 0.833745
vt 1.224445 0.833750
vt 1.224445 0.886806
vt 1.227217 0.833750
vt 1.227217 0.903908
vt 1.188980 0.700286
vt 1.156229 0.700286
vt 1.187799 0.751160
vt 1.156136 0.750409
vt 1.098071 0.652268
vt 1.098071 0.634829
vt 1.123360 0.634829
vt 1.123360 0.652268
vt 1.090434 0.632679
vt 1.123360 0.632679
vt 1.493592 0.725580
vt 1.526344 0.725580
vt 1.526344 0.758580
vt 1.493592 0.758580
vt 1.460724 0.827456
vt 1.435434 0.827456
vt 1.435435 0.791862
vt 1.460724 0.791862
vt 1.423038 0.864208
vt 1.425418 0.855415
vt 1.425418 0.865788
vt 1.423038 0.865788
vt 1.425418 0.867369
vt 1.423038 0.867369
vt 1.448388 0.016243
vt 1.448389 0.001811
vt 1.448389 0.030674
vt 1.415462 0.030674
vt 1.423099 0.016243
vt 1.415462 0.001811
vt 2.056133 0.303495
vt 2.048497 0.305600
vt 2.023207 0.305600
vt 2.023207 0.303495
vt 2.058514 0.315534
vt 2.062898 0.315534
vt 2.058514 0.309135
vt 2.062898 0.309135
vt 2.071292 0.324865
vt 2.081690 0.324865
vt 2.071292 0.321782
vt 2.081690 0.323364
vt 1.389906 0.034895
vt 1.400304 0.046538
vt 1.400304 0.083579
vt 1.389906 0.083580
vt 1.410702 0.034895
vt 1.410702 0.083580
vt 1.539446 0.575413
vt 1.592501 0.570619
vt 1.539446 0.536319
vt 1.592501 0.534045
vt 1.405981 0.499559
vt 1.405981 0.457439
vt 1.471001 0.460403
vt 1.471001 0.499661
vt 1.338374 0.406868
vt 1.340524 0.407065
vt 1.338374 0.358183
vt 1.340524 0.370102
vt 1.357963 0.372337
vt 1.357963 0.408669
vt 1.611351 0.607337
vt 1.611351 0.608921
vt 1.611351 0.596939
vt 1.613099 0.605509
vt 1.613099 0.607090
vt 1.613099 0.608670
vt 1.655211 0.668294
vt 1.654521 0.669490
vt 1.683229 0.684470
vt 1.681848 0.685268
vt 1.680467 0.686065
vt 1.650883 0.675792
vt 1.609436 0.686065
vt 1.627194 0.686065
vt 1.680467 0.716823
vt 1.662709 0.716823
vt 1.653831 0.701444
vt 1.856778 0.001811
vt 1.858360 0.016243
vt 1.855277 0.016243
vt 1.855277 0.001811
vt 1.871006 0.027594
vt 1.871006 0.032784
vt 1.864608 0.032784
vt 1.864608 0.027594
vt 1.874542 0.083580
vt 1.876646 0.083580
vt 1.874542 0.046539
vt 1.876646 0.034895
vt 1.493592 0.663726
vt 1.526344 0.663726
vt 1.526344 0.690831
vt 1.493592 0.690830
vt 1.564581 0.652118
vt 1.564581 0.653662
vt 1.561810 0.653662
vt 1.561810 0.652118
vt 1.551557 0.653662
vt 1.559038 0.652118
vt 1.221674 0.907403
vt 1.214193 0.905656
vt 1.224445 0.905656
vt 1.224445 0.907403
vt 1.227217 0.905656
vt 1.227217 0.907403
vt 1.096500 0.766798
vt 1.098071 0.700286
vt 1.123360 0.700286
vt 1.124370 0.751160
vt 1.085674 0.632679
vt 1.088054 0.632679
vt 1.088054 0.634829
vt 1.085674 0.634829
vt 1.088054 0.652268
vt 1.085674 0.636979
vt 1.435434 0.758580
vt 1.460724 0.758580
vt 1.435435 0.725580
vt 1.460724 0.725580
vt 1.423038 0.790705
vt 1.425418 0.791862
vt 1.425418 0.827457
vt 1.423038 0.827456
vt 1.413082 0.016243
vt 1.413082 0.001811
vt 1.413082 0.030674
vt 1.410702 0.030674
vt 1.408697 0.016243
vt 1.410702 0.001811
vt 2.058514 0.305600
vt 2.062898 0.305600
vt 2.058514 0.303495
vt 2.060894 0.303495
vt 2.071292 0.315534
vt 2.081690 0.315534
vt 2.071292 0.309135
vt 2.081690 0.307704
vt 1.410702 0.032784
vt 1.400304 0.032784
vt 1.400304 0.027594
vt 1.389906 0.032784
vt 1.389906 0.030674
vt 1.611351 0.568915
vt 1.613099 0.568758
vt 1.611351 0.533237
vt 1.613099 0.532006
vt 1.539446 0.499767
vt 1.539446 0.463524
vt 1.592501 0.465942
vt 1.592501 0.499849
vt 1.405981 0.413085
vt 1.405981 0.378489
vt 1.471001 0.386820
vt 1.471001 0.419064
vt 1.338374 0.356072
vt 1.340524 0.356377
vt 1.338374 0.353962
vt 1.340524 0.354271
vt 1.342674 0.354580
vt 1.357963 0.358846
vt 1.644952 0.686065
vt 1.872438 0.001811
vt 1.871006 0.016243
vt 1.864608 0.016243
vt 1.864608 0.001811
vt 1.874542 0.032784
vt 1.876646 0.032784
vt 1.874542 0.027594
vt 1.876646 0.030674
vt 1.435435 0.663726
vt 1.460724 0.663726
vt 1.460724 0.690831
vt 1.435435 0.690830
vt 1.526344 0.653662
vt 1.526344 0.652118
vt 1.493592 0.653662
vt 1.493650 0.652118
vt 1.156136 0.901690
vt 1.187799 0.900939
vt 1.188980 0.905656
vt 1.156229 0.905656
vt 1.188980 0.907403
vt 1.156287 0.907403
vt 1.088054 0.700286
vt 1.085674 0.700286
vt 1.088054 0.765306
vt 1.085674 0.763593
vt 1.423038 0.726455
vt 1.425418 0.725580
vt 1.425418 0.758580
vt 1.423038 0.758580
vt 1.400304 0.016243
vt 1.400304 0.001811
vt 1.389906 0.016243
vt 1.389906 0.001811
vt 2.071292 0.305600
vt 2.081690 0.305600
vt 2.071292 0.303495
vt 2.081690 0.303495
vt 1.611351 0.499878
vt 1.611351 0.466802
vt 1.613099 0.467756
vt 1.613099 0.499881
vt 1.539446 0.425359
vt 1.539446 0.395590
vt 1.592501 0.402388
vt 1.592501 0.430238
vt 1.405981 0.365643
vt 1.405981 0.363672
vt 1.469288 0.372765
vt 1.471001 0.374848
vt 1.874542 0.016242
vt 1.876646 0.016243
vt 1.874542 0.001811
vt 1.876646 0.001811
vt 1.423038 0.655206
vt 1.425418 0.663726
vt 1.425418 0.690831
vt 1.423038 0.690830
vt 1.460724 0.653662
vt 1.460724 0.652118
vt 1.435435 0.653662
vt 1.427798 0.652118
vt 1.090434 0.907403
vt 1.098071 0.905656
vt 1.123360 0.905656
vt 1.123360 0.907403
vt 1.096500 0.890846
vt 1.124370 0.900939
vt 1.088054 0.833751
vt 1.085674 0.833750
vt 1.091958 0.833744
vt 1.088054 0.886806
vt 1.085674 0.903908
vt 1.611351 0.431971
vt 1.611351 0.404803
vt 1.613099 0.396507
vt 1.613099 0.432131
vt 1.539446 0.384537
vt 1.539446 0.382841
vt 1.609603 0.392917
vt 1.592501 0.392047
vt 1.425418 0.653662
vt 1.425418 0.652118
vt 1.423038 0.653662
vt 1.423038 0.652118
vt 1.088054 0.905656
vt 1.085674 0.905656
vt 1.088054 0.907403
vt 1.085674 0.907403
vt 1.611351 0.394716
vt 1.611351 0.393168
vt 1.613099 0.393419
vt 1.613099 0.394963
vt 1.985212 0.759423
vt 1.981754 0.782745
vt 1.978192 0.782745
vt 1.981565 0.759423
vt 1.975280 0.809398
vt 1.974338 0.809398
vt 1.973396 0.809398
vt 1.977224 0.782745
vt 1.981052 0.756091
vt 1.986924 0.729438
vt 1.987683 0.742764
vt 1.983974 0.742765
vt 1.985902 0.729438
vt 1.982966 0.742764
vt 1.984880 0.729438
vt 1.867226 0.776377
vt 1.865286 0.799460
vt 1.864357 0.799460
vt 1.866284 0.776377
vt 1.863345 0.822542
vt 1.863393 0.822542
vt 1.861514 0.822542
vt 1.863428 0.799460
vt 1.865342 0.776377
vt 1.934771 0.729438
vt 1.939411 0.752521
vt 1.935703 0.752521
vt 1.933776 0.729438
vt 1.938652 0.775603
vt 1.937631 0.775603
vt 1.936609 0.775603
vt 1.934695 0.752521
vt 1.932781 0.729438
vt 1.867772 0.845625
vt 1.864357 0.845625
vt 1.867226 0.868707
vt 1.866284 0.868707
vt 1.865342 0.868707
vt 1.863428 0.845625
vt 1.700983 0.776377
vt 1.707458 0.803030
vt 1.703896 0.803030
vt 1.700041 0.776377
vt 1.708746 0.829683
vt 1.707751 0.829683
vt 1.706756 0.829683
vt 1.702927 0.803030
vt 1.699099 0.776377
vt 1.792200 0.803030
vt 1.799127 0.829684
vt 1.796102 0.829684
vt 1.791548 0.803030
vt 1.801267 0.856337
vt 1.800655 0.856337
vt 1.800044 0.856337
vt 1.795470 0.829684
vt 1.790896 0.803030
vt 1.899238 0.822542
vt 1.901505 0.845625
vt 1.900843 0.845625
vt 1.899704 0.822542
vt 1.903772 0.868707
vt 1.903120 0.868707
vt 1.902468 0.868707
vt 1.900181 0.845625
vt 1.897894 0.822542
vt 1.830088 0.776377
vt 1.834634 0.799460
vt 1.831753 0.799460
vt 1.829477 0.776377
vt 1.835748 0.822542
vt 1.832892 0.822542
vt 1.833439 0.822542
vt 1.831152 0.799460
vt 1.828865 0.776377
vt 1.903772 0.776377
vt 1.904012 0.799460
vt 1.900843 0.799460
vt 1.903120 0.776377
vt 1.900181 0.799460
vt 1.902468 0.776377
vt 1.834634 0.845625
vt 1.831753 0.845625
vt 1.830088 0.868707
vt 1.829477 0.868707
vt 1.828865 0.868707
vt 1.831152 0.845625
vt 1.751171 0.776377
vt 1.749030 0.803030
vt 1.746005 0.803030
vt 1.750559 0.776377
vt 1.742103 0.829683
vt 1.741451 0.829683
vt 1.740799 0.829683
vt 1.745373 0.803030
vt 1.749947 0.776377
vt 1.973674 0.145627
vt 2.000086 0.152055
vt 1.998050 0.159532
vt 1.973554 0.152470
vt 2.019886 0.170864
vt 2.016420 0.177348
vt 2.019684 0.176177
vt 1.996602 0.162850
vt 1.973519 0.149523
vt 1.927407 0.170864
vt 1.947240 0.152055
vt 1.949052 0.159532
vt 1.930675 0.177348
vt 1.950436 0.162850
vt 1.927354 0.176177
vt 1.927354 0.202830
vt 1.924549 0.202551
vt 1.927354 0.229484
vt 1.930675 0.227753
vt 1.927407 0.232297
vt 1.920796 0.201581
vt 1.950436 0.242811
vt 1.949052 0.245570
vt 1.973519 0.256137
vt 1.973554 0.252631
vt 1.973674 0.257534
vt 1.947240 0.251106
vt 1.996602 0.242811
vt 1.998050 0.245570
vt 2.019684 0.229484
vt 2.016420 0.227753
vt 2.019886 0.232296
vt 2.000086 0.251106
vt 2.019684 0.202830
vt 2.022544 0.202551
vt 2.026487 0.201580
vt 1.991006 0.447263
vt 1.964581 0.453684
vt 1.961376 0.437909
vt 1.990715 0.434184
vt 1.944772 0.472498
vt 1.939395 0.457384
vt 2.020117 0.437909
vt 2.042192 0.457384
vt 2.037294 0.472498
vt 2.017452 0.453684
vt 2.049551 0.500908
vt 2.042192 0.544433
vt 2.037294 0.534015
vt 2.043908 0.503257
vt 1.991006 0.559251
vt 2.017452 0.552830
vt 2.020117 0.563908
vt 1.990715 0.567633
vt 1.944772 0.534015
vt 1.964581 0.552830
vt 1.961376 0.563908
vt 1.939395 0.544433
vt 1.938168 0.503257
vt 1.932068 0.500908
vt 1.308671 0.528328
vt 1.285589 0.515002
vt 1.285957 0.513763
vt 1.303573 0.530457
vt 1.262506 0.501675
vt 1.262472 0.507373
vt 1.262353 0.503958
vt 1.287262 0.509377
vt 1.305952 0.526200
vt 1.308671 0.581635
vt 1.308671 0.554981
vt 1.309444 0.554984
vt 1.303573 0.579510
vt 1.312182 0.554991
vt 1.305952 0.583783
vt 1.239424 0.515002
vt 1.238992 0.513763
vt 1.216341 0.528328
vt 1.221384 0.530457
vt 1.218808 0.526200
vt 1.237465 0.509377
vt 1.216341 0.554981
vt 1.215514 0.554984
vt 1.216341 0.581635
vt 1.221384 0.579510
vt 1.218808 0.583783
vt 1.212588 0.554991
vt 1.239424 0.594962
vt 1.238992 0.596205
vt 1.262506 0.608288
vt 1.262472 0.602594
vt 1.262353 0.606025
vt 1.237465 0.600606
vt 1.285589 0.594962
vt 1.285957 0.596205
vt 1.287262 0.600606
vt 1.155570 0.782385
vt 1.130540 0.787722
vt 1.127400 0.777169
vt 1.155858 0.774166
vt 1.111759 0.804555
vt 1.106032 0.794311
vt 1.199324 0.804555
vt 1.180577 0.787722
vt 1.184253 0.777169
vt 1.205524 0.794311
vt 1.105498 0.833708
vt 1.098909 0.833726
vt 1.111758 0.862861
vt 1.106032 0.873142
vt 1.130540 0.879694
vt 1.127400 0.890285
vt 1.155570 0.885031
vt 1.155858 0.893288
vt 1.180577 0.879694
vt 1.184253 0.890285
vt 1.199324 0.862861
vt 1.205524 0.873142
vt 1.205573 0.833708
vt 1.212615 0.833727
vt 2.003296 0.262197
vt 1.973965 0.265927
vt 2.025271 0.242725
vt 1.944571 0.262197
vt 1.922502 0.242726
vt 1.915146 0.199230
vt 1.922502 0.155734
vt 1.944571 0.136262
vt 1.973965 0.132532
vt 2.003296 0.136262
vt 2.025271 0.155734
vt 2.032596 0.199230
vt 1.991161 0.451207
vt 1.968078 0.464534
vt 1.966622 0.461179
vt 1.991126 0.454122
vt 1.944996 0.477861
vt 1.948245 0.478999
vt 1.944996 0.504514
vt 1.942119 0.504229
vt 1.944996 0.531168
vt 1.948245 0.529460
vt 1.968078 0.544495
vt 1.966622 0.547280
vt 1.991161 0.557821
vt 1.991126 0.554337
vt 2.014244 0.544495
vt 2.015635 0.547280
vt 2.037326 0.531168
vt 2.034019 0.529460
vt 2.040147 0.504229
vt 2.034019 0.478999
vt 2.037326 0.504514
vt 2.037326 0.477861
vt 2.015635 0.461179
vt 2.014244 0.464534
vt 2.010850 0.729438
vt 2.008598 0.742764
vt 1.996790 0.742765
vt 1.998887 0.729438
vt 2.006346 0.756091
vt 1.994170 0.759423
vt 1.999325 0.782745
vt 1.990501 0.782745
vt 1.995445 0.806066
vt 1.986833 0.806066
vt 1.992673 0.822724
vt 1.984213 0.822724
vt 1.992834 0.836051
vt 1.982116 0.836051
vt 1.971399 0.836051
vt 1.973340 0.822724
vt 1.884780 0.822542
vt 1.884619 0.845625
vt 1.876159 0.845625
vt 1.874063 0.822542
vt 1.889284 0.868707
vt 1.878255 0.868707
vt 1.723042 0.776377
vt 1.725029 0.803030
vt 1.716205 0.803030
vt 1.712013 0.776377
vt 1.732050 0.829683
vt 1.720398 0.829683
vt 1.958075 0.729438
vt 1.957706 0.752521
vt 1.948519 0.752521
vt 1.946423 0.729438
vt 1.962579 0.775603
vt 1.950616 0.775603
vt 1.965263 0.775603
vt 1.962976 0.798685
vt 1.961652 0.798685
vt 1.962786 0.775603
vt 1.960689 0.821768
vt 1.959382 0.821768
vt 1.958075 0.821768
vt 1.960327 0.798685
vt 2.008960 0.756091
vt 2.004386 0.782745
vt 2.003114 0.782745
vt 2.007653 0.756091
vt 1.999813 0.809398
vt 1.999143 0.806066
vt 1.997526 0.822724
vt 1.996306 0.822724
vt 1.995239 0.836051
vt 1.994036 0.836051
vt 1.887185 0.822542
vt 1.889472 0.845625
vt 1.888252 0.845625
vt 1.885983 0.822542
vt 1.891759 0.868707
vt 1.890522 0.868707
vt 1.725516 0.776377
vt 1.730090 0.803030
vt 1.728818 0.803030
vt 1.724279 0.776377
vt 1.734664 0.829683
vt 1.733357 0.829683
vt 1.960689 0.729438
vt 1.962976 0.752521
vt 1.961651 0.752521
vt 1.959382 0.729438
vt 1.811246 0.776377
vt 1.813160 0.789703
vt 1.812238 0.789703
vt 1.810310 0.776377
vt 1.815074 0.803030
vt 1.814648 0.806362
vt 1.811347 0.806362
vt 1.808873 0.789703
vt 1.809373 0.776377
vt 1.818902 0.829684
vt 1.818022 0.829684
vt 1.822730 0.856337
vt 1.821878 0.856337
vt 1.821026 0.856337
vt 1.814811 0.829684
vt 1.851551 0.776377
vt 1.853465 0.799460
vt 1.852627 0.799460
vt 1.850699 0.776377
vt 1.855379 0.822542
vt 1.853591 0.822542
vt 1.850559 0.822542
vt 1.849569 0.799460
vt 1.849847 0.776377
vt 1.853465 0.845625
vt 1.852627 0.845625
vt 1.851551 0.868707
vt 1.850699 0.868707
vt 1.849847 0.868707
vt 1.849569 0.845625
vt 1.772633 0.776377
vt 1.768805 0.803030
vt 1.767925 0.803030
vt 1.771781 0.776377
vt 1.764977 0.829683
vt 1.764069 0.829683
vt 1.763161 0.829683
vt 1.764714 0.803030
vt 1.770929 0.776377
vt 1.926646 0.776377
vt 1.924732 0.799460
vt 1.923810 0.799460
vt 1.925738 0.776377
vt 1.922818 0.822542
vt 1.921881 0.822542
vt 1.920945 0.822542
vt 1.920445 0.799460
vt 1.924829 0.776377
vt 1.800624 0.789703
vt 1.798519 0.776377
vt 1.803255 0.806362
vt 1.789933 0.789703
vt 1.787666 0.776377
vt 1.806938 0.829684
vt 1.811146 0.856337
vt 1.842072 0.799460
vt 1.839967 0.776377
vt 1.843124 0.822542
vt 1.842072 0.845625
vt 1.839967 0.868707
vt 1.756841 0.803030
vt 1.761050 0.776377
vt 1.752632 0.829683
vt 1.912196 0.799460
vt 1.914300 0.776377
vt 1.910092 0.822542
vt 1.155406 0.780391
vt 1.132324 0.793718
vt 1.131881 0.792231
vt 1.155447 0.785896
vt 1.109241 0.807044
vt 1.114205 0.808932
vt 1.109241 0.833698
vt 1.108313 0.833700
vt 1.109241 0.860351
vt 1.114205 0.858468
vt 1.132324 0.873677
vt 1.131881 0.875170
vt 1.155406 0.887004
vt 1.155447 0.881504
vt 1.178488 0.873677
vt 1.179007 0.875170
vt 1.201571 0.860351
vt 1.196674 0.858468
vt 1.201571 0.833698
vt 1.202564 0.833700
vt 1.201571 0.807044
vt 1.196674 0.808932
vt 1.178488 0.793718
vt 1.179006 0.792231
vt 1.290439 0.498700
vt 1.311746 0.515835
vt 1.262062 0.495643
vt 1.318848 0.555010
vt 1.311746 0.594185
vt 1.290439 0.611320
vt 1.262061 0.614378
vt 1.233747 0.611320
vt 1.212534 0.594185
vt 1.205463 0.555010
vt 1.212534 0.515835
vt 1.233747 0.498700
s 1
f 1/1/1 822/2/2 1235/3/3 825/4/4
f 822/2/2 2/5/5 823/6/6 1235/3/3
f 1235/3/3 823/6/6 3/7/5 824/8/7
f 825/4/4 1235/3/3 824/8/7 4/9/8
f 5/10/9 826/11/10 1236/12/11 828/13/12
f 826/11/10 1/14/1 825/15/4 1236/12/11
f 1236/12/11 825/15/4 4/16/8 827/17/13
f 828/13/12 1236/12/11 827/17/13 6/18/14
f 2/5/5 822/2/2 1237/19/15 831/20/5
f 822/2/2 1/1/1 829/21/16 1237/19/15
f 1237/19/15 829/21/16 7/22/17 830/23/18
f 831/20/5 1237/19/15 830/23/18 8/24/6
f 9/25/6 832/26/6 1238/27/6 834/28/6
f 832/26/6 10/29/6 833/30/6 1238/27/6
f 1238/27/6 833/30/6 3/7/5 823/6/6
f 834/28/6 1238/27/6 823/6/6 2/5/5
f 4/9/8 824/8/7 1239/31/19 837/32/20
f 824/8/7 3/7/5 835/33/6 1239/31/19
f 1239/31/19 835/33/6 11/34/6 836/35/21
f 837/32/20 1239/31/19 836/35/21 12/36/22
f 13/37/23 838/38/24 1240/39/25 840/40/26
f 838/38/24 14/41/27 839/42/27 1240/39/25
f 1240/39/25 839/42/27 5/10/9 828/13/12
f 840/40/26 1240/39/25 828/13/12 6/18/14
f 1/14/1 826/11/10 1241/43/28 829/44/16
f 826/11/10 5/10/9 841/45/29 1241/43/28
f 1241/43/28 841/45/29 15/46/30 842/47/31
f 829/44/16 1241/43/28 842/47/31 7/48/17
f 6/18/14 827/17/13 1242/49/32 844/50/33
f 827/17/13 4/16/8 837/51/20 1242/49/32
f 1242/49/32 837/51/20 12/52/22 843/53/34
f 844/50/33 1242/49/32 843/53/34 16/54/35
f 17/55/6 845/56/5 1243/57/6 846/58/6
f 845/56/5 9/25/6 834/28/6 1243/57/6
f 1243/57/6 834/28/6 2/5/5 831/20/5
f 846/58/6 1243/57/6 831/20/5 8/24/6
f 8/24/6 830/23/18 1244/59/18 849/60/6
f 830/23/18 7/22/17 847/61/17 1244/59/18
f 1244/59/18 847/61/17 18/62/17 848/63/18
f 849/60/6 1244/59/18 848/63/18 19/64/6
f 20/65/6 850/66/6 1245/67/6 852/68/6
f 850/66/6 21/69/5 851/70/6 1245/67/6
f 1245/67/6 851/70/6 10/29/6 832/26/6
f 852/68/6 1245/67/6 832/26/6 9/25/6
f 3/7/5 833/30/6 1246/71/6 835/33/6
f 833/30/6 10/29/6 853/72/6 1246/71/6
f 1246/71/6 853/72/6 22/73/6 854/74/6
f 835/33/6 1246/71/6 854/74/6 11/34/6
f 12/36/22 836/35/21 1247/75/36 857/76/37
f 836/35/21 11/34/6 855/77/38 1247/75/36
f 1247/75/36 855/77/38 23/78/39 856/79/40
f 857/76/37 1247/75/36 856/79/40 24/80/41
f 25/81/42 858/82/43 1248/83/44 859/84/45
f 858/82/43 13/37/23 840/40/26 1248/83/44
f 1248/83/44 840/40/26 6/18/14 844/50/33
f 859/84/45 1248/83/44 844/50/33 16/54/35
f 26/85/27 860/86/27 1249/87/46 862/88/47
f 860/86/27 14/41/27 838/38/24 1249/87/46
f 1249/87/46 838/38/24 13/37/23 861/89/48
f 862/88/47 1249/87/46 861/89/48 27/90/49
f 14/41/27 863/91/29 1250/92/50 839/42/27
f 863/91/29 28/93/30 864/94/30 1250/92/50
f 1250/92/50 864/94/30 15/46/30 841/45/29
f 839/42/27 1250/92/50 841/45/29 5/10/9
f 7/48/17 842/47/31 1251/95/31 847/96/17
f 842/47/31 15/46/30 865/97/30 1251/95/31
f 1251/95/31 865/97/30 29/98/30 866/99/31
f 847/96/17 1251/95/31 866/99/31 18/100/17
f 30/101/51 867/102/52 1252/103/53 868/104/54
f 867/102/52 16/54/35 843/53/34 1252/103/53
f 1252/103/53 843/53/34 12/52/22 857/105/37
f 868/104/54 1252/103/53 857/105/37 24/106/41
f 31/107/6 869/108/6 1253/109/6 870/110/6
f 869/108/6 17/55/6 846/58/6 1253/109/6
f 1253/109/6 846/58/6 8/24/6 849/60/6
f 870/110/6 1253/109/6 849/60/6 19/64/6
f 32/111/5 871/112/6 1254/113/6 872/114/6
f 871/112/6 20/65/6 852/68/6 1254/113/6
f 1254/113/6 852/68/6 9/25/6 845/56/5
f 872/114/6 1254/113/6 845/56/5 17/55/6
f 19/64/6 848/63/18 1255/115/55 875/116/56
f 848/63/18 18/62/17 873/117/57 1255/115/55
f 1255/115/55 873/117/57 33/118/58 874/119/59
f 875/116/56 1255/115/55 874/119/59 34/120/60
f 35/121/6 876/122/6 1256/123/6 878/124/6
f 876/122/6 36/125/5 877/126/5 1256/123/6
f 1256/123/6 877/126/5 21/69/5 850/66/6
f 878/124/6 1256/123/6 850/66/6 20/65/6
f 22/73/6 853/72/6 1257/127/6 880/128/6
f 853/72/6 10/29/6 851/70/6 1257/127/6
f 1257/127/6 851/70/6 21/69/5 879/129/6
f 880/128/6 1257/127/6 879/129/6 37/130/5
f 23/78/39 855/77/38 1258/131/61 882/132/62
f 855/77/38 11/34/6 854/74/6 1258/131/61
f 1258/131/61 854/74/6 22/73/6 881/133/63
f 882/132/62 1258/131/61 881/133/63 38/134/64
f 24/135/41 856/136/40 1259/137/65 868/138/54
f 856/136/40 23/139/39 883/140/66 1259/137/65
f 1259/137/65 883/140/66 39/141/67 884/142/68
f 868/138/54 1259/137/65 884/142/68 30/143/51
f 40/144/51 885/145/69 1260/146/70 886/147/51
f 885/145/69 25/81/42 859/84/45 1260/146/70
f 1260/146/70 859/84/45 16/54/35 867/102/52
f 886/147/51 1260/146/70 867/102/52 30/101/51
f 44/148/71 887/149/72 1261/150/73 889/151/74
f 887/149/72 45/152/27 888/153/9 1261/150/73
f 1261/150/73 888/153/9 26/85/27 862/88/47
f 889/151/74 1261/150/73 862/88/47 27/90/49
f 46/154/30 890/155/30 1262/156/29 891/157/29
f 890/155/30 28/93/30 863/91/29 1262/156/29
f 1262/156/29 863/91/29 14/41/27 860/86/27
f 891/157/29 1262/156/29 860/86/27 26/85/27
f 29/98/30 865/97/30 1263/158/30 893/159/30
f 865/97/30 15/46/30 864/94/30 1263/158/30
f 1263/158/30 864/94/30 28/93/30 892/160/30
f 893/159/30 1263/158/30 892/160/30 47/161/75
f 18/100/17 866/99/31 1264/162/76 873/163/57
f 866/99/31 29/98/30 894/164/77 1264/162/76
f 1264/162/76 894/164/77 48/165/78 895/166/79
f 873/163/57 1264/162/76 895/166/79 33/167/58
f 49/168/60 896/169/80 1265/170/80 897/171/60
f 896/169/80 31/107/6 870/110/6 1265/170/80
f 1265/170/80 870/110/6 19/64/6 875/116/56
f 897/171/60 1265/170/80 875/116/56 34/120/60
f 50/172/6 898/173/6 1266/174/6 899/175/6
f 898/173/6 32/111/5 872/114/6 1266/174/6
f 1266/174/6 872/114/6 17/55/6 869/108/6
f 899/175/6 1266/174/6 869/108/6 31/107/6
f 51/176/6 900/177/6 1267/178/6 901/179/6
f 900/177/6 35/121/6 878/124/6 1267/178/6
f 1267/178/6 878/124/6 20/65/6 871/112/6
f 901/179/6 1267/178/6 871/112/6 32/111/5
f 48/180/78 902/181/81 1268/182/82 895/183/79
f 902/181/81 52/184/83 903/185/84 1268/182/82
f 1268/182/82 903/185/84 34/186/60 874/187/59
f 895/183/79 1268/182/82 874/187/59 33/188/58
f 53/189/6 904/190/6 1269/191/6 906/192/6
f 904/190/6 54/193/6 905/194/6 1269/191/6
f 1269/191/6 905/194/6 36/125/5 876/122/6
f 906/192/6 1269/191/6 876/122/6 35/121/6
f 21/69/5 877/126/5 1270/195/6 879/129/6
f 877/126/5 36/125/5 907/196/6 1270/195/6
f 1270/195/6 907/196/6 55/197/6 908/198/6
f 879/129/6 1270/195/6 908/198/6 37/130/5
f 38/134/64 881/133/63 1271/199/85 910/200/86
f 881/133/63 22/73/6 880/128/6 1271/199/85
f 1271/199/85 880/128/6 37/130/5 909/201/87
f 910/200/86 1271/199/85 909/201/87 56/202/88
f 23/139/39 882/203/62 1272/204/89 883/140/66
f 882/203/62 38/205/64 911/206/90 1272/204/89
f 1272/204/89 911/206/90 57/207/91 912/208/67
f 883/140/66 1272/204/89 912/208/67 39/141/67
f 30/143/51 884/142/68 1273/209/92 886/210/51
f 884/142/68 39/141/67 913/211/67 1273/209/92
f 1273/209/92 913/211/67 58/212/67 914/213/93
f 886/210/51 1273/209/92 914/213/93 40/214/51
f 59/215/51 915/216/94 1274/217/95 917/218/51
f 915/216/94 41/219/96 916/220/97 1274/217/95
f 1274/217/95 916/220/97 25/81/42 885/145/69
f 917/218/51 1274/217/95 885/145/69 40/144/51
f 65/221/27 918/222/27 1275/223/98 920/224/99
f 918/222/27 45/152/27 887/149/72 1275/223/98
f 1275/223/98 887/149/72 44/148/71 919/225/100
f 920/224/99 1275/223/98 919/225/100 66/226/101
f 45/152/27 921/227/29 1276/228/50 888/153/9
f 921/227/29 67/229/30 922/230/75 1276/228/50
f 1276/228/50 922/230/75 46/154/30 891/157/29
f 888/153/9 1276/228/50 891/157/29 26/85/27
f 47/161/75 892/160/30 1277/231/30 924/232/30
f 892/160/30 28/93/30 890/155/30 1277/231/30
f 1277/231/30 890/155/30 46/154/30 923/233/30
f 924/232/30 1277/231/30 923/233/30 68/234/30
f 48/165/78 894/164/77 1278/235/77 926/236/78
f 894/164/77 29/98/30 893/159/30 1278/235/77
f 1278/235/77 893/159/30 47/161/75 925/237/77
f 926/236/78 1278/235/77 925/237/77 69/238/78
f 34/186/60 903/185/84 1279/239/102 897/240/60
f 903/185/84 52/184/83 927/241/103 1279/239/102
f 1279/239/102 927/241/103 70/242/104 928/243/105
f 897/240/60 1279/239/102 928/243/105 49/244/60
f 71/245/60 929/246/80 1280/247/80 930/248/60
f 929/246/80 50/172/6 899/175/6 1280/247/80
f 1280/247/80 899/175/6 31/107/6 896/169/80
f 930/248/60 1280/247/80 896/169/80 49/168/60
f 72/249/6 931/250/6 1281/251/6 932/252/6
f 931/250/6 51/176/6 901/179/6 1281/251/6
f 1281/251/6 901/179/6 32/111/5 898/173/6
f 932/252/6 1281/251/6 898/173/6 50/172/6
f 73/253/6 933/254/6 1282/255/6 934/256/6
f 933/254/6 53/189/6 906/192/6 1282/255/6
f 1282/255/6 906/192/6 35/121/6 900/177/6
f 934/256/6 1282/255/6 900/177/6 51/176/6
f 69/257/78 935/258/106 1283/259/107 926/260/78
f 935/258/106 74/261/108 936/262/109 1283/259/107
f 1283/259/107 936/262/109 52/184/83 902/181/81
f 926/260/78 1283/259/107 902/181/81 48/180/78
f 75/263/5 937/264/6 1284/265/6 939/266/6
f 937/264/6 54/193/6 904/190/6 1284/265/6
f 1284/265/6 904/190/6 53/189/6 938/267/6
f 939/266/6 1284/265/6 938/267/6 76/268/6
f 54/193/6 940/269/6 1285/270/6 905/194/6
f 940/269/6 77/271/5 941/272/6 1285/270/6
f 1285/270/6 941/272/6 55/197/6 907/196/6
f 905/194/6 1285/270/6 907/196/6 36/125/5
f 56/202/88 909/201/87 1286/273/110 943/274/111
f 909/201/87 37/130/5 908/198/6 1286/273/110
f 1286/273/110 908/198/6 55/197/6 942/275/87
f 943/274/111 1286/273/110 942/275/87 78/276/112
f 57/207/91 911/206/90 1287/277/113 945/278/67
f 911/206/90 38/205/64 910/279/86 1287/277/113
f 1287/277/113 910/279/86 56/280/88 944/281/114
f 945/278/67 1287/277/113 944/281/114 79/282/67
f 39/141/67 912/208/67 1288/283/115 913/211/67
f 57/207/91 945/278/67 1288/283/115 912/208/67
f 79/282/67 946/284/116 1288/283/115 945/278/67
f 80/285/117 947/286/118 1288/283/115 946/284/116
f 81/287/119 948/288/120 1288/283/115 947/286/118
f 82/289/67 949/290/67 1288/283/115 948/288/120
f 58/212/67 913/211/67 1288/283/115 949/290/67
f 40/214/51 914/213/93 1289/291/121 917/292/51
f 914/213/93 58/212/67 949/290/67 1289/291/121
f 1289/291/121 949/290/67 82/289/67 950/293/122
f 917/292/51 1289/291/121 950/293/122 59/294/51
f 83/295/51 951/296/123 1290/297/124 953/298/51
f 951/296/123 60/299/125 952/300/126 1290/297/124
f 1290/297/124 952/300/126 41/219/96 915/216/94
f 953/298/51 1290/297/124 915/216/94 59/215/51
f 66/226/101 919/225/100 1291/301/127 956/302/128
f 919/225/100 44/148/71 954/303/129 1291/301/127
f 1291/301/127 954/303/129 60/299/125 955/304/130
f 956/302/128 1291/301/127 955/304/130 84/305/131
f 85/306/132 957/307/133 1292/308/134 959/309/135
f 957/307/133 65/221/27 920/224/99 1292/308/134
f 1292/308/134 920/224/99 66/226/101 958/310/136
f 959/309/135 1292/308/134 958/310/136 86/311/137
f 87/312/75 960/313/30 1293/314/29 961/315/29
f 960/313/30 67/229/30 921/227/29 1293/314/29
f 1293/314/29 921/227/29 45/152/27 918/222/27
f 961/315/29 1293/314/29 918/222/27 65/221/27
f 68/234/30 923/233/30 1294/316/30 963/317/30
f 923/233/30 46/154/30 922/230/75 1294/316/30
f 1294/316/30 922/230/75 67/229/30 962/318/30
f 963/317/30 1294/316/30 962/318/30 88/319/75
f 69/238/78 925/237/77 1295/320/77 965/321/78
f 925/237/77 47/161/75 924/232/30 1295/320/77
f 1295/320/77 924/232/30 68/234/30 964/322/77
f 965/321/78 1295/320/77 964/322/77 89/323/78
f 70/324/104 927/325/103 1296/326/138 968/327/139
f 927/325/103 52/328/83 966/329/140 1296/326/138
f 1296/326/138 966/329/140 90/330/141 967/331/142
f 968/327/139 1296/326/138 967/331/142 91/332/143
f 49/244/60 928/243/105 1297/333/144 930/334/60
f 928/243/105 70/242/104 969/335/145 1297/333/144
f 1297/333/144 969/335/145 92/336/146 970/337/144
f 930/334/60 1297/333/144 970/337/144 71/338/60
f 93/339/60 971/340/80 1298/341/80 972/342/60
f 971/340/80 72/249/6 932/252/6 1298/341/80
f 1298/341/80 932/252/6 50/172/6 929/246/80
f 972/342/60 1298/341/80 929/246/80 71/245/60
f 94/343/6 973/344/5 1299/345/6 974/346/6
f 973/344/5 73/253/6 934/256/6 1299/345/6
f 1299/345/6 934/256/6 51/176/6 931/250/6
f 974/346/6 1299/345/6 931/250/6 72/249/6
f 76/268/6 938/267/6 1300/347/6 976/348/6
f 938/267/6 53/189/6 933/254/6 1300/347/6
f 1300/347/6 933/254/6 73/253/6 975/349/6
f 976/348/6 1300/347/6 975/349/6 95/350/6
f 89/351/78 977/352/106 1301/353/147 965/354/78
f 977/352/106 96/355/108 978/356/148 1301/353/147
f 1301/353/147 978/356/148 74/261/108 935/258/106
f 965/354/78 1301/353/147 935/258/106 69/257/78
f 52/357/83 936/358/109 1302/359/149 966/360/140
f 936/358/109 74/361/108 979/362/150 1302/359/149
f 1302/359/149 979/362/150 97/363/151 980/364/152
f 966/360/140 1302/359/149 980/364/152 90/365/141
f 75/263/5 939/266/6 1303/366/153 983/367/154
f 939/266/6 76/268/6 981/368/155 1303/366/153
f 1303/366/153 981/368/155 98/369/156 982/370/157
f 983/367/154 1303/366/153 982/370/157 99/371/158
f 100/372/6 984/373/6 1304/374/6 985/375/6
f 984/373/6 77/271/5 940/269/6 1304/374/6
f 1304/374/6 940/269/6 54/193/6 937/264/6
f 985/375/6 1304/374/6 937/264/6 75/263/5
f 78/276/112 942/275/87 1305/376/85 987/377/86
f 942/275/87 55/197/6 941/272/6 1305/376/85
f 1305/376/85 941/272/6 77/271/5 986/378/159
f 987/377/86 1305/376/85 986/378/159 101/379/160
f 56/280/88 943/380/111 1306/381/161 944/281/114
f 943/380/111 78/382/112 988/383/162 1306/381/161
f 1306/381/161 988/383/162 102/384/67 989/385/67
f 944/281/114 1306/381/161 989/385/67 79/282/67
f 103/386/163 990/387/164 1307/388/91 991/389/165
f 990/387/164 80/285/117 946/284/116 1307/388/91
f 1307/388/91 946/284/116 79/282/67 989/385/67
f 991/389/165 1307/388/91 989/385/67 102/384/67
f 80/285/117 992/390/166 1308/391/167 947/286/118
f 992/390/166 104/392/168 993/393/169 1308/391/167
f 1308/391/167 993/393/169 105/394/170 994/395/171
f 947/286/118 1308/391/167 994/395/171 81/287/119
f 81/287/119 995/396/172 1309/397/115 948/288/120
f 106/398/173 996/399/174 1309/397/115 995/396/172
f 107/400/67 997/401/67 1309/397/115 996/399/174
f 108/402/67 998/403/91 1309/397/115 997/401/67
f 109/404/67 999/405/91 1309/397/115 998/403/91
f 110/406/67 1000/407/67 1309/397/115 999/405/91
f 82/289/67 948/288/120 1309/397/115 1000/407/67
f 59/294/51 950/293/122 1310/408/175 953/409/51
f 950/293/122 82/289/67 1000/407/67 1310/408/175
f 1310/408/175 1000/407/67 110/406/67 1001/410/176
f 953/409/51 1310/408/175 1001/410/176 83/411/51
f 111/412/51 1002/413/177 1311/414/178 1003/415/51
f 1002/413/177 84/305/131 955/304/130 1311/414/178
f 1311/414/178 955/304/130 60/299/125 951/296/123
f 1003/415/51 1311/414/178 951/296/123 83/295/51
f 86/311/137 958/310/136 1312/416/179 1005/417/180
f 958/310/136 66/226/101 956/302/128 1312/416/179
f 1312/416/179 956/302/128 84/305/131 1004/418/181
f 1005/417/180 1312/416/179 1004/418/181 112/419/182
f 86/420/137 1006/421/183 1313/422/184 959/423/135
f 1006/421/183 113/424/143 1007/425/143 1313/422/184
f 1313/422/184 1007/425/143 114/426/143 1008/427/185
f 959/423/135 1313/422/184 1008/427/185 85/428/132
f 115/429/186 1009/430/187 1314/431/188 1010/432/189
f 1009/430/187 87/312/75 961/315/29 1314/431/188
f 1314/431/188 961/315/29 65/221/27 957/307/133
f 1010/432/189 1314/431/188 957/307/133 85/306/132
f 88/319/75 962/318/30 1315/433/30 1012/434/30
f 962/318/30 67/229/30 960/313/30 1315/433/30
f 1315/433/30 960/313/30 87/312/75 1011/435/30
f 1012/434/30 1315/433/30 1011/435/30 116/436/75
f 89/323/78 964/322/77 1316/437/77 1014/438/78
f 964/322/77 68/234/30 963/317/30 1316/437/77
f 1316/437/77 963/317/30 88/319/75 1013/439/77
f 1014/438/78 1316/437/77 1013/439/77 117/440/190
f 92/441/146 969/442/145 1317/443/191 1016/444/192
f 969/442/145 70/324/104 968/327/139 1317/443/191
f 1317/443/191 968/327/139 91/332/143 1015/445/143
f 1016/444/192 1317/443/191 1015/445/143 118/446/143
f 91/332/143 967/331/142 1318/447/193 1019/448/143
f 967/331/142 90/330/141 1017/449/194 1318/447/193
f 1318/447/193 1017/449/194 119/450/195 1018/451/196
f 1019/448/143 1318/447/193 1018/451/196 120/452/143
f 71/338/60 970/337/144 1319/453/144 972/454/60
f 970/337/144 92/336/146 1020/455/197 1319/453/144
f 1319/453/144 1020/455/197 121/456/198 1021/457/105
f 972/454/60 1319/453/144 1021/457/105 93/458/60
f 122/459/60 1022/460/80 1320/461/80 1023/462/60
f 1022/460/80 94/343/6 974/346/6 1320/461/80
f 1320/461/80 974/346/6 72/249/6 971/340/80
f 1023/462/60 1320/461/80 971/340/80 93/339/60
f 95/350/6 975/349/6 1321/463/6 1025/464/6
f 975/349/6 73/253/6 973/344/5 1321/463/6
f 1321/463/6 973/344/5 94/343/6 1024/465/6
f 1025/464/6 1321/463/6 1024/465/6 123/466/6
f 98/369/156 981/368/155 1322/467/199 1027/468/200
f 981/368/155 76/268/6 976/348/6 1322/467/199
f 1322/467/199 976/348/6 95/350/6 1026/469/201
f 1027/468/200 1322/467/199 1026/469/201 124/470/202
f 117/471/190 1028/472/147 1323/473/106 1014/474/78
f 1028/472/147 125/475/108 1029/476/148 1323/473/106
f 1323/473/106 1029/476/148 96/355/108 977/352/106
f 1014/474/78 1323/473/106 977/352/106 89/351/78
f 74/361/108 978/477/148 1324/478/150 979/362/150
f 978/477/148 96/479/108 1030/480/150 1324/478/150
f 1324/478/150 1030/480/150 126/481/151 1031/482/203
f 979/362/150 1324/478/150 1031/482/203 97/363/151
f 90/365/141 980/364/152 1325/483/204 1017/484/194
f 980/364/152 97/363/151 1032/485/205 1325/483/204
f 1325/483/204 1032/485/205 127/486/203 1033/487/206
f 1017/484/194 1325/483/204 1033/487/206 119/488/195
f 100/372/6 985/375/6 1326/489/207 1035/490/208
f 985/375/6 75/263/5 983/367/154 1326/489/207
f 1326/489/207 983/367/154 99/371/158 1034/491/209
f 1035/490/208 1326/489/207 1034/491/209 128/492/210
f 98/493/156 1036/494/211 1327/495/212 982/496/157
f 1036/494/211 129/497/213 1037/498/214 1327/495/212
f 1327/495/212 1037/498/214 130/499/215 1038/500/216
f 982/496/157 1327/495/212 1038/500/216 99/501/158
f 101/379/160 986/378/159 1328/502/217 1040/503/218
f 986/378/159 77/271/5 984/373/6 1328/502/217
f 1328/502/217 984/373/6 100/372/6 1039/504/219
f 1040/503/218 1328/502/217 1039/504/219 131/505/220
f 78/382/112 987/506/86 1329/507/221 988/383/162
f 987/506/86 101/508/160 1041/509/222 1329/507/221
f 1329/507/221 1041/509/222 132/510/67 1042/511/67
f 988/383/162 1329/507/221 1042/511/67 102/384/67
f 133/512/223 1043/513/224 1330/514/225 1047/515/226
f 103/386/163 991/389/165 1330/514/225 1043/513/224
f 102/384/67 1042/511/67 1330/514/225 991/389/165
f 132/510/67 1044/516/91 1330/514/225 1042/511/67
f 134/517/67 1045/518/67 1330/514/225 1044/516/91
f 135/519/67 1046/520/67 1330/514/225 1045/518/67
f 136/521/67 1047/515/226 1330/514/225 1046/520/67
f 103/386/163 1048/522/227 1331/523/228 990/387/164
f 1048/522/227 137/524/229 1049/525/230 1331/523/228
f 1331/523/228 1049/525/230 104/392/168 992/390/166
f 990/387/164 1331/523/228 992/390/166 80/285/117
f 104/526/168 1050/527/231 1332/528/232 993/529/169
f 1050/527/231 138/530/233 1051/531/234 1332/528/232
f 1332/528/232 1051/531/234 139/532/235 1052/533/236
f 993/529/169 1332/528/232 1052/533/236 105/534/170
f 81/287/119 994/395/171 1333/535/237 995/396/172
f 994/395/171 105/394/170 1053/536/238 1333/535/237
f 1333/535/237 1053/536/238 140/537/239 1054/538/240
f 995/396/172 1333/535/237 1054/538/240 106/398/173
f 141/539/67 1055/540/67 1334/541/241 1057/542/242
f 1055/540/67 107/400/67 996/399/174 1334/541/241
f 1334/541/241 996/399/174 106/398/173 1056/543/243
f 1057/542/242 1334/541/241 1056/543/243 142/544/244
f 108/402/67 997/401/67 1335/545/245 1060/546/246
f 997/401/67 107/400/67 1058/547/247 1335/545/245
f 1335/545/245 1058/547/247 143/548/248 1059/549/249
f 1060/546/246 1335/545/245 1059/549/249 144/550/250
f 109/404/67 998/403/91 1336/551/251 1062/552/252
f 998/403/91 108/402/67 1060/546/246 1336/551/251
f 1336/551/251 1060/546/246 144/550/250 1061/553/253
f 1062/552/252 1336/551/251 1061/553/253 145/554/254
f 83/411/51 1001/410/176 1337/555/255 1003/556/51
f 1001/410/176 110/406/67 999/405/91 1337/555/255
f 1337/555/255 999/405/91 109/404/67 1063/557/256
f 1003/556/51 1337/555/255 1063/557/256 111/558/51
f 112/419/182 1004/418/181 1338/559/257 1065/560/258
f 1004/418/181 84/305/131 1002/413/177 1338/559/257
f 1338/559/257 1002/413/177 111/412/51 1064/561/259
f 1065/560/258 1338/559/257 1064/561/259 146/562/260
f 112/563/182 1066/564/261 1339/565/262 1005/566/180
f 1066/564/261 147/567/143 1067/568/263 1339/565/262
f 1339/565/262 1067/568/263 113/424/143 1006/421/183
f 1005/566/180 1339/565/262 1006/421/183 86/420/137
f 114/426/143 1007/425/143 1340/569/143 1070/570/143
f 1007/425/143 113/424/143 1068/571/263 1340/569/143
f 1340/569/143 1068/571/263 148/572/263 1069/573/143
f 1070/570/143 1340/569/143 1069/573/143 149/574/143
f 85/428/132 1008/427/185 1341/575/264 1010/576/189
f 1008/427/185 114/426/143 1071/577/263 1341/575/264
f 1341/575/264 1071/577/263 150/578/143 1072/579/265
f 1010/576/189 1341/575/264 1072/579/265 115/580/186
f 116/436/75 1011/435/30 1342/581/266 1074/582/267
f 1011/435/30 87/312/75 1009/430/187 1342/581/266
f 1342/581/266 1009/430/187 115/429/186 1073/583/186
f 1074/582/267 1342/581/266 1073/583/186 151/584/186
f 117/440/190 1013/439/77 1343/585/77 1076/586/78
f 1013/439/77 88/319/75 1012/434/30 1343/585/77
f 1343/585/77 1012/434/30 116/436/75 1075/587/77
f 1076/586/78 1343/585/77 1075/587/77 152/588/78
f 121/589/198 1020/590/197 1344/591/268 1078/592/269
f 1020/590/197 92/441/146 1016/444/192 1344/591/268
f 1344/591/268 1016/444/192 118/446/143 1077/593/263
f 1078/592/269 1344/591/268 1077/593/263 153/594/143
f 118/446/143 1015/445/143 1345/595/143 1080/596/143
f 1015/445/143 91/332/143 1019/448/143 1345/595/143
f 1345/595/143 1019/448/143 120/452/143 1079/597/263
f 1080/596/143 1345/595/143 1079/597/263 154/598/143
f 120/452/143 1018/451/196 1346/599/270 1083/600/143
f 1018/451/196 119/450/195 1081/601/271 1346/599/270
f 1346/599/270 1081/601/271 155/602/272 1082/603/273
f 1083/600/143 1346/599/270 1082/603/273 156/604/143
f 93/458/60 1021/457/105 1347/605/105 1023/606/60
f 1021/457/105 121/456/198 1084/607/274 1347/605/105
f 1347/605/105 1084/607/274 157/608/275 1085/609/105
f 1023/606/60 1347/605/105 1085/609/105 122/610/60
f 123/466/6 1024/465/6 1348/611/80 1087/612/56
f 1024/465/6 94/343/6 1022/460/80 1348/611/80
f 1348/611/80 1022/460/80 122/459/60 1086/613/60
f 1087/612/56 1348/611/80 1086/613/60 158/614/60
f 124/470/202 1026/469/201 1349/615/276 1089/616/202
f 1026/469/201 95/350/6 1025/464/6 1349/615/276
f 1349/615/276 1025/464/6 123/466/6 1088/617/276
f 1089/616/202 1349/615/276 1088/617/276 159/618/202
f 129/497/213 1036/494/211 1350/619/277 1091/620/278
f 1036/494/211 98/493/156 1027/621/200 1350/619/277
f 1350/619/277 1027/621/200 124/622/202 1090/623/279
f 1091/620/278 1350/619/277 1090/623/279 160/624/280
f 152/625/78 1092/626/281 1351/627/282 1076/628/78
f 1092/626/281 161/629/283 1093/630/284 1351/627/282
f 1351/627/282 1093/630/284 125/475/108 1028/472/147
f 1076/628/78 1351/627/282 1028/472/147 117/471/190
f 96/479/108 1029/631/148 1352/632/150 1030/480/150
f 1029/631/148 125/633/108 1094/634/150 1352/632/150
f 1352/632/150 1094/634/150 162/635/151 1095/636/205
f 1030/480/150 1352/632/150 1095/636/205 126/481/151
f 97/363/151 1031/482/203 1353/637/151 1032/485/205
f 1031/482/203 126/481/151 1096/638/205 1353/637/151
f 1353/637/151 1096/638/205 163/639/203 1097/640/203
f 1032/485/205 1353/637/151 1097/640/203 127/486/203
f 119/488/195 1033/487/206 1354/641/285 1081/642/271
f 1033/487/206 127/486/203 1098/643/151 1354/641/285
f 1354/641/285 1098/643/151 164/644/151 1099/645/286
f 1081/642/271 1354/641/285 1099/645/286 155/646/272
f 131/505/220 1039/504/219 1355/647/287 1101/648/288
f 1039/504/219 100/372/6 1035/490/208 1355/647/287
f 1355/647/287 1035/490/208 128/492/210 1100/649/289
f 1101/648/288 1355/647/287 1100/649/289 165/650/290
f 99/501/158 1038/500/216 1356/651/291 1034/652/209
f 1038/500/216 130/499/215 1102/653/292 1356/651/291
f 1356/651/291 1102/653/292 166/654/293 1103/655/294
f 1034/652/209 1356/651/291 1103/655/294 128/656/210
f 130/499/215 1037/498/214 1357/657/295 1106/658/296
f 1037/498/214 129/497/213 1104/659/213 1357/657/295
f 1357/657/295 1104/659/213 167/660/213 1105/661/297
f 1106/658/296 1357/657/295 1105/661/297 168/662/298
f 101/508/160 1040/663/218 1358/664/299 1041/509/222
f 1040/663/218 131/665/220 1107/666/300 1358/664/299
f 1358/664/299 1107/666/300 134/517/67 1044/516/91
f 1041/509/222 1358/664/299 1044/516/91 132/510/67
f 169/667/67 1108/668/67 1359/669/301 1112/670/67
f 170/671/67 1109/672/67 1359/669/301 1108/668/67
f 141/539/67 1057/542/242 1359/669/301 1109/672/67
f 142/544/244 1110/673/302 1359/669/301 1057/542/242
f 133/512/223 1047/515/226 1359/669/301 1110/673/302
f 136/521/67 1111/674/67 1359/669/301 1047/515/226
f 171/675/67 1112/670/67 1359/669/301 1111/674/67
f 133/512/223 1113/676/303 1360/677/304 1043/513/224
f 1113/676/303 172/678/305 1114/679/306 1360/677/304
f 1360/677/304 1114/679/306 137/524/229 1048/522/227
f 1043/513/224 1360/677/304 1048/522/227 103/386/163
f 134/517/67 1115/680/307 1361/681/308 1045/518/67
f 1115/680/307 173/682/309 1116/683/310 1361/681/308
f 1361/681/308 1116/683/310 174/684/310 1117/685/311
f 1045/518/67 1361/681/308 1117/685/311 135/519/67
f 135/519/67 1117/685/311 1362/686/312 1046/520/67
f 1117/685/311 174/684/310 1118/687/310 1362/686/312
f 1362/686/312 1118/687/310 175/688/310 1119/689/313
f 1046/520/67 1362/686/312 1119/689/313 136/521/67
f 104/690/168 1049/691/230 1363/692/314 1050/693/231
f 1049/691/230 137/694/229 1120/695/315 1363/692/314
f 1363/692/314 1120/695/315 176/696/316 1121/697/317
f 1050/693/231 1363/692/314 1121/697/317 138/698/233
f 138/530/233 1122/699/318 1364/700/319 1051/531/234
f 1122/699/318 177/701/320 1123/702/321 1364/700/319
f 1364/700/319 1123/702/321 178/703/322 1124/704/322
f 1051/531/234 1364/700/319 1124/704/322 139/532/235
f 105/534/170 1052/533/236 1365/705/323 1053/706/238
f 1052/533/236 139/532/235 1125/707/324 1365/705/323
f 1365/705/323 1125/707/324 179/708/325 1126/709/326
f 1053/706/238 1365/705/323 1126/709/326 140/710/239
f 106/398/173 1054/538/240 1366/711/327 1056/543/243
f 1054/538/240 140/537/239 1127/712/328 1366/711/327
f 1366/711/327 1127/712/328 180/713/329 1128/714/330
f 1056/543/243 1366/711/327 1128/714/330 142/544/244
f 107/400/67 1055/540/67 1367/715/331 1058/547/247
f 1055/540/67 141/539/67 1129/716/332 1367/715/331
f 1367/715/331 1129/716/332 181/717/248 1130/718/333
f 1058/547/247 1367/715/331 1130/718/333 143/548/248
f 143/719/248 1131/720/334 1368/721/335 1059/722/249
f 1131/720/334 182/723/143 1132/724/143 1368/721/335
f 1368/721/335 1132/724/143 183/725/143 1133/726/336
f 1059/722/249 1368/721/335 1133/726/336 144/727/250
f 111/558/51 1063/557/256 1369/728/337 1064/729/259
f 1063/557/256 109/404/67 1062/552/252 1369/728/337
f 1369/728/337 1062/552/252 145/554/254 1134/730/338
f 1064/729/259 1369/728/337 1134/730/338 146/731/260
f 144/727/250 1133/726/336 1370/732/339 1061/733/253
f 1133/726/336 183/725/143 1135/734/143 1370/732/339
f 1370/732/339 1135/734/143 147/567/143 1136/735/340
f 1061/733/253 1370/732/339 1136/735/340 145/736/254
f 146/737/260 1134/738/338 1371/739/341 1065/740/258
f 1134/738/338 145/736/254 1136/735/340 1371/739/341
f 1371/739/341 1136/735/340 147/567/143 1066/564/261
f 1065/740/258 1371/739/341 1066/564/261 112/563/182
f 148/572/263 1068/571/263 1372/741/263 1137/742/143
f 1068/571/263 113/424/143 1067/568/263 1372/741/263
f 1372/741/263 1067/568/263 147/567/143 1135/734/143
f 1137/742/143 1372/741/263 1135/734/143 183/725/143
f 149/574/143 1138/743/143 1373/744/143 1070/570/143
f 1138/743/143 184/745/143 1139/746/143 1373/744/143
f 1373/744/143 1139/746/143 150/578/143 1071/577/263
f 1070/570/143 1373/744/143 1071/577/263 114/426/143
f 149/574/143 1069/573/143 1374/747/143 1142/748/143
f 1069/573/143 148/572/263 1140/749/143 1374/747/143
f 1374/747/143 1140/749/143 185/750/143 1141/751/143
f 1142/748/143 1374/747/143 1141/751/143 186/752/143
f 115/580/186 1072/579/265 1375/753/342 1073/754/186
f 1072/579/265 150/578/143 1143/755/143 1375/753/342
f 1375/753/342 1143/755/143 187/756/143 1144/757/342
f 1073/754/186 1375/753/342 1144/757/342 151/758/186
f 152/588/78 1075/587/77 1376/759/343 1146/760/344
f 1075/587/77 116/436/75 1074/582/267 1376/759/343
f 1376/759/343 1074/582/267 151/584/186 1145/761/345
f 1146/760/344 1376/759/343 1145/761/345 188/762/346
f 189/763/143 1147/764/139 1377/765/347 1148/766/143
f 1147/764/139 157/767/275 1084/768/274 1377/765/347
f 1377/765/347 1084/768/274 121/589/198 1078/592/269
f 1148/766/143 1377/765/347 1078/592/269 153/594/143
f 153/594/143 1077/593/263 1378/769/143 1150/770/143
f 1077/593/263 118/446/143 1080/596/143 1378/769/143
f 1378/769/143 1080/596/143 154/598/143 1149/771/143
f 1150/770/143 1378/769/143 1149/771/143 190/772/143
f 154/598/143 1079/597/263 1379/773/263 1152/774/143
f 1079/597/263 120/452/143 1083/600/143 1379/773/263
f 1379/773/263 1083/600/143 156/604/143 1151/775/143
f 1152/774/143 1379/773/263 1151/775/143 191/776/143
f 156/604/143 1082/603/273 1380/777/348 1155/778/349
f 1082/603/273 155/602/272 1153/779/350 1380/777/348
f 1380/777/348 1153/779/350 192/780/351 1154/781/352
f 1155/778/349 1380/777/348 1154/781/352 193/782/353
f 122/610/60 1085/609/105 1381/783/354 1086/784/60
f 1085/609/105 157/608/275 1156/785/355 1381/783/354
f 1381/783/354 1156/785/355 194/786/356 1157/787/357
f 1086/784/60 1381/783/354 1157/787/357 158/788/60
f 159/618/202 1088/617/276 1382/789/358 1159/790/359
f 1088/617/276 123/466/6 1087/612/56 1382/789/358
f 1382/789/358 1087/612/56 158/614/60 1158/791/360
f 1159/790/359 1382/789/358 1158/791/360 195/792/361
f 160/624/280 1090/623/279 1383/793/279 1161/794/280
f 1090/623/279 124/622/202 1089/795/202 1383/793/279
f 1383/793/279 1089/795/202 159/796/202 1160/797/279
f 1161/794/280 1383/793/279 1160/797/279 196/798/280
f 197/799/280 1162/800/362 1384/801/363 1163/802/280
f 1162/800/362 167/660/213 1104/659/213 1384/801/363
f 1384/801/363 1104/659/213 129/497/213 1091/620/278
f 1163/802/280 1384/801/363 1091/620/278 160/624/280
f 188/803/346 1164/804/364 1385/805/365 1146/806/344
f 1164/804/364 198/807/366 1165/808/367 1385/805/365
f 1385/805/365 1165/808/367 161/629/283 1092/626/281
f 1146/806/344 1385/805/365 1092/626/281 152/625/78
f 125/633/108 1093/809/284 1386/810/368 1094/634/150
f 1093/809/284 161/811/283 1166/812/369 1386/810/368
f 1386/810/368 1166/812/369 199/813/370 1167/814/371
f 1094/634/150 1386/810/368 1167/814/371 162/635/151
f 126/481/151 1095/636/205 1387/815/151 1096/638/205
f 1095/636/205 162/635/151 1168/816/203 1387/815/151
f 1387/815/151 1168/816/203 200/817/151 1169/818/203
f 1096/638/205 1387/815/151 1169/818/203 163/639/203
f 155/646/272 1099/645/286 1388/819/372 1153/820/350
f 1099/645/286 164/644/151 1170/821/373 1388/819/372
f 1388/819/372 1170/821/373 204/822/374 1171/823/375
f 1153/820/350 1388/819/372 1171/823/375 192/824/351
f 131/665/220 1101/825/288 1389/826/376 1107/666/300
f 1101/825/288 165/827/290 1172/828/377 1389/826/376
f 1389/826/376 1172/828/377 173/682/309 1115/680/307
f 1107/666/300 1389/826/376 1115/680/307 134/517/67
f 128/656/210 1103/655/294 1390/829/378 1100/830/289
f 1103/655/294 166/654/293 1173/831/379 1390/829/378
f 1390/829/378 1173/831/379 173/832/309 1172/833/377
f 1100/830/289 1390/829/378 1172/833/377 165/834/290
f 166/654/293 1102/653/292 1391/835/380 1175/836/381
f 1102/653/292 130/499/215 1106/658/296 1391/835/380
f 1391/835/380 1106/658/296 168/662/298 1174/837/382
f 1175/836/381 1391/835/380 1174/837/382 205/838/383
f 168/662/298 1105/661/297 1392/839/384 1178/840/385
f 1105/661/297 167/660/213 1176/841/213 1392/839/384
f 1392/839/384 1176/841/213 206/842/386 1177/843/387
f 1178/840/385 1392/839/384 1177/843/387 207/844/388
f 171/675/67 1179/845/389 1393/846/390 1112/670/67
f 1179/845/389 208/847/309 1180/848/391 1393/846/390
f 1393/846/390 1180/848/391 209/849/310 1181/850/392
f 1112/670/67 1393/846/390 1181/850/392 169/667/67
f 170/671/67 1108/668/67 1394/851/393 1184/852/394
f 1108/668/67 169/667/67 1182/853/395 1394/851/393
f 1394/851/393 1182/853/395 210/854/396 1183/855/397
f 1184/852/394 1394/851/393 1183/855/397 211/856/398
f 141/539/67 1109/672/67 1395/857/245 1129/716/332
f 1109/672/67 170/671/67 1184/852/394 1395/857/245
f 1395/857/245 1184/852/394 211/856/398 1185/858/399
f 1129/716/332 1395/857/245 1185/858/399 181/717/248
f 142/544/244 1128/714/330 1396/859/400 1110/673/302
f 1128/714/330 180/713/329 1186/860/401 1396/859/400
f 1396/859/400 1186/860/401 172/678/305 1113/676/303
f 1110/673/302 1396/859/400 1113/676/303 133/512/223
f 136/521/67 1119/689/313 1397/861/402 1111/674/67
f 1119/689/313 175/688/310 1187/862/309 1397/861/402
f 1397/861/402 1187/862/309 208/847/309 1179/845/389
f 1111/674/67 1397/861/402 1179/845/389 171/675/67
f 172/863/305 1188/864/403 1398/865/404 1114/866/306
f 1188/864/403 212/867/405 1189/868/406 1398/865/404
f 1398/865/404 1189/868/406 176/869/316 1120/870/315
f 1114/866/306 1398/865/404 1120/870/315 137/871/229
f 173/832/309 1173/831/379 1399/872/407 1116/873/310
f 1173/831/379 166/654/293 1175/836/381 1399/872/407
f 1399/872/407 1175/836/381 205/838/383 1190/874/408
f 1116/873/310 1399/872/407 1190/874/408 174/875/310
f 174/875/310 1190/874/408 1400/876/409 1118/877/310
f 1190/874/408 205/838/383 1191/878/410 1400/876/409
f 1400/876/409 1191/878/410 213/879/411 1192/880/412
f 1118/877/310 1400/876/409 1192/880/412 175/881/310
f 138/698/233 1121/697/317 1401/882/413 1122/883/318
f 1121/697/317 176/696/316 1193/884/414 1401/882/413
f 1401/882/413 1193/884/414 214/885/415 1194/886/317
f 1122/883/318 1401/882/413 1194/886/317 177/887/320
f 177/701/320 1195/888/416 1402/889/417 1123/702/321
f 1195/888/416 215/890/418 1196/891/419 1402/889/417
f 1402/889/417 1196/891/419 216/892/420 1197/893/421
f 1123/702/321 1402/889/417 1197/893/421 178/703/322
f 139/532/235 1124/704/322 1403/894/422 1125/707/324
f 1124/704/322 178/703/322 1198/895/423 1403/894/422
f 1403/894/422 1198/895/423 217/896/325 1199/897/424
f 1125/707/324 1403/894/422 1199/897/424 179/708/325
f 140/898/239 1126/899/326 1404/900/425 1127/901/328
f 1126/899/326 179/902/325 1200/903/426 1404/900/425
f 1404/900/425 1200/903/426 218/904/427 1201/905/428
f 1127/901/328 1404/900/425 1201/905/428 180/906/329
f 181/907/248 1202/908/429 1405/909/429 1130/910/333
f 1202/908/429 219/911/143 1203/912/143 1405/909/429
f 1405/909/429 1203/912/143 182/723/143 1131/720/334
f 1130/910/333 1405/909/429 1131/720/334 143/719/248
f 185/750/143 1140/749/143 1406/913/143 1204/914/143
f 1140/749/143 148/572/263 1137/742/143 1406/913/143
f 1406/913/143 1137/742/143 183/725/143 1132/724/143
f 1204/914/143 1406/913/143 1132/724/143 182/723/143
f 186/752/143 1205/915/143 1407/916/143 1142/748/143
f 1205/915/143 220/917/143 1206/918/143 1407/916/143
f 1407/916/143 1206/918/143 184/745/143 1138/743/143
f 1142/748/143 1407/916/143 1138/743/143 149/574/143
f 184/745/143 1207/919/143 1408/920/143 1139/746/143
f 1207/919/143 221/921/143 1208/922/263 1408/920/143
f 1408/920/143 1208/922/263 187/756/143 1143/755/143
f 1139/746/143 1408/920/143 1143/755/143 150/578/143
f 186/752/143 1141/751/143 1409/923/143 1211/924/143
f 1141/751/143 185/750/143 1209/925/143 1409/923/143
f 1409/923/143 1209/925/143 222/926/263 1210/927/143
f 1211/924/143 1409/923/143 1210/927/143 223/928/143
f 151/758/186 1144/757/342 1410/929/430 1145/930/345
f 1144/757/342 187/756/143 1212/931/431 1410/929/430
f 1410/929/430 1212/931/431 198/932/366 1164/933/364
f 1145/930/345 1410/929/430 1164/933/364 188/934/346
f 224/935/143 1213/936/143 1411/937/143 1214/938/143
f 1213/936/143 189/763/143 1148/766/143 1411/937/143
f 1411/937/143 1148/766/143 153/594/143 1150/770/143
f 1214/938/143 1411/937/143 1150/770/143 190/772/143
f 194/939/356 1156/940/355 1412/941/432 1216/942/433
f 1156/940/355 157/767/275 1147/764/139 1412/941/432
f 1412/941/432 1147/764/139 189/763/143 1215/943/434
f 1216/942/433 1412/941/432 1215/943/434 225/944/435
f 190/772/143 1149/771/143 1413/945/143 1218/946/143
f 1149/771/143 154/598/143 1152/774/143 1413/945/143
f 1413/945/143 1152/774/143 191/776/143 1217/947/143
f 1218/946/143 1413/945/143 1217/947/143 226/948/143
f 191/776/143 1151/775/143 1414/949/436 1220/950/437
f 1151/775/143 156/604/143 1155/778/349 1414/949/436
f 1414/949/436 1155/778/349 193/782/353 1219/951/438
f 1220/950/437 1414/949/436 1219/951/438 227/952/439
f 204/953/374 1221/954/440 1415/955/441 1171/956/375
f 1221/954/440 228/957/442 1222/958/443 1415/955/441
f 1415/955/441 1222/958/443 193/959/353 1154/960/352
f 1171/956/375 1415/955/441 1154/960/352 192/961/351
f 158/788/60 1157/787/357 1416/962/444 1158/963/360
f 1157/787/357 194/786/356 1223/964/445 1416/962/444
f 1416/962/444 1223/964/445 229/965/446 1224/966/447
f 1158/963/360 1416/962/444 1224/966/447 195/967/361
f 196/798/280 1160/797/279 1417/968/448 1225/969/449
f 1160/797/279 159/796/202 1159/970/359 1417/968/448
f 1417/968/448 1159/970/359 195/971/361 1224/972/447
f 1225/969/449 1417/968/448 1224/972/447 229/973/446
f 230/974/280 1226/975/280 1418/976/280 1227/977/280
f 1226/975/280 197/799/280 1163/802/280 1418/976/280
f 1418/976/280 1163/802/280 160/624/280 1161/794/280
f 1227/977/280 1418/976/280 1161/794/280 196/798/280
f 206/842/386 1176/841/213 1419/978/363 1229/979/278
f 1176/841/213 167/660/213 1162/800/362 1419/978/363
f 1419/978/363 1162/800/362 197/799/280 1228/980/280
f 1229/979/278 1419/978/363 1228/980/280 231/981/450
f 232/982/366 1230/983/451 1420/984/452 1232/985/453
f 1230/983/451 233/986/454 1231/987/455 1420/984/452
f 1420/984/452 1231/987/455 161/629/283 1165/808/367
f 1232/985/453 1420/984/452 1165/808/367 198/807/366
f 161/988/283 1231/989/455 1421/990/456 1166/991/369
f 1231/989/455 233/992/454 1233/993/457 1421/990/456
f 1421/990/456 1233/993/457 234/994/6 1234/995/458
f 1166/991/369 1421/990/456 1234/995/458 199/996/370
f 162/635/151 1167/814/371 1422/997/459 1168/816/203
f 1167/814/371 199/813/370 412/998/460 1422/997/459
f 1422/997/459 412/998/460 235/999/461 413/1000/462
f 1168/816/203 1422/997/459 413/1000/462 200/817/151
f 164/644/151 414/1001/205 1423/1002/463 1170/821/373
f 414/1001/205 203/1003/151 415/1004/464 1423/1002/463
f 1423/1002/463 415/1004/464 241/1005/374 416/1006/465
f 1170/821/373 1423/1002/463 416/1006/465 204/822/374
f 244/1007/213 417/1008/466 1424/1009/467 419/1010/386
f 417/1008/466 245/1011/468 418/1012/469 1424/1009/467
f 1424/1009/467 418/1012/469 207/844/388 1177/843/387
f 419/1010/386 1424/1009/467 1177/843/387 206/842/386
f 208/1013/309 420/1014/470 1425/1015/471 1180/1016/391
f 420/1014/470 246/1017/472 421/1018/473 1425/1015/471
f 1425/1015/471 421/1018/473 247/1019/293 422/1020/379
f 1180/1016/391 1425/1015/471 422/1020/379 209/1021/310
f 169/667/67 1181/850/392 1426/1022/474 1182/853/395
f 1181/850/392 209/849/310 423/1023/475 1426/1022/474
f 1426/1022/474 423/1023/475 248/1024/476 424/1025/477
f 1182/853/395 1426/1022/474 424/1025/477 210/854/396
f 249/1026/143 425/1027/143 1427/1028/478 427/1029/479
f 425/1027/143 250/1030/143 426/1031/480 1427/1028/478
f 1427/1028/478 426/1031/480 211/1032/398 1183/1033/397
f 427/1029/479 1427/1028/478 1183/1033/397 210/1034/396
f 211/1032/398 426/1031/480 1428/1035/481 1185/1036/399
f 426/1031/480 250/1030/143 428/1037/143 1428/1035/481
f 1428/1035/481 428/1037/143 219/911/143 1202/908/429
f 1185/1036/399 1428/1035/481 1202/908/429 181/907/248
f 180/1038/329 1201/1039/428 1429/1040/482 1186/1041/401
f 1201/1039/428 218/1042/427 429/1043/483 1429/1040/482
f 1429/1040/482 429/1043/483 212/867/405 1188/864/403
f 1186/1041/401 1429/1040/482 1188/864/403 172/863/305
f 175/881/310 1192/880/412 1430/1044/484 1187/1045/309
f 1192/880/412 213/879/411 430/1046/485 1430/1044/484
f 1430/1044/484 430/1046/485 246/1017/472 420/1014/470
f 1187/1045/309 1430/1044/484 420/1014/470 208/1013/309
f 212/1047/405 431/1048/405 1431/1049/486 1189/1050/406
f 431/1048/405 251/1051/487 432/1052/406 1431/1049/486
f 1431/1049/486 432/1052/406 214/885/415 1193/884/414
f 1189/1050/406 1431/1049/486 1193/884/414 176/696/316
f 177/887/320 1194/886/317 1432/1053/488 1195/1054/416
f 1194/886/317 214/885/415 433/1055/489 1432/1053/488
f 1432/1053/488 433/1055/489 252/1056/490 434/1057/491
f 1195/1054/416 1432/1053/488 434/1057/491 215/1058/418
f 216/1059/420 1196/1060/419 1433/1061/492 437/1062/493
f 1196/1060/419 215/1063/418 435/1064/494 1433/1061/492
f 1433/1061/492 435/1064/494 253/1065/67 436/1066/67
f 437/1062/493 1433/1061/492 436/1066/67 254/1067/67
f 178/703/322 1197/893/421 1434/1068/495 1198/895/423
f 1197/893/421 216/892/420 438/1069/496 1434/1068/495
f 1434/1068/495 438/1069/496 255/1070/497 439/1071/498
f 1198/895/423 1434/1068/495 439/1071/498 217/896/325
f 179/902/325 1199/1072/424 1435/1073/499 1200/903/426
f 1199/1072/424 217/1074/325 440/1075/426 1435/1073/499
f 1435/1073/499 440/1075/426 256/1076/500 441/1077/501
f 1200/903/426 1435/1073/499 441/1077/501 218/904/427
f 222/926/263 1209/925/143 1436/1078/143 442/1079/143
f 1209/925/143 185/750/143 1204/914/143 1436/1078/143
f 1436/1078/143 1204/914/143 182/723/143 1203/912/143
f 442/1079/143 1436/1078/143 1203/912/143 219/911/143
f 223/928/143 443/1080/263 1437/1081/143 1211/924/143
f 443/1080/263 257/1082/143 444/1083/143 1437/1081/143
f 1437/1081/143 444/1083/143 220/917/143 1205/915/143
f 1211/924/143 1437/1081/143 1205/915/143 186/752/143
f 220/917/143 445/1084/143 1438/1085/263 1206/918/143
f 445/1084/143 258/1086/143 446/1087/143 1438/1085/263
f 1438/1085/263 446/1087/143 221/921/143 1207/919/143
f 1206/918/143 1438/1085/263 1207/919/143 184/745/143
f 198/932/366 1212/931/431 1439/1088/431 1232/1089/453
f 1212/931/431 187/756/143 1208/922/263 1439/1088/431
f 1439/1088/431 1208/922/263 221/921/143 447/1090/431
f 1232/1089/453 1439/1088/431 447/1090/431 232/1091/366
f 223/928/143 1210/927/143 1440/1092/143 450/1093/143
f 1210/927/143 222/926/263 448/1094/143 1440/1092/143
f 1440/1092/143 448/1094/143 259/1095/263 449/1096/143
f 450/1093/143 1440/1092/143 449/1096/143 260/1097/143
f 261/1098/143 451/1099/143 1441/1100/143 452/1101/143
f 451/1099/143 224/935/143 1214/938/143 1441/1100/143
f 1441/1100/143 1214/938/143 190/772/143 1218/946/143
f 452/1101/143 1441/1100/143 1218/946/143 226/948/143
f 225/944/435 1215/943/434 1442/1102/502 454/1103/503
f 1215/943/434 189/763/143 1213/936/143 1442/1102/502
f 1442/1102/502 1213/936/143 224/935/143 453/1104/504
f 454/1103/503 1442/1102/502 453/1104/504 262/1105/505
f 263/1106/506 455/1107/507 1443/1108/508 457/1109/509
f 455/1107/507 264/1110/510 456/1111/511 1443/1108/508
f 1443/1108/508 456/1111/511 194/1112/356 1216/1113/433
f 457/1109/509 1443/1108/508 1216/1113/433 225/1114/435
f 226/948/143 1217/947/143 1444/1115/512 459/1116/512
f 1217/947/143 191/776/143 1220/950/437 1444/1115/512
f 1444/1115/512 1220/950/437 227/952/439 458/1117/513
f 459/1116/512 1444/1115/512 458/1117/513 265/1118/514
f 193/959/353 1222/958/443 1445/1119/515 1219/1120/438
f 1222/958/443 228/957/442 460/1121/442 1445/1119/515
f 1445/1119/515 460/1121/442 266/1122/442 461/1123/515
f 1219/1120/438 1445/1119/515 461/1123/515 227/1124/439
f 267/1125/516 462/1126/442 1446/1127/440 463/1128/440
f 462/1126/442 228/957/442 1221/954/440 1446/1127/440
f 1446/1127/440 1221/954/440 204/953/374 416/1129/465
f 463/1128/440 1446/1127/440 416/1129/465 241/1130/374
f 229/965/446 1223/964/445 1447/1131/517 465/1132/446
f 1223/964/445 194/786/356 456/1133/511 1447/1131/517
f 1447/1131/517 456/1133/511 264/1134/510 464/1135/518
f 465/1132/446 1447/1131/517 464/1135/518 268/1136/446
f 268/1137/446 466/1138/449 1448/1139/449 465/1140/446
f 466/1138/449 230/974/280 1227/977/280 1448/1139/449
f 1448/1139/449 1227/977/280 196/798/280 1225/969/449
f 465/1140/446 1448/1139/449 1225/969/449 229/973/446
f 231/981/450 1228/980/280 1449/1141/280 468/1142/280
f 1228/980/280 197/799/280 1226/975/280 1449/1141/280
f 1449/1141/280 1226/975/280 230/974/280 467/1143/280
f 468/1142/280 1449/1141/280 467/1143/280 269/1144/280
f 270/1145/280 469/1146/362 1450/1147/362 470/1148/450
f 469/1146/362 244/1007/213 419/1010/386 1450/1147/362
f 1450/1147/362 419/1010/386 206/842/386 1229/979/278
f 470/1148/450 1450/1147/362 1229/979/278 231/981/450
f 271/1149/366 471/1150/451 1451/1151/519 473/1152/453
f 471/1150/451 272/1153/520 472/1154/521 1451/1151/519
f 1451/1151/519 472/1154/521 233/986/454 1230/983/451
f 473/1152/453 1451/1151/519 1230/983/451 232/982/366
f 234/994/6 1233/993/457 1452/1155/522 475/1156/6
f 1233/993/457 233/992/454 472/1157/521 1452/1155/522
f 1452/1155/522 472/1157/521 272/1158/520 474/1159/523
f 475/1156/6 1452/1155/522 474/1159/523 273/1160/5
f 199/996/370 1234/995/458 1453/1161/524 412/1162/460
f 1234/995/458 234/994/6 476/1163/6 1453/1161/524
f 1453/1161/524 476/1163/6 274/1164/6 477/1165/525
f 412/1162/460 1453/1161/524 477/1165/525 235/1166/461
f 200/817/151 413/1000/462 1454/1167/526 480/1168/151
f 413/1000/462 235/999/461 478/1169/527 1454/1167/526
f 1454/1167/526 478/1169/527 275/1170/528 479/1171/529
f 480/1168/151 1454/1167/526 479/1171/529 236/1172/205
f 203/1003/151 481/1173/203 1455/1174/530 415/1004/464
f 481/1173/203 236/1172/205 482/1175/531 1455/1174/530
f 1455/1174/530 482/1175/531 276/1176/374 483/1177/374
f 415/1004/464 1455/1174/530 483/1177/374 241/1005/374
f 281/1178/532 484/1179/533 1456/1180/534 486/1181/214
f 484/1179/533 245/1011/468 417/1008/466 1456/1180/534
f 1456/1180/534 417/1008/466 244/1007/213 485/1182/386
f 486/1181/214 1456/1180/534 485/1182/386 282/1183/213
f 246/1017/472 487/1184/535 1457/1185/536 421/1018/473
f 487/1184/535 245/1011/468 484/1179/533 1457/1185/536
f 1457/1185/536 484/1179/533 281/1178/532 488/1186/537
f 421/1018/473 1457/1185/536 488/1186/537 247/1019/293
f 209/1021/310 422/1020/379 1458/1187/538 423/1188/475
f 422/1020/379 247/1019/293 489/1189/539 1458/1187/538
f 1458/1187/538 489/1189/539 283/1190/540 490/1191/541
f 423/1188/475 1458/1187/538 490/1191/541 248/1192/476
f 283/1193/540 491/1194/542 1459/1195/543 490/1196/541
f 491/1194/542 249/1026/143 427/1029/479 1459/1195/543
f 1459/1195/543 427/1029/479 210/1034/396 424/1197/477
f 490/1196/541 1459/1195/543 424/1197/477 248/1198/476
f 284/1199/143 492/1200/143 1460/1201/143 494/1202/143
f 492/1200/143 259/1095/263 493/1203/143 1460/1201/143
f 1460/1201/143 493/1203/143 250/1030/143 425/1027/143
f 494/1202/143 1460/1201/143 425/1027/143 249/1026/143
f 250/1030/143 493/1203/143 1461/1204/143 428/1037/143
f 493/1203/143 259/1095/263 448/1094/143 1461/1204/143
f 1461/1204/143 448/1094/143 222/926/263 442/1079/143
f 428/1037/143 1461/1204/143 442/1079/143 219/911/143
f 218/1042/427 441/1205/501 1462/1206/544 429/1043/483
f 441/1205/501 256/1207/500 495/1208/545 1462/1206/544
f 1462/1206/544 495/1208/545 251/1209/487 431/1210/405
f 429/1043/483 1462/1206/544 431/1210/405 212/867/405
f 251/1209/487 496/1211/546 1463/1212/547 432/1213/406
f 496/1211/546 285/1214/548 497/1215/549 1463/1212/547
f 1463/1212/547 497/1215/549 252/1216/490 433/1217/489
f 432/1213/406 1463/1212/547 433/1217/489 214/1218/415
f 215/1063/418 434/1219/491 1464/1220/550 435/1064/494
f 434/1219/491 252/1221/490 498/1222/551 1464/1220/550
f 1464/1220/550 498/1222/551 286/1223/67 499/1224/67
f 435/1064/494 1464/1220/550 499/1224/67 253/1065/67
f 255/1225/497 438/1226/496 1465/1227/552 501/1228/553
f 438/1226/496 216/1059/420 437/1062/493 1465/1227/552
f 1465/1227/552 437/1062/493 254/1067/67 500/1229/67
f 501/1228/553 1465/1227/552 500/1229/67 287/1230/67
f 254/1067/67 436/1066/67 1466/1231/67 503/1232/67
f 253/1065/67 502/1233/67 1466/1231/67 436/1066/67
f 288/1234/67 503/1232/67 1466/1231/67 502/1233/67
f 217/1074/325 439/1235/498 1467/1236/554 440/1075/426
f 439/1235/498 255/1237/497 504/1238/555 1467/1236/554
f 1467/1236/554 504/1238/555 289/1239/556 505/1240/557
f 440/1075/426 1467/1236/554 505/1240/557 256/1076/500
f 260/1097/143 506/1241/143 1468/1242/143 450/1093/143
f 506/1241/143 290/1243/143 507/1244/143 1468/1242/143
f 1468/1242/143 507/1244/143 257/1082/143 443/1080/263
f 450/1093/143 1468/1242/143 443/1080/263 223/928/143
f 257/1082/143 508/1245/143 1469/1246/143 444/1083/143
f 508/1245/143 291/1247/263 509/1248/143 1469/1246/143
f 1469/1246/143 509/1248/143 258/1086/143 445/1084/143
f 444/1083/143 1469/1246/143 445/1084/143 220/917/143
f 232/1091/366 447/1090/431 1470/1249/431 473/1250/453
f 447/1090/431 221/921/143 446/1087/143 1470/1249/431
f 1470/1249/431 446/1087/143 258/1086/143 510/1251/431
f 473/1250/453 1470/1249/431 510/1251/431 271/1252/366
f 260/1097/143 449/1096/143 1471/1253/143 512/1254/143
f 449/1096/143 259/1095/263 492/1200/143 1471/1253/143
f 1471/1253/143 492/1200/143 284/1199/143 511/1255/143
f 512/1254/143 1471/1253/143 511/1255/143 292/1256/143
f 293/1257/558 513/1258/559 1472/1259/436 514/1260/438
f 513/1258/559 261/1098/143 452/1101/143 1472/1259/436
f 1472/1259/436 452/1101/143 226/948/143 459/1116/512
f 514/1260/438 1472/1259/436 459/1116/512 265/1118/514
f 262/1105/505 453/1104/504 1473/1261/560 516/1262/561
f 453/1104/504 224/935/143 451/1099/143 1473/1261/560
f 1473/1261/560 451/1099/143 261/1098/143 515/1263/562
f 516/1262/561 1473/1261/560 515/1263/562 294/1264/563
f 295/1265/564 517/1266/565 1474/1267/566 518/1268/567
f 517/1266/565 263/1106/506 457/1109/509 1474/1267/566
f 1474/1267/566 457/1109/509 225/1114/435 454/1269/503
f 518/1268/567 1474/1267/566 454/1269/503 262/1270/505
f 296/1271/510 519/1272/510 1475/1273/568 521/1274/568
f 519/1272/510 264/1110/510 455/1107/507 1475/1273/568
f 1475/1273/568 455/1107/507 263/1106/506 520/1275/506
f 521/1274/568 1475/1273/568 520/1275/506 297/1276/564
f 266/1122/442 522/1277/442 1476/1278/515 461/1123/515
f 522/1277/442 298/1279/516 523/1280/515 1476/1278/515
f 1476/1278/515 523/1280/515 265/1281/514 458/1282/513
f 461/1123/515 1476/1278/515 458/1282/513 227/1124/439
f 299/1283/442 524/1284/442 1477/1285/442 525/1286/442
f 524/1284/442 266/1122/442 460/1121/442 1477/1285/442
f 1477/1285/442 460/1121/442 228/957/442 462/1126/442
f 525/1286/442 1477/1285/442 462/1126/442 267/1125/516
f 276/1287/374 526/1288/440 1478/1289/569 483/1290/374
f 526/1288/440 300/1291/516 527/1292/442 1478/1289/569
f 1478/1289/569 527/1292/442 267/1125/516 463/1128/440
f 483/1290/374 1478/1289/569 463/1128/440 241/1130/374
f 268/1136/446 464/1135/518 1479/1293/570 529/1294/446
f 464/1135/518 264/1134/510 519/1295/510 1479/1293/570
f 1479/1293/570 519/1295/510 296/1296/510 528/1297/518
f 529/1294/446 1479/1293/570 528/1297/518 301/1298/571
f 269/1144/280 467/1143/280 1480/1299/449 530/1300/449
f 467/1143/280 230/974/280 466/1138/449 1480/1299/449
f 1480/1299/449 466/1138/449 268/1137/446 529/1301/446
f 530/1300/449 1480/1299/449 529/1301/446 301/1302/571
f 302/1303/450 531/1304/280 1481/1305/280 532/1306/280
f 531/1304/280 270/1145/280 470/1148/450 1481/1305/280
f 1481/1305/280 470/1148/450 231/981/450 468/1142/280
f 532/1306/280 1481/1305/280 468/1142/280 269/1144/280
f 282/1183/213 485/1182/386 1482/1307/363 534/1308/278
f 485/1182/386 244/1007/213 469/1146/362 1482/1307/363
f 1482/1307/363 469/1146/362 270/1145/280 533/1309/280
f 534/1308/278 1482/1307/363 533/1309/280 303/1310/280
f 304/1311/366 535/1312/572 1483/1313/451 537/1314/453
f 535/1312/572 305/1315/520 536/1316/573 1483/1313/451
f 1483/1313/451 536/1316/573 272/1153/520 471/1150/451
f 537/1314/453 1483/1313/451 471/1150/451 271/1149/366
f 274/1164/6 476/1163/6 1484/1317/6 539/1318/5
f 476/1163/6 234/994/6 475/1156/6 1484/1317/6
f 1484/1317/6 475/1156/6 273/1160/5 538/1319/6
f 539/1318/5 1484/1317/6 538/1319/6 306/1320/6
f 272/1158/520 536/1321/573 1485/1322/574 474/1159/523
f 536/1321/573 305/1323/520 540/1324/523 1485/1322/574
f 1485/1322/574 540/1324/523 307/1325/6 541/1326/6
f 474/1159/523 1485/1322/574 541/1326/6 273/1160/5
f 235/1166/461 477/1165/525 1486/1327/575 478/1328/527
f 477/1165/525 274/1164/6 542/1329/6 1486/1327/575
f 1486/1327/575 542/1329/6 308/1330/6 543/1331/576
f 478/1328/527 1486/1327/575 543/1331/576 275/1332/528
f 236/1172/205 479/1171/529 1487/1333/577 482/1175/531
f 479/1171/529 275/1170/528 544/1334/578 1487/1333/577
f 1487/1333/577 544/1334/578 309/1335/579 545/1336/580
f 482/1175/531 1487/1333/577 545/1336/580 276/1176/374
f 281/1178/532 486/1181/214 1488/1337/581 548/1338/582
f 486/1181/214 282/1183/213 546/1339/583 1488/1337/581
f 1488/1337/581 546/1339/583 310/1340/584 547/1341/585
f 548/1338/582 1488/1337/581 547/1341/585 311/1342/586
f 247/1019/293 488/1186/537 1489/1343/587 489/1189/539
f 488/1186/537 281/1178/532 548/1338/582 1489/1343/587
f 1489/1343/587 548/1338/582 311/1342/586 549/1344/588
f 489/1189/539 1489/1343/587 549/1344/588 283/1190/540
f 311/1345/586 550/1346/589 1490/1347/590 549/1348/588
f 550/1346/589 284/1199/143 494/1202/143 1490/1347/590
f 1490/1347/590 494/1202/143 249/1026/143 491/1194/542
f 549/1348/588 1490/1347/590 491/1194/542 283/1193/540
f 256/1207/500 505/1349/557 1491/1350/591 495/1208/545
f 505/1349/557 289/1351/556 551/1352/592 1491/1350/591
f 1491/1350/591 551/1352/592 285/1214/548 496/1211/546
f 495/1208/545 1491/1350/591 496/1211/546 251/1209/487
f 252/1221/490 497/1353/549 1492/1354/593 498/1222/551
f 497/1353/549 285/1355/548 552/1356/594 1492/1354/593
f 1492/1354/593 552/1356/594 312/1357/67 553/1358/67
f 498/1222/551 1492/1354/593 553/1358/67 286/1223/67
f 253/1065/67 499/1224/67 1493/1359/67 502/1233/67
f 286/1223/67 554/1360/67 1493/1359/67 499/1224/67
f 288/1234/67 502/1233/67 1493/1359/67 554/1360/67
f 289/1361/556 504/1362/555 1494/1363/595 556/1364/596
f 504/1362/555 255/1365/497 501/1366/553 1494/1363/595
f 1494/1363/595 501/1366/553 287/1367/67 555/1368/67
f 556/1364/596 1494/1363/595 555/1368/67 313/1369/67
f 287/1230/67 500/1229/67 1495/1370/67 557/1371/67
f 254/1067/67 503/1232/67 1495/1370/67 500/1229/67
f 288/1234/67 557/1371/67 1495/1370/67 503/1232/67
f 314/1372/143 558/1373/143 1496/1374/143 559/1375/263
f 558/1373/143 290/1243/143 506/1241/143 1496/1374/143
f 1496/1374/143 506/1241/143 260/1097/143 512/1254/143
f 559/1375/263 1496/1374/143 512/1254/143 292/1256/143
f 290/1243/143 560/1376/143 1497/1377/143 507/1244/143
f 560/1376/143 315/1378/143 561/1379/143 1497/1377/143
f 1497/1377/143 561/1379/143 291/1247/263 508/1245/143
f 507/1244/143 1497/1377/143 508/1245/143 257/1082/143
f 271/1252/366 510/1251/431 1498/1380/431 537/1381/453
f 510/1251/431 258/1086/143 509/1248/143 1498/1380/431
f 1498/1380/431 509/1248/143 291/1247/263 562/1382/431
f 537/1381/453 1498/1380/431 562/1382/431 304/1383/366
f 292/1256/143 511/1255/143 1499/1384/597 563/1385/598
f 511/1255/143 284/1199/143 550/1346/589 1499/1384/597
f 1499/1384/597 550/1346/589 311/1345/586 547/1386/585
f 563/1385/598 1499/1384/597 547/1386/585 310/1387/584
f 316/1388/442 564/1389/443 1500/1390/515 565/1391/442
f 564/1389/443 293/1392/558 514/1393/438 1500/1390/515
f 1500/1390/515 514/1393/438 265/1281/514 523/1280/515
f 565/1391/442 1500/1390/515 523/1280/515 298/1279/516
f 294/1264/563 515/1263/562 1501/1394/599 567/1395/600
f 515/1263/562 261/1098/143 513/1258/559 1501/1394/599
f 1501/1394/599 513/1258/559 293/1257/558 566/1396/601
f 567/1395/600 1501/1394/599 566/1396/601 317/1397/602
f 318/1398/603 568/1399/564 1502/1400/604 569/1401/566
f 568/1399/564 295/1265/564 518/1268/567 1502/1400/604
f 1502/1400/604 518/1268/567 262/1270/505 516/1402/561
f 569/1401/566 1502/1400/604 516/1402/561 294/1403/563
f 297/1276/564 520/1275/506 1503/1404/506 571/1405/506
f 520/1275/506 263/1106/506 517/1266/565 1503/1404/506
f 1503/1404/506 517/1266/565 295/1265/564 570/1406/564
f 571/1405/506 1503/1404/506 570/1406/564 319/1407/603
f 320/1408/506 572/1409/507 1504/1410/605 574/1411/506
f 572/1409/507 321/1412/510 573/1413/510 1504/1410/605
f 1504/1410/605 573/1413/510 296/1271/510 521/1274/568
f 574/1411/506 1504/1410/605 521/1274/568 297/1276/564
f 322/1414/442 575/1415/442 1505/1416/442 576/1417/442
f 575/1415/442 298/1279/516 522/1277/442 1505/1416/442
f 1505/1416/442 522/1277/442 266/1122/442 524/1284/442
f 576/1417/442 1505/1416/442 524/1284/442 299/1283/442
f 267/1125/516 527/1292/442 1506/1418/442 525/1286/442
f 527/1292/442 300/1291/516 577/1419/442 1506/1418/442
f 1506/1418/442 577/1419/442 323/1420/442 578/1421/442
f 525/1286/442 1506/1418/442 578/1421/442 299/1283/442
f 324/1422/606 579/1423/607 1507/1424/608 580/1425/609
f 579/1423/607 300/1291/516 526/1288/440 1507/1424/608
f 1507/1424/608 526/1288/440 276/1287/374 545/1426/580
f 580/1425/609 1507/1424/608 545/1426/580 309/1427/579
f 301/1298/571 528/1297/518 1508/1428/518 582/1429/446
f 528/1297/518 296/1296/510 573/1430/510 1508/1428/518
f 1508/1428/518 573/1430/510 321/1431/510 581/1432/518
f 582/1429/446 1508/1428/518 581/1432/518 325/1433/446
f 325/1434/446 583/1435/449 1509/1436/449 582/1437/446
f 583/1435/449 302/1303/450 532/1306/280 1509/1436/449
f 1509/1436/449 532/1306/280 269/1144/280 530/1300/449
f 582/1437/446 1509/1436/449 530/1300/449 301/1302/571
f 303/1310/280 533/1309/280 1510/1438/280 585/1439/280
f 533/1309/280 270/1145/280 531/1304/280 1510/1438/280
f 1510/1438/280 531/1304/280 302/1303/450 584/1440/280
f 585/1439/280 1510/1438/280 584/1440/280 326/1441/450
f 310/1340/584 546/1339/583 1511/1442/610 587/1443/611
f 546/1339/583 282/1183/213 534/1308/278 1511/1442/610
f 1511/1442/610 534/1308/278 303/1310/280 586/1444/612
f 587/1443/611 1511/1442/610 586/1444/612 327/1445/613
f 328/1446/366 588/1447/451 1512/1448/519 590/1449/453
f 588/1447/451 329/1450/454 589/1451/614 1512/1448/519
f 1512/1448/519 589/1451/614 305/1315/520 535/1312/572
f 590/1449/453 1512/1448/519 535/1312/572 304/1311/366
f 308/1330/6 542/1329/6 1513/1452/6 592/1453/5
f 542/1329/6 274/1164/6 539/1318/5 1513/1452/6
f 1513/1452/6 539/1318/5 306/1320/6 591/1454/6
f 592/1453/5 1513/1452/6 591/1454/6 330/1455/6
f 273/1160/5 541/1326/6 1514/1456/6 538/1319/6
f 541/1326/6 307/1325/6 593/1457/6 1514/1456/6
f 1514/1456/6 593/1457/6 331/1458/6 594/1459/5
f 538/1319/6 1514/1456/6 594/1459/5 306/1320/6
f 305/1323/520 589/1460/614 1515/1461/615 540/1324/523
f 589/1460/614 329/1462/454 595/1463/457 1515/1461/615
f 1515/1461/615 595/1463/457 332/1464/6 596/1465/6
f 540/1324/523 1515/1461/615 596/1465/6 307/1325/6
f 275/1332/528 543/1331/576 1516/1466/616 544/1467/578
f 543/1331/576 308/1330/6 597/1468/617 1516/1466/616
f 1516/1466/616 597/1468/617 324/1469/606 580/1470/609
f 544/1467/578 1516/1466/616 580/1470/609 309/1471/579
f 285/1355/548 551/1472/592 1517/1473/618 552/1356/594
f 551/1472/592 289/1474/556 556/1475/596 1517/1473/618
f 1517/1473/618 556/1475/596 313/1476/67 598/1477/67
f 552/1356/594 1517/1473/618 598/1477/67 312/1357/67
f 286/1223/67 553/1358/67 1518/1478/67 554/1360/67
f 312/1357/67 599/1479/67 1518/1478/67 553/1358/67
f 288/1234/67 554/1360/67 1518/1478/67 599/1479/67
f 313/1476/67 555/1480/67 1519/1481/67 600/1482/67
f 287/1230/67 557/1371/67 1519/1481/67 555/1480/67
f 288/1234/67 600/1482/67 1519/1481/67 557/1371/67
f 327/1483/613 601/1484/619 1520/1485/620 587/1486/611
f 601/1484/619 314/1372/143 559/1375/263 1520/1485/620
f 1520/1485/620 559/1375/263 292/1256/143 563/1385/598
f 587/1486/611 1520/1485/620 563/1385/598 310/1387/584
f 333/1487/143 602/1488/143 1521/1489/143 603/1490/143
f 602/1488/143 315/1378/143 560/1376/143 1521/1489/143
f 1521/1489/143 560/1376/143 290/1243/143 558/1373/143
f 603/1490/143 1521/1489/143 558/1373/143 314/1372/143
f 304/1383/366 562/1382/431 1522/1491/431 590/1492/453
f 562/1382/431 291/1247/263 561/1379/143 1522/1491/431
f 1522/1491/431 561/1379/143 315/1378/143 604/1493/431
f 590/1492/453 1522/1491/431 604/1493/431 328/1494/366
f 334/1495/442 605/1496/442 1523/1497/516 606/1498/442
f 605/1496/442 316/1388/442 565/1391/442 1523/1497/516
f 1523/1497/516 565/1391/442 298/1279/516 575/1415/442
f 606/1498/442 1523/1497/516 575/1415/442 322/1414/442
f 317/1499/602 566/1500/601 1524/1501/621 608/1502/622
f 566/1500/601 293/1392/558 564/1389/443 1524/1501/621
f 1524/1501/621 564/1389/443 316/1388/442 607/1503/623
f 608/1502/622 1524/1501/621 607/1503/623 335/1504/624
f 335/1505/624 609/1506/625 1525/1507/626 608/1508/622
f 609/1506/625 318/1398/603 569/1401/566 1525/1507/626
f 1525/1507/626 569/1401/566 294/1403/563 567/1509/600
f 608/1508/622 1525/1507/626 567/1509/600 317/1510/602
f 339/1511/603 610/1512/603 1526/1513/506 611/1514/603
f 610/1512/603 320/1408/506 574/1411/506 1526/1513/506
f 1526/1513/506 574/1411/506 297/1276/564 571/1405/506
f 611/1514/603 1526/1513/506 571/1405/506 319/1407/603
f 340/1515/627 612/1516/628 1527/1517/629 614/1518/630
f 612/1516/628 321/1412/510 572/1409/507 1527/1517/629
f 1527/1517/629 572/1409/507 320/1408/506 613/1519/631
f 614/1518/630 1527/1517/629 613/1519/631 341/1520/632
f 323/1420/442 615/1521/442 1528/1522/516 578/1421/442
f 615/1521/442 342/1523/516 616/1524/442 1528/1522/516
f 1528/1522/516 616/1524/442 322/1414/442 576/1417/442
f 578/1421/442 1528/1522/516 576/1417/442 299/1283/442
f 343/1525/633 617/1526/634 1529/1527/634 618/1528/635
f 617/1526/634 323/1420/442 577/1419/442 1529/1527/634
f 1529/1527/634 577/1419/442 300/1291/516 579/1423/607
f 618/1528/635 1529/1527/634 579/1423/607 324/1422/606
f 325/1433/446 581/1432/518 1530/1529/636 620/1530/446
f 581/1432/518 321/1431/510 612/1531/628 1530/1529/636
f 1530/1529/636 612/1531/628 340/1532/627 619/1533/637
f 620/1530/446 1530/1529/636 619/1533/637 344/1534/446
f 326/1441/450 584/1440/280 1531/1535/449 621/1536/449
f 584/1440/280 302/1303/450 583/1435/449 1531/1535/449
f 1531/1535/449 583/1435/449 325/1434/446 620/1537/446
f 621/1536/449 1531/1535/449 620/1537/446 344/1538/446
f 327/1445/613 586/1444/612 1532/1539/612 623/1540/613
f 586/1444/612 303/1310/280 585/1439/280 1532/1539/612
f 1532/1539/612 585/1439/280 326/1441/450 622/1541/612
f 623/1540/613 1532/1539/612 622/1541/612 345/1542/613
f 340/1532/627 624/1543/638 1533/1544/639 626/1545/640
f 624/1543/638 329/1450/454 588/1447/451 1533/1544/639
f 1533/1544/639 588/1447/451 328/1446/366 625/1546/366
f 626/1545/640 1533/1544/639 625/1546/366 346/1547/366
f 324/1469/606 597/1468/617 1534/1548/641 618/1549/635
f 597/1468/617 308/1330/6 592/1453/5 1534/1548/641
f 1534/1548/641 592/1453/5 330/1455/6 627/1550/642
f 618/1549/635 1534/1548/641 627/1550/642 343/1551/633
f 306/1320/6 594/1459/5 1535/1552/6 591/1454/6
f 594/1459/5 331/1458/6 628/1553/6 1535/1552/6
f 1535/1552/6 628/1553/6 347/1554/6 629/1555/6
f 591/1454/6 1535/1552/6 629/1555/6 330/1455/6
f 307/1325/6 596/1465/6 1536/1556/6 593/1457/6
f 596/1465/6 332/1464/6 630/1557/5 1536/1556/6
f 1536/1556/6 630/1557/5 348/1558/6 631/1559/6
f 593/1457/6 1536/1556/6 631/1559/6 331/1458/6
f 329/1462/454 624/1560/638 1537/1561/643 595/1463/457
f 624/1560/638 340/1562/627 614/1563/630 1537/1561/643
f 1537/1561/643 614/1563/630 341/1564/632 632/1565/644
f 595/1463/457 1537/1561/643 632/1565/644 332/1464/6
f 312/1357/67 598/1477/67 1538/1566/67 599/1479/67
f 313/1476/67 600/1482/67 1538/1566/67 598/1477/67
f 288/1234/67 599/1479/67 1538/1566/67 600/1482/67
f 345/1567/613 633/1568/619 1539/1569/619 623/1570/613
f 633/1568/619 333/1487/143 603/1490/143 1539/1569/619
f 1539/1569/619 603/1490/143 314/1372/143 601/1484/619
f 623/1570/613 1539/1569/619 601/1484/619 327/1483/613
f 328/1494/366 604/1493/431 1540/1571/431 625/1572/366
f 604/1493/431 315/1378/143 602/1488/143 1540/1571/431
f 1540/1571/431 602/1488/143 333/1487/143 634/1573/431
f 625/1572/366 1540/1571/431 634/1573/431 346/1574/366
f 349/1575/442 635/1576/442 1541/1577/442 636/1578/442
f 635/1576/442 334/1495/442 606/1498/442 1541/1577/442
f 1541/1577/442 606/1498/442 322/1414/442 616/1524/442
f 636/1578/442 1541/1577/442 616/1524/442 342/1523/516
f 335/1504/624 607/1503/623 1542/1579/645 638/1580/624
f 607/1503/623 316/1388/442 605/1496/442 1542/1579/645
f 1542/1579/645 605/1496/442 334/1495/442 637/1581/623
f 638/1580/624 1542/1579/645 637/1581/623 350/1582/624
f 336/1583/506 639/1584/564 1543/1585/646 640/1586/647
f 639/1584/564 318/1398/603 609/1506/625 1543/1585/646
f 1543/1585/646 609/1506/625 335/1505/624 638/1587/624
f 640/1586/647 1543/1585/646 638/1587/624 350/1588/624
f 341/1520/632 613/1519/631 1544/1589/648 642/1590/649
f 613/1519/631 320/1408/506 610/1512/603 1544/1589/648
f 1544/1589/648 610/1512/603 339/1511/603 641/1591/650
f 642/1590/649 1544/1589/648 641/1591/650 356/1592/651
f 357/1593/633 643/1594/634 1545/1595/652 644/1596/653
f 643/1594/634 342/1523/516 615/1521/442 1545/1595/652
f 1545/1595/652 615/1521/442 323/1420/442 617/1526/634
f 644/1596/653 1545/1595/652 617/1526/634 343/1525/633
f 344/1534/446 619/1533/637 1546/1597/654 646/1598/655
f 619/1533/637 340/1532/627 626/1545/640 1546/1597/654
f 1546/1597/654 626/1545/640 346/1547/366 645/1599/656
f 646/1598/655 1546/1597/654 645/1599/656 358/1600/657
f 345/1542/613 622/1541/612 1547/1601/658 647/1602/659
f 622/1541/612 326/1441/450 621/1536/449 1547/1601/658
f 1547/1601/658 621/1536/449 344/1538/446 646/1603/655
f 647/1602/659 1547/1601/658 646/1603/655 358/1604/657
f 330/1455/6 629/1555/6 1548/1605/660 627/1550/642
f 629/1555/6 347/1554/6 648/1606/642 1548/1605/660
f 1548/1605/660 648/1606/642 357/1607/633 644/1608/653
f 627/1550/642 1548/1605/660 644/1608/653 343/1551/633
f 331/1458/6 631/1559/6 1549/1609/6 628/1553/6
f 631/1559/6 348/1558/6 649/1610/6 1549/1609/6
f 1549/1609/6 649/1610/6 359/1611/5 650/1612/6
f 628/1553/6 1549/1609/6 650/1612/6 347/1554/6
f 332/1464/6 632/1565/644 1550/1613/661 630/1557/5
f 632/1565/644 341/1564/632 642/1614/649 1550/1613/661
f 1550/1613/661 642/1614/649 356/1615/651 651/1616/662
f 630/1557/5 1550/1613/661 651/1616/662 348/1558/6
f 346/1574/366 634/1573/431 1551/1617/663 645/1618/656
f 634/1573/431 333/1487/143 633/1568/619 1551/1617/663
f 1551/1617/663 633/1568/619 345/1567/613 647/1619/659
f 645/1618/656 1551/1617/663 647/1619/659 358/1620/657
f 360/1621/664 652/1622/665 1552/1623/634 653/1624/635
f 652/1622/665 349/1575/442 636/1578/442 1552/1623/634
f 1552/1623/634 636/1578/442 342/1523/516 643/1594/634
f 653/1624/635 1552/1623/634 643/1594/634 357/1593/633
f 350/1582/624 637/1581/623 1553/1625/645 655/1626/624
f 637/1581/623 334/1495/442 635/1576/442 1553/1625/645
f 1553/1625/645 635/1576/442 349/1575/442 654/1627/623
f 655/1626/624 1553/1625/645 654/1627/623 361/1628/666
f 361/1629/666 656/1630/667 1554/1631/668 655/1632/624
f 656/1630/667 351/1633/565 657/1634/564 1554/1631/668
f 1554/1631/668 657/1634/564 336/1583/506 640/1586/647
f 655/1632/624 1554/1631/668 640/1586/647 350/1588/624
f 356/1592/651 641/1591/650 1555/1635/669 660/1636/670
f 641/1591/650 339/1511/603 658/1637/564 1555/1635/669
f 1555/1635/669 658/1637/564 351/1633/565 659/1638/671
f 660/1636/670 1555/1635/669 659/1638/671 362/1639/672
f 347/1554/6 650/1612/6 1556/1640/641 648/1606/642
f 650/1612/6 359/1611/5 661/1641/617 1556/1640/641
f 1556/1640/641 661/1641/617 360/1642/664 653/1643/635
f 648/1606/642 1556/1640/641 653/1643/635 357/1607/633
f 348/1558/6 651/1616/662 1557/1644/673 649/1610/6
f 651/1616/662 356/1615/651 660/1645/670 1557/1644/673
f 1557/1644/673 660/1645/670 362/1646/672 662/1647/674
f 649/1610/6 1557/1644/673 662/1647/674 359/1611/5
f 361/1628/666 654/1627/623 1558/1648/675 664/1649/676
f 654/1627/623 349/1575/442 652/1622/665 1558/1648/675
f 1558/1648/675 652/1622/665 360/1621/664 663/1650/677
f 664/1649/676 1558/1648/675 663/1650/677 363/1651/678
f 362/1639/672 659/1638/671 1559/1652/679 665/1653/680
f 659/1638/671 351/1633/565 656/1630/667 1559/1652/679
f 1559/1652/679 656/1630/667 361/1629/666 664/1654/676
f 665/1653/680 1559/1652/679 664/1654/676 363/1655/678
f 359/1611/5 662/1647/674 1560/1656/681 661/1641/617
f 662/1647/674 362/1646/672 665/1657/680 1560/1656/681
f 1560/1656/681 665/1657/680 363/1658/678 663/1659/677
f 661/1641/617 1560/1656/681 663/1659/677 360/1642/664
f 377/1660/682 666/1661/683 1561/1662/684 669/1663/685
f 666/1661/683 378/1664/686 667/1665/687 1561/1662/684
f 1561/1662/684 667/1665/687 354/1666/688 668/1667/689
f 669/1663/685 1561/1662/684 668/1667/689 353/1668/690
f 376/1669/67 670/1670/691 1562/1671/692 672/1672/693
f 670/1670/691 377/1660/682 669/1663/685 1562/1671/692
f 1562/1671/692 669/1663/685 353/1668/690 671/1673/694
f 672/1672/693 1562/1671/692 671/1673/694 352/1674/695
f 378/1675/686 673/1676/696 1563/1677/697 667/1678/687
f 673/1676/696 379/1679/442 674/1680/698 1563/1677/697
f 1563/1677/697 674/1680/698 355/1681/699 675/1682/700
f 667/1678/687 1563/1677/697 675/1682/700 354/1683/688
f 381/1684/701 676/1685/702 1564/1686/703 678/1687/704
f 676/1685/702 376/1688/67 672/1689/693 1564/1686/703
f 1564/1686/703 672/1689/693 352/1690/695 677/1691/705
f 678/1687/704 1564/1686/703 677/1691/705 338/1692/706
f 379/1679/442 679/1693/707 1565/1694/708 674/1680/698
f 679/1693/707 380/1695/709 680/1696/710 1565/1694/708
f 1565/1694/708 680/1696/710 337/1697/711 681/1698/712
f 674/1680/698 1565/1694/708 681/1698/712 355/1681/699
f 380/1699/709 682/1700/713 1566/1701/714 680/1702/710
f 682/1700/713 381/1703/701 678/1704/704 1566/1701/714
f 1566/1701/714 678/1704/704 338/1705/706 683/1706/715
f 680/1702/710 1566/1701/714 683/1706/715 337/1707/711
f 395/1708/716 684/1709/717 1567/1710/718 687/1711/719
f 684/1709/717 396/1712/720 685/1713/721 1567/1710/718
f 1567/1710/718 685/1713/721 63/1714/722 686/1715/723
f 687/1711/719 1567/1710/718 686/1715/723 62/1716/724
f 394/1717/91 688/1718/725 1568/1719/726 690/1720/727
f 688/1718/725 395/1721/716 687/1722/719 1568/1719/726
f 1568/1719/726 687/1722/719 62/1723/724 689/1724/728
f 690/1720/727 1568/1719/726 689/1724/728 61/1725/729
f 396/1726/720 691/1727/730 1569/1728/731 685/1729/721
f 691/1727/730 397/1730/442 692/1731/732 1569/1728/731
f 1569/1728/731 692/1731/732 64/1732/733 693/1733/734
f 685/1729/721 1569/1728/731 693/1733/734 63/1734/722
f 399/1735/735 694/1736/736 1570/1737/737 696/1738/738
f 694/1736/736 394/1717/91 690/1720/727 1570/1737/737
f 1570/1737/737 690/1720/727 61/1725/729 695/1739/739
f 696/1738/738 1570/1737/737 695/1739/739 43/1740/740
f 397/1730/442 697/1741/741 1571/1742/742 692/1731/732
f 697/1741/741 398/1743/743 698/1744/744 1571/1742/742
f 1571/1742/742 698/1744/744 42/1745/745 699/1746/746
f 692/1731/732 1571/1742/742 699/1746/746 64/1732/733
f 398/1747/743 700/1748/747 1572/1749/748 698/1750/744
f 700/1748/747 399/1751/735 696/1752/738 1572/1749/748
f 1572/1749/748 696/1752/738 43/1753/740 701/1754/749
f 698/1750/744 1572/1749/748 701/1754/749 42/1755/745
f 368/1756/750 702/1757/751 1573/1758/752 704/1759/753
f 702/1757/751 369/1760/754 703/1761/755 1573/1758/752
f 1573/1758/752 703/1761/755 43/1762/740 695/1763/739
f 704/1759/753 1573/1758/752 695/1763/739 61/1764/729
f 367/1765/756 705/1766/757 1574/1767/758 706/1768/759
f 705/1766/757 368/1756/750 704/1759/753 1574/1767/758
f 1574/1767/758 704/1759/753 61/1764/729 689/1769/728
f 706/1768/759 1574/1767/758 689/1769/728 62/1770/724
f 62/1770/724 686/1771/723 1575/1772/760 706/1768/759
f 686/1771/723 63/1773/722 707/1774/761 1575/1772/760
f 1575/1772/760 707/1774/761 366/1775/762 708/1776/763
f 706/1768/759 1575/1772/760 708/1776/763 367/1765/756
f 63/1773/722 693/1777/734 1576/1778/764 707/1774/761
f 693/1777/734 64/1779/733 709/1780/765 1576/1778/764
f 1576/1778/764 709/1780/765 365/1781/766 710/1782/767
f 707/1774/761 1576/1778/764 710/1782/767 366/1775/762
f 64/1779/733 699/1783/746 1577/1784/768 709/1780/765
f 699/1783/746 42/1785/745 711/1786/769 1577/1784/768
f 1577/1784/768 711/1786/769 364/1787/770 712/1788/771
f 709/1780/765 1577/1784/768 712/1788/771 365/1781/766
f 42/1785/745 701/1789/749 1578/1790/772 711/1786/769
f 701/1789/749 43/1762/740 703/1761/755 1578/1790/772
f 1578/1790/772 703/1761/755 369/1760/754 713/1791/773
f 711/1786/769 1578/1790/772 713/1791/773 364/1787/770
f 370/1792/774 714/1793/775 1579/1794/776 716/1795/777
f 714/1793/775 371/1796/778 715/1797/779 1579/1794/776
f 1579/1794/776 715/1797/779 168/662/298 1178/840/385
f 716/1795/777 1579/1794/776 1178/840/385 207/844/388
f 207/844/388 418/1012/469 1580/1798/780 716/1795/777
f 418/1012/469 245/1011/468 717/1799/781 1580/1798/780
f 1580/1798/780 717/1799/781 375/1800/782 718/1801/783
f 716/1795/777 1580/1798/780 718/1801/783 370/1792/774
f 245/1011/468 487/1184/535 1581/1802/784 717/1799/781
f 487/1184/535 246/1017/472 719/1803/785 1581/1802/784
f 1581/1802/784 719/1803/785 374/1804/786 720/1805/787
f 717/1799/781 1581/1802/784 720/1805/787 375/1800/782
f 373/1806/788 721/1807/789 1582/1808/790 722/1809/791
f 721/1807/789 374/1804/786 719/1803/785 1582/1808/790
f 1582/1808/790 719/1803/785 246/1017/472 430/1046/485
f 722/1809/791 1582/1808/790 430/1046/485 213/879/411
f 372/1810/792 723/1811/793 1583/1812/794 724/1813/795
f 723/1811/793 373/1806/788 722/1809/791 1583/1812/794
f 1583/1812/794 722/1809/791 213/879/411 1191/878/410
f 724/1813/795 1583/1812/794 1191/878/410 205/838/383
f 371/1796/778 725/1814/796 1584/1815/797 715/1797/779
f 725/1814/796 372/1810/792 724/1813/795 1584/1815/797
f 1584/1815/797 724/1813/795 205/838/383 1174/837/382
f 715/1797/779 1584/1815/797 1174/837/382 168/662/298
f 239/1816/798 726/1817/799 1585/1818/800 729/1819/801
f 726/1817/799 240/1820/802 727/1821/803 1585/1818/800
f 1585/1818/800 727/1821/803 406/1822/151 728/1823/151
f 729/1819/801 1585/1818/800 728/1823/151 407/1824/205
f 238/1825/804 730/1826/805 1586/1827/806 732/1828/807
f 730/1826/805 239/1816/798 729/1819/801 1586/1827/806
f 1586/1827/806 729/1819/801 407/1824/205 731/1829/203
f 732/1828/807 1586/1827/806 731/1829/203 408/1830/151
f 240/1820/802 733/1831/808 1587/1832/809 727/1821/803
f 733/1831/808 201/1833/810 734/1834/811 1587/1832/809
f 1587/1832/809 734/1834/811 411/1835/151 735/1836/151
f 727/1821/803 1587/1832/809 735/1836/151 406/1822/151
f 201/1833/810 736/1837/812 1588/1838/813 734/1834/811
f 736/1837/812 202/1839/814 737/1840/815 1588/1838/813
f 1588/1838/813 737/1840/815 410/1841/205 738/1842/203
f 734/1834/811 1588/1838/813 738/1842/203 411/1835/151
f 202/1839/814 739/1843/816 1589/1844/817 737/1840/815
f 739/1843/816 237/1845/818 740/1846/819 1589/1844/817
f 1589/1844/817 740/1846/819 409/1847/151 741/1848/203
f 737/1840/815 1589/1844/817 741/1848/203 410/1841/205
f 237/1845/818 742/1849/820 1590/1850/821 740/1846/819
f 742/1849/820 238/1825/804 732/1828/807 1590/1850/821
f 1590/1850/821 732/1828/807 408/1830/151 743/1851/203
f 740/1846/819 1590/1850/821 743/1851/203 409/1847/151
f 400/1852/564 744/1853/506 1591/1854/603 746/1855/564
f 744/1853/506 401/1856/506 745/1857/506 1591/1854/603
f 1591/1854/603 745/1857/506 339/1511/603 611/1514/603
f 746/1855/564 1591/1854/603 611/1514/603 319/1407/603
f 405/1858/506 747/1859/603 1592/1860/506 748/1861/506
f 747/1859/603 400/1852/564 746/1855/564 1592/1860/506
f 1592/1860/506 746/1855/564 319/1407/603 570/1406/564
f 748/1861/506 1592/1860/506 570/1406/564 295/1265/564
f 401/1856/506 749/1862/603 1593/1863/564 745/1857/506
f 749/1862/603 402/1864/564 750/1865/564 1593/1863/564
f 1593/1863/564 750/1865/564 351/1633/565 658/1637/564
f 745/1857/506 1593/1863/564 658/1637/564 339/1511/603
f 402/1864/564 751/1866/564 1594/1867/564 750/1865/564
f 751/1866/564 403/1868/565 752/1869/564 1594/1867/564
f 1594/1867/564 752/1869/564 336/1583/506 657/1634/564
f 750/1865/564 1594/1867/564 657/1634/564 351/1633/565
f 403/1868/565 753/1870/603 1595/1871/506 752/1869/564
f 753/1870/603 404/1872/564 754/1873/564 1595/1871/506
f 1595/1871/506 754/1873/564 318/1398/603 639/1584/564
f 752/1869/564 1595/1871/506 639/1584/564 336/1583/506
f 404/1872/564 755/1874/603 1596/1875/565 754/1873/564
f 755/1874/603 405/1858/506 748/1861/506 1596/1875/565
f 1596/1875/565 748/1861/506 295/1265/564 568/1399/564
f 754/1873/564 1596/1875/565 568/1399/564 318/1398/603
f 365/1781/766 712/1788/771 1597/1876/822 757/1877/823
f 712/1788/771 364/1787/770 756/1878/824 1597/1876/822
f 1597/1876/822 756/1878/824 25/81/42 916/220/97
f 757/1877/823 1597/1876/822 916/220/97 41/219/96
f 366/1775/762 710/1782/767 1598/1879/825 758/1880/826
f 710/1782/767 365/1781/766 757/1877/823 1598/1879/825
f 1598/1879/825 757/1877/823 41/219/96 952/300/126
f 758/1880/826 1598/1879/825 952/300/126 60/299/125
f 367/1765/756 708/1776/763 1599/1881/827 759/1882/828
f 708/1776/763 366/1775/762 758/1880/826 1599/1881/827
f 1599/1881/827 758/1880/826 60/299/125 954/303/129
f 759/1882/828 1599/1881/827 954/303/129 44/148/71
f 44/148/71 889/151/74 1600/1883/829 759/1882/828
f 889/151/74 27/90/49 760/1884/830 1600/1883/829
f 1600/1883/829 760/1884/830 368/1756/750 705/1766/757
f 759/1882/828 1600/1883/829 705/1766/757 367/1765/756
f 27/90/49 861/89/48 1601/1885/831 760/1884/830
f 861/89/48 13/37/23 761/1886/832 1601/1885/831
f 1601/1885/831 761/1886/832 369/1760/754 702/1757/751
f 760/1884/830 1601/1885/831 702/1757/751 368/1756/750
f 364/1787/770 713/1791/773 1602/1887/833 756/1878/824
f 713/1791/773 369/1760/754 761/1886/832 1602/1887/833
f 1602/1887/833 761/1886/832 13/37/23 858/82/43
f 756/1878/824 1602/1887/833 858/82/43 25/81/42
f 280/1888/834 762/1889/835 1603/1890/836 764/1891/837
f 762/1889/835 242/1892/838 763/1893/839 1603/1890/836
f 1603/1890/836 763/1893/839 371/1796/778 714/1793/775
f 764/1891/837 1603/1890/836 714/1793/775 370/1792/774
f 242/1892/838 765/1894/840 1604/1895/841 763/1893/839
f 765/1894/840 243/1896/842 766/1897/843 1604/1895/841
f 1604/1895/841 766/1897/843 372/1810/792 725/1814/796
f 763/1893/839 1604/1895/841 725/1814/796 371/1796/778
f 243/1896/842 767/1898/844 1605/1899/845 766/1897/843
f 767/1898/844 277/1900/846 768/1901/847 1605/1899/845
f 1605/1899/845 768/1901/847 373/1806/788 723/1811/793
f 766/1897/843 1605/1899/845 723/1811/793 372/1810/792
f 277/1900/846 769/1902/848 1606/1903/849 768/1901/847
f 769/1902/848 278/1904/850 770/1905/851 1606/1903/849
f 1606/1903/849 770/1905/851 374/1804/786 721/1807/789
f 768/1901/847 1606/1903/849 721/1807/789 373/1806/788
f 375/1800/782 720/1805/787 1607/1906/852 772/1907/853
f 720/1805/787 374/1804/786 770/1905/851 1607/1906/852
f 1607/1906/852 770/1905/851 278/1904/850 771/1908/854
f 772/1907/853 1607/1906/852 771/1908/854 279/1909/855
f 370/1792/774 718/1801/783 1608/1910/856 764/1891/837
f 718/1801/783 375/1800/782 772/1907/853 1608/1910/856
f 1608/1910/856 772/1907/853 279/1909/855 773/1911/857
f 764/1891/837 1608/1910/856 773/1911/857 280/1888/834
f 382/1912/67 774/1913/858 1609/1914/859 776/1915/67
f 774/1913/858 383/1916/860 775/1917/861 1609/1914/859
f 1609/1914/859 775/1917/861 377/1660/682 670/1670/691
f 776/1915/67 1609/1914/859 670/1670/691 376/1669/67
f 383/1916/860 777/1918/862 1610/1919/863 775/1917/861
f 777/1918/862 384/1920/864 778/1921/865 1610/1919/863
f 1610/1919/863 778/1921/865 378/1664/686 666/1661/683
f 775/1917/861 1610/1919/863 666/1661/683 377/1660/682
f 384/1920/864 779/1922/866 1611/1923/867 778/1921/865
f 779/1922/866 385/1924/442 780/1925/442 1611/1923/867
f 1611/1923/867 780/1925/442 379/1926/442 673/1927/696
f 778/1921/865 1611/1923/867 673/1927/696 378/1664/686
f 385/1928/442 781/1929/868 1612/1930/869 780/1931/442
f 781/1929/868 386/1932/870 782/1933/871 1612/1930/869
f 1612/1930/869 782/1933/871 380/1695/709 679/1693/707
f 780/1931/442 1612/1930/869 679/1693/707 379/1679/442
f 386/1934/870 783/1935/872 1613/1936/873 782/1937/871
f 783/1935/872 387/1938/874 784/1939/875 1613/1936/873
f 1613/1936/873 784/1939/875 381/1703/701 682/1700/713
f 782/1937/871 1613/1936/873 682/1700/713 380/1699/709
f 387/1940/874 785/1941/876 1614/1942/877 784/1943/875
f 785/1941/876 382/1944/67 776/1945/67 1614/1942/877
f 1614/1942/877 776/1945/67 376/1688/67 676/1685/702
f 784/1943/875 1614/1942/877 676/1685/702 381/1684/701
f 280/1946/834 773/1947/857 1615/1948/878 787/1949/879
f 773/1947/857 279/1950/855 786/1951/880 1615/1948/878
f 1615/1948/878 786/1951/880 383/1952/860 774/1953/858
f 787/1949/879 1615/1948/878 774/1953/858 382/1944/67
f 279/1954/855 771/1955/854 1616/1956/881 786/1957/880
f 771/1955/854 278/1958/850 788/1959/882 1616/1956/881
f 1616/1956/881 788/1959/882 384/1920/864 777/1918/862
f 786/1957/880 1616/1956/881 777/1918/862 383/1916/860
f 278/1958/850 769/1960/848 1617/1961/883 788/1959/882
f 769/1960/848 277/1962/846 789/1963/884 1617/1961/883
f 1617/1961/883 789/1963/884 385/1924/442 779/1922/866
f 788/1959/882 1617/1961/883 779/1922/866 384/1920/864
f 277/1964/846 767/1965/844 1618/1966/885 789/1967/884
f 767/1965/844 243/1968/842 790/1969/886 1618/1966/885
f 1618/1966/885 790/1969/886 386/1932/870 781/1929/868
f 789/1967/884 1618/1966/885 781/1929/868 385/1928/442
f 243/1970/842 765/1971/840 1619/1972/887 790/1973/886
f 765/1971/840 242/1974/838 791/1975/888 1619/1972/887
f 1619/1972/887 791/1975/888 387/1938/874 783/1935/872
f 790/1973/886 1619/1972/887 783/1935/872 386/1934/870
f 242/1976/838 762/1977/835 1620/1978/889 791/1979/888
f 762/1977/835 280/1946/834 787/1949/879 1620/1978/889
f 1620/1978/889 787/1949/879 382/1944/67 785/1941/876
f 791/1979/888 1620/1978/889 785/1941/876 387/1940/874
f 240/1980/802 726/1981/799 1621/1982/890 794/1983/891
f 726/1981/799 239/1984/798 792/1985/892 1621/1982/890
f 1621/1982/890 792/1985/892 389/1986/893 793/1987/894
f 794/1983/891 1621/1982/890 793/1987/894 388/1988/67
f 239/1984/798 730/1989/805 1622/1990/895 792/1985/892
f 730/1989/805 238/1991/804 795/1992/896 1622/1990/895
f 1622/1990/895 795/1992/896 390/1993/897 796/1994/898
f 792/1985/892 1622/1990/895 796/1994/898 389/1986/893
f 238/1995/804 742/1996/820 1623/1997/899 795/1998/896
f 742/1996/820 237/1999/818 797/2000/900 1623/1997/899
f 1623/1997/899 797/2000/900 391/2001/516 798/2002/901
f 795/1998/896 1623/1997/899 798/2002/901 390/2003/897
f 237/1999/818 739/2004/816 1624/2005/902 797/2000/900
f 739/2004/816 202/2006/814 799/2007/903 1624/2005/902
f 1624/2005/902 799/2007/903 392/2008/904 800/2009/905
f 797/2000/900 1624/2005/902 800/2009/905 391/2001/516
f 202/2010/814 736/2011/812 1625/2012/906 799/2013/903
f 736/2011/812 201/2014/810 801/2015/907 1625/2012/906
f 1625/2012/906 801/2015/907 393/2016/908 802/2017/909
f 799/2013/903 1625/2012/906 802/2017/909 392/2018/904
f 201/2019/810 733/2020/808 1626/2021/910 801/2022/907
f 733/2020/808 240/2023/802 794/2024/891 1626/2021/910
f 1626/2021/910 794/2024/891 388/2025/67 803/2026/911
f 801/2022/907 1626/2021/910 803/2026/911 393/2027/908
f 388/1988/67 793/1987/894 1627/2028/912 805/2029/67
f 793/1987/894 389/1986/893 804/2030/913 1627/2028/912
f 1627/2028/912 804/2030/913 395/1708/716 688/2031/725
f 805/2029/67 1627/2028/912 688/2031/725 394/2032/91
f 389/1986/893 796/1994/898 1628/2033/914 804/2030/913
f 796/1994/898 390/1993/897 806/2034/915 1628/2033/914
f 1628/2033/914 806/2034/915 396/1712/720 684/1709/717
f 804/2030/913 1628/2033/914 684/1709/717 395/1708/716
f 390/2003/897 798/2002/901 1629/2035/916 806/2036/915
f 798/2002/901 391/2001/516 807/2037/442 1629/2035/916
f 1629/2035/916 807/2037/442 397/1730/442 691/1727/730
f 806/2036/915 1629/2035/916 691/1727/730 396/1726/720
f 391/2001/516 800/2009/905 1630/2038/917 807/2037/442
f 800/2009/905 392/2008/904 808/2039/918 1630/2038/917
f 1630/2038/917 808/2039/918 398/1743/743 697/1741/741
f 807/2037/442 1630/2038/917 697/1741/741 397/1730/442
f 392/2018/904 802/2017/909 1631/2040/919 808/2041/918
f 802/2017/909 393/2016/908 809/2042/920 1631/2040/919
f 1631/2040/919 809/2042/920 399/1751/735 700/1748/747
f 808/2041/918 1631/2040/919 700/1748/747 398/1747/743
f 393/2027/908 803/2026/911 1632/2043/921 809/2044/920
f 803/2026/911 388/2025/67 805/2045/67 1632/2043/921
f 1632/2043/921 805/2045/67 394/1717/91 694/1736/736
f 809/2044/920 1632/2043/921 694/1736/736 399/1735/735
f 352/2046/695 671/2047/694 1633/2048/922 811/2049/923
f 671/2047/694 353/2050/690 810/2051/924 1633/2048/922
f 1633/2048/922 810/2051/924 401/1856/506 744/1853/506
f 811/2049/923 1633/2048/922 744/1853/506 400/1852/564
f 353/2050/690 668/2052/689 1634/2053/925 810/2051/924
f 668/2052/689 354/2054/688 812/2055/926 1634/2053/925
f 1634/2053/925 812/2055/926 402/1864/564 749/1862/603
f 810/2051/924 1634/2053/925 749/1862/603 401/1856/506
f 354/2054/688 675/2056/700 1635/2057/927 812/2055/926
f 675/2056/700 355/2058/699 813/2059/928 1635/2057/927
f 1635/2057/927 813/2059/928 403/1868/565 751/1866/564
f 812/2055/926 1635/2057/927 751/1866/564 402/1864/564
f 355/2058/699 681/2060/712 1636/2061/929 813/2059/928
f 681/2060/712 337/2062/711 814/2063/930 1636/2061/929
f 1636/2061/929 814/2063/930 404/1872/564 753/1870/603
f 813/2059/928 1636/2061/929 753/1870/603 403/1868/565
f 337/2062/711 683/2064/715 1637/2065/931 814/2063/930
f 683/2064/715 338/2066/706 815/2067/932 1637/2065/931
f 1637/2065/931 815/2067/932 405/1858/506 755/1874/603
f 814/2063/930 1637/2065/931 755/1874/603 404/1872/564
f 338/2066/706 677/2068/705 1638/2069/933 815/2067/932
f 677/2068/705 352/2046/695 811/2049/923 1638/2069/933
f 1638/2069/933 811/2049/923 400/1852/564 747/1859/603
f 815/2067/932 1638/2069/933 747/1859/603 405/1858/506
f 407/1824/205 728/1823/151 1639/2070/151 817/2071/205
f 728/1823/151 406/1822/151 816/2072/203 1639/2070/151
f 1639/2070/151 816/2072/203 163/639/203 1169/818/203
f 817/2071/205 1639/2070/151 1169/818/203 200/817/151
f 408/1830/151 731/1829/203 1640/2073/151 818/2074/205
f 731/1829/203 407/1824/205 817/2071/205 1640/2073/151
f 1640/2073/151 817/2071/205 200/817/151 480/1168/151
f 818/2074/205 1640/2073/151 480/1168/151 236/1172/205
f 409/1847/151 743/1851/203 1641/2075/151 819/2076/151
f 743/1851/203 408/1830/151 818/2074/205 1641/2075/151
f 1641/2075/151 818/2074/205 236/1172/205 481/1173/203
f 819/2076/151 1641/2075/151 481/1173/203 203/1003/151
f 410/1841/205 741/1848/203 1642/2077/151 820/2078/205
f 741/1848/203 409/1847/151 819/2076/151 1642/2077/151
f 1642/2077/151 819/2076/151 203/1003/151 414/1001/205
f 820/2078/205 1642/2077/151 414/1001/205 164/644/151
f 411/1835/151 738/1842/203 1643/2079/151 821/2080/205
f 738/1842/203 410/1841/205 820/2078/205 1643/2079/151
f 1643/2079/151 820/2078/205 164/644/151 1098/643/151
f 821/2080/205 1643/2079/151 1098/643/151 127/486/203
f 406/1822/151 735/1836/151 1644/2081/203 816/2072/203
f 735/1836/151 411/1835/151 821/2080/205 1644/2081/203
f 1644/2081/203 821/2080/205 127/486/203 1097/640/203
f 816/2072/203 1644/2081/203 1097/640/203 163/639/203
