# Blender 4.4.3
# www.blender.org
o Head02
v -0.774530 0.990986 -5.814318
v -0.284306 1.194043 -5.814318
v 0.205919 0.990986 -5.814318
v 0.408976 0.500761 -5.814318
v 0.205919 0.010536 -5.814318
v -0.284306 -0.192521 -5.814318
v -0.774531 0.010536 -5.814318
v -0.977588 0.500761 -5.814318
v -0.775121 0.991576 -7.457380
v -0.284306 1.194878 -7.457380
v 0.206509 0.991576 -7.457380
v 0.409811 0.500761 -7.457380
v 0.206509 0.009946 -7.457380
v -0.284306 -0.193356 -7.457380
v -0.775121 0.009946 -7.457380
v -0.978423 0.500761 -7.457380
v -0.510526 0.726981 -7.458790
v -0.284306 0.820685 -7.458790
v -0.058086 0.726981 -7.458790
v 0.035618 0.500761 -7.458790
v -0.058086 0.274541 -7.458790
v -0.284306 0.180837 -7.458790
v -0.510526 0.274541 -7.458790
v -0.604230 0.500761 -7.458790
v -0.647465 0.863920 -7.477085
v -0.797890 0.500761 -7.477085
v -0.647465 0.137602 -7.477085
v -0.284306 -0.012823 -7.477085
v 0.078853 0.137602 -7.477085
v 0.229278 0.500761 -7.477085
v 0.078853 0.863920 -7.477085
v -0.284306 1.014345 -7.477085
v -0.595096 0.811551 -7.806584
v -0.723829 0.500761 -7.806584
v -0.512207 0.728662 -7.806165
v -0.606607 0.500761 -7.806165
v -0.595095 0.189971 -7.806584
v -0.512207 0.272860 -7.806165
v -0.284306 0.061238 -7.806584
v -0.284306 0.178460 -7.806165
v 0.026484 0.189971 -7.806584
v -0.056405 0.272860 -7.806165
v 0.155217 0.500761 -7.806584
v 0.037995 0.500761 -7.806165
v 0.026483 0.811550 -7.806584
v -0.056405 0.728662 -7.806165
v -0.284306 0.940284 -7.806584
v -0.284306 0.823062 -7.806165
v -0.589466 0.805921 -5.870021
v -0.284306 0.932323 -5.870021
v 0.020854 0.805921 -5.870021
v 0.147256 0.500761 -5.870021
v 0.020854 0.195601 -5.870021
v -0.284306 0.069199 -5.870021
v -0.589466 0.195601 -5.870021
v -0.715868 0.500761 -5.870021
v -0.713546 0.930001 -5.794756
v -0.284306 1.107798 -5.794756
v 0.144934 0.930001 -5.794756
v 0.322731 0.500761 -5.794756
v 0.144934 0.071521 -5.794756
v -0.284306 -0.106275 -5.794756
v -0.713546 0.071521 -5.794756
v -0.891343 0.500761 -5.794756
v -0.712538 0.928993 -5.603843
v -0.284306 1.106372 -5.603843
v -0.590270 0.806725 -5.603802
v -0.284306 0.933460 -5.603802
v 0.143926 0.928993 -5.603843
v 0.021658 0.806725 -5.603802
v 0.321305 0.500761 -5.603843
v 0.148393 0.500761 -5.603802
v 0.143926 0.072529 -5.603843
v 0.021658 0.194797 -5.603802
v -0.284306 -0.104850 -5.603843
v -0.284306 0.068062 -5.603802
v -0.712538 0.072529 -5.603843
v -0.590270 0.194797 -5.603802
v -0.889917 0.500761 -5.603843
v -0.717005 0.500761 -5.603802
v -0.966709 -0.181642 -7.157438
v -0.284306 -0.464303 -7.157438
v 0.398098 -0.181643 -7.157438
v 0.680758 0.500761 -7.157438
v 0.398098 1.183164 -7.157438
v -0.284306 1.465825 -7.157438
v -0.966709 1.183165 -7.157438
v -1.249370 0.500761 -7.157438
v -0.907267 -0.122200 -7.339911
v -0.284306 -0.380240 -7.339911
v 0.338656 -0.122200 -7.339911
v 0.596695 0.500761 -7.339911
v 0.338656 1.123722 -7.339911
v -0.284306 1.381762 -7.339911
v -0.907267 1.123722 -7.339911
v -1.165307 0.500761 -7.339911
v -0.966709 -0.181642 -6.093680
v -0.284306 -0.464303 -6.093680
v 0.398098 -0.181643 -6.093680
v 0.680758 0.500761 -6.093680
v 0.398098 1.183164 -6.093680
v -0.284306 1.465825 -6.093680
v -0.966709 1.183165 -6.093680
v -1.249370 0.500761 -6.093680
v -0.903832 -0.118765 -5.924911
v -0.284306 -0.375381 -5.924911
v 0.335220 -0.118765 -5.924911
v 0.591836 0.500761 -5.924911
v 0.335220 1.120287 -5.924911
v -0.284306 1.376903 -5.924911
v -0.903832 1.120287 -5.924911
v -1.160448 0.500761 -5.924911
v -0.975038 -0.189971 -6.624809
v -0.284306 -0.476082 -6.624809
v 0.406427 -0.189971 -6.624809
v 0.692537 0.500761 -6.624809
v 0.406427 1.191493 -6.624809
v -0.284306 1.477604 -6.624809
v -0.975038 1.191493 -6.624809
v -1.261149 0.500761 -6.624809
v -0.756062 0.500761 -7.478843
v -0.617887 0.167179 -7.478843
v -0.284306 0.029006 -7.478843
v 0.049276 0.167179 -7.478843
v 0.187450 0.500761 -7.478843
v 0.049276 0.834343 -7.478843
v -0.284306 0.972517 -7.478843
v -0.617887 0.834343 -7.478843
v -0.752250 0.500761 -7.804989
v -0.615192 0.169874 -7.804989
v -0.284306 0.032817 -7.804989
v 0.046581 0.169874 -7.804989
v 0.183638 0.500761 -7.804989
v 0.046581 0.831647 -7.804989
v -0.284306 0.968705 -7.804989
v -0.615193 0.831648 -7.804989
v -0.631856 0.500761 -7.807386
v -0.530060 0.255006 -7.807386
v -0.284306 0.153211 -7.807386
v -0.038551 0.255006 -7.807386
v 0.063243 0.500761 -7.807386
v -0.038551 0.746515 -7.807386
v -0.284306 0.848310 -7.807386
v -0.530061 0.746516 -7.807386
v -0.057213 0.727854 -7.748099
v 0.036852 0.500761 -7.748099
v -0.057213 0.273668 -7.748099
v -0.284306 0.179603 -7.748099
v -0.511399 0.273668 -7.748099
v -0.605464 0.500761 -7.748099
v -0.511399 0.727854 -7.748099
v -0.284306 0.821919 -7.748099
v -0.057213 0.727854 -7.517402
v 0.036852 0.500761 -7.517402
v -0.057213 0.273668 -7.517402
v -0.284306 0.179603 -7.517402
v -0.511399 0.273668 -7.517402
v -0.605464 0.500761 -7.517402
v -0.511399 0.727854 -7.517402
v -0.284306 0.821919 -7.517402
v -0.478168 0.694623 -7.459688
v -0.284306 0.774924 -7.459688
v -0.284306 0.500761 -7.471001
v -0.090444 0.694623 -7.459688
v -0.010144 0.500761 -7.459688
v -0.090444 0.306899 -7.459688
v -0.284306 0.226599 -7.459688
v -0.478168 0.306899 -7.459688
v -0.558468 0.500761 -7.459688
v -0.589466 0.805921 -7.045296
v -0.284306 0.932323 -7.045296
v 0.020854 0.805921 -7.045296
v 0.147256 0.500761 -7.045296
v 0.020854 0.195601 -7.045296
v -0.284306 0.069199 -7.045296
v -0.589466 0.195601 -7.045296
v -0.715868 0.500761 -7.045296
v -0.550104 0.766559 -7.219219
v -0.284306 0.876656 -7.219219
v -0.284306 0.500761 -7.236056
v -0.018508 0.766559 -7.219219
v 0.091589 0.500761 -7.219219
v -0.018508 0.234963 -7.219219
v -0.284306 0.124866 -7.219219
v -0.550103 0.234963 -7.219219
v -0.660201 0.500761 -7.219219
v 0.154353 0.062103 -5.795652
v -0.284306 -0.119596 -5.795652
v -0.722964 0.062103 -5.795652
v -0.904663 0.500761 -5.795652
v -0.722964 0.939420 -5.795652
v -0.284306 1.121118 -5.795652
v 0.154352 0.939420 -5.795652
v 0.336051 0.500761 -5.795652
v 0.144135 0.072320 -5.762322
v -0.284306 -0.105146 -5.762322
v -0.712747 0.072320 -5.762322
v -0.890213 0.500761 -5.762322
v -0.712747 0.929202 -5.762322
v -0.284306 1.106668 -5.762322
v 0.144135 0.929202 -5.762322
v 0.321601 0.500761 -5.762322
v 0.144444 0.072011 -5.635373
v -0.284306 -0.105583 -5.635373
v -0.713056 0.072011 -5.635373
v -0.890650 0.500761 -5.635373
v -0.713056 0.929511 -5.635373
v -0.284306 1.107105 -5.635373
v 0.144444 0.929511 -5.635373
v 0.322038 0.500761 -5.635373
v 0.123387 0.093068 -5.603152
v -0.284306 -0.075803 -5.603152
v -0.691998 0.093069 -5.603152
v -0.860870 0.500761 -5.603152
v -0.691998 0.908454 -5.603152
v -0.284306 1.077325 -5.603152
v 0.123386 0.908453 -5.603152
v 0.292258 0.500761 -5.603152
v 0.043120 0.173335 -5.603152
v -0.284306 0.037711 -5.603152
v -0.611732 0.173335 -5.603152
v -0.747356 0.500761 -5.603152
v -0.611732 0.828187 -5.603152
v -0.284306 0.963811 -5.603152
v 0.043120 0.828187 -5.603152
v 0.178744 0.500761 -5.603152
v 0.020854 0.805921 -5.636091
v -0.284306 0.932323 -5.636091
v -0.589466 0.805921 -5.636091
v -0.715868 0.500761 -5.636091
v -0.589466 0.195601 -5.636091
v -0.284306 0.069199 -5.636091
v 0.020854 0.195601 -5.636091
v 0.147256 0.500761 -5.636091
v -0.284306 0.069199 -6.461628
v -0.589466 0.195601 -6.461628
v -0.715868 0.500761 -6.461628
v -0.589466 0.805921 -6.461628
v -0.284306 0.932323 -6.461628
v 0.020854 0.805921 -6.461628
v 0.147256 0.500761 -6.461628
v 0.020854 0.195601 -6.461628
v -0.284306 0.030953 -7.534504
v 0.047899 0.168556 -7.534504
v 0.185502 0.500761 -7.534504
v 0.047899 0.832966 -7.534504
v -0.284306 0.970570 -7.534504
v -0.616511 0.832966 -7.534504
v -0.754114 0.500761 -7.534504
v -0.616511 0.168556 -7.534504
v -0.284306 0.030953 -7.748541
v 0.047899 0.168556 -7.748541
v 0.185502 0.500761 -7.748541
v 0.047899 0.832965 -7.748541
v -0.284306 0.970569 -7.748541
v -0.616511 0.832966 -7.748541
v -0.754114 0.500761 -7.748541
v -0.616511 0.168556 -7.748541
v -0.284306 -0.476082 -6.289633
v 0.406427 -0.189971 -6.289633
v 0.692537 0.500761 -6.289633
v 0.406427 1.191493 -6.289633
v -0.284306 1.477604 -6.289633
v -0.975038 1.191493 -6.289633
v -1.261149 0.500761 -6.289633
v -0.975038 -0.189971 -6.289633
v -0.284306 -0.476082 -6.950909
v 0.406427 -0.189971 -6.950909
v 0.692537 0.500761 -6.950909
v 0.406427 1.191493 -6.950909
v -0.284306 1.477604 -6.950909
v -0.975038 1.191493 -6.950909
v -1.261149 0.500761 -6.950909
v -0.975038 -0.189971 -6.950909
v 0.691359 0.500761 -7.063740
v 0.405594 1.190660 -7.063740
v -0.284306 1.476426 -7.063740
v -0.974205 1.190661 -7.063740
v -1.259971 0.500761 -7.063740
v -0.974205 -0.189138 -7.063740
v -0.549174 1.140210 -5.814318
v -0.838073 1.054528 -5.858229
v -0.284306 1.283906 -5.858229
v -0.619036 1.308871 -5.924911
v -0.019437 1.140210 -5.814318
v 0.269461 1.054528 -5.858229
v 0.050424 1.308871 -5.924911
v 0.355143 0.765629 -5.814318
v 0.498839 0.500761 -5.858229
v 0.523804 0.835491 -5.924911
v 0.355143 0.235892 -5.814318
v 0.269461 -0.053006 -5.858229
v 0.523804 0.166031 -5.924911
v -0.019437 -0.138688 -5.814318
v -0.284306 -0.282384 -5.858229
v 0.050424 -0.307349 -5.924911
v -0.549174 -0.138688 -5.814318
v -0.838073 -0.053006 -5.858229
v -0.619036 -0.307349 -5.924911
v -0.923755 0.235893 -5.814318
v -1.067451 0.500761 -5.858229
v -1.092416 0.166031 -5.924911
v -0.923755 0.765630 -5.814318
v -1.092416 0.835491 -5.924911
v -0.427611 0.846731 -7.217134
v -0.284306 0.756378 -7.234303
v -0.465055 0.681510 -7.234303
v -0.141001 0.846731 -7.217134
v -0.103557 0.681510 -7.234303
v 0.061664 0.644066 -7.217134
v -0.028689 0.500761 -7.234303
v 0.061664 0.357455 -7.217134
v -0.103557 0.320012 -7.234303
v -0.141000 0.154791 -7.217134
v -0.284306 0.245144 -7.234303
v -0.427611 0.154791 -7.217134
v -0.465054 0.320012 -7.234303
v -0.630276 0.357456 -7.217134
v -0.539923 0.500761 -7.234303
v -0.630276 0.644067 -7.217134
v -0.388894 0.753259 -7.459793
v -0.415603 0.632058 -7.464263
v -0.284306 0.686443 -7.464263
v -0.179718 0.753259 -7.459793
v -0.153009 0.632058 -7.464263
v -0.031808 0.605349 -7.459793
v -0.098624 0.500761 -7.464263
v -0.031808 0.396173 -7.459793
v -0.153009 0.369464 -7.464263
v -0.179718 0.248263 -7.459793
v -0.284306 0.315079 -7.464263
v -0.388894 0.248263 -7.459793
v -0.415603 0.369464 -7.464263
v -0.536804 0.396173 -7.459793
v -0.469988 0.500761 -7.464263
v -0.536804 0.605349 -7.459793
v -0.549493 1.140980 -7.457380
v -0.702725 0.919181 -7.475121
v -0.284306 1.092495 -7.475121
v -0.480521 0.974466 -7.477085
v -0.019118 1.140980 -7.457380
v 0.134114 0.919181 -7.475121
v -0.088091 0.974465 -7.477085
v 0.355913 0.765948 -7.457380
v 0.307429 0.500761 -7.475121
v 0.189398 0.696976 -7.477085
v 0.355913 0.235574 -7.457380
v 0.134114 0.082342 -7.475121
v 0.189398 0.304546 -7.477085
v -0.019118 -0.139458 -7.457380
v -0.284306 -0.090973 -7.475121
v -0.088091 0.027057 -7.477085
v -0.549493 -0.139458 -7.457380
v -0.702725 0.082342 -7.475121
v -0.480521 0.027057 -7.477085
v -0.924525 0.235574 -7.457380
v -0.876040 0.500761 -7.475121
v -0.758010 0.304546 -7.477085
v -0.758010 0.696976 -7.477085
v -0.924525 0.765949 -7.457380
v -0.689700 0.668681 -7.806584
v -0.677554 0.500761 -7.806929
v -0.562374 0.778829 -7.806929
v -0.604868 0.633542 -7.807386
v -0.562374 0.222693 -7.806929
v -0.604868 0.367979 -7.807386
v -0.689700 0.332841 -7.806584
v -0.452226 0.095367 -7.806584
v -0.284306 0.107513 -7.806929
v -0.417087 0.180198 -7.807386
v -0.116386 0.095367 -7.806584
v -0.006238 0.222693 -7.806929
v -0.151525 0.180199 -7.807386
v 0.121088 0.332841 -7.806584
v 0.108941 0.500761 -7.806929
v 0.036256 0.367980 -7.807386
v 0.121088 0.668680 -7.806584
v -0.006238 0.778829 -7.806929
v 0.036256 0.633542 -7.807386
v -0.116386 0.906155 -7.806584
v -0.284306 0.894009 -7.806929
v -0.151525 0.821323 -7.807386
v -0.452226 0.906155 -7.806584
v -0.417087 0.821323 -7.807386
v -0.763671 0.500761 -7.477247
v -0.623268 0.839724 -7.477247
v -0.719430 0.680995 -7.478843
v -0.579388 0.622988 -7.458790
v -0.511312 0.727767 -7.467396
v -0.605340 0.500761 -7.467396
v -0.580526 0.623460 -7.517403
v -0.623268 0.161799 -7.477247
v -0.719430 0.320527 -7.478843
v -0.579387 0.378534 -7.458790
v -0.511311 0.273755 -7.467396
v -0.580526 0.378063 -7.517403
v -0.284306 0.021396 -7.477247
v -0.464540 0.065637 -7.478843
v -0.406533 0.205679 -7.458790
v -0.284306 0.179727 -7.467396
v -0.407004 0.204541 -7.517403
v 0.054657 0.161798 -7.477247
v -0.104072 0.065637 -7.478843
v -0.162079 0.205679 -7.458790
v -0.057300 0.273755 -7.467396
v -0.161607 0.204541 -7.517403
v 0.195059 0.500761 -7.477247
v 0.150818 0.320527 -7.478843
v 0.010776 0.378534 -7.458790
v 0.036728 0.500761 -7.467396
v 0.011914 0.378063 -7.517403
v 0.054656 0.839724 -7.477247
v 0.150818 0.680995 -7.478843
v 0.010776 0.622988 -7.458790
v -0.057300 0.727767 -7.467396
v 0.011914 0.623459 -7.517403
v -0.284306 0.980126 -7.477247
v -0.104072 0.935885 -7.478843
v -0.162079 0.795843 -7.458790
v -0.284306 0.821796 -7.467396
v -0.161608 0.796981 -7.517403
v -0.464540 0.935885 -7.478843
v -0.406533 0.795843 -7.458790
v -0.407004 0.796981 -7.517403
v -0.284306 1.143239 -5.797519
v -0.738606 0.955062 -5.797519
v -0.521313 1.072947 -5.795652
v 0.169994 0.955062 -5.797519
v -0.047299 1.072947 -5.795652
v 0.358172 0.500761 -5.797519
v 0.287880 0.737768 -5.795652
v 0.169995 0.046461 -5.797519
v 0.287880 0.263754 -5.795652
v -0.284306 -0.141717 -5.797519
v -0.047299 -0.071425 -5.795652
v -0.738606 0.046461 -5.797519
v -0.521313 -0.071425 -5.795652
v -0.926784 0.500761 -5.797519
v -0.856492 0.263754 -5.795652
v -0.856492 0.737768 -5.795652
v -0.515680 1.059347 -5.603843
v -0.284306 1.101989 -5.603221
v -0.709439 0.925894 -5.603221
v -0.504582 1.032555 -5.603152
v -0.052932 1.059346 -5.603843
v 0.140826 0.925894 -5.603221
v -0.064030 1.032555 -5.603152
v 0.274280 0.732135 -5.603843
v 0.316922 0.500761 -5.603221
v 0.247488 0.721037 -5.603152
v 0.274280 0.269387 -5.603843
v 0.140827 0.075628 -5.603221
v 0.247488 0.280485 -5.603152
v -0.052932 -0.057825 -5.603843
v -0.284306 -0.100467 -5.603221
v -0.064030 -0.031033 -5.603152
v -0.515680 -0.057824 -5.603843
v -0.709439 0.075629 -5.603221
v -0.504582 -0.031033 -5.603152
v -0.885534 0.500761 -5.603221
v -0.816100 0.280485 -5.603152
v -0.842891 0.269387 -5.603843
v -0.842892 0.732135 -5.603843
v -0.816100 0.721038 -5.603152
v -0.516224 1.060661 -5.794756
v -0.284306 1.106697 -5.789936
v -0.712767 0.929223 -5.789936
v -0.515793 1.059619 -5.762322
v -0.449184 0.898812 -5.870021
v -0.589466 0.805921 -5.711797
v -0.284306 0.932323 -5.711797
v -0.449184 0.898812 -5.636091
v -0.052388 1.060661 -5.794756
v 0.144155 0.929222 -5.789936
v -0.052819 1.059619 -5.762322
v -0.119428 0.898812 -5.870021
v 0.020854 0.805921 -5.711797
v -0.119428 0.898812 -5.636091
v 0.275595 0.732679 -5.794756
v 0.321630 0.500761 -5.789936
v 0.274552 0.732248 -5.762322
v 0.113745 0.665639 -5.636091
v 0.147256 0.500761 -5.711797
v 0.113745 0.665639 -5.870021
v 0.275595 0.268843 -5.794756
v 0.144156 0.072300 -5.789936
v 0.274552 0.269274 -5.762322
v 0.113745 0.335883 -5.870021
v 0.020854 0.195601 -5.711797
v 0.113745 0.335883 -5.636091
v -0.052388 -0.059139 -5.794756
v -0.284306 -0.105175 -5.789936
v -0.052819 -0.058097 -5.762322
v -0.119428 0.102710 -5.870021
v -0.284306 0.069199 -5.711797
v -0.119428 0.102710 -5.636091
v -0.712767 0.072300 -5.789936
v -0.515792 -0.058097 -5.762322
v -0.516224 -0.059139 -5.794756
v -0.449184 0.102710 -5.870021
v -0.589466 0.195601 -5.711797
v -0.449184 0.102710 -5.636091
v -0.844206 0.268843 -5.794756
v -0.890242 0.500761 -5.789936
v -0.843164 0.269274 -5.762322
v -0.682357 0.335883 -5.870021
v -0.715868 0.500761 -5.711797
v -0.682357 0.335883 -5.636091
v -0.844206 0.732680 -5.794756
v -0.843164 0.732248 -5.762322
v -0.682357 0.665639 -5.870021
v -0.682357 0.665640 -5.636091
v -0.653009 -0.389366 -7.157438
v -0.284306 -0.435166 -7.251803
v -0.946106 -0.161039 -7.251803
v -0.620892 -0.311830 -7.339911
v 0.084397 -0.389366 -7.157438
v 0.377495 -0.161040 -7.251803
v 0.052280 -0.311830 -7.339911
v 0.605822 0.132058 -7.157438
v 0.651621 0.500761 -7.251803
v 0.528285 0.164175 -7.339911
v 0.605822 0.869464 -7.157438
v 0.377495 1.162562 -7.251803
v 0.528285 0.837347 -7.339911
v 0.084397 1.390888 -7.157438
v -0.284306 1.436688 -7.251803
v 0.052280 1.313352 -7.339911
v -0.653009 1.390889 -7.157438
v -0.946106 1.162562 -7.251803
v -0.620892 1.313352 -7.339911
v -1.174433 0.869464 -7.157438
v -1.220233 0.500761 -7.251803
v -1.096897 0.837347 -7.339911
v -1.174433 0.132058 -7.157438
v -1.096897 0.164175 -7.339911
v -0.284306 -0.295391 -7.410939
v -0.847270 -0.062203 -7.410939
v 0.278658 -0.062203 -7.410939
v 0.511846 0.500761 -7.410939
v 0.278658 1.063725 -7.410939
v -0.284306 1.296913 -7.410939
v -0.847270 1.063725 -7.410939
v -1.080458 0.500761 -7.410939
v -0.657509 -0.400230 -6.289633
v -0.974205 -0.189138 -6.179800
v -0.284306 -0.474904 -6.179800
v -0.653009 -0.389366 -6.093680
v 0.084397 -0.389366 -6.093680
v 0.405594 -0.189139 -6.179800
v 0.088897 -0.400231 -6.289633
v 0.605822 0.132058 -6.093680
v 0.691359 0.500761 -6.179800
v 0.616686 0.127558 -6.289633
v 0.605822 0.869464 -6.093680
v 0.405594 1.190660 -6.179800
v 0.616686 0.873964 -6.289633
v 0.084397 1.390888 -6.093680
v -0.284306 1.476426 -6.179800
v 0.088897 1.401752 -6.289633
v -0.653009 1.390889 -6.093680
v -0.974205 1.190661 -6.179800
v -0.657509 1.401753 -6.289633
v -1.174433 0.869464 -6.093680
v -1.259971 0.500761 -6.179800
v -1.185297 0.873964 -6.289633
v -1.174433 0.132058 -6.093680
v -1.185297 0.127558 -6.289633
v -0.284306 -0.434680 -6.006818
v -0.945763 -0.160696 -6.006818
v 0.377151 -0.160696 -6.006818
v 0.651136 0.500761 -6.006818
v 0.377151 1.162218 -6.006818
v -0.284306 1.436203 -6.006818
v -0.945763 1.162218 -6.006818
v -1.219748 0.500761 -6.006818
v -0.657509 -0.400230 -6.950909
v -0.975038 -0.189971 -6.800088
v -0.284306 -0.476082 -6.800088
v -0.657509 -0.400231 -6.624809
v 0.088897 -0.400231 -6.624809
v 0.406427 -0.189971 -6.800088
v 0.088897 -0.400231 -6.950909
v 0.616686 0.127558 -6.624809
v 0.692537 0.500761 -6.800088
v 0.616686 0.127558 -6.950909
v 0.616686 0.873964 -6.624809
v 0.406427 1.191493 -6.800088
v 0.616686 0.873964 -6.950909
v 0.088897 1.401752 -6.624809
v -0.284306 1.477604 -6.800088
v 0.088897 1.401752 -6.950909
v -0.657509 1.401753 -6.624809
v -0.975038 1.191493 -6.800088
v -0.657509 1.401753 -6.950909
v -1.185297 0.873964 -6.624809
v -1.261149 0.500761 -6.800088
v -1.185297 0.873964 -6.950909
v -1.185297 0.127558 -6.624809
v -1.185297 0.127558 -6.950909
v -0.616648 0.168419 -7.487557
v -0.754309 0.500761 -7.487557
v -0.717634 0.321271 -7.534504
v -0.284306 0.030758 -7.487557
v -0.463796 0.067433 -7.534504
v 0.048037 0.168419 -7.487557
v -0.104816 0.067433 -7.534504
v 0.185697 0.500761 -7.487557
v 0.149022 0.321271 -7.534504
v 0.048036 0.833104 -7.487557
v 0.149022 0.680251 -7.534504
v -0.284306 0.970764 -7.487557
v -0.104816 0.934089 -7.534504
v -0.616648 0.833104 -7.487557
v -0.463796 0.934089 -7.534504
v -0.717634 0.680251 -7.534504
v -0.715914 0.321983 -7.804989
v -0.610863 0.174204 -7.806501
v -0.746127 0.500761 -7.806501
v -0.463084 0.069152 -7.804989
v -0.284306 0.038940 -7.806501
v -0.105528 0.069152 -7.804989
v 0.042251 0.174204 -7.806501
v 0.147302 0.321983 -7.804989
v 0.177515 0.500761 -7.806501
v 0.147303 0.679539 -7.804989
v 0.042251 0.827318 -7.806501
v -0.105528 0.932369 -7.804989
v -0.284306 0.962582 -7.806501
v -0.463084 0.932370 -7.804989
v -0.610863 0.827318 -7.806501
v -0.715915 0.679539 -7.804989
v -0.515415 0.269652 -7.807435
v -0.611143 0.500761 -7.807435
v -0.581580 0.377626 -7.806165
v -0.284306 0.173924 -7.807435
v -0.407441 0.203486 -7.806165
v -0.053197 0.269652 -7.807435
v -0.161171 0.203487 -7.806165
v 0.042531 0.500761 -7.807435
v 0.012968 0.377626 -7.806165
v -0.053197 0.731870 -7.807435
v 0.012968 0.623896 -7.806165
v -0.284306 0.827598 -7.807435
v -0.161171 0.798035 -7.806165
v -0.515415 0.731870 -7.807435
v -0.407441 0.798035 -7.806165
v -0.581580 0.623896 -7.806165
v 0.011914 0.623459 -7.748099
v 0.036966 0.500761 -7.797832
v -0.057132 0.727934 -7.797832
v 0.011914 0.378063 -7.748099
v -0.057132 0.273587 -7.797832
v -0.161607 0.204541 -7.748099
v -0.284306 0.179489 -7.797832
v -0.407004 0.204541 -7.748099
v -0.511480 0.273587 -7.797832
v -0.580526 0.378062 -7.748099
v -0.605578 0.500761 -7.797832
v -0.580526 0.623459 -7.748099
v -0.511480 0.727935 -7.797832
v -0.407004 0.796981 -7.748099
v -0.284306 0.822033 -7.797832
v -0.161608 0.796981 -7.748099
v 0.036852 0.500761 -7.632800
v -0.057213 0.727854 -7.632801
v -0.057213 0.273668 -7.632800
v -0.284306 0.179603 -7.632800
v -0.511399 0.273668 -7.632800
v -0.605464 0.500761 -7.632800
v -0.511399 0.727854 -7.632800
v -0.284306 0.821919 -7.632800
v -0.505593 0.722048 -7.457655
v -0.284306 0.813709 -7.457655
v -0.063019 0.722048 -7.457655
v 0.028641 0.500761 -7.457655
v -0.063019 0.279474 -7.457655
v -0.284306 0.187814 -7.457655
v -0.505593 0.279474 -7.457655
v -0.597253 0.500761 -7.457655
v -0.284306 0.932323 -6.135407
v -0.589466 0.805921 -6.135407
v -0.449184 0.898812 -6.461628
v 0.020854 0.805921 -6.135407
v -0.119428 0.898812 -6.461628
v 0.147256 0.500761 -6.135407
v 0.113745 0.665639 -6.461628
v 0.020854 0.195601 -6.135407
v 0.113745 0.335883 -6.461628
v -0.284306 0.069199 -6.135407
v -0.119428 0.102710 -6.461628
v -0.589466 0.195601 -6.135407
v -0.449184 0.102710 -6.461628
v -0.715868 0.500761 -6.135407
v -0.682357 0.335883 -6.461628
v -0.682357 0.665639 -6.461628
v -0.449184 0.898812 -7.045296
v -0.284306 0.926435 -7.174794
v -0.585303 0.801758 -7.174794
v -0.119428 0.898812 -7.045296
v 0.016691 0.801758 -7.174794
v 0.113745 0.665639 -7.045296
v 0.141368 0.500761 -7.174794
v 0.113745 0.335883 -7.045296
v 0.016691 0.199764 -7.174794
v -0.119428 0.102710 -7.045296
v -0.284306 0.075087 -7.174794
v -0.449184 0.102710 -7.045296
v -0.585303 0.199764 -7.174794
v -0.682357 0.335883 -7.045296
v -0.709980 0.500761 -7.174794
v -0.682357 0.665639 -7.045296
v -0.284306 -0.109790 -5.795563
v 0.147419 0.069036 -5.795563
v -0.716031 0.069036 -5.795563
v -0.894857 0.500761 -5.795563
v -0.716031 0.932486 -5.795563
v -0.284306 1.111312 -5.795563
v 0.147419 0.932486 -5.795563
v 0.326245 0.500761 -5.795563
v -0.284306 -0.105364 -5.698765
v 0.144290 0.072166 -5.698765
v -0.052652 -0.058500 -5.635373
v -0.712901 0.072166 -5.698765
v -0.515959 -0.058500 -5.635373
v -0.890432 0.500761 -5.698765
v -0.843567 0.269108 -5.635373
v -0.712901 0.929357 -5.698765
v -0.843567 0.732415 -5.635373
v -0.284306 1.106886 -5.698765
v -0.515960 1.060022 -5.635373
v 0.144289 0.929357 -5.698765
v -0.052652 1.060022 -5.635373
v 0.321820 0.500761 -5.698765
v 0.274955 0.732415 -5.635373
v 0.274956 0.269107 -5.635373
v -0.284306 -0.105592 -5.608212
v 0.144450 0.072005 -5.608212
v -0.713062 0.072005 -5.608212
v -0.890659 0.500761 -5.608212
v -0.713062 0.929518 -5.608212
v -0.284306 1.107114 -5.608212
v 0.144450 0.929517 -5.608212
v 0.322047 0.500761 -5.608212
v -0.284306 -0.019164 -5.603152
v 0.083337 0.133118 -5.603152
v -0.107398 0.073667 -5.603152
v -0.651949 0.133118 -5.603152
v -0.461214 0.073667 -5.603152
v -0.804232 0.500761 -5.603152
v -0.711400 0.323853 -5.603152
v -0.651949 0.868404 -5.603152
v -0.711400 0.677670 -5.603152
v -0.284306 1.020686 -5.603152
v -0.461214 0.927855 -5.603152
v 0.083337 0.868404 -5.603152
v -0.107398 0.927855 -5.603152
v 0.235619 0.500761 -5.603152
v 0.142788 0.677669 -5.603152
v 0.142788 0.323853 -5.603152
v -0.284306 0.063026 -5.603217
v 0.025219 0.191236 -5.603217
v -0.118993 0.101661 -5.603802
v -0.593831 0.191236 -5.603217
v -0.449618 0.101661 -5.603802
v -0.722041 0.500761 -5.603217
v -0.683406 0.335449 -5.603802
v -0.593831 0.810286 -5.603217
v -0.683406 0.666074 -5.603802
v -0.284306 0.938496 -5.603217
v -0.449618 0.899861 -5.603802
v 0.025219 0.810286 -5.603217
v -0.118993 0.899861 -5.603802
v 0.153429 0.500761 -5.603217
v 0.114794 0.666074 -5.603802
v 0.114794 0.335448 -5.603802
v -0.284306 0.932437 -5.608176
v 0.020935 0.806002 -5.608175
v -0.589547 0.806002 -5.608176
v -0.715982 0.500761 -5.608176
v -0.589546 0.195520 -5.608176
v -0.284306 0.069085 -5.608176
v 0.020935 0.195520 -5.608176
v 0.147369 0.500761 -5.608176
v -0.589466 0.195601 -6.788663
v -0.284306 0.069199 -6.788663
v -0.715868 0.500761 -6.788663
v -0.589466 0.805921 -6.788663
v -0.284306 0.932323 -6.788663
v 0.020854 0.805921 -6.788663
v 0.147256 0.500761 -6.788663
v 0.020854 0.195601 -6.788663
v 0.047899 0.168556 -7.641439
v -0.284306 0.030953 -7.641439
v -0.104816 0.067433 -7.748541
v 0.185502 0.500761 -7.641439
v 0.149022 0.321271 -7.748541
v 0.047899 0.832966 -7.641439
v 0.149022 0.680251 -7.748541
v -0.284306 0.970569 -7.641439
v -0.104816 0.934089 -7.748541
v -0.616511 0.832966 -7.641439
v -0.463796 0.934089 -7.748541
v -0.754114 0.500761 -7.641439
v -0.717634 0.680251 -7.748541
v -0.616511 0.168556 -7.641439
v -0.717634 0.321270 -7.748541
v -0.463796 0.067433 -7.748541
v 0.047767 0.168688 -7.795935
v -0.284306 0.031139 -7.795935
v 0.185316 0.500761 -7.795935
v 0.047767 0.832834 -7.795935
v -0.284306 0.970383 -7.795935
v -0.616379 0.832834 -7.795935
v -0.753928 0.500761 -7.795935
v -0.616379 0.168688 -7.795935
v 0.406427 -0.189971 -6.445305
v -0.284306 -0.476082 -6.445305
v 0.692537 0.500761 -6.445305
v 0.406427 1.191493 -6.445305
v -0.284306 1.477604 -6.445305
v -0.975038 1.191493 -6.445305
v -1.261149 0.500761 -6.445305
v -0.975038 -0.189971 -6.445305
v 0.405594 -0.189139 -7.063740
v -0.284306 -0.474904 -7.063740
v -0.583506 1.223095 -5.858229
v 0.014895 1.223095 -5.858229
v 0.438028 0.799962 -5.858229
v 0.438029 0.201560 -5.858229
v 0.014895 -0.221573 -5.858229
v -0.583507 -0.221573 -5.858229
v -1.006640 0.201560 -5.858229
v -1.006640 0.799962 -5.858229
v -0.394950 0.767880 -7.232321
v -0.173662 0.767880 -7.232321
v -0.017187 0.611405 -7.232321
v -0.017187 0.390117 -7.232321
v -0.173662 0.233642 -7.232321
v -0.394950 0.233642 -7.232321
v -0.551425 0.390117 -7.232321
v -0.551425 0.611405 -7.232321
v -0.364732 0.694926 -7.463212
v -0.203880 0.694926 -7.463212
v -0.090141 0.581187 -7.463212
v -0.090141 0.420335 -7.463212
v -0.203880 0.306596 -7.463212
v -0.364732 0.306596 -7.463212
v -0.478470 0.420335 -7.463212
v -0.478471 0.581187 -7.463212
v -0.510378 1.046548 -7.475121
v -0.058234 1.046548 -7.475121
v 0.261481 0.726833 -7.475121
v 0.261480 0.274689 -7.475121
v -0.058234 -0.045025 -7.475121
v -0.510378 -0.045025 -7.475121
v -0.830092 0.274689 -7.475121
v -0.830092 0.726833 -7.475121
v -0.647018 0.651001 -7.806929
v -0.647018 0.350520 -7.806929
v -0.434546 0.138049 -7.806929
v -0.134066 0.138049 -7.806929
v 0.078406 0.350521 -7.806929
v 0.078406 0.651001 -7.806929
v -0.134066 0.863473 -7.806929
v -0.434546 0.863473 -7.806929
v -0.726449 0.683903 -7.477247
v -0.580412 0.623412 -7.467396
v -0.726449 0.317620 -7.477247
v -0.580412 0.378110 -7.467396
v -0.467447 0.058618 -7.477247
v -0.406957 0.204655 -7.467396
v -0.101164 0.058618 -7.477247
v -0.161655 0.204655 -7.467396
v 0.157837 0.317619 -7.477247
v 0.011800 0.378110 -7.467396
v 0.157837 0.683903 -7.477247
v 0.011800 0.623412 -7.467396
v -0.101164 0.942904 -7.477247
v -0.161655 0.796867 -7.467396
v -0.467448 0.942904 -7.477247
v -0.406957 0.796867 -7.467396
v -0.529765 1.093351 -5.797519
v -0.038847 1.093351 -5.797519
v 0.308284 0.746220 -5.797519
v 0.308284 0.255302 -5.797519
v -0.038847 -0.091828 -5.797519
v -0.529764 -0.091829 -5.797519
v -0.876895 0.255302 -5.797519
v -0.876895 0.746220 -5.797519
v -0.514005 1.055304 -5.603221
v -0.054607 1.055304 -5.603221
v 0.270237 0.730460 -5.603221
v 0.270237 0.271062 -5.603221
v -0.054607 -0.053782 -5.603221
v -0.514005 -0.053782 -5.603221
v -0.838849 0.271062 -5.603221
v -0.838849 0.730461 -5.603221
v -0.515804 1.059646 -5.789936
v -0.449184 0.898812 -5.711797
v -0.052808 1.059646 -5.789936
v -0.119428 0.898812 -5.711797
v 0.274579 0.732259 -5.789936
v 0.113745 0.665639 -5.711797
v 0.274579 0.269263 -5.789936
v 0.113745 0.335883 -5.711797
v -0.052808 -0.058124 -5.789936
v -0.119428 0.102710 -5.711797
v -0.515804 -0.058124 -5.789936
v -0.449184 0.102710 -5.711797
v -0.843191 0.269263 -5.789936
v -0.682357 0.335883 -5.711797
v -0.843191 0.732259 -5.789936
v -0.682357 0.665639 -5.711797
v -0.641877 -0.362492 -7.251803
v 0.073265 -0.362492 -7.251803
v 0.578947 0.143190 -7.251803
v 0.578947 0.858332 -7.251803
v 0.073265 1.364014 -7.251803
v -0.641877 1.364014 -7.251803
v -1.147559 0.858332 -7.251803
v -1.147559 0.143190 -7.251803
v -0.588476 -0.233570 -7.410939
v 0.019864 -0.233570 -7.410939
v 0.450025 0.196591 -7.410939
v 0.450025 0.804931 -7.410939
v 0.019864 1.235092 -7.410939
v -0.588476 1.235092 -7.410939
v -1.018637 0.804931 -7.410939
v -1.018637 0.196591 -7.410939
v -0.657059 -0.399144 -6.179800
v 0.088447 -0.399144 -6.179800
v 0.615599 0.128008 -6.179800
v 0.615599 0.873514 -6.179800
v 0.088447 1.400666 -6.179800
v -0.657059 1.400666 -6.179800
v -1.184211 0.873514 -6.179800
v -1.184211 0.128008 -6.179800
v -0.641691 -0.362044 -6.006818
v 0.073079 -0.362044 -6.006818
v 0.578499 0.143376 -6.006818
v 0.578499 0.858146 -6.006818
v 0.073080 1.363566 -6.006818
v -0.641691 1.363566 -6.006818
v -1.147111 0.858147 -6.006818
v -1.147111 0.143376 -6.006818
v -0.657509 -0.400230 -6.800088
v 0.088897 -0.400231 -6.800088
v 0.616686 0.127558 -6.800088
v 0.616686 0.873964 -6.800088
v 0.088897 1.401752 -6.800088
v -0.657509 1.401753 -6.800088
v -1.185297 0.873964 -6.800088
v -1.185297 0.127558 -6.800088
v -0.717813 0.321196 -7.487557
v -0.463871 0.067254 -7.487557
v -0.104741 0.067253 -7.487557
v 0.149202 0.321196 -7.487557
v 0.149202 0.680326 -7.487557
v -0.104741 0.934269 -7.487557
v -0.463871 0.934269 -7.487557
v -0.717813 0.680326 -7.487557
v -0.710267 0.324322 -7.806501
v -0.460745 0.074800 -7.806501
v -0.107867 0.074800 -7.806501
v 0.141655 0.324322 -7.806501
v 0.141655 0.677200 -7.806501
v -0.107867 0.926722 -7.806501
v -0.460745 0.926722 -7.806501
v -0.710267 0.677200 -7.806501
v -0.585764 0.375893 -7.807435
v -0.409174 0.199302 -7.807435
v -0.159438 0.199302 -7.807435
v 0.017152 0.375893 -7.807435
v 0.017153 0.625629 -7.807435
v -0.159438 0.802219 -7.807435
v -0.409174 0.802220 -7.807435
v -0.585764 0.625629 -7.807435
v 0.012019 0.623503 -7.797832
v 0.012019 0.378019 -7.797832
v -0.161564 0.204435 -7.797832
v -0.407048 0.204435 -7.797832
v -0.580631 0.378019 -7.797832
v -0.580631 0.623503 -7.797832
v -0.407048 0.797087 -7.797832
v -0.161564 0.797086 -7.797832
v 0.011914 0.623459 -7.632801
v 0.011914 0.378063 -7.632801
v -0.161607 0.204541 -7.632801
v -0.407004 0.204541 -7.632801
v -0.580526 0.378063 -7.632801
v -0.580526 0.623460 -7.632801
v -0.407004 0.796981 -7.632801
v -0.161608 0.796981 -7.632801
v -0.403766 0.789164 -7.457675
v -0.164846 0.789164 -7.457675
v 0.004096 0.620221 -7.457675
v 0.004096 0.381301 -7.457675
v -0.164846 0.212359 -7.457675
v -0.403766 0.212359 -7.457675
v -0.572708 0.381301 -7.457675
v -0.572708 0.620221 -7.457675
v -0.449184 0.898812 -6.135407
v -0.119428 0.898812 -6.135407
v 0.113745 0.665639 -6.135407
v 0.113745 0.335883 -6.135407
v -0.119428 0.102710 -6.135407
v -0.449184 0.102710 -6.135407
v -0.682357 0.335883 -6.135407
v -0.682357 0.665639 -6.135407
v -0.446780 0.893008 -7.174446
v -0.121832 0.893008 -7.174446
v 0.107941 0.663235 -7.174446
v 0.107941 0.338287 -7.174446
v -0.121832 0.108514 -7.174446
v -0.446780 0.108514 -7.174446
v -0.676553 0.338287 -7.174446
v -0.676553 0.663235 -7.174446
v -0.051045 -0.062381 -5.795563
v -0.517567 -0.062381 -5.795563
v -0.847448 0.267500 -5.795563
v -0.847448 0.734022 -5.795563
v -0.517567 1.063903 -5.795563
v -0.051045 1.063903 -5.795563
v 0.278836 0.734022 -5.795563
v 0.278836 0.267500 -5.795563
v -0.052736 -0.058299 -5.698765
v -0.515876 -0.058299 -5.698765
v -0.843366 0.269191 -5.698765
v -0.843366 0.732331 -5.698765
v -0.515876 1.059821 -5.698765
v -0.052736 1.059821 -5.698765
v 0.274754 0.732331 -5.698765
v 0.274754 0.269191 -5.698765
v -0.052649 -0.058509 -5.608212
v -0.515963 -0.058509 -5.608212
v -0.843576 0.269104 -5.608212
v -0.843576 0.732418 -5.608212
v -0.515963 1.060031 -5.608212
v -0.052649 1.060031 -5.608212
v 0.274964 0.732418 -5.608212
v 0.274964 0.269104 -5.608212
v -0.085668 0.021208 -5.603152
v -0.482943 0.021208 -5.603152
v -0.763859 0.302124 -5.603152
v -0.763859 0.699399 -5.603152
v -0.482943 0.980314 -5.603152
v -0.085668 0.980314 -5.603152
v 0.195247 0.699399 -5.603152
v 0.195247 0.302123 -5.603152
v -0.117069 0.097016 -5.603217
v -0.451542 0.097016 -5.603217
v -0.688051 0.333525 -5.603217
v -0.688051 0.667998 -5.603217
v -0.451542 0.904506 -5.603217
v -0.117069 0.904506 -5.603217
v 0.119439 0.667998 -5.603217
v 0.119439 0.333524 -5.603217
v -0.119384 0.898917 -5.608175
v -0.449228 0.898917 -5.608175
v -0.682462 0.665683 -5.608175
v -0.682462 0.335840 -5.608175
v -0.449227 0.102605 -5.608175
v -0.119384 0.102605 -5.608175
v 0.113850 0.335839 -5.608175
v 0.113850 0.665683 -5.608175
v -0.449184 0.102710 -6.788663
v -0.682357 0.335883 -6.788663
v -0.682357 0.665639 -6.788663
v -0.449184 0.898812 -6.788663
v -0.119428 0.898812 -6.788663
v 0.113745 0.665639 -6.788663
v 0.113745 0.335883 -6.788663
v -0.119428 0.102710 -6.788663
v -0.104816 0.067433 -7.641439
v 0.149022 0.321271 -7.641439
v 0.149022 0.680251 -7.641439
v -0.104816 0.934089 -7.641439
v -0.463796 0.934089 -7.641439
v -0.717634 0.680251 -7.641439
v -0.717634 0.321271 -7.641439
v -0.463796 0.067433 -7.641439
v -0.104887 0.067605 -7.795935
v 0.148850 0.321342 -7.795935
v 0.148850 0.680180 -7.795935
v -0.104887 0.933917 -7.795935
v -0.463725 0.933917 -7.795935
v -0.717462 0.680180 -7.795935
v -0.717462 0.321342 -7.795935
v -0.463725 0.067605 -7.795935
v 0.088897 -0.400231 -6.445305
v 0.616686 0.127558 -6.445305
v 0.616686 0.873964 -6.445305
v 0.088897 1.401752 -6.445305
v -0.657509 1.401753 -6.445305
v -1.185297 0.873964 -6.445305
v -1.185297 0.127558 -6.445305
v -0.657509 -0.400230 -6.445305
v 0.088447 -0.399144 -7.063740
v 0.615599 0.128008 -7.063740
v 0.615599 0.873514 -7.063740
v 0.088447 1.400666 -7.063740
v -0.657059 1.400666 -7.063740
v -1.184211 0.873514 -7.063740
v -1.184211 0.128008 -7.063740
v -0.657059 -0.399144 -7.063740
v -0.565149 1.178776 -5.832983
v -0.719159 1.151126 -5.858229
v -0.419210 1.180074 -5.814318
v -0.284306 1.235855 -5.832983
v -0.436696 1.268126 -5.858229
v -0.602164 1.268138 -5.889167
v -0.284306 1.332741 -5.889167
v -0.454792 1.359249 -5.924911
v -0.872604 1.089059 -5.889167
v -0.770797 1.228356 -5.924911
v -0.149402 1.180073 -5.814318
v -0.003463 1.178776 -5.832983
v -0.131916 1.268126 -5.858229
v 0.100649 1.076499 -5.814318
v 0.235484 1.020551 -5.832983
v 0.150547 1.151126 -5.858229
v 0.033552 1.268138 -5.889167
v 0.303992 1.089059 -5.889167
v 0.202185 1.228355 -5.924911
v -0.113820 1.359249 -5.924911
v 0.291432 0.885716 -5.814318
v 0.393709 0.781604 -5.832983
v 0.366059 0.935614 -5.858229
v 0.395007 0.635665 -5.814318
v 0.450788 0.500761 -5.832983
v 0.483059 0.653151 -5.858229
v 0.483071 0.818619 -5.889167
v 0.547674 0.500761 -5.889167
v 0.574182 0.671247 -5.924911
v 0.443289 0.987252 -5.924911
v 0.395007 0.365857 -5.814318
v 0.393709 0.219918 -5.832983
v 0.483059 0.348371 -5.858229
v 0.291432 0.115806 -5.814318
v 0.235484 -0.019029 -5.832983
v 0.366059 0.065908 -5.858229
v 0.483071 0.182903 -5.889167
v 0.303993 -0.087537 -5.889167
v 0.443289 0.014270 -5.924911
v 0.574182 0.330275 -5.924911
v 0.100649 -0.074977 -5.814318
v -0.003463 -0.177254 -5.832983
v 0.150547 -0.149604 -5.858229
v -0.149402 -0.178551 -5.814318
v -0.284306 -0.234333 -5.832983
v -0.131916 -0.266604 -5.858229
v 0.033552 -0.266616 -5.889167
v -0.284306 -0.331218 -5.889167
v -0.113820 -0.357727 -5.924911
v 0.202185 -0.226833 -5.924911
v -0.419210 -0.178551 -5.814318
v -0.565149 -0.177253 -5.832983
v -0.436696 -0.266604 -5.858229
v -0.669261 -0.074977 -5.814318
v -0.804096 -0.019029 -5.832983
v -0.719159 -0.149604 -5.858229
v -0.602164 -0.266616 -5.889167
v -0.872604 -0.087537 -5.889167
v -0.770797 -0.226833 -5.924911
v -0.454792 -0.357727 -5.924911
v -0.860044 0.115806 -5.814318
v -0.962320 0.219918 -5.832983
v -0.934671 0.065908 -5.858229
v -0.963618 0.365857 -5.814318
v -1.019400 0.500761 -5.832983
v -1.051671 0.348371 -5.858229
v -1.051682 0.182903 -5.889167
v -1.116286 0.500761 -5.889167
v -1.142794 0.330275 -5.924911
v -1.011900 0.014270 -5.924911
v -0.963618 0.635665 -5.814318
v -0.962320 0.781604 -5.832983
v -1.051671 0.653151 -5.858229
v -0.860044 0.885716 -5.814318
v -0.934671 0.935614 -5.858229
v -1.051682 0.818619 -5.889167
v -1.011900 0.987252 -5.924911
v -1.142794 0.671247 -5.924911
v -0.357225 0.868720 -7.218177
v -0.284306 0.827411 -7.229043
v -0.410976 0.806570 -7.227653
v -0.347391 0.761525 -7.234129
v -0.515282 0.731737 -7.229043
v -0.492930 0.812509 -7.218177
v -0.424086 0.729757 -7.234129
v -0.284306 0.658900 -7.236056
v -0.396127 0.612582 -7.236056
v -0.075682 0.812509 -7.218177
v -0.053330 0.731737 -7.229043
v -0.157636 0.806570 -7.227653
v -0.144526 0.729757 -7.234129
v -0.211386 0.868720 -7.218177
v -0.221221 0.761525 -7.234129
v -0.172485 0.612582 -7.236056
v 0.083653 0.573680 -7.218177
v 0.042344 0.500761 -7.229043
v 0.021503 0.627431 -7.227653
v -0.023542 0.563846 -7.234129
v 0.027442 0.709385 -7.218177
v -0.055310 0.640541 -7.234129
v -0.126167 0.500761 -7.236056
v 0.027442 0.292137 -7.218177
v -0.053330 0.269785 -7.229043
v 0.021503 0.374091 -7.227653
v -0.055310 0.360981 -7.234129
v 0.083653 0.427841 -7.218177
v -0.023542 0.437676 -7.234129
v -0.172485 0.388940 -7.236056
v -0.211386 0.132802 -7.218177
v -0.284306 0.174111 -7.229043
v -0.157636 0.194952 -7.227653
v -0.221221 0.239997 -7.234129
v -0.075682 0.189013 -7.218177
v -0.144526 0.271765 -7.234129
v -0.284306 0.342622 -7.236056
v -0.492930 0.189013 -7.218177
v -0.515282 0.269785 -7.229043
v -0.410976 0.194952 -7.227653
v -0.424086 0.271765 -7.234129
v -0.357225 0.132802 -7.218177
v -0.347391 0.239997 -7.234129
v -0.396127 0.388940 -7.236056
v -0.652264 0.427842 -7.218177
v -0.610956 0.500761 -7.229043
v -0.590114 0.374091 -7.227653
v -0.545070 0.437676 -7.234129
v -0.596054 0.292137 -7.218177
v -0.513302 0.360981 -7.234129
v -0.442445 0.500761 -7.236056
v -0.596054 0.709385 -7.218177
v -0.590115 0.627431 -7.227653
v -0.513302 0.640541 -7.234129
v -0.652265 0.573681 -7.218177
v -0.545070 0.563846 -7.234129
v -0.436489 0.728228 -7.459740
v -0.452351 0.668806 -7.461689
v -0.376504 0.723348 -7.461718
v -0.385848 0.667111 -7.463958
v -0.284306 0.738412 -7.461689
v -0.337540 0.769215 -7.459740
v -0.330132 0.690189 -7.463958
v -0.365474 0.581929 -7.467364
v -0.284306 0.615550 -7.467364
v -0.231072 0.769215 -7.459740
v -0.192108 0.723348 -7.461718
v -0.238480 0.690189 -7.463958
v -0.116262 0.668806 -7.461689
v -0.132123 0.728228 -7.459740
v -0.182764 0.667111 -7.463958
v -0.203138 0.581929 -7.467364
v -0.056839 0.652944 -7.459740
v -0.061719 0.592960 -7.461718
v -0.117956 0.602303 -7.463958
v -0.046655 0.500761 -7.461689
v -0.015853 0.553995 -7.459740
v -0.094878 0.546587 -7.463958
v -0.169517 0.500761 -7.467364
v -0.015853 0.447527 -7.459740
v -0.061719 0.408563 -7.461718
v -0.094878 0.454935 -7.463958
v -0.116261 0.332717 -7.461689
v -0.056839 0.348578 -7.459740
v -0.117956 0.399219 -7.463958
v -0.203138 0.419593 -7.467364
v -0.132123 0.273294 -7.459740
v -0.192107 0.278174 -7.461718
v -0.182764 0.334411 -7.463958
v -0.284306 0.263110 -7.461689
v -0.231072 0.232308 -7.459740
v -0.238480 0.311333 -7.463958
v -0.284306 0.385972 -7.467364
v -0.337540 0.232308 -7.459740
v -0.376504 0.278174 -7.461718
v -0.330132 0.311333 -7.463958
v -0.452350 0.332717 -7.461689
v -0.436489 0.273294 -7.459740
v -0.385848 0.334411 -7.463958
v -0.365474 0.419593 -7.467364
v -0.511773 0.348578 -7.459740
v -0.506892 0.408563 -7.461718
v -0.450656 0.399219 -7.463958
v -0.521957 0.500761 -7.461689
v -0.552759 0.447527 -7.459740
v -0.473734 0.454935 -7.463958
v -0.399095 0.500761 -7.467364
v -0.552759 0.553995 -7.459740
v -0.506893 0.592960 -7.461718
v -0.473734 0.546587 -7.463958
v -0.511773 0.652944 -7.459740
v -0.450656 0.602303 -7.463958
v -0.669725 1.077192 -7.457380
v -0.737925 0.954380 -7.469208
v -0.529396 1.092461 -7.469208
v -0.612875 0.992169 -7.475121
v -0.419372 1.180892 -7.457380
v -0.284306 1.142275 -7.469208
v -0.399450 1.080572 -7.475121
v -0.493674 1.006221 -7.477090
v -0.284306 1.048774 -7.477090
v -0.384243 1.003996 -7.477085
v -0.671810 0.888265 -7.477090
v -0.569481 0.927268 -7.477085
v -0.149240 1.180892 -7.457380
v -0.039216 1.092461 -7.469208
v -0.169162 1.080572 -7.475121
v 0.101113 1.077192 -7.457380
v 0.169313 0.954380 -7.469208
v 0.044263 0.992168 -7.475121
v -0.074937 1.006221 -7.477090
v 0.103198 0.888265 -7.477090
v 0.000869 0.927268 -7.477085
v -0.184369 1.003996 -7.477085
v 0.292125 0.886180 -7.457380
v 0.307394 0.745851 -7.469208
v 0.207101 0.829330 -7.475121
v 0.395824 0.635827 -7.457380
v 0.357208 0.500761 -7.469208
v 0.295505 0.615905 -7.475121
v 0.221154 0.710129 -7.477090
v 0.263707 0.500761 -7.477090
v 0.218929 0.600698 -7.477085
v 0.142201 0.785936 -7.477085
v 0.395824 0.365695 -7.457380
v 0.307394 0.255671 -7.469208
v 0.295505 0.385617 -7.475121
v 0.292125 0.115342 -7.457380
v 0.169313 0.047142 -7.469208
v 0.207101 0.172192 -7.475121
v 0.221154 0.291392 -7.477090
v 0.103198 0.113257 -7.477090
v 0.142201 0.215586 -7.477085
v 0.218929 0.400824 -7.477085
v 0.101113 -0.075670 -7.457380
v -0.039216 -0.090939 -7.469208
v 0.044263 0.009354 -7.475121
v -0.149240 -0.179370 -7.457380
v -0.284306 -0.140753 -7.469208
v -0.169162 -0.079050 -7.475121
v -0.074937 -0.004699 -7.477090
v -0.284306 -0.047252 -7.477090
v -0.184369 -0.002474 -7.477085
v 0.000869 0.074254 -7.477085
v -0.419372 -0.179369 -7.457380
v -0.529396 -0.090939 -7.469208
v -0.399450 -0.079050 -7.475121
v -0.669725 -0.075670 -7.457380
v -0.737925 0.047142 -7.469208
v -0.612875 0.009354 -7.475121
v -0.493674 -0.004699 -7.477090
v -0.671810 0.113257 -7.477090
v -0.569481 0.074254 -7.477085
v -0.384243 -0.002474 -7.477085
v -0.860737 0.115342 -7.457380
v -0.876006 0.255671 -7.469208
v -0.775713 0.172192 -7.475121
v -0.964436 0.365695 -7.457380
v -0.925820 0.500761 -7.469208
v -0.864117 0.385617 -7.475121
v -0.789766 0.291393 -7.477090
v -0.832319 0.500761 -7.477090
v -0.787541 0.400824 -7.477085
v -0.710813 0.215586 -7.477085
v -0.787541 0.600698 -7.477085
v -0.864117 0.615905 -7.475121
v -0.789766 0.710130 -7.477090
v -0.964436 0.635827 -7.457380
v -0.876006 0.745852 -7.469208
v -0.775713 0.829330 -7.475121
v -0.860737 0.886180 -7.457380
v -0.710813 0.785936 -7.477085
v -0.714972 0.586286 -7.806584
v -0.702491 0.500761 -7.806714
v -0.670019 0.660529 -7.806714
v -0.669630 0.577282 -7.806929
v -0.649309 0.744813 -7.806584
v -0.580007 0.796462 -7.806714
v -0.610879 0.719118 -7.806929
v -0.624150 0.641529 -7.807171
v -0.544843 0.761298 -7.807171
v -0.572929 0.693743 -7.807386
v -0.652761 0.500761 -7.807171
v -0.624852 0.568390 -7.807386
v -0.544843 0.240224 -7.807171
v -0.572929 0.307779 -7.807386
v -0.610879 0.282404 -7.806929
v -0.624150 0.359993 -7.807171
v -0.580007 0.205060 -7.806714
v -0.649308 0.256709 -7.806584
v -0.670018 0.340993 -7.806714
v -0.669629 0.424240 -7.806929
v -0.714972 0.415235 -7.806584
v -0.624852 0.433132 -7.807386
v -0.369831 0.070095 -7.806584
v -0.284306 0.082576 -7.806714
v -0.444073 0.115048 -7.806714
v -0.360827 0.115437 -7.806929
v -0.528357 0.135758 -7.806584
v -0.502662 0.174187 -7.806929
v -0.425074 0.160916 -7.807171
v -0.477288 0.212137 -7.807386
v -0.284306 0.132306 -7.807171
v -0.351934 0.160215 -7.807386
v -0.040254 0.135758 -7.806584
v 0.011395 0.205060 -7.806714
v -0.124538 0.115048 -7.806714
v -0.065949 0.174188 -7.806929
v -0.198780 0.070095 -7.806584
v -0.207785 0.115437 -7.806929
v -0.143538 0.160917 -7.807171
v -0.216677 0.160215 -7.807386
v -0.023769 0.240224 -7.807171
v -0.091324 0.212138 -7.807386
v 0.146360 0.415235 -7.806584
v 0.133879 0.500761 -7.806714
v 0.101407 0.340993 -7.806714
v 0.101018 0.424240 -7.806929
v 0.080697 0.256710 -7.806584
v 0.042268 0.282404 -7.806929
v 0.055538 0.359993 -7.807171
v 0.004317 0.307779 -7.807386
v 0.084149 0.500761 -7.807171
v 0.056240 0.433132 -7.807386
v 0.080697 0.744812 -7.806584
v 0.011395 0.796462 -7.806714
v 0.101407 0.660528 -7.806714
v 0.042267 0.719117 -7.806929
v 0.146360 0.586286 -7.806584
v 0.101018 0.577282 -7.806929
v 0.055538 0.641529 -7.807171
v 0.056240 0.568389 -7.807386
v -0.023769 0.761298 -7.807171
v 0.004317 0.693743 -7.807386
v -0.198781 0.931427 -7.806584
v -0.284306 0.918945 -7.806714
v -0.124539 0.886473 -7.806714
v -0.207785 0.886084 -7.806929
v -0.040255 0.865763 -7.806584
v -0.065949 0.827334 -7.806929
v -0.143538 0.840605 -7.807171
v -0.091324 0.789384 -7.807386
v -0.284306 0.869216 -7.807171
v -0.216677 0.841307 -7.807386
v -0.528357 0.865764 -7.806584
v -0.444073 0.886474 -7.806714
v -0.502663 0.827334 -7.806929
v -0.369831 0.931427 -7.806584
v -0.360827 0.886085 -7.806929
v -0.425074 0.840605 -7.807171
v -0.351935 0.841307 -7.807386
v -0.477288 0.789384 -7.807386
v -0.775986 0.500761 -7.477077
v -0.737807 0.688608 -7.477077
v -0.754012 0.594039 -7.477247
v -0.631976 0.848432 -7.477077
v -0.682396 0.766936 -7.477247
v -0.721226 0.681739 -7.477775
v -0.619264 0.835720 -7.477775
v -0.676076 0.762710 -7.478843
v -0.758009 0.500761 -7.477775
v -0.746556 0.592559 -7.478843
v -0.549987 0.678403 -7.458790
v -0.511050 0.727505 -7.460350
v -0.580071 0.623271 -7.460350
v -0.550910 0.679020 -7.467396
v -0.597783 0.563014 -7.458790
v -0.604970 0.500761 -7.460350
v -0.598872 0.563230 -7.467396
v -0.580526 0.623460 -7.484793
v -0.605464 0.500761 -7.484793
v -0.598992 0.563254 -7.517402
v -0.511399 0.727854 -7.484793
v -0.551012 0.679089 -7.517402
v -0.631976 0.153091 -7.477077
v -0.737807 0.312915 -7.477077
v -0.682396 0.234586 -7.477247
v -0.754012 0.407483 -7.477247
v -0.721226 0.319783 -7.477775
v -0.746555 0.408964 -7.478843
v -0.619264 0.165803 -7.477775
v -0.676076 0.238812 -7.478843
v -0.597783 0.438508 -7.458790
v -0.580070 0.378251 -7.460350
v -0.598871 0.438292 -7.467396
v -0.549987 0.323119 -7.458790
v -0.511050 0.274017 -7.460350
v -0.550910 0.322502 -7.467396
v -0.580526 0.378063 -7.484793
v -0.511399 0.273668 -7.484793
v -0.551012 0.322433 -7.517402
v -0.598992 0.438268 -7.517402
v -0.284306 0.009081 -7.477077
v -0.472152 0.047260 -7.477077
v -0.377584 0.031055 -7.477247
v -0.550480 0.102671 -7.477247
v -0.465284 0.063841 -7.477775
v -0.546255 0.108991 -7.478843
v -0.284306 0.027058 -7.477775
v -0.376103 0.038511 -7.478843
v -0.461948 0.235080 -7.458790
v -0.406816 0.204996 -7.460350
v -0.462565 0.234157 -7.467396
v -0.346559 0.187284 -7.458790
v -0.284306 0.180097 -7.460350
v -0.346775 0.186196 -7.467396
v -0.407004 0.204541 -7.484793
v -0.284306 0.179603 -7.484793
v -0.346799 0.186075 -7.517402
v -0.462633 0.234055 -7.517402
v 0.063365 0.153091 -7.477077
v -0.096459 0.047260 -7.477077
v -0.018131 0.102671 -7.477247
v -0.191028 0.031055 -7.477247
v -0.103328 0.063841 -7.477775
v -0.192508 0.038511 -7.478843
v 0.050653 0.165803 -7.477775
v -0.022357 0.108991 -7.478843
v -0.222053 0.187284 -7.458790
v -0.161796 0.204996 -7.460350
v -0.221837 0.186196 -7.467396
v -0.106663 0.235080 -7.458790
v -0.057562 0.274017 -7.460350
v -0.106047 0.234157 -7.467396
v -0.161607 0.204541 -7.484793
v -0.057213 0.273668 -7.484793
v -0.105978 0.234055 -7.517402
v -0.221813 0.186075 -7.517402
v 0.207374 0.500761 -7.477077
v 0.169195 0.312915 -7.477077
v 0.185400 0.407483 -7.477247
v 0.113784 0.234586 -7.477247
v 0.152614 0.319783 -7.477775
v 0.107465 0.238812 -7.478843
v 0.189397 0.500761 -7.477775
v 0.177944 0.408963 -7.478843
v -0.018625 0.323119 -7.458790
v 0.011459 0.378251 -7.460350
v -0.017702 0.322502 -7.467396
v 0.029171 0.438508 -7.458790
v 0.036358 0.500761 -7.460350
v 0.030259 0.438292 -7.467396
v 0.011914 0.378063 -7.484793
v 0.036852 0.500761 -7.484793
v 0.030380 0.438268 -7.517402
v -0.017600 0.322433 -7.517402
v 0.063364 0.848432 -7.477077
v 0.169195 0.688608 -7.477077
v 0.113784 0.766936 -7.477247
v 0.185400 0.594039 -7.477247
v 0.152614 0.681739 -7.477775
v 0.177944 0.592559 -7.478843
v 0.050652 0.835719 -7.477775
v 0.107464 0.762710 -7.478843
v 0.029171 0.563014 -7.458790
v 0.011459 0.623271 -7.460350
v 0.030259 0.563230 -7.467396
v -0.018625 0.678403 -7.458790
v -0.057562 0.727505 -7.460350
v -0.017702 0.679020 -7.467396
v 0.011914 0.623459 -7.484793
v -0.057213 0.727854 -7.484793
v -0.017600 0.679089 -7.517402
v 0.030380 0.563254 -7.517402
v -0.284306 0.992441 -7.477077
v -0.096460 0.954262 -7.477077
v -0.191028 0.970467 -7.477247
v -0.018131 0.898851 -7.477247
v -0.103328 0.937681 -7.477775
v -0.022357 0.892532 -7.478843
v -0.284306 0.974464 -7.477775
v -0.192508 0.963011 -7.478843
v -0.106664 0.766443 -7.458790
v -0.161796 0.796526 -7.460350
v -0.106047 0.767365 -7.467396
v -0.222053 0.814238 -7.458790
v -0.284306 0.821425 -7.460350
v -0.221837 0.815327 -7.467396
v -0.161608 0.796981 -7.484793
v -0.284306 0.821919 -7.484793
v -0.221813 0.815448 -7.517402
v -0.105978 0.767467 -7.517402
v -0.472152 0.954263 -7.477077
v -0.550481 0.898851 -7.477247
v -0.377584 0.970467 -7.477247
v -0.465284 0.937681 -7.477775
v -0.376104 0.963011 -7.478843
v -0.546255 0.892532 -7.478843
v -0.346559 0.814238 -7.458790
v -0.406816 0.796526 -7.460350
v -0.346775 0.815327 -7.467396
v -0.461948 0.766443 -7.458790
v -0.462565 0.767365 -7.467396
v -0.407004 0.796981 -7.484793
v -0.462634 0.767467 -7.517402
v -0.346799 0.815448 -7.517402
v -0.284306 1.163925 -5.803118
v -0.537668 1.112430 -5.803118
v -0.409324 1.130293 -5.797519
v -0.753234 0.969689 -5.803118
v -0.641051 1.034308 -5.797519
v -0.524601 1.080885 -5.795652
v -0.729050 0.945505 -5.795652
v -0.628768 1.015938 -5.795652
v -0.284306 1.129724 -5.795652
v -0.405019 1.108617 -5.795652
v 0.184622 0.969689 -5.803118
v -0.030944 1.112430 -5.803118
v 0.072439 1.034308 -5.797519
v -0.159288 1.130293 -5.797519
v -0.044011 1.080885 -5.795652
v -0.163593 1.108617 -5.795652
v 0.160438 0.945505 -5.795652
v 0.060156 1.015938 -5.795652
v 0.378858 0.500761 -5.803118
v 0.327364 0.754123 -5.803118
v 0.345226 0.625779 -5.797519
v 0.249241 0.857506 -5.797519
v 0.295818 0.741056 -5.795652
v 0.230871 0.845223 -5.795652
v 0.344657 0.500761 -5.795652
v 0.323550 0.621474 -5.795652
v 0.184622 0.031833 -5.803118
v 0.327364 0.247399 -5.803118
v 0.249241 0.144016 -5.797519
v 0.345226 0.375743 -5.797519
v 0.295818 0.260466 -5.795652
v 0.323550 0.380048 -5.795652
v 0.160438 0.056017 -5.795652
v 0.230871 0.156299 -5.795652
v -0.284306 -0.162403 -5.803118
v -0.030944 -0.110908 -5.803118
v -0.159288 -0.128771 -5.797519
v 0.072439 -0.032786 -5.797519
v -0.044011 -0.079363 -5.795652
v 0.060156 -0.014416 -5.795652
v -0.284306 -0.128201 -5.795652
v -0.163592 -0.107095 -5.795652
v -0.729050 0.056017 -5.795652
v -0.628768 -0.014415 -5.795652
v -0.641051 -0.032786 -5.797519
v -0.524601 -0.079363 -5.795652
v -0.753234 0.031833 -5.803118
v -0.537668 -0.110908 -5.803118
v -0.409324 -0.128771 -5.797519
v -0.405019 -0.107095 -5.795652
v -0.947470 0.500761 -5.803118
v -0.895975 0.247399 -5.803118
v -0.913837 0.375743 -5.797519
v -0.817853 0.144016 -5.797519
v -0.864429 0.260466 -5.795652
v -0.799482 0.156299 -5.795652
v -0.913268 0.500761 -5.795652
v -0.892162 0.380048 -5.795652
v -0.895975 0.754123 -5.803118
v -0.817853 0.857506 -5.797519
v -0.913838 0.625779 -5.797519
v -0.864430 0.741056 -5.795652
v -0.892162 0.621475 -5.795652
v -0.799483 0.845223 -5.795652
v -0.402150 1.094169 -5.603843
v -0.284306 1.105532 -5.603428
v -0.515359 1.058572 -5.603428
v -0.401297 1.089874 -5.603221
v -0.620580 1.003692 -5.603843
v -0.711944 0.928399 -5.603428
v -0.618147 1.000053 -5.603221
v -0.510714 1.047359 -5.603152
v -0.703348 0.919803 -5.603152
v -0.604452 0.979570 -5.603152
v -0.284306 1.093375 -5.603152
v -0.396498 1.065707 -5.603152
v 0.051968 1.003692 -5.603843
v 0.143332 0.928399 -5.603428
v -0.053253 1.058572 -5.603428
v 0.049535 1.000052 -5.603221
v -0.166462 1.094169 -5.603843
v -0.167315 1.089874 -5.603221
v -0.057898 1.047359 -5.603152
v -0.172114 1.065707 -5.603152
v 0.134736 0.919803 -5.603152
v 0.035840 0.979570 -5.603152
v 0.309102 0.618605 -5.603843
v 0.320466 0.500761 -5.603428
v 0.273505 0.731814 -5.603428
v 0.304808 0.617752 -5.603221
v 0.218625 0.837035 -5.603843
v 0.214985 0.834602 -5.603221
v 0.262292 0.727169 -5.603152
v 0.194503 0.820907 -5.603152
v 0.308309 0.500761 -5.603152
v 0.280640 0.612953 -5.603152
v 0.218625 0.164486 -5.603843
v 0.143332 0.073123 -5.603428
v 0.273506 0.269708 -5.603428
v 0.214986 0.166920 -5.603221
v 0.309102 0.382917 -5.603843
v 0.304808 0.383770 -5.603221
v 0.262293 0.274352 -5.603152
v 0.280640 0.388569 -5.603152
v 0.134736 0.081719 -5.603152
v 0.194503 0.180615 -5.603152
v -0.166462 -0.092647 -5.603843
v -0.284306 -0.104011 -5.603428
v -0.053253 -0.057050 -5.603428
v -0.167315 -0.088352 -5.603221
v 0.051969 -0.002170 -5.603843
v 0.049535 0.001470 -5.603221
v -0.057898 -0.045837 -5.603152
v 0.035840 0.021952 -5.603152
v -0.284306 -0.091854 -5.603152
v -0.172114 -0.064185 -5.603152
v -0.620580 -0.002170 -5.603843
v -0.711944 0.073123 -5.603428
v -0.515359 -0.057050 -5.603428
v -0.618147 0.001470 -5.603221
v -0.402150 -0.092647 -5.603843
v -0.401297 -0.088352 -5.603221
v -0.510714 -0.045837 -5.603152
v -0.396498 -0.064185 -5.603152
v -0.703348 0.081719 -5.603152
v -0.604452 0.021952 -5.603152
v -0.876921 0.500761 -5.603152
v -0.849252 0.388569 -5.603152
v -0.873419 0.383770 -5.603221
v -0.830904 0.274353 -5.603152
v -0.889078 0.500761 -5.603428
v -0.877714 0.382917 -5.603843
v -0.842117 0.269708 -5.603428
v -0.783597 0.166920 -5.603221
v -0.787237 0.164487 -5.603843
v -0.763115 0.180616 -5.603152
v -0.787237 0.837036 -5.603843
v -0.842117 0.731814 -5.603428
v -0.783597 0.834602 -5.603221
v -0.877714 0.618605 -5.603843
v -0.873419 0.617753 -5.603221
v -0.830904 0.727170 -5.603152
v -0.849252 0.612953 -5.603152
v -0.763115 0.820907 -5.603152
v -0.402427 1.095566 -5.794756
v -0.284306 1.107056 -5.793860
v -0.515941 1.059977 -5.793860
v -0.402213 1.094487 -5.789936
v -0.621372 1.004876 -5.794756
v -0.713021 0.929476 -5.793860
v -0.620761 1.003962 -5.789935
v -0.515769 1.059562 -5.780313
v -0.712703 0.929158 -5.780313
v -0.620745 1.003938 -5.762322
v -0.284306 1.106606 -5.780313
v -0.402208 1.094459 -5.762322
v -0.523937 0.859153 -5.870021
v -0.589466 0.805921 -5.778315
v -0.449184 0.898812 -5.778315
v -0.523937 0.859153 -5.711797
v -0.368282 0.923627 -5.870021
v -0.284306 0.932323 -5.778315
v -0.368282 0.923627 -5.711797
v -0.449184 0.898812 -5.665909
v -0.284306 0.932323 -5.665909
v -0.368282 0.923627 -5.636091
v -0.589466 0.805921 -5.665909
v -0.523937 0.859153 -5.636091
v 0.052760 1.004876 -5.794756
v 0.144409 0.929476 -5.793860
v -0.052671 1.059977 -5.793860
v 0.052149 1.003962 -5.789936
v -0.166184 1.095566 -5.794756
v -0.166399 1.094487 -5.789936
v -0.052843 1.059562 -5.780313
v -0.166404 1.094459 -5.762322
v 0.144091 0.929158 -5.780313
v 0.052133 1.003938 -5.762322
v -0.200330 0.923627 -5.870021
v -0.119428 0.898812 -5.778315
v -0.200330 0.923627 -5.711797
v -0.044675 0.859153 -5.870021
v 0.020854 0.805921 -5.778315
v -0.044675 0.859153 -5.711797
v -0.119428 0.898812 -5.665909
v 0.020854 0.805921 -5.665909
v -0.044675 0.859153 -5.636091
v -0.200330 0.923627 -5.636091
v 0.310499 0.618882 -5.794756
v 0.321989 0.500761 -5.793860
v 0.274910 0.732396 -5.793860
v 0.309420 0.618668 -5.789936
v 0.219809 0.837827 -5.794756
v 0.218895 0.837216 -5.789936
v 0.274495 0.732224 -5.780313
v 0.218871 0.837200 -5.762322
v 0.321539 0.500761 -5.780313
v 0.309392 0.618663 -5.762322
v 0.138560 0.584737 -5.636091
v 0.147256 0.500761 -5.665909
v 0.113745 0.665639 -5.665909
v 0.138560 0.584737 -5.711797
v 0.074085 0.740392 -5.636091
v 0.074086 0.740392 -5.711797
v 0.113745 0.665639 -5.778315
v 0.074086 0.740392 -5.870021
v 0.147256 0.500761 -5.778315
v 0.138560 0.584737 -5.870021
v 0.219809 0.163695 -5.794756
v 0.144409 0.072046 -5.793860
v 0.274910 0.269126 -5.793860
v 0.218895 0.164306 -5.789936
v 0.310499 0.382639 -5.794756
v 0.309420 0.382854 -5.789936
v 0.274495 0.269298 -5.780313
v 0.309392 0.382859 -5.762322
v 0.144091 0.072364 -5.780313
v 0.218871 0.164322 -5.762322
v 0.138560 0.416785 -5.870021
v 0.113745 0.335883 -5.778315
v 0.138560 0.416785 -5.711797
v 0.074086 0.261130 -5.870021
v 0.020854 0.195601 -5.778315
v 0.074086 0.261130 -5.711797
v 0.113745 0.335883 -5.665909
v 0.020854 0.195601 -5.665909
v 0.074086 0.261130 -5.636091
v 0.138560 0.416785 -5.636091
v -0.166184 -0.094043 -5.794756
v -0.284306 -0.105534 -5.793860
v -0.052671 -0.058455 -5.793860
v -0.166399 -0.092965 -5.789936
v 0.052760 -0.003354 -5.794756
v 0.052149 -0.002440 -5.789936
v -0.052843 -0.058040 -5.780313
v 0.052133 -0.002416 -5.762322
v -0.284306 -0.105084 -5.780313
v -0.166404 -0.092937 -5.762322
v -0.044675 0.142370 -5.870021
v -0.119428 0.102710 -5.778315
v -0.044675 0.142369 -5.711797
v -0.200329 0.077895 -5.870021
v -0.284306 0.069199 -5.778315
v -0.200329 0.077895 -5.711797
v -0.119428 0.102710 -5.665909
v -0.284306 0.069199 -5.665909
v -0.200329 0.077895 -5.636091
v -0.044675 0.142369 -5.636091
v -0.712703 0.072364 -5.780313
v -0.620744 -0.002416 -5.762322
v -0.620761 -0.002440 -5.789936
v -0.515769 -0.058040 -5.780313
v -0.713021 0.072046 -5.793860
v -0.621372 -0.003354 -5.794756
v -0.515941 -0.058455 -5.793860
v -0.402213 -0.092965 -5.789936
v -0.402427 -0.094044 -5.794756
v -0.402208 -0.092936 -5.762322
v -0.368282 0.077895 -5.870021
v -0.449184 0.102710 -5.778315
v -0.368282 0.077895 -5.711797
v -0.523937 0.142370 -5.870021
v -0.589466 0.195601 -5.778315
v -0.523937 0.142370 -5.711797
v -0.449184 0.102710 -5.665909
v -0.589466 0.195601 -5.665909
v -0.523937 0.142370 -5.636091
v -0.368282 0.077895 -5.636091
v -0.879110 0.382640 -5.794756
v -0.890601 0.500761 -5.793860
v -0.843522 0.269126 -5.793860
v -0.878032 0.382854 -5.789936
v -0.788421 0.163695 -5.794756
v -0.787507 0.164306 -5.789936
v -0.843107 0.269298 -5.780313
v -0.787483 0.164323 -5.762322
v -0.890151 0.500761 -5.780313
v -0.878003 0.382859 -5.762322
v -0.642697 0.261130 -5.870021
v -0.682357 0.335883 -5.778315
v -0.642697 0.261130 -5.711797
v -0.707172 0.416785 -5.870021
v -0.715868 0.500761 -5.778315
v -0.707172 0.416785 -5.711797
v -0.682357 0.335883 -5.665909
v -0.715868 0.500761 -5.665909
v -0.707172 0.416785 -5.636091
v -0.642697 0.261130 -5.636091
v -0.788421 0.837827 -5.794756
v -0.843522 0.732396 -5.793860
v -0.787507 0.837216 -5.789935
v -0.879111 0.618883 -5.794756
v -0.878032 0.618668 -5.789936
v -0.843107 0.732224 -5.780313
v -0.878004 0.618663 -5.762322
v -0.787483 0.837200 -5.762322
v -0.707172 0.584738 -5.870021
v -0.682357 0.665639 -5.778315
v -0.707172 0.584738 -5.711797
v -0.642697 0.740392 -5.870021
v -0.642697 0.740392 -5.711797
v -0.682357 0.665639 -5.665909
v -0.642697 0.740392 -5.636091
v -0.707172 0.584738 -5.636091
v -0.472095 -0.444857 -7.157438
v -0.284306 -0.452525 -7.204692
v -0.648509 -0.378502 -7.204692
v -0.466425 -0.416307 -7.251803
v -0.820172 -0.300679 -7.157438
v -0.958381 -0.173314 -7.204692
v -0.803993 -0.276482 -7.251803
v -0.632782 -0.340535 -7.297350
v -0.929273 -0.144206 -7.297350
v -0.773494 -0.230868 -7.339911
v -0.284306 -0.411361 -7.297350
v -0.455737 -0.362487 -7.339911
v 0.251560 -0.300679 -7.157438
v 0.389769 -0.173314 -7.204692
v 0.079897 -0.378502 -7.204692
v 0.235381 -0.276482 -7.251803
v -0.096517 -0.444857 -7.157438
v -0.102187 -0.416307 -7.251803
v 0.064170 -0.340535 -7.297350
v -0.112875 -0.362487 -7.339911
v 0.360662 -0.144206 -7.297350
v 0.204883 -0.230868 -7.339911
v 0.661312 0.312972 -7.157438
v 0.668980 0.500761 -7.204692
v 0.594958 0.136558 -7.204692
v 0.632762 0.318642 -7.251803
v 0.517134 -0.035105 -7.157438
v 0.492937 -0.018926 -7.251803
v 0.556990 0.152285 -7.297350
v 0.447323 0.011573 -7.339911
v 0.627816 0.500761 -7.297350
v 0.578942 0.329330 -7.339911
v 0.517134 1.036627 -7.157438
v 0.389769 1.174836 -7.204692
v 0.594958 0.864964 -7.204692
v 0.492937 1.020448 -7.251803
v 0.661312 0.688550 -7.157438
v 0.632762 0.682880 -7.251803
v 0.556990 0.849237 -7.297350
v 0.578942 0.672192 -7.339911
v 0.360661 1.145728 -7.297350
v 0.447323 0.989949 -7.339911
v -0.096517 1.446379 -7.157438
v -0.284306 1.454047 -7.204692
v 0.079897 1.380024 -7.204692
v -0.102187 1.417829 -7.251803
v 0.251560 1.302201 -7.157438
v 0.235381 1.278004 -7.251803
v 0.064170 1.342057 -7.297350
v 0.204882 1.232390 -7.339911
v -0.284306 1.412883 -7.297350
v -0.112875 1.364009 -7.339911
v -0.820172 1.302201 -7.157438
v -0.958380 1.174836 -7.204692
v -0.648509 1.380025 -7.204692
v -0.803993 1.278004 -7.251803
v -0.472095 1.446379 -7.157438
v -0.466425 1.417829 -7.251803
v -0.632782 1.342057 -7.297350
v -0.455737 1.364009 -7.339911
v -0.929273 1.145728 -7.297350
v -0.773494 1.232390 -7.339911
v -1.229924 0.688550 -7.157438
v -1.237592 0.500761 -7.204692
v -1.163569 0.864964 -7.204692
v -1.201374 0.682881 -7.251803
v -1.085746 1.036627 -7.157438
v -1.061549 1.020448 -7.251803
v -1.125602 0.849237 -7.297350
v -1.015935 0.989950 -7.339911
v -1.196428 0.500761 -7.297350
v -1.147554 0.672193 -7.339911
v -1.085746 -0.035105 -7.157438
v -1.163569 0.136558 -7.204692
v -1.061549 -0.018926 -7.251803
v -1.229924 0.312972 -7.157438
v -1.201374 0.318642 -7.251803
v -1.125602 0.152285 -7.297350
v -1.147554 0.329330 -7.339911
v -1.015935 0.011573 -7.339911
v -0.284306 -0.340935 -7.378064
v -0.605876 -0.275578 -7.378064
v -0.439227 -0.279348 -7.410939
v -0.879475 -0.094408 -7.378064
v -0.726381 -0.160405 -7.410939
v -0.569434 -0.187599 -7.437668
v -0.812027 -0.026960 -7.437668
v -0.284306 -0.245550 -7.437668
v 0.310863 -0.094408 -7.378064
v 0.037264 -0.275578 -7.378064
v 0.157769 -0.160405 -7.410939
v -0.129385 -0.279348 -7.410939
v 0.000822 -0.187599 -7.437668
v 0.243416 -0.026961 -7.437668
v 0.557390 0.500761 -7.378064
v 0.492033 0.179191 -7.378064
v 0.495803 0.345840 -7.410939
v 0.376860 0.058686 -7.410939
v 0.404054 0.215633 -7.437668
v 0.462005 0.500761 -7.437668
v 0.310863 1.095930 -7.378064
v 0.492033 0.822331 -7.378064
v 0.376860 0.942836 -7.410939
v 0.495803 0.655682 -7.410939
v 0.404054 0.785889 -7.437668
v 0.243416 1.028482 -7.437668
v -0.284306 1.342457 -7.378064
v 0.037264 1.277100 -7.378064
v -0.129385 1.280870 -7.410939
v 0.157769 1.161927 -7.410939
v 0.000822 1.189121 -7.437668
v -0.284306 1.247072 -7.437668
v -0.879475 1.095930 -7.378064
v -0.605876 1.277100 -7.378064
v -0.726381 1.161927 -7.410939
v -0.439227 1.280870 -7.410939
v -0.569434 1.189121 -7.437668
v -0.812027 1.028483 -7.437668
v -1.126002 0.500761 -7.378064
v -1.060645 0.822331 -7.378064
v -1.064415 0.655682 -7.410939
v -0.945472 0.942836 -7.410939
v -0.972666 0.785889 -7.437668
v -1.030617 0.500761 -7.437668
v -1.060645 0.179191 -7.378064
v -0.945472 0.058686 -7.410939
v -1.064415 0.345840 -7.410939
v -0.972666 0.215633 -7.437668
v -0.826712 -0.310461 -6.289633
v -0.975038 -0.189971 -6.229909
v -0.657509 -0.400230 -6.229909
v -0.826058 -0.309482 -6.179800
v -0.474387 -0.456398 -6.289633
v -0.284306 -0.476082 -6.229909
v -0.474158 -0.455244 -6.179800
v -0.655709 -0.395885 -6.135618
v -0.284306 -0.471371 -6.135618
v -0.472095 -0.444857 -6.093680
v -0.971707 -0.186640 -6.135618
v -0.820172 -0.300679 -6.093680
v 0.251560 -0.300679 -6.093680
v 0.403095 -0.186640 -6.135618
v 0.087097 -0.395885 -6.135618
v 0.257446 -0.309482 -6.179800
v -0.096517 -0.444857 -6.093680
v -0.094454 -0.455244 -6.179800
v 0.088897 -0.400231 -6.229909
v -0.094225 -0.456399 -6.289633
v 0.406427 -0.189971 -6.229909
v 0.258100 -0.310461 -6.289633
v 0.661312 0.312972 -6.093680
v 0.687826 0.500761 -6.135618
v 0.612340 0.129358 -6.135618
v 0.671700 0.310909 -6.179800
v 0.517134 -0.035105 -6.093680
v 0.525938 -0.040991 -6.179800
v 0.616686 0.127558 -6.229909
v 0.526916 -0.041645 -6.289633
v 0.692537 0.500761 -6.229909
v 0.672854 0.310680 -6.289633
v 0.517134 1.036627 -6.093680
v 0.403095 1.188162 -6.135618
v 0.612340 0.872164 -6.135618
v 0.525938 1.042513 -6.179800
v 0.661312 0.688550 -6.093680
v 0.671700 0.690613 -6.179800
v 0.616686 0.873964 -6.229909
v 0.672854 0.690842 -6.289633
v 0.406427 1.191493 -6.229909
v 0.526916 1.043167 -6.289633
v -0.096517 1.446379 -6.093680
v -0.284306 1.472893 -6.135618
v 0.087097 1.397407 -6.135618
v -0.094454 1.456766 -6.179800
v 0.251560 1.302201 -6.093680
v 0.257446 1.311004 -6.179800
v 0.088897 1.401752 -6.229909
v 0.258101 1.311983 -6.289633
v -0.284306 1.477604 -6.229909
v -0.094225 1.457921 -6.289633
v -0.820172 1.302201 -6.093680
v -0.971707 1.188162 -6.135618
v -0.655709 1.397407 -6.135618
v -0.826058 1.311005 -6.179800
v -0.472095 1.446379 -6.093680
v -0.474158 1.456766 -6.179800
v -0.657509 1.401753 -6.229909
v -0.474387 1.457921 -6.289633
v -0.975038 1.191493 -6.229909
v -0.826712 1.311983 -6.289633
v -1.229924 0.688550 -6.093680
v -1.256438 0.500761 -6.135618
v -1.180952 0.872164 -6.135618
v -1.240311 0.690613 -6.179800
v -1.085746 1.036627 -6.093680
v -1.094549 1.042513 -6.179800
v -1.185297 0.873964 -6.229909
v -1.095528 1.043167 -6.289633
v -1.261149 0.500761 -6.229909
v -1.241466 0.690842 -6.289633
v -1.085746 -0.035105 -6.093680
v -1.180952 0.129358 -6.135618
v -1.094549 -0.040991 -6.179800
v -1.229924 0.312972 -6.093680
v -1.240311 0.310909 -6.179800
v -1.185297 0.127558 -6.229909
v -1.241466 0.310680 -6.289633
v -1.095528 -0.041645 -6.289633
v -0.284306 -0.409417 -5.964575
v -0.632040 -0.338742 -5.964575
v -0.466331 -0.415831 -6.006818
v -0.927899 -0.142832 -5.964575
v -0.803724 -0.276078 -6.006818
v -0.648509 -0.378502 -6.050300
v -0.958381 -0.173314 -6.050300
v -0.284306 -0.452525 -6.050300
v 0.359287 -0.142832 -5.964575
v 0.063428 -0.338742 -5.964575
v 0.235112 -0.276079 -6.006818
v -0.102281 -0.415831 -6.006818
v 0.079897 -0.378502 -6.050300
v 0.389769 -0.173314 -6.050300
v 0.625872 0.500761 -5.964575
v 0.555198 0.153027 -5.964575
v 0.632286 0.318736 -6.006818
v 0.492534 -0.018657 -6.006818
v 0.594958 0.136558 -6.050300
v 0.668980 0.500761 -6.050300
v 0.359287 1.144354 -5.964575
v 0.555197 0.848495 -5.964575
v 0.492534 1.020178 -6.006818
v 0.632286 0.682786 -6.006818
v 0.594958 0.864964 -6.050300
v 0.389769 1.174836 -6.050300
v -0.284306 1.410939 -5.964575
v 0.063428 1.340264 -5.964575
v -0.102281 1.417353 -6.006818
v 0.235112 1.277601 -6.006818
v 0.079897 1.380024 -6.050300
v -0.284306 1.454046 -6.050300
v -0.927899 1.144354 -5.964575
v -0.632039 1.340264 -5.964575
v -0.803723 1.277601 -6.006818
v -0.466331 1.417354 -6.006818
v -0.648509 1.380025 -6.050300
v -0.958380 1.174836 -6.050300
v -1.194484 0.500761 -5.964575
v -1.123809 0.848495 -5.964575
v -1.200898 0.682786 -6.006818
v -1.061145 1.020179 -6.006818
v -1.163569 0.864964 -6.050300
v -1.237592 0.500761 -6.050300
v -1.123809 0.153028 -5.964575
v -1.061145 -0.018656 -6.006818
v -1.200898 0.318736 -6.006818
v -1.163569 0.136558 -6.050300
v -0.826712 -0.310461 -6.950909
v -0.975038 -0.189971 -6.879739
v -0.657509 -0.400230 -6.879739
v -0.826712 -0.310461 -6.800088
v -0.474387 -0.456398 -6.950909
v -0.284306 -0.476082 -6.879739
v -0.474387 -0.456399 -6.800088
v -0.657509 -0.400230 -6.714323
v -0.284306 -0.476082 -6.714323
v -0.474387 -0.456399 -6.624809
v -0.975038 -0.189971 -6.714323
v -0.826712 -0.310461 -6.624809
v 0.258100 -0.310461 -6.624809
v 0.406427 -0.189971 -6.714323
v 0.088897 -0.400231 -6.714323
v 0.258100 -0.310461 -6.800088
v -0.094225 -0.456399 -6.624809
v -0.094225 -0.456399 -6.800088
v 0.088897 -0.400231 -6.879739
v -0.094225 -0.456399 -6.950909
v 0.406427 -0.189971 -6.879739
v 0.258100 -0.310461 -6.950909
v 0.672854 0.310680 -6.624809
v 0.692537 0.500761 -6.714323
v 0.616686 0.127558 -6.714323
v 0.672854 0.310680 -6.800088
v 0.526916 -0.041645 -6.624809
v 0.526916 -0.041645 -6.800088
v 0.616686 0.127558 -6.879739
v 0.526916 -0.041645 -6.950909
v 0.692537 0.500761 -6.879739
v 0.672854 0.310680 -6.950909
v 0.526916 1.043167 -6.624809
v 0.406427 1.191493 -6.714323
v 0.616686 0.873964 -6.714323
v 0.526916 1.043167 -6.800088
v 0.672854 0.690842 -6.624809
v 0.672854 0.690842 -6.800088
v 0.616686 0.873964 -6.879739
v 0.672854 0.690842 -6.950909
v 0.406427 1.191493 -6.879739
v 0.526916 1.043167 -6.950909
v -0.094225 1.457921 -6.624809
v -0.284306 1.477604 -6.714323
v 0.088897 1.401752 -6.714323
v -0.094225 1.457921 -6.800088
v 0.258101 1.311983 -6.624809
v 0.258101 1.311983 -6.800088
v 0.088897 1.401752 -6.879739
v 0.258101 1.311983 -6.950909
v -0.284306 1.477604 -6.879739
v -0.094225 1.457921 -6.950909
v -0.826712 1.311983 -6.624809
v -0.975038 1.191493 -6.714323
v -0.657509 1.401753 -6.714323
v -0.826712 1.311983 -6.800088
v -0.474387 1.457921 -6.624809
v -0.474387 1.457921 -6.800088
v -0.657509 1.401753 -6.879739
v -0.474387 1.457921 -6.950909
v -0.975038 1.191493 -6.879739
v -0.826712 1.311983 -6.950909
v -1.241466 0.690842 -6.624809
v -1.261149 0.500761 -6.714323
v -1.185297 0.873964 -6.714323
v -1.241466 0.690842 -6.800088
v -1.095528 1.043167 -6.624809
v -1.095528 1.043167 -6.800088
v -1.185297 0.873964 -6.879739
v -1.095528 1.043167 -6.950909
v -1.261149 0.500761 -6.879739
v -1.241466 0.690842 -6.950909
v -1.095528 -0.041645 -6.624809
v -1.185297 0.127558 -6.714323
v -1.095527 -0.041645 -6.800088
v -1.241466 0.310680 -6.624809
v -1.241466 0.310680 -6.800088
v -1.185297 0.127558 -6.879739
v -1.241466 0.310680 -6.950909
v -1.095527 -0.041645 -6.950909
v -0.617061 0.168006 -7.480630
v -0.718352 0.320973 -7.480630
v -0.674621 0.239785 -7.487557
v -0.754893 0.500761 -7.480630
v -0.744838 0.409305 -7.487557
v -0.717634 0.321271 -7.504043
v -0.754114 0.500761 -7.504043
v -0.744648 0.409342 -7.534504
v -0.616511 0.168556 -7.504043
v -0.674459 0.239893 -7.534504
v -0.284306 0.030174 -7.480630
v -0.464094 0.066715 -7.480630
v -0.375762 0.040229 -7.487557
v -0.545282 0.110446 -7.487557
v -0.463796 0.067433 -7.504043
v -0.545174 0.110608 -7.534504
v -0.284306 0.030953 -7.504043
v -0.375725 0.040419 -7.534504
v 0.048450 0.168006 -7.480630
v -0.104518 0.066715 -7.480630
v -0.023330 0.110446 -7.487557
v -0.192849 0.040229 -7.487557
v -0.104816 0.067433 -7.504043
v -0.192887 0.040419 -7.534504
v 0.047899 0.168556 -7.504043
v -0.023438 0.110608 -7.534504
v 0.186281 0.500761 -7.480630
v 0.149740 0.320973 -7.480630
v 0.176226 0.409304 -7.487557
v 0.106009 0.239785 -7.487557
v 0.149022 0.321271 -7.504043
v 0.105848 0.239893 -7.534504
v 0.185502 0.500761 -7.504043
v 0.176036 0.409342 -7.534504
v 0.048449 0.833517 -7.480630
v 0.149740 0.680549 -7.480630
v 0.106009 0.761737 -7.487557
v 0.176226 0.592218 -7.487557
v 0.149022 0.680251 -7.504043
v 0.176036 0.592180 -7.534504
v 0.047899 0.832966 -7.504043
v 0.105848 0.761629 -7.534504
v -0.284306 0.971348 -7.480630
v -0.104518 0.934807 -7.480630
v -0.192849 0.961294 -7.487557
v -0.023330 0.891076 -7.487557
v -0.104816 0.934089 -7.504043
v -0.023438 0.890915 -7.534504
v -0.284306 0.970570 -7.504043
v -0.192887 0.961103 -7.534504
v -0.617061 0.833517 -7.480630
v -0.464094 0.934807 -7.480630
v -0.545282 0.891076 -7.487557
v -0.375763 0.961294 -7.487557
v -0.463796 0.934089 -7.504043
v -0.375725 0.961103 -7.534504
v -0.616511 0.832966 -7.504043
v -0.545174 0.890915 -7.534504
v -0.718352 0.680549 -7.480630
v -0.744838 0.592218 -7.487557
v -0.674621 0.761737 -7.487557
v -0.717634 0.680251 -7.504043
v -0.674459 0.761629 -7.534504
v -0.744648 0.592180 -7.534504
v -0.672911 0.240928 -7.804989
v -0.613874 0.171192 -7.806049
v -0.714195 0.322695 -7.806049
v -0.667826 0.244328 -7.806501
v -0.742821 0.409705 -7.804989
v -0.750386 0.500761 -7.806049
v -0.736821 0.410896 -7.806501
v -0.702609 0.327494 -7.806597
v -0.737825 0.500761 -7.806597
v -0.604992 0.180075 -7.806597
v -0.375362 0.042246 -7.804989
v -0.284306 0.034681 -7.806049
v -0.462372 0.070872 -7.806049
v -0.374170 0.048245 -7.806501
v -0.544139 0.112155 -7.804989
v -0.540739 0.117240 -7.806501
v -0.457573 0.082458 -7.806597
v -0.284306 0.047242 -7.806597
v -0.024473 0.112156 -7.804989
v 0.045263 0.171192 -7.806049
v -0.106240 0.070872 -7.806049
v -0.027873 0.117240 -7.806501
v -0.193250 0.042246 -7.804989
v -0.194441 0.048245 -7.806501
v -0.111039 0.082458 -7.806597
v 0.036380 0.180075 -7.806597
v 0.174209 0.409705 -7.804989
v 0.181774 0.500761 -7.806049
v 0.145583 0.322695 -7.806049
v 0.168209 0.410896 -7.806501
v 0.104300 0.240928 -7.804989
v 0.099215 0.244328 -7.806501
v 0.133997 0.327494 -7.806597
v 0.169212 0.500761 -7.806597
v 0.104299 0.760594 -7.804989
v 0.045263 0.830329 -7.806049
v 0.145583 0.678827 -7.806049
v 0.099215 0.757194 -7.806501
v 0.174209 0.591817 -7.804989
v 0.168209 0.590625 -7.806501
v 0.133997 0.674028 -7.806597
v 0.036380 0.821447 -7.806597
v -0.193250 0.959276 -7.804989
v -0.284306 0.966841 -7.806049
v -0.106240 0.930650 -7.806049
v -0.194441 0.953276 -7.806501
v -0.024473 0.889366 -7.804989
v -0.027873 0.884281 -7.806501
v -0.111039 0.919064 -7.806597
v -0.284306 0.954279 -7.806597
v -0.544139 0.889367 -7.804989
v -0.613874 0.830330 -7.806049
v -0.462372 0.930650 -7.806049
v -0.540739 0.884282 -7.806501
v -0.375362 0.959276 -7.804989
v -0.374170 0.953276 -7.806501
v -0.457573 0.919064 -7.806597
v -0.604992 0.821447 -7.806597
v -0.742821 0.591817 -7.804989
v -0.714195 0.678827 -7.806049
v -0.736822 0.590626 -7.806501
v -0.672911 0.760594 -7.804989
v -0.667827 0.757194 -7.806501
v -0.702609 0.674028 -7.806597
v -0.520674 0.264393 -7.807514
v -0.592624 0.373051 -7.807514
v -0.555729 0.319279 -7.807435
v -0.618581 0.500761 -7.807514
v -0.604557 0.437162 -7.807435
v -0.582634 0.377189 -7.807026
v -0.607750 0.500761 -7.807026
v -0.600112 0.438045 -7.806165
v -0.513015 0.272051 -7.807026
v -0.551961 0.321798 -7.806165
v -0.284306 0.166486 -7.807514
v -0.412016 0.192442 -7.807514
v -0.347904 0.180509 -7.807435
v -0.465787 0.229338 -7.807435
v -0.407878 0.202432 -7.807026
v -0.463268 0.233105 -7.806165
v -0.284306 0.177317 -7.807026
v -0.347021 0.184954 -7.806165
v -0.047938 0.264393 -7.807514
v -0.156596 0.192443 -7.807514
v -0.102825 0.229338 -7.807435
v -0.220708 0.180509 -7.807435
v -0.160734 0.202432 -7.807026
v -0.221590 0.184954 -7.806165
v -0.055597 0.272052 -7.807026
v -0.105344 0.233105 -7.806165
v 0.049969 0.500761 -7.807514
v 0.024012 0.373051 -7.807514
v 0.035945 0.437163 -7.807435
v -0.012883 0.319280 -7.807435
v 0.014022 0.377189 -7.807026
v -0.016650 0.321799 -7.806165
v 0.039138 0.500761 -7.807026
v 0.031500 0.438045 -7.806165
v -0.047938 0.737129 -7.807514
v 0.024012 0.628470 -7.807514
v -0.012883 0.682242 -7.807435
v 0.035945 0.564359 -7.807435
v 0.014022 0.624332 -7.807026
v 0.031500 0.563476 -7.806165
v -0.055597 0.729470 -7.807026
v -0.016651 0.679723 -7.806165
v -0.284306 0.835036 -7.807514
v -0.156596 0.809079 -7.807514
v -0.220708 0.821012 -7.807435
v -0.102825 0.772184 -7.807435
v -0.160734 0.799089 -7.807026
v -0.105344 0.768416 -7.806165
v -0.284306 0.824205 -7.807026
v -0.221590 0.816567 -7.806165
v -0.520674 0.737129 -7.807514
v -0.412016 0.809079 -7.807514
v -0.465787 0.772184 -7.807435
v -0.347904 0.821012 -7.807435
v -0.407878 0.799090 -7.807026
v -0.347022 0.816567 -7.806165
v -0.513015 0.729470 -7.807026
v -0.463268 0.768417 -7.806165
v -0.592624 0.628471 -7.807514
v -0.604557 0.564359 -7.807435
v -0.555729 0.682242 -7.807435
v -0.582634 0.624333 -7.807026
v -0.551961 0.679723 -7.806165
v -0.600112 0.563477 -7.806165
v 0.030380 0.563254 -7.748099
v 0.036852 0.500761 -7.780584
v 0.011914 0.623459 -7.780584
v 0.030492 0.563276 -7.797832
v -0.017600 0.679088 -7.748099
v -0.057213 0.727854 -7.780584
v -0.017505 0.679152 -7.797832
v 0.012336 0.623634 -7.804729
v -0.056890 0.728177 -7.804729
v 0.037309 0.500761 -7.804729
v -0.017600 0.322433 -7.748099
v -0.057213 0.273668 -7.780584
v 0.011914 0.378063 -7.780584
v -0.017505 0.322370 -7.797832
v 0.030380 0.438268 -7.748099
v 0.030492 0.438245 -7.797832
v 0.012336 0.377888 -7.804729
v -0.056890 0.273345 -7.804729
v -0.221813 0.186074 -7.748099
v -0.284306 0.179603 -7.780584
v -0.161607 0.204541 -7.780584
v -0.221790 0.185962 -7.797832
v -0.105978 0.234055 -7.748099
v -0.105915 0.233960 -7.797832
v -0.161433 0.204119 -7.804729
v -0.284306 0.179146 -7.804729
v -0.462633 0.234054 -7.748099
v -0.511399 0.273668 -7.780584
v -0.407004 0.204541 -7.780584
v -0.462697 0.233959 -7.797832
v -0.346799 0.186074 -7.748099
v -0.346821 0.185962 -7.797832
v -0.407179 0.204119 -7.804729
v -0.511722 0.273344 -7.804729
v -0.598992 0.438268 -7.748099
v -0.605464 0.500761 -7.780584
v -0.580526 0.378062 -7.780584
v -0.599104 0.438245 -7.797832
v -0.551012 0.322433 -7.748099
v -0.551107 0.322370 -7.797832
v -0.580948 0.377888 -7.804729
v -0.605921 0.500761 -7.804729
v -0.551012 0.679089 -7.748099
v -0.511399 0.727854 -7.780584
v -0.580526 0.623459 -7.780584
v -0.551107 0.679152 -7.797832
v -0.598992 0.563254 -7.748099
v -0.599104 0.563276 -7.797832
v -0.580948 0.623634 -7.804729
v -0.511722 0.728177 -7.804729
v -0.346799 0.815447 -7.748099
v -0.284306 0.821919 -7.780584
v -0.407004 0.796981 -7.780584
v -0.346821 0.815559 -7.797832
v -0.462634 0.767467 -7.748099
v -0.462697 0.767562 -7.797832
v -0.407179 0.797403 -7.804729
v -0.284306 0.822376 -7.804729
v -0.105978 0.767467 -7.748099
v -0.161608 0.796981 -7.780584
v -0.105915 0.767562 -7.797832
v -0.221813 0.815447 -7.748099
v -0.221791 0.815559 -7.797832
v -0.161433 0.797403 -7.804729
v 0.036852 0.500761 -7.570088
v 0.011914 0.623459 -7.570088
v 0.030380 0.563254 -7.632801
v -0.057213 0.727854 -7.570088
v -0.017600 0.679089 -7.632801
v 0.011914 0.623459 -7.695487
v -0.057213 0.727854 -7.695487
v 0.036852 0.500761 -7.695487
v -0.057213 0.273668 -7.570088
v 0.011914 0.378063 -7.570088
v -0.017600 0.322433 -7.632801
v 0.030380 0.438268 -7.632801
v 0.011914 0.378063 -7.695487
v -0.057213 0.273668 -7.695487
v -0.284306 0.179603 -7.570088
v -0.161607 0.204541 -7.570088
v -0.221813 0.186075 -7.632801
v -0.105978 0.234055 -7.632801
v -0.161607 0.204541 -7.695487
v -0.284306 0.179603 -7.695487
v -0.511399 0.273668 -7.570088
v -0.407004 0.204541 -7.570088
v -0.462633 0.234055 -7.632801
v -0.346799 0.186074 -7.632801
v -0.407004 0.204541 -7.695487
v -0.511399 0.273668 -7.695487
v -0.605464 0.500761 -7.570088
v -0.580526 0.378063 -7.570088
v -0.598992 0.438268 -7.632801
v -0.551012 0.322433 -7.632801
v -0.580526 0.378062 -7.695487
v -0.605464 0.500761 -7.695487
v -0.511399 0.727854 -7.570088
v -0.580526 0.623460 -7.570088
v -0.551012 0.679089 -7.632801
v -0.598992 0.563254 -7.632801
v -0.580526 0.623459 -7.695487
v -0.511399 0.727854 -7.695487
v -0.284306 0.821919 -7.570088
v -0.407004 0.796981 -7.570088
v -0.346799 0.815448 -7.632801
v -0.462634 0.767467 -7.632801
v -0.407004 0.796981 -7.695487
v -0.284306 0.821919 -7.695487
v -0.161608 0.796981 -7.570088
v -0.105978 0.767467 -7.632801
v -0.221813 0.815447 -7.632801
v -0.161608 0.796981 -7.695487
v -0.509654 0.726109 -7.457854
v -0.406061 0.794704 -7.457854
v -0.458043 0.760511 -7.457665
v -0.284306 0.819451 -7.457854
v -0.345127 0.807283 -7.457665
v -0.398013 0.775273 -7.458383
v -0.284306 0.799444 -7.458304
v -0.495507 0.711962 -7.458304
v -0.162551 0.794704 -7.457854
v -0.223485 0.807283 -7.457665
v -0.058958 0.726109 -7.457854
v -0.110569 0.760511 -7.457665
v -0.170599 0.775273 -7.458383
v -0.073105 0.711962 -7.458304
v 0.009637 0.622516 -7.457854
v -0.024556 0.674498 -7.457665
v 0.034383 0.500761 -7.457854
v 0.022215 0.561582 -7.457665
v -0.009794 0.614468 -7.458383
v 0.014377 0.500761 -7.458304
v 0.009637 0.379006 -7.457854
v 0.022215 0.439940 -7.457665
v -0.058958 0.275413 -7.457854
v -0.024556 0.327025 -7.457665
v -0.009794 0.387054 -7.458383
v -0.073105 0.289560 -7.458304
v -0.162550 0.206818 -7.457854
v -0.110569 0.241011 -7.457665
v -0.284306 0.182072 -7.457854
v -0.223485 0.194240 -7.457665
v -0.170599 0.226249 -7.458383
v -0.284306 0.202078 -7.458304
v -0.406061 0.206818 -7.457854
v -0.345127 0.194240 -7.457665
v -0.509653 0.275414 -7.457854
v -0.458042 0.241011 -7.457665
v -0.398013 0.226249 -7.458383
v -0.495507 0.289560 -7.458304
v -0.578249 0.379006 -7.457854
v -0.544056 0.327025 -7.457665
v -0.602995 0.500761 -7.457854
v -0.590827 0.439940 -7.457665
v -0.558818 0.387054 -7.458383
v -0.582989 0.500761 -7.458304
v -0.578249 0.622517 -7.457854
v -0.590827 0.561582 -7.457665
v -0.544056 0.674498 -7.457665
v -0.558818 0.614468 -7.458383
v -0.284306 0.932323 -5.991475
v -0.449184 0.898812 -5.991475
v -0.368282 0.923627 -6.135407
v -0.589466 0.805921 -5.991475
v -0.523937 0.859153 -6.135407
v -0.449184 0.898812 -6.294548
v -0.589466 0.805921 -6.294548
v -0.523937 0.859153 -6.461628
v -0.284306 0.932323 -6.294548
v -0.368282 0.923627 -6.461628
v 0.020854 0.805921 -5.991475
v -0.119428 0.898812 -5.991475
v -0.044675 0.859153 -6.135407
v -0.200330 0.923627 -6.135407
v -0.119428 0.898812 -6.294548
v -0.200330 0.923627 -6.461628
v 0.020854 0.805921 -6.294548
v -0.044675 0.859153 -6.461628
v 0.147256 0.500761 -5.991475
v 0.113745 0.665639 -5.991475
v 0.138560 0.584737 -6.135407
v 0.074086 0.740392 -6.135407
v 0.113745 0.665639 -6.294548
v 0.074086 0.740392 -6.461628
v 0.147256 0.500761 -6.294548
v 0.138560 0.584737 -6.461628
v 0.020854 0.195601 -5.991475
v 0.113745 0.335883 -5.991475
v 0.074086 0.261130 -6.135407
v 0.138560 0.416785 -6.135407
v 0.113745 0.335883 -6.294548
v 0.138560 0.416785 -6.461628
v 0.020854 0.195601 -6.294548
v 0.074086 0.261130 -6.461628
v -0.284306 0.069199 -5.991475
v -0.119428 0.102710 -5.991475
v -0.200329 0.077895 -6.135407
v -0.044675 0.142370 -6.135407
v -0.119428 0.102710 -6.294548
v -0.044675 0.142369 -6.461628
v -0.284306 0.069199 -6.294548
v -0.200329 0.077895 -6.461628
v -0.589466 0.195601 -5.991475
v -0.449184 0.102710 -5.991475
v -0.523937 0.142370 -6.135407
v -0.368282 0.077895 -6.135407
v -0.449184 0.102710 -6.294548
v -0.368282 0.077895 -6.461628
v -0.589466 0.195601 -6.294548
v -0.523937 0.142370 -6.461628
v -0.715868 0.500761 -5.991475
v -0.682357 0.335883 -5.991475
v -0.707172 0.416785 -6.135407
v -0.642697 0.261130 -6.135407
v -0.682357 0.335883 -6.294548
v -0.642697 0.261130 -6.461628
v -0.715868 0.500761 -6.294548
v -0.707172 0.416785 -6.461628
v -0.682357 0.665639 -5.991475
v -0.642697 0.740392 -6.135407
v -0.707172 0.584738 -6.135407
v -0.682357 0.665639 -6.294548
v -0.707172 0.584738 -6.461628
v -0.642698 0.740392 -6.461628
v -0.368282 0.923627 -7.045296
v -0.284306 0.932323 -7.124373
v -0.449184 0.898812 -7.124373
v -0.367023 0.917674 -7.174620
v -0.523937 0.859153 -7.045296
v -0.589466 0.805921 -7.124373
v -0.520619 0.854053 -7.174620
v -0.439568 0.875596 -7.202383
v -0.572813 0.789268 -7.203773
v -0.284306 0.908772 -7.203773
v -0.044675 0.859153 -7.045296
v 0.020854 0.805921 -7.124373
v -0.119428 0.898812 -7.124373
v -0.047993 0.854053 -7.174620
v -0.200330 0.923627 -7.045296
v -0.201589 0.917674 -7.174620
v -0.129044 0.875596 -7.202383
v 0.004201 0.789268 -7.203773
v 0.138560 0.584737 -7.045296
v 0.147256 0.500761 -7.124373
v 0.113745 0.665639 -7.124373
v 0.132607 0.583478 -7.174620
v 0.074086 0.740392 -7.045296
v 0.068986 0.737074 -7.174620
v 0.090529 0.656023 -7.202383
v 0.123704 0.500761 -7.203773
v 0.074086 0.261130 -7.045296
v 0.020854 0.195601 -7.124373
v 0.113745 0.335883 -7.124373
v 0.068986 0.264448 -7.174620
v 0.138560 0.416785 -7.045296
v 0.132607 0.418044 -7.174620
v 0.090529 0.345499 -7.202383
v 0.004201 0.212254 -7.203773
v -0.200329 0.077895 -7.045296
v -0.284306 0.069199 -7.124373
v -0.119428 0.102710 -7.124373
v -0.201589 0.083848 -7.174620
v -0.044675 0.142369 -7.045296
v -0.047993 0.147469 -7.174620
v -0.129044 0.125926 -7.202383
v -0.284306 0.092750 -7.203773
v -0.523937 0.142369 -7.045296
v -0.589466 0.195601 -7.124373
v -0.449184 0.102710 -7.124373
v -0.520618 0.147469 -7.174620
v -0.368282 0.077895 -7.045296
v -0.367023 0.083848 -7.174620
v -0.439567 0.125926 -7.202383
v -0.572813 0.212254 -7.203773
v -0.707172 0.416785 -7.045296
v -0.715868 0.500761 -7.124373
v -0.682357 0.335883 -7.124373
v -0.701219 0.418044 -7.174620
v -0.642697 0.261130 -7.045296
v -0.637598 0.264448 -7.174620
v -0.659140 0.345499 -7.202383
v -0.692317 0.500761 -7.203773
v -0.642698 0.740392 -7.045296
v -0.682357 0.665639 -7.124373
v -0.637598 0.737074 -7.174620
v -0.707172 0.584737 -7.045296
v -0.701219 0.583478 -7.174620
v -0.659141 0.656023 -7.202383
v -0.284306 -0.113637 -5.795652
v -0.049575 -0.065930 -5.795652
v -0.165501 -0.097487 -5.795562
v 0.150140 0.066316 -5.795652
v 0.054712 -0.006272 -5.795562
v -0.051914 -0.060282 -5.795294
v 0.145810 0.070645 -5.795294
v -0.284306 -0.107515 -5.795294
v -0.714422 0.070645 -5.795294
v -0.623323 -0.006272 -5.795562
v -0.516698 -0.060282 -5.795294
v -0.718751 0.066316 -5.795652
v -0.519037 -0.065930 -5.795652
v -0.403111 -0.097487 -5.795562
v -0.898705 0.500761 -5.795652
v -0.850996 0.266030 -5.795652
v -0.882554 0.381956 -5.795562
v -0.791339 0.161744 -5.795562
v -0.845349 0.268369 -5.795294
v -0.892582 0.500761 -5.795294
v -0.718751 0.935207 -5.795652
v -0.850997 0.735492 -5.795652
v -0.791339 0.839779 -5.795562
v -0.882554 0.619567 -5.795562
v -0.845349 0.733153 -5.795294
v -0.714422 0.930877 -5.795294
v -0.284306 1.115160 -5.795652
v -0.519037 1.067452 -5.795652
v -0.403111 1.099009 -5.795562
v -0.623323 1.007795 -5.795562
v -0.516698 1.061805 -5.795294
v -0.284306 1.109037 -5.795294
v 0.150139 0.935207 -5.795652
v -0.049575 1.067452 -5.795652
v 0.054711 1.007794 -5.795562
v -0.165501 1.099009 -5.795562
v -0.051914 1.061805 -5.795294
v 0.145810 0.930877 -5.795294
v 0.330093 0.500761 -5.795652
v 0.282385 0.735492 -5.795652
v 0.313942 0.619566 -5.795562
v 0.222728 0.839778 -5.795562
v 0.276738 0.733153 -5.795294
v 0.323970 0.500761 -5.795294
v 0.282385 0.266030 -5.795652
v 0.222728 0.161744 -5.795562
v 0.313942 0.381956 -5.795562
v 0.276738 0.268369 -5.795294
v -0.284306 -0.105245 -5.733293
v -0.052781 -0.058189 -5.733293
v -0.166362 -0.093151 -5.698765
v 0.144206 0.072250 -5.733293
v 0.052254 -0.002597 -5.698765
v -0.052690 -0.058408 -5.664279
v 0.144373 0.072082 -5.664279
v 0.052375 -0.002779 -5.635373
v -0.284306 -0.105483 -5.664279
v -0.166319 -0.093365 -5.635373
v -0.712985 0.072082 -5.664279
v -0.620987 -0.002778 -5.635373
v -0.620866 -0.002597 -5.698765
v -0.515921 -0.058408 -5.664279
v -0.712817 0.072250 -5.733293
v -0.515831 -0.058189 -5.733293
v -0.402250 -0.093151 -5.698765
v -0.402293 -0.093365 -5.635373
v -0.890313 0.500761 -5.733293
v -0.843256 0.269236 -5.733293
v -0.878218 0.382817 -5.698765
v -0.787664 0.164201 -5.698765
v -0.843475 0.269146 -5.664279
v -0.787845 0.164080 -5.635373
v -0.890550 0.500761 -5.664279
v -0.878432 0.382775 -5.635373
v -0.712817 0.929273 -5.733293
v -0.843256 0.732286 -5.733293
v -0.787664 0.837321 -5.698765
v -0.878218 0.618705 -5.698765
v -0.843475 0.732377 -5.664279
v -0.878432 0.618748 -5.635373
v -0.712985 0.929440 -5.664279
v -0.787845 0.837442 -5.635373
v -0.284306 1.106767 -5.733293
v -0.515831 1.059712 -5.733293
v -0.402250 1.094673 -5.698765
v -0.620866 1.004120 -5.698765
v -0.515921 1.059930 -5.664279
v -0.620987 1.004301 -5.635373
v -0.284306 1.107005 -5.664279
v -0.402293 1.094887 -5.635373
v 0.144205 0.929272 -5.733293
v -0.052781 1.059711 -5.733293
v 0.052254 1.004119 -5.698765
v -0.166362 1.094673 -5.698765
v -0.052690 1.059930 -5.664279
v -0.166319 1.094887 -5.635373
v 0.144373 0.929440 -5.664279
v 0.052375 1.004300 -5.635373
v 0.321701 0.500761 -5.733293
v 0.274644 0.732286 -5.733293
v 0.309606 0.618705 -5.698765
v 0.219052 0.837321 -5.698765
v 0.274864 0.732377 -5.664279
v 0.219233 0.837442 -5.635373
v 0.321938 0.500761 -5.664279
v 0.309820 0.618748 -5.635373
v 0.274645 0.269236 -5.733293
v 0.219053 0.164201 -5.698765
v 0.309606 0.382817 -5.698765
v 0.274864 0.269145 -5.664279
v 0.309820 0.382774 -5.635373
v 0.219234 0.164080 -5.635373
v -0.284306 -0.105644 -5.617588
v -0.052629 -0.058557 -5.617588
v -0.166317 -0.093374 -5.608212
v 0.144487 0.071968 -5.617588
v 0.052380 -0.002786 -5.608212
v -0.052740 -0.058288 -5.604533
v 0.144281 0.072174 -5.604533
v -0.284306 -0.105352 -5.604533
v -0.712893 0.072174 -5.604533
v -0.620992 -0.002786 -5.608212
v -0.515871 -0.058288 -5.604533
v -0.713099 0.071968 -5.617588
v -0.515983 -0.058557 -5.617588
v -0.402294 -0.093374 -5.608212
v -0.890711 0.500761 -5.617588
v -0.843624 0.269084 -5.617588
v -0.878441 0.382773 -5.608212
v -0.787853 0.164075 -5.608212
v -0.843355 0.269196 -5.604533
v -0.890419 0.500761 -5.604533
v -0.713099 0.929554 -5.617588
v -0.843624 0.732438 -5.617588
v -0.787853 0.837448 -5.608212
v -0.878441 0.618750 -5.608212
v -0.843355 0.732327 -5.604533
v -0.712893 0.929348 -5.604533
v -0.284306 1.107166 -5.617588
v -0.515983 1.060079 -5.617588
v -0.402294 1.094896 -5.608212
v -0.620992 1.004308 -5.608212
v -0.515872 1.059810 -5.604533
v -0.284306 1.106874 -5.604533
v 0.144487 0.929554 -5.617588
v -0.052629 1.060079 -5.617588
v 0.052380 1.004308 -5.608212
v -0.166318 1.094896 -5.608212
v -0.052740 1.059810 -5.604533
v 0.144281 0.929348 -5.604533
v 0.322099 0.500761 -5.617588
v 0.275012 0.732438 -5.617588
v 0.309829 0.618749 -5.608212
v 0.219241 0.837447 -5.608212
v 0.274743 0.732327 -5.604533
v 0.321807 0.500761 -5.604533
v 0.275012 0.269084 -5.617588
v 0.219241 0.164075 -5.608212
v 0.309829 0.382772 -5.608212
v 0.274743 0.269195 -5.604533
v -0.284306 -0.049949 -5.603152
v -0.073907 -0.007187 -5.603152
v -0.183135 -0.008688 -5.603152
v 0.105105 0.111350 -5.603152
v 0.004390 0.068988 -5.603152
v -0.097452 0.049657 -5.603152
v 0.061527 0.154928 -5.603152
v -0.027191 0.116220 -5.603152
v -0.284306 0.011680 -5.603152
v -0.194202 0.047042 -5.603152
v -0.673717 0.111350 -5.603152
v -0.494705 -0.007187 -5.603152
v -0.573002 0.068988 -5.603152
v -0.385477 -0.008688 -5.603152
v -0.471159 0.049657 -5.603152
v -0.374409 0.047042 -5.603152
v -0.630139 0.154928 -5.603152
v -0.541421 0.116220 -5.603152
v -0.773387 0.500761 -5.603152
v -0.738025 0.410658 -5.603152
v -0.793755 0.399590 -5.603152
v -0.735410 0.313908 -5.603152
v -0.835016 0.500761 -5.603152
v -0.792254 0.290362 -5.603152
v -0.716079 0.212065 -5.603152
v -0.668847 0.243646 -5.603152
v -0.673717 0.890172 -5.603152
v -0.792254 0.711160 -5.603152
v -0.716079 0.789457 -5.603152
v -0.793755 0.601932 -5.603152
v -0.735410 0.687615 -5.603152
v -0.738025 0.590865 -5.603152
v -0.630139 0.846594 -5.603152
v -0.668847 0.757877 -5.603152
v -0.284306 1.051471 -5.603152
v -0.494705 1.008709 -5.603152
v -0.385477 1.010210 -5.603152
v -0.573002 0.932534 -5.603152
v -0.471159 0.951865 -5.603152
v -0.541421 0.885302 -5.603152
v -0.284306 0.989842 -5.603152
v -0.374409 0.954480 -5.603152
v 0.105105 0.890172 -5.603152
v -0.073907 1.008709 -5.603152
v 0.004390 0.932534 -5.603152
v -0.183135 1.010210 -5.603152
v -0.097452 0.951865 -5.603152
v -0.194202 0.954480 -5.603152
v 0.061527 0.846594 -5.603152
v -0.027191 0.885302 -5.603152
v 0.266405 0.500761 -5.603152
v 0.223642 0.711160 -5.603152
v 0.225143 0.601932 -5.603152
v 0.147467 0.789457 -5.603152
v 0.166798 0.687615 -5.603152
v 0.100235 0.757876 -5.603152
v 0.204775 0.500761 -5.603152
v 0.169413 0.590865 -5.603152
v 0.223642 0.290362 -5.603152
v 0.147467 0.212065 -5.603152
v 0.225143 0.399590 -5.603152
v 0.166798 0.313907 -5.603152
v 0.169413 0.410657 -5.603152
v 0.100235 0.243646 -5.603152
v -0.284306 0.054057 -5.603152
v -0.113643 0.088744 -5.603152
v -0.199128 0.071847 -5.603217
v 0.031561 0.184894 -5.603152
v -0.041247 0.137243 -5.603217
v -0.118559 0.100613 -5.603412
v 0.022462 0.193993 -5.603412
v -0.044044 0.141425 -5.603802
v -0.284306 0.066925 -5.603412
v -0.200108 0.076781 -5.603802
v -0.600173 0.184894 -5.603152
v -0.454969 0.088744 -5.603152
v -0.527364 0.137243 -5.603217
v -0.369483 0.071847 -5.603217
v -0.450053 0.100613 -5.603412
v -0.368503 0.076781 -5.603802
v -0.591074 0.193993 -5.603412
v -0.524568 0.141425 -5.603802
v -0.718142 0.500761 -5.603412
v -0.708286 0.416564 -5.603802
v -0.713220 0.415584 -5.603217
v -0.684454 0.335014 -5.603412
v -0.731010 0.500761 -5.603152
v -0.696323 0.330098 -5.603152
v -0.647824 0.257703 -5.603217
v -0.643641 0.260499 -5.603802
v -0.600173 0.816628 -5.603152
v -0.696323 0.671424 -5.603152
v -0.647824 0.743820 -5.603217
v -0.713220 0.585939 -5.603217
v -0.684454 0.666508 -5.603412
v -0.708286 0.584959 -5.603802
v -0.591074 0.807529 -5.603412
v -0.643642 0.741024 -5.603802
v -0.284306 0.947465 -5.603152
v -0.454969 0.912778 -5.603152
v -0.369483 0.929675 -5.603217
v -0.527364 0.864279 -5.603217
v -0.450053 0.900909 -5.603412
v -0.524568 0.860097 -5.603802
v -0.284306 0.934597 -5.603412
v -0.368504 0.924741 -5.603802
v 0.031561 0.816628 -5.603152
v -0.113643 0.912778 -5.603152
v -0.041247 0.864279 -5.603217
v -0.199128 0.929675 -5.603217
v -0.118559 0.900909 -5.603412
v -0.200108 0.924741 -5.603802
v 0.022462 0.807529 -5.603412
v -0.044044 0.860097 -5.603802
v 0.162398 0.500761 -5.603152
v 0.127711 0.671424 -5.603152
v 0.144608 0.585939 -5.603217
v 0.079212 0.743820 -5.603217
v 0.115842 0.666508 -5.603412
v 0.075030 0.741023 -5.603802
v 0.149529 0.500761 -5.603412
v 0.139674 0.584959 -5.603802
v 0.127711 0.330098 -5.603152
v 0.079212 0.257702 -5.603217
v 0.144608 0.415583 -5.603217
v 0.115842 0.335014 -5.603412
v 0.139674 0.416563 -5.603802
v 0.075030 0.260499 -5.603802
v -0.284306 0.932323 -5.617784
v -0.119428 0.898812 -5.617784
v -0.200308 0.923738 -5.608176
v 0.020854 0.805921 -5.617784
v -0.044612 0.859247 -5.608176
v -0.119254 0.899232 -5.604453
v 0.021176 0.806243 -5.604453
v -0.284306 0.932778 -5.604453
v -0.589466 0.805921 -5.617784
v -0.449184 0.898812 -5.617784
v -0.524000 0.859247 -5.608176
v -0.368304 0.923738 -5.608176
v -0.449358 0.899232 -5.604453
v -0.589788 0.806243 -5.604453
v -0.715868 0.500761 -5.617784
v -0.682357 0.665640 -5.617784
v -0.707283 0.584760 -5.608176
v -0.642792 0.740455 -5.608176
v -0.682777 0.665813 -5.604453
v -0.716323 0.500761 -5.604453
v -0.589466 0.195601 -5.617784
v -0.682357 0.335883 -5.617784
v -0.642792 0.261067 -5.608176
v -0.707283 0.416763 -5.608176
v -0.682776 0.335709 -5.604453
v -0.589788 0.195279 -5.604453
v -0.284306 0.069199 -5.617784
v -0.449184 0.102710 -5.617784
v -0.368304 0.077784 -5.608176
v -0.524000 0.142275 -5.608176
v -0.449358 0.102290 -5.604453
v -0.284306 0.068744 -5.604453
v 0.020854 0.195601 -5.617784
v -0.119428 0.102710 -5.617784
v -0.044612 0.142275 -5.608176
v -0.200307 0.077784 -5.608176
v -0.119254 0.102290 -5.604453
v 0.021176 0.195279 -5.604453
v 0.147256 0.500761 -5.617784
v 0.113745 0.335883 -5.617784
v 0.138671 0.416762 -5.608176
v 0.074180 0.261067 -5.608176
v 0.114165 0.335709 -5.604453
v 0.147711 0.500761 -5.604453
v 0.074180 0.740455 -5.608175
v 0.114165 0.665813 -5.604453
v 0.113745 0.665639 -5.617784
v 0.138671 0.584760 -5.608175
v -0.589466 0.195601 -6.629378
v -0.449184 0.102710 -6.629378
v -0.523937 0.142370 -6.788663
v -0.284306 0.069199 -6.629378
v -0.368282 0.077895 -6.788663
v -0.449184 0.102710 -6.930347
v -0.284306 0.069199 -6.930347
v -0.589466 0.195601 -6.930347
v -0.715868 0.500761 -6.629378
v -0.682357 0.335883 -6.629378
v -0.707172 0.416785 -6.788663
v -0.642697 0.261130 -6.788663
v -0.682357 0.335883 -6.930347
v -0.715868 0.500761 -6.930347
v -0.589466 0.805921 -6.629378
v -0.682357 0.665639 -6.629378
v -0.642698 0.740392 -6.788663
v -0.707172 0.584738 -6.788663
v -0.682357 0.665639 -6.930347
v -0.589466 0.805921 -6.930347
v -0.284306 0.932323 -6.629378
v -0.449184 0.898812 -6.629378
v -0.368282 0.923627 -6.788663
v -0.523937 0.859153 -6.788663
v -0.449184 0.898812 -6.930347
v -0.284306 0.932323 -6.930347
v 0.020854 0.805921 -6.629378
v -0.119428 0.898812 -6.629378
v -0.044675 0.859153 -6.788663
v -0.200330 0.923627 -6.788663
v -0.119428 0.898812 -6.930347
v 0.020854 0.805921 -6.930347
v 0.147256 0.500761 -6.629378
v 0.113745 0.665639 -6.629378
v 0.138560 0.584737 -6.788663
v 0.074086 0.740392 -6.788663
v 0.113745 0.665639 -6.930347
v 0.147256 0.500761 -6.930347
v 0.020854 0.195601 -6.629378
v 0.113745 0.335883 -6.629378
v 0.074086 0.261130 -6.788663
v 0.138560 0.416785 -6.788663
v 0.113745 0.335883 -6.930347
v 0.020854 0.195601 -6.930347
v -0.119428 0.102710 -6.629378
v -0.200329 0.077895 -6.788663
v -0.044675 0.142369 -6.788663
v -0.119428 0.102710 -6.930347
v 0.047899 0.168556 -7.583363
v -0.104816 0.067433 -7.583363
v -0.023438 0.110607 -7.641439
v -0.284306 0.030953 -7.583363
v -0.192887 0.040419 -7.641439
v -0.104816 0.067433 -7.699558
v -0.284306 0.030953 -7.699558
v -0.192887 0.040419 -7.748541
v 0.047899 0.168556 -7.699558
v -0.023438 0.110607 -7.748541
v 0.185502 0.500761 -7.583363
v 0.149022 0.321271 -7.583363
v 0.176036 0.409342 -7.641439
v 0.105848 0.239893 -7.641439
v 0.149022 0.321271 -7.699558
v 0.105848 0.239893 -7.748541
v 0.185502 0.500761 -7.699558
v 0.176036 0.409342 -7.748541
v 0.047899 0.832966 -7.583363
v 0.149022 0.680251 -7.583363
v 0.105848 0.761629 -7.641439
v 0.176036 0.592180 -7.641439
v 0.149022 0.680251 -7.699558
v 0.176036 0.592180 -7.748541
v 0.047899 0.832966 -7.699558
v 0.105848 0.761629 -7.748541
v -0.284306 0.970569 -7.583363
v -0.104816 0.934089 -7.583363
v -0.192887 0.961103 -7.641439
v -0.023438 0.890914 -7.641439
v -0.104816 0.934089 -7.699558
v -0.023438 0.890914 -7.748541
v -0.284306 0.970569 -7.699558
v -0.192887 0.961102 -7.748541
v -0.616511 0.832966 -7.583363
v -0.463796 0.934089 -7.583363
v -0.545174 0.890915 -7.641439
v -0.375725 0.961103 -7.641439
v -0.463796 0.934089 -7.699558
v -0.375725 0.961103 -7.748541
v -0.616511 0.832966 -7.699558
v -0.545174 0.890915 -7.748541
v -0.754114 0.500761 -7.583363
v -0.717634 0.680251 -7.583363
v -0.744648 0.592180 -7.641439
v -0.674460 0.761629 -7.641439
v -0.717634 0.680251 -7.699558
v -0.674460 0.761629 -7.748541
v -0.754114 0.500761 -7.699558
v -0.744648 0.592180 -7.748541
v -0.616511 0.168556 -7.583363
v -0.717634 0.321271 -7.583363
v -0.674459 0.239893 -7.641439
v -0.744648 0.409342 -7.641439
v -0.717634 0.321271 -7.699558
v -0.744648 0.409342 -7.748541
v -0.616511 0.168556 -7.699558
v -0.674459 0.239893 -7.748541
v -0.463796 0.067433 -7.583363
v -0.375725 0.040419 -7.641439
v -0.545174 0.110607 -7.641439
v -0.463796 0.067433 -7.699558
v -0.545174 0.110607 -7.748541
v -0.375725 0.040419 -7.748541
v 0.047899 0.168556 -7.779212
v -0.104816 0.067433 -7.779212
v -0.023541 0.110762 -7.795935
v -0.284306 0.030953 -7.779212
v -0.192923 0.040602 -7.795935
v -0.105100 0.068121 -7.803072
v -0.284306 0.031698 -7.803072
v 0.047372 0.169083 -7.803072
v 0.185502 0.500761 -7.779212
v 0.149022 0.321271 -7.779212
v 0.175853 0.409378 -7.795935
v 0.105693 0.239996 -7.795935
v 0.148334 0.321555 -7.803072
v 0.184757 0.500761 -7.803072
v 0.047899 0.832965 -7.779212
v 0.149022 0.680251 -7.779212
v 0.105693 0.761525 -7.795935
v 0.175853 0.592143 -7.795935
v 0.148334 0.679966 -7.803072
v 0.047371 0.832438 -7.803072
v -0.284306 0.970569 -7.779212
v -0.104816 0.934089 -7.779212
v -0.192924 0.960920 -7.795935
v -0.023541 0.890759 -7.795935
v -0.105101 0.933401 -7.803072
v -0.284306 0.969824 -7.803072
v -0.616511 0.832966 -7.779212
v -0.463796 0.934089 -7.779212
v -0.545070 0.890760 -7.795935
v -0.375688 0.960920 -7.795935
v -0.463511 0.933401 -7.803072
v -0.615983 0.832439 -7.803072
v -0.754114 0.500761 -7.779212
v -0.717634 0.680251 -7.779212
v -0.744465 0.592143 -7.795935
v -0.674305 0.761526 -7.795935
v -0.716946 0.679967 -7.803072
v -0.753369 0.500761 -7.803072
v -0.616511 0.168556 -7.779212
v -0.717634 0.321270 -7.779212
v -0.674305 0.239996 -7.795935
v -0.744465 0.409378 -7.795935
v -0.716946 0.321555 -7.803072
v -0.615983 0.169083 -7.803072
v -0.463796 0.067433 -7.779212
v -0.375688 0.040602 -7.795935
v -0.545070 0.110762 -7.795935
v -0.463511 0.068121 -7.803072
v 0.406427 -0.189971 -6.362655
v 0.088897 -0.400231 -6.362655
v 0.258100 -0.310461 -6.445305
v -0.284306 -0.476082 -6.362655
v -0.094225 -0.456399 -6.445305
v 0.088897 -0.400231 -6.533913
v -0.284306 -0.476082 -6.533914
v 0.406427 -0.189971 -6.533914
v 0.692537 0.500761 -6.362655
v 0.616686 0.127558 -6.362655
v 0.672854 0.310680 -6.445305
v 0.526916 -0.041645 -6.445305
v 0.616686 0.127558 -6.533913
v 0.692537 0.500761 -6.533913
v 0.406427 1.191493 -6.362655
v 0.616686 0.873964 -6.362655
v 0.526916 1.043167 -6.445305
v 0.672854 0.690842 -6.445305
v 0.616686 0.873964 -6.533913
v 0.406427 1.191493 -6.533913
v -0.284306 1.477604 -6.362655
v 0.088897 1.401752 -6.362655
v -0.094225 1.457921 -6.445305
v 0.258101 1.311983 -6.445305
v 0.088897 1.401752 -6.533913
v -0.284306 1.477604 -6.533913
v -0.975038 1.191493 -6.362655
v -0.657509 1.401753 -6.362655
v -0.826712 1.311983 -6.445305
v -0.474387 1.457921 -6.445305
v -0.657509 1.401753 -6.533913
v -0.975038 1.191493 -6.533913
v -1.261149 0.500761 -6.362655
v -1.185297 0.873964 -6.362655
v -1.241466 0.690842 -6.445305
v -1.095528 1.043167 -6.445305
v -1.185297 0.873964 -6.533913
v -1.261149 0.500761 -6.533913
v -0.975038 -0.189971 -6.362655
v -1.185297 0.127558 -6.362655
v -1.095528 -0.041645 -6.445305
v -1.241466 0.310680 -6.445305
v -1.185297 0.127558 -6.533913
v -0.975038 -0.189971 -6.533914
v -0.474387 -0.456399 -6.445305
v -0.657509 -0.400230 -6.533914
v -0.657509 -0.400230 -6.362655
v -0.826712 -0.310461 -6.445305
v 0.406427 -0.189971 -7.011232
v 0.088897 -0.400231 -7.011232
v 0.257446 -0.309482 -7.063740
v -0.284306 -0.476082 -7.011232
v -0.094454 -0.455244 -7.063740
v 0.087097 -0.395885 -7.111465
v -0.284306 -0.471371 -7.111465
v 0.403095 -0.186640 -7.111465
v 0.692537 0.500761 -7.011232
v 0.616686 0.127558 -7.011232
v 0.671700 0.310909 -7.063740
v 0.525938 -0.040991 -7.063740
v 0.612340 0.129358 -7.111465
v 0.687826 0.500761 -7.111465
v 0.406427 1.191493 -7.011232
v 0.616686 0.873964 -7.011232
v 0.525938 1.042513 -7.063740
v 0.671700 0.690613 -7.063740
v 0.612340 0.872164 -7.111465
v 0.403095 1.188162 -7.111465
v -0.284306 1.477604 -7.011232
v 0.088897 1.401752 -7.011232
v -0.094454 1.456766 -7.063740
v 0.257446 1.311004 -7.063740
v 0.087097 1.397407 -7.111465
v -0.284306 1.472893 -7.111465
v -0.975038 1.191493 -7.011232
v -0.657509 1.401753 -7.011232
v -0.826058 1.311005 -7.063740
v -0.474158 1.456766 -7.063740
v -0.655709 1.397407 -7.111465
v -0.971707 1.188162 -7.111465
v -1.261149 0.500761 -7.011232
v -1.185297 0.873964 -7.011232
v -1.240311 0.690613 -7.063740
v -1.094549 1.042513 -7.063740
v -1.180952 0.872164 -7.111465
v -1.256438 0.500761 -7.111465
v -0.975038 -0.189971 -7.011232
v -1.185297 0.127558 -7.011232
v -1.094549 -0.040991 -7.063740
v -1.240311 0.310909 -7.063740
v -1.180952 0.129358 -7.111465
v -0.971707 -0.186640 -7.111465
v -0.474158 -0.455244 -7.063740
v -0.655709 -0.395885 -7.111465
v -0.657509 -0.400230 -7.011232
v -0.826058 -0.309482 -7.063740
v -0.669261 1.076499 -5.814318
v -0.804096 1.020551 -5.832983
v -0.692478 1.111222 -5.832983
v -0.427346 1.221043 -5.832983
v -0.446198 1.315976 -5.889167
v -0.746275 1.191680 -5.889167
v -0.141266 1.221043 -5.832983
v 0.123866 1.111222 -5.832983
v 0.177663 1.191680 -5.889167
v -0.122413 1.315976 -5.889167
v 0.326155 0.908933 -5.832983
v 0.435976 0.643801 -5.832983
v 0.530909 0.662653 -5.889167
v 0.406613 0.962730 -5.889167
v 0.435976 0.357721 -5.832983
v 0.326155 0.092589 -5.832983
v 0.406614 0.038792 -5.889167
v 0.530909 0.338868 -5.889167
v 0.123866 -0.109700 -5.832983
v -0.141266 -0.219521 -5.832983
v -0.122413 -0.314454 -5.889167
v 0.177663 -0.190158 -5.889167
v -0.427346 -0.219521 -5.832983
v -0.692478 -0.109700 -5.832983
v -0.746275 -0.190158 -5.889167
v -0.446198 -0.314454 -5.889167
v -0.894767 0.092589 -5.832983
v -1.004588 0.357721 -5.832983
v -1.099521 0.338869 -5.889167
v -0.975225 0.038792 -5.889167
v -1.004588 0.643801 -5.832983
v -0.894767 0.908933 -5.832983
v -0.975225 0.962730 -5.889167
v -1.099521 0.662654 -5.889167
v -0.349248 0.823050 -7.228348
v -0.466278 0.774574 -7.228348
v -0.359736 0.682865 -7.236056
v -0.102334 0.774574 -7.228348
v -0.219364 0.823050 -7.228348
v -0.208876 0.682865 -7.236056
v 0.037983 0.565703 -7.228348
v -0.010493 0.682733 -7.228348
v -0.102202 0.576191 -7.236056
v -0.010493 0.318789 -7.228348
v 0.037983 0.435819 -7.228348
v -0.102202 0.425331 -7.236056
v -0.219364 0.178472 -7.228348
v -0.102334 0.226948 -7.228348
v -0.208876 0.318657 -7.236056
v -0.466278 0.226948 -7.228348
v -0.349248 0.178472 -7.228348
v -0.359736 0.318657 -7.236056
v -0.606594 0.435819 -7.228348
v -0.558119 0.318789 -7.228348
v -0.466410 0.425331 -7.236056
v -0.558119 0.682733 -7.228348
v -0.606595 0.565703 -7.228348
v -0.466410 0.576191 -7.236056
v -0.416711 0.700027 -7.461704
v -0.331584 0.735287 -7.461704
v -0.339059 0.632945 -7.466227
v -0.237028 0.735287 -7.461704
v -0.151901 0.700027 -7.461704
v -0.229554 0.632945 -7.466227
v -0.085040 0.633166 -7.461704
v -0.049780 0.548039 -7.461704
v -0.152122 0.555514 -7.466227
v -0.049780 0.453483 -7.461704
v -0.085040 0.368356 -7.461704
v -0.152122 0.446009 -7.466227
v -0.151901 0.301495 -7.461704
v -0.237028 0.266235 -7.461704
v -0.229554 0.368577 -7.466227
v -0.331584 0.266235 -7.461704
v -0.416711 0.301496 -7.461704
v -0.339059 0.368577 -7.466227
v -0.483571 0.368356 -7.461704
v -0.518832 0.453483 -7.461704
v -0.416490 0.446009 -7.466227
v -0.518832 0.548039 -7.461704
v -0.483572 0.633166 -7.461704
v -0.416490 0.555514 -7.466227
v -0.640516 1.033508 -7.469208
v -0.409136 1.129348 -7.469208
v -0.390942 1.037732 -7.477090
v -0.588598 0.955860 -7.477090
v -0.159476 1.129348 -7.469208
v 0.071904 1.033508 -7.469208
v 0.019986 0.955860 -7.477090
v -0.177670 1.037732 -7.477090
v 0.248441 0.856971 -7.469208
v 0.344281 0.625591 -7.469208
v 0.252665 0.607397 -7.477090
v 0.170793 0.805053 -7.477090
v 0.344281 0.375931 -7.469208
v 0.248441 0.144551 -7.469208
v 0.170793 0.196469 -7.477090
v 0.252665 0.394125 -7.477090
v 0.071904 -0.031985 -7.469208
v -0.159476 -0.127826 -7.469208
v -0.177670 -0.036210 -7.477090
v 0.019987 0.045662 -7.477090
v -0.409136 -0.127826 -7.469208
v -0.640516 -0.031985 -7.469208
v -0.588598 0.045662 -7.477090
v -0.390942 -0.036210 -7.477090
v -0.817052 0.144551 -7.469208
v -0.912893 0.375931 -7.469208
v -0.821277 0.394125 -7.477090
v -0.739405 0.196469 -7.477090
v -0.821277 0.607397 -7.477090
v -0.912893 0.625591 -7.469208
v -0.817052 0.856971 -7.469208
v -0.739405 0.805054 -7.477090
v -0.694064 0.582134 -7.806714
v -0.631588 0.732964 -7.806714
v -0.590290 0.705351 -7.807171
v -0.645336 0.572458 -7.807171
v -0.590290 0.296171 -7.807171
v -0.631588 0.268558 -7.806714
v -0.694064 0.419387 -7.806714
v -0.645336 0.429064 -7.807171
v -0.365679 0.091003 -7.806714
v -0.516509 0.153478 -7.806714
v -0.488896 0.194777 -7.807171
v -0.356002 0.139730 -7.807171
v -0.052103 0.153479 -7.806714
v -0.202933 0.091003 -7.806714
v -0.212609 0.139731 -7.807171
v -0.079716 0.194777 -7.807171
v 0.125452 0.419387 -7.806714
v 0.062977 0.268558 -7.806714
v 0.021678 0.296171 -7.807171
v 0.076724 0.429064 -7.807171
v 0.062976 0.732964 -7.806714
v 0.125452 0.582134 -7.806714
v 0.076724 0.572457 -7.807171
v 0.021678 0.705351 -7.807171
v -0.202933 0.910519 -7.806714
v -0.052103 0.848043 -7.806714
v -0.079716 0.806745 -7.807171
v -0.212609 0.861791 -7.807171
v -0.516509 0.848044 -7.806714
v -0.365679 0.910519 -7.806714
v -0.356003 0.861791 -7.807171
v -0.488896 0.806745 -7.807171
v -0.766079 0.596436 -7.477077
v -0.692623 0.773774 -7.477077
v -0.677693 0.763792 -7.477775
v -0.748464 0.592938 -7.477775
v -0.550602 0.678815 -7.460350
v -0.598509 0.563158 -7.460350
v -0.598992 0.563254 -7.484793
v -0.551012 0.679089 -7.484793
v -0.692623 0.227748 -7.477077
v -0.766079 0.405086 -7.477077
v -0.748463 0.408585 -7.477775
v -0.677693 0.237731 -7.477775
v -0.598509 0.438364 -7.460350
v -0.550602 0.322708 -7.460350
v -0.551012 0.322433 -7.484793
v -0.598992 0.438268 -7.484793
v -0.379981 0.018988 -7.477077
v -0.557319 0.092444 -7.477077
v -0.547336 0.107374 -7.477775
v -0.376482 0.036604 -7.477775
v -0.462359 0.234465 -7.460350
v -0.346703 0.186558 -7.460350
v -0.346799 0.186075 -7.484793
v -0.462633 0.234055 -7.484793
v -0.011293 0.092444 -7.477077
v -0.188631 0.018988 -7.477077
v -0.192129 0.036604 -7.477775
v -0.021276 0.107374 -7.477775
v -0.221909 0.186558 -7.460350
v -0.106252 0.234465 -7.460350
v -0.105978 0.234055 -7.484793
v -0.221813 0.186075 -7.484793
v 0.197467 0.405086 -7.477077
v 0.124011 0.227748 -7.477077
v 0.109082 0.237731 -7.477775
v 0.179851 0.408585 -7.477775
v -0.018010 0.322708 -7.460350
v 0.029897 0.438364 -7.460350
v 0.030380 0.438268 -7.484793
v -0.017600 0.322433 -7.484793
v 0.124011 0.773774 -7.477077
v 0.197467 0.596436 -7.477077
v 0.179851 0.592937 -7.477775
v 0.109081 0.763791 -7.477775
v 0.029897 0.563158 -7.460350
v -0.018010 0.678815 -7.460350
v -0.017600 0.679089 -7.484793
v 0.030380 0.563254 -7.484793
v -0.188631 0.982534 -7.477077
v -0.011293 0.909078 -7.477077
v -0.021276 0.894149 -7.477775
v -0.192130 0.964919 -7.477775
v -0.106252 0.767057 -7.460350
v -0.221909 0.814964 -7.460350
v -0.221813 0.815448 -7.484793
v -0.105978 0.767467 -7.484793
v -0.557319 0.909078 -7.477077
v -0.379981 0.982534 -7.477077
v -0.376482 0.964919 -7.477775
v -0.547336 0.894149 -7.477775
v -0.346703 0.814964 -7.460350
v -0.462360 0.767057 -7.460350
v -0.462634 0.767467 -7.484793
v -0.346799 0.815448 -7.484793
v -0.413349 1.150562 -5.803118
v -0.652537 1.051487 -5.803118
v -0.633547 1.023085 -5.795652
v -0.406694 1.117050 -5.795652
v 0.083926 1.051487 -5.803118
v -0.155263 1.150562 -5.803118
v -0.161918 1.117050 -5.795652
v 0.064935 1.023084 -5.795652
v 0.365495 0.629804 -5.803118
v 0.266420 0.868993 -5.803118
v 0.238017 0.850002 -5.795652
v 0.331983 0.623149 -5.795652
v 0.266420 0.132530 -5.803118
v 0.365495 0.371718 -5.803118
v 0.331983 0.378373 -5.795652
v 0.238018 0.151520 -5.795652
v -0.155263 -0.149040 -5.803118
v 0.083926 -0.049965 -5.803118
v 0.064935 -0.021562 -5.795652
v -0.161918 -0.115528 -5.795652
v -0.633546 -0.021562 -5.795652
v -0.652537 -0.049965 -5.803118
v -0.413349 -0.149040 -5.803118
v -0.406694 -0.115528 -5.795652
v -0.934107 0.371718 -5.803118
v -0.835032 0.132530 -5.803118
v -0.806629 0.151520 -5.795652
v -0.900594 0.378373 -5.795652
v -0.835032 0.868993 -5.803118
v -0.934107 0.629804 -5.803118
v -0.900595 0.623149 -5.795652
v -0.806629 0.850002 -5.795652
v -0.401987 1.093346 -5.603428
v -0.620114 1.002995 -5.603428
v -0.613364 0.992899 -5.603152
v -0.399621 1.081434 -5.603152
v 0.051502 1.002995 -5.603428
v -0.166625 1.093346 -5.603428
v -0.168991 1.081434 -5.603152
v 0.044752 0.992899 -5.603152
v 0.308280 0.618442 -5.603428
v 0.217928 0.836569 -5.603428
v 0.207832 0.829819 -5.603152
v 0.296367 0.616076 -5.603152
v 0.217928 0.164953 -5.603428
v 0.308280 0.383080 -5.603428
v 0.296367 0.385446 -5.603152
v 0.207832 0.171703 -5.603152
v -0.166625 -0.091824 -5.603428
v 0.051502 -0.001473 -5.603428
v 0.044752 0.008623 -5.603152
v -0.168991 -0.079912 -5.603152
v -0.620114 -0.001473 -5.603428
v -0.401987 -0.091824 -5.603428
v -0.399621 -0.079912 -5.603152
v -0.613364 0.008623 -5.603152
v -0.864979 0.385446 -5.603152
v -0.876891 0.383081 -5.603428
v -0.786540 0.164953 -5.603428
v -0.776444 0.171703 -5.603152
v -0.786540 0.836570 -5.603428
v -0.876891 0.618442 -5.603428
v -0.864979 0.616076 -5.603152
v -0.776444 0.829819 -5.603152
v -0.402283 1.094839 -5.793860
v -0.620960 1.004260 -5.793860
v -0.620710 1.003886 -5.780313
v -0.402195 1.094398 -5.780313
v -0.523937 0.859153 -5.778315
v -0.368282 0.923627 -5.778315
v -0.368282 0.923627 -5.665909
v -0.523937 0.859153 -5.665909
v 0.052348 1.004260 -5.793860
v -0.166329 1.094839 -5.793860
v -0.166416 1.094398 -5.780313
v 0.052098 1.003886 -5.780313
v -0.200330 0.923627 -5.778315
v -0.044675 0.859153 -5.778315
v -0.044675 0.859153 -5.665909
v -0.200330 0.923627 -5.665909
v 0.309772 0.618738 -5.793860
v 0.219193 0.837415 -5.793860
v 0.218819 0.837165 -5.780313
v 0.309331 0.618651 -5.780313
v 0.138560 0.584737 -5.665909
v 0.074086 0.740392 -5.665909
v 0.074086 0.740392 -5.778315
v 0.138560 0.584737 -5.778315
v 0.219193 0.164107 -5.793860
v 0.309772 0.382784 -5.793860
v 0.309331 0.382871 -5.780313
v 0.218819 0.164357 -5.780313
v 0.138560 0.416785 -5.778315
v 0.074086 0.261130 -5.778315
v 0.074086 0.261130 -5.665909
v 0.138560 0.416785 -5.665909
v -0.166329 -0.093317 -5.793860
v 0.052348 -0.002738 -5.793860
v 0.052098 -0.002364 -5.780313
v -0.166416 -0.092876 -5.780313
v -0.044675 0.142369 -5.778315
v -0.200329 0.077895 -5.778315
v -0.200329 0.077895 -5.665909
v -0.044675 0.142369 -5.665909
v -0.620710 -0.002364 -5.780313
v -0.620960 -0.002738 -5.793860
v -0.402283 -0.093317 -5.793860
v -0.402195 -0.092876 -5.780313
v -0.368282 0.077895 -5.778315
v -0.523937 0.142370 -5.778315
v -0.523937 0.142370 -5.665909
v -0.368282 0.077895 -5.665909
v -0.878384 0.382784 -5.793860
v -0.787805 0.164107 -5.793860
v -0.787431 0.164357 -5.780313
v -0.877943 0.382872 -5.780313
v -0.642697 0.261130 -5.778315
v -0.707172 0.416785 -5.778315
v -0.707172 0.416785 -5.665909
v -0.642697 0.261130 -5.665909
v -0.787805 0.837415 -5.793860
v -0.878384 0.618738 -5.793860
v -0.877943 0.618651 -5.780313
v -0.787431 0.837165 -5.780313
v -0.707172 0.584738 -5.778315
v -0.642697 0.740392 -5.778315
v -0.642697 0.740392 -5.665909
v -0.707172 0.584738 -5.665909
v -0.469803 -0.433316 -7.204692
v -0.813632 -0.290897 -7.204692
v -0.790775 -0.256712 -7.297350
v -0.461793 -0.392981 -7.297350
v 0.245020 -0.290897 -7.204692
v -0.098809 -0.433316 -7.204692
v -0.106819 -0.392981 -7.297350
v 0.222163 -0.256712 -7.297350
v 0.649771 0.315264 -7.204692
v 0.507353 -0.028565 -7.204692
v 0.473168 -0.005708 -7.297350
v 0.609436 0.323274 -7.297350
v 0.507352 1.030087 -7.204692
v 0.649771 0.686258 -7.204692
v 0.609436 0.678248 -7.297350
v 0.473168 1.007230 -7.297350
v -0.098809 1.434838 -7.204692
v 0.245020 1.292419 -7.204692
v 0.222163 1.258235 -7.297350
v -0.106819 1.394503 -7.297350
v -0.813632 1.292419 -7.204692
v -0.469803 1.434838 -7.204692
v -0.461793 1.394503 -7.297350
v -0.790775 1.258235 -7.297350
v -1.218383 0.686258 -7.204692
v -1.075964 1.030087 -7.204692
v -1.041779 1.007230 -7.297350
v -1.178048 0.678248 -7.297350
v -1.075964 -0.028565 -7.204692
v -1.218383 0.315264 -7.204692
v -1.178048 0.323274 -7.297350
v -1.041779 -0.005708 -7.297350
v -0.448089 -0.323975 -7.378064
v -0.751670 -0.198227 -7.378064
v -0.698706 -0.119015 -7.437668
v -0.429528 -0.230512 -7.437668
v 0.183058 -0.198228 -7.378064
v -0.120523 -0.323975 -7.378064
v -0.139083 -0.230512 -7.437668
v 0.130094 -0.119015 -7.437668
v 0.540430 0.336978 -7.378064
v 0.414683 0.033397 -7.378064
v 0.335470 0.086361 -7.437668
v 0.446967 0.355538 -7.437668
v 0.414683 0.968125 -7.378064
v 0.540430 0.664544 -7.378064
v 0.446967 0.645983 -7.437668
v 0.335470 0.915161 -7.437668
v -0.120523 1.325497 -7.378064
v 0.183058 1.199749 -7.378064
v 0.130094 1.120537 -7.437668
v -0.139083 1.232034 -7.437668
v -0.751670 1.199750 -7.378064
v -0.448089 1.325497 -7.378064
v -0.429528 1.232034 -7.437668
v -0.698706 1.120537 -7.437668
v -1.109042 0.664544 -7.378064
v -0.983294 0.968125 -7.378064
v -0.904082 0.915161 -7.437668
v -1.015579 0.645984 -7.437668
v -0.983294 0.033397 -7.378064
v -1.109042 0.336978 -7.378064
v -1.015579 0.355539 -7.437668
v -0.904081 0.086361 -7.437668
v -0.826712 -0.310461 -6.229909
v -0.474387 -0.456399 -6.229909
v -0.473470 -0.451782 -6.135618
v -0.824096 -0.306548 -6.135618
v 0.255484 -0.306548 -6.135618
v -0.095142 -0.451782 -6.135618
v -0.094225 -0.456399 -6.229909
v 0.258100 -0.310461 -6.229909
v 0.668237 0.311597 -6.135618
v 0.523003 -0.039029 -6.135618
v 0.526916 -0.041645 -6.229909
v 0.672854 0.310680 -6.229909
v 0.523003 1.040551 -6.135618
v 0.668237 0.689925 -6.135618
v 0.672854 0.690842 -6.229909
v 0.526916 1.043167 -6.229909
v -0.095142 1.453304 -6.135618
v 0.255484 1.308070 -6.135618
v 0.258101 1.311983 -6.229909
v -0.094225 1.457921 -6.229909
v -0.824096 1.308070 -6.135618
v -0.473470 1.453304 -6.135618
v -0.474387 1.457921 -6.229909
v -0.826712 1.311983 -6.229909
v -1.236849 0.689925 -6.135618
v -1.091615 1.040552 -6.135618
v -1.095528 1.043167 -6.229909
v -1.241466 0.690842 -6.229909
v -1.091615 -0.039029 -6.135618
v -1.236849 0.311597 -6.135618
v -1.241466 0.310680 -6.229909
v -1.095528 -0.041645 -6.229909
v -0.461415 -0.391077 -5.964575
v -0.789696 -0.255099 -5.964575
v -0.813632 -0.290897 -6.050300
v -0.469803 -0.433316 -6.050300
v 0.221084 -0.255099 -5.964575
v -0.107197 -0.391077 -5.964575
v -0.098809 -0.433316 -6.050300
v 0.245020 -0.290897 -6.050300
v 0.607532 0.323652 -5.964575
v 0.471554 -0.004629 -5.964575
v 0.507353 -0.028565 -6.050300
v 0.649771 0.315264 -6.050300
v 0.471554 1.006151 -5.964575
v 0.607532 0.677870 -5.964575
v 0.649771 0.686258 -6.050300
v 0.507352 1.030087 -6.050300
v -0.107197 1.392599 -5.964575
v 0.221084 1.256621 -5.964575
v 0.245020 1.292419 -6.050300
v -0.098809 1.434838 -6.050300
v -0.789696 1.256621 -5.964575
v -0.461415 1.392599 -5.964575
v -0.469803 1.434838 -6.050300
v -0.813632 1.292419 -6.050300
v -1.176144 0.677870 -5.964575
v -1.040166 1.006151 -5.964575
v -1.075964 1.030087 -6.050300
v -1.218383 0.686258 -6.050300
v -1.040166 -0.004629 -5.964575
v -1.176144 0.323652 -5.964575
v -1.218382 0.315264 -6.050300
v -1.075964 -0.028565 -6.050300
v -0.826712 -0.310461 -6.879739
v -0.474387 -0.456398 -6.879739
v -0.474387 -0.456399 -6.714323
v -0.826712 -0.310461 -6.714323
v 0.258100 -0.310461 -6.714323
v -0.094225 -0.456399 -6.714323
v -0.094225 -0.456399 -6.879739
v 0.258100 -0.310461 -6.879739
v 0.672854 0.310680 -6.714323
v 0.526916 -0.041645 -6.714323
v 0.526916 -0.041645 -6.879739
v 0.672854 0.310680 -6.879739
v 0.526916 1.043167 -6.714323
v 0.672854 0.690842 -6.714323
v 0.672854 0.690842 -6.879739
v 0.526916 1.043167 -6.879739
v -0.094225 1.457921 -6.714323
v 0.258101 1.311983 -6.714323
v 0.258101 1.311983 -6.879739
v -0.094225 1.457921 -6.879739
v -0.826712 1.311983 -6.714323
v -0.474387 1.457921 -6.714323
v -0.474387 1.457921 -6.879739
v -0.826712 1.311983 -6.879739
v -1.241466 0.690842 -6.714323
v -1.095528 1.043167 -6.714323
v -1.095528 1.043167 -6.879739
v -1.241466 0.690842 -6.879739
v -1.095527 -0.041645 -6.714323
v -1.241466 0.310680 -6.714323
v -1.241466 0.310680 -6.879739
v -1.095527 -0.041645 -6.879739
v -0.675106 0.239461 -7.480630
v -0.745411 0.409191 -7.480630
v -0.744648 0.409342 -7.504043
v -0.674459 0.239893 -7.504043
v -0.375876 0.039656 -7.480630
v -0.545606 0.109961 -7.480630
v -0.545174 0.110608 -7.504043
v -0.375725 0.040419 -7.504043
v -0.023005 0.109961 -7.480630
v -0.192736 0.039656 -7.480630
v -0.192887 0.040419 -7.504043
v -0.023438 0.110608 -7.504043
v 0.176799 0.409191 -7.480630
v 0.106494 0.239460 -7.480630
v 0.105848 0.239893 -7.504043
v 0.176036 0.409342 -7.504043
v 0.106494 0.762062 -7.480630
v 0.176799 0.592331 -7.480630
v 0.176036 0.592180 -7.504043
v 0.105848 0.761629 -7.504043
v -0.192736 0.961866 -7.480630
v -0.023006 0.891561 -7.480630
v -0.023438 0.890915 -7.504043
v -0.192887 0.961103 -7.504043
v -0.545606 0.891561 -7.480630
v -0.375876 0.961866 -7.480630
v -0.375725 0.961103 -7.504043
v -0.545174 0.890915 -7.504043
v -0.745411 0.592331 -7.480630
v -0.675106 0.762062 -7.480630
v -0.674459 0.761629 -7.504043
v -0.744648 0.592180 -7.504043
v -0.671363 0.241963 -7.806049
v -0.740994 0.410068 -7.806049
v -0.728686 0.412512 -7.806597
v -0.660931 0.248938 -7.806597
v -0.374999 0.044072 -7.806049
v -0.543104 0.113703 -7.806049
v -0.536129 0.124135 -7.806597
v -0.372555 0.056381 -7.806597
v -0.025508 0.113704 -7.806049
v -0.193613 0.044072 -7.806049
v -0.196057 0.056381 -7.806597
v -0.032483 0.124135 -7.806597
v 0.172383 0.410068 -7.806049
v 0.102752 0.241963 -7.806049
v 0.092320 0.248938 -7.806597
v 0.160074 0.412512 -7.806597
v 0.102751 0.759559 -7.806049
v 0.172383 0.591454 -7.806049
v 0.160074 0.589010 -7.806597
v 0.092319 0.752584 -7.806597
v -0.193613 0.957449 -7.806049
v -0.025508 0.887818 -7.806049
v -0.032483 0.877386 -7.806597
v -0.196057 0.945141 -7.806597
v -0.543104 0.887819 -7.806049
v -0.374999 0.957450 -7.806049
v -0.372555 0.945141 -7.806597
v -0.536129 0.877387 -7.806597
v -0.740995 0.591454 -7.806049
v -0.671363 0.759559 -7.806049
v -0.660931 0.752584 -7.806597
v -0.728686 0.589010 -7.806597
v -0.561905 0.315150 -7.807514
v -0.611845 0.435715 -7.807514
v -0.601232 0.437823 -7.807026
v -0.552910 0.321164 -7.807026
v -0.349351 0.173222 -7.807514
v -0.469917 0.223161 -7.807514
v -0.463903 0.232156 -7.807026
v -0.347244 0.183834 -7.807026
v -0.098695 0.223162 -7.807514
v -0.219260 0.173222 -7.807514
v -0.221368 0.183835 -7.807026
v -0.104709 0.232156 -7.807026
v 0.043233 0.435715 -7.807514
v -0.006707 0.315150 -7.807514
v -0.015701 0.321164 -7.807026
v 0.032620 0.437823 -7.807026
v -0.006707 0.686372 -7.807514
v 0.043233 0.565806 -7.807514
v 0.032620 0.563699 -7.807026
v -0.015701 0.680358 -7.807026
v -0.219260 0.828300 -7.807514
v -0.098695 0.778360 -7.807514
v -0.104709 0.769365 -7.807026
v -0.221368 0.817687 -7.807026
v -0.469917 0.778360 -7.807514
v -0.349352 0.828300 -7.807514
v -0.347244 0.817687 -7.807026
v -0.463903 0.769366 -7.807026
v -0.611845 0.565807 -7.807514
v -0.561905 0.686372 -7.807514
v -0.552911 0.680358 -7.807026
v -0.601232 0.563699 -7.807026
v 0.030380 0.563254 -7.780584
v -0.017600 0.679088 -7.780584
v -0.017220 0.679342 -7.804729
v 0.030828 0.563343 -7.804729
v -0.017600 0.322433 -7.780584
v 0.030380 0.438268 -7.780584
v 0.030828 0.438179 -7.804729
v -0.017220 0.322179 -7.804729
v -0.221813 0.186074 -7.780584
v -0.105978 0.234055 -7.780584
v -0.105724 0.233675 -7.804729
v -0.221724 0.185626 -7.804729
v -0.462633 0.234054 -7.780584
v -0.346799 0.186074 -7.780584
v -0.346888 0.185626 -7.804729
v -0.462887 0.233675 -7.804729
v -0.598992 0.438268 -7.780584
v -0.551012 0.322433 -7.780584
v -0.551392 0.322179 -7.804729
v -0.599440 0.438179 -7.804729
v -0.551012 0.679089 -7.780584
v -0.598992 0.563254 -7.780584
v -0.599440 0.563343 -7.804729
v -0.551392 0.679343 -7.804729
v -0.346799 0.815447 -7.780584
v -0.462634 0.767467 -7.780584
v -0.462887 0.767847 -7.804729
v -0.346888 0.815895 -7.804729
v -0.105978 0.767467 -7.780584
v -0.221813 0.815447 -7.780584
v -0.221724 0.815895 -7.804729
v -0.105724 0.767847 -7.804729
v 0.030380 0.563254 -7.570088
v -0.017600 0.679089 -7.570088
v -0.017600 0.679088 -7.695487
v 0.030380 0.563254 -7.695487
v -0.017600 0.322433 -7.570088
v 0.030380 0.438268 -7.570088
v 0.030380 0.438268 -7.695487
v -0.017600 0.322433 -7.695487
v -0.221813 0.186075 -7.570088
v -0.105978 0.234055 -7.570088
v -0.105978 0.234055 -7.695487
v -0.221813 0.186074 -7.695487
v -0.462633 0.234055 -7.570088
v -0.346799 0.186075 -7.570088
v -0.346799 0.186074 -7.695487
v -0.462633 0.234055 -7.695487
v -0.598992 0.438268 -7.570088
v -0.551012 0.322433 -7.570088
v -0.551012 0.322433 -7.695487
v -0.598992 0.438268 -7.695487
v -0.551012 0.679089 -7.570088
v -0.598992 0.563254 -7.570088
v -0.598992 0.563254 -7.695487
v -0.551012 0.679089 -7.695487
v -0.346799 0.815448 -7.570088
v -0.462634 0.767467 -7.570088
v -0.462634 0.767467 -7.695487
v -0.346799 0.815448 -7.695487
v -0.105978 0.767467 -7.570088
v -0.221813 0.815448 -7.570088
v -0.221813 0.815447 -7.695487
v -0.105978 0.767467 -7.695487
v -0.461263 0.765418 -7.457854
v -0.346319 0.813029 -7.457854
v -0.342127 0.792945 -7.458344
v -0.450026 0.748252 -7.458344
v -0.222293 0.813029 -7.457854
v -0.107349 0.765418 -7.457854
v -0.118586 0.748252 -7.458344
v -0.226485 0.792945 -7.458344
v -0.019650 0.677718 -7.457854
v 0.027962 0.562774 -7.457854
v 0.007878 0.558582 -7.458344
v -0.036815 0.666481 -7.458344
v 0.027962 0.438748 -7.457854
v -0.019649 0.323804 -7.457854
v -0.036815 0.335041 -7.458344
v 0.007878 0.442940 -7.458344
v -0.107349 0.236105 -7.457854
v -0.222293 0.188493 -7.457854
v -0.226484 0.208577 -7.458344
v -0.118586 0.253270 -7.458344
v -0.346319 0.188493 -7.457854
v -0.461263 0.236105 -7.457854
v -0.450025 0.253270 -7.458344
v -0.342127 0.208577 -7.458344
v -0.548962 0.323804 -7.457854
v -0.596574 0.438748 -7.457854
v -0.576490 0.442940 -7.458344
v -0.531797 0.335042 -7.458344
v -0.596574 0.562774 -7.457854
v -0.548962 0.677718 -7.457854
v -0.531797 0.666481 -7.458344
v -0.576490 0.558583 -7.458344
v -0.368282 0.923627 -5.991475
v -0.523937 0.859153 -5.991475
v -0.523937 0.859153 -6.294548
v -0.368282 0.923627 -6.294548
v -0.044675 0.859153 -5.991475
v -0.200330 0.923627 -5.991475
v -0.200330 0.923627 -6.294548
v -0.044675 0.859153 -6.294548
v 0.138560 0.584737 -5.991475
v 0.074086 0.740392 -5.991475
v 0.074086 0.740392 -6.294548
v 0.138560 0.584737 -6.294548
v 0.074086 0.261130 -5.991475
v 0.138560 0.416785 -5.991475
v 0.138560 0.416785 -6.294548
v 0.074086 0.261130 -6.294548
v -0.200329 0.077895 -5.991475
v -0.044675 0.142370 -5.991475
v -0.044675 0.142370 -6.294548
v -0.200329 0.077895 -6.294548
v -0.523937 0.142370 -5.991475
v -0.368282 0.077895 -5.991475
v -0.368282 0.077895 -6.294548
v -0.523937 0.142370 -6.294548
v -0.707172 0.416785 -5.991475
v -0.642697 0.261130 -5.991475
v -0.642697 0.261130 -6.294548
v -0.707172 0.416785 -6.294548
v -0.642697 0.740392 -5.991475
v -0.707172 0.584738 -5.991475
v -0.707172 0.584738 -6.294548
v -0.642698 0.740392 -6.294548
v -0.368282 0.923627 -7.124373
v -0.523937 0.859153 -7.124373
v -0.510663 0.838753 -7.203078
v -0.363244 0.899817 -7.203078
v -0.044675 0.859153 -7.124373
v -0.200330 0.923627 -7.124373
v -0.205368 0.899817 -7.203078
v -0.057949 0.838753 -7.203078
v 0.138560 0.584737 -7.124373
v 0.074086 0.740392 -7.124373
v 0.053686 0.727118 -7.203078
v 0.114749 0.579699 -7.203078
v 0.074086 0.261130 -7.124373
v 0.138560 0.416785 -7.124373
v 0.114749 0.421823 -7.203078
v 0.053686 0.274403 -7.203078
v -0.200329 0.077895 -7.124373
v -0.044675 0.142369 -7.124373
v -0.057948 0.162769 -7.203078
v -0.205368 0.101705 -7.203078
v -0.523937 0.142369 -7.124373
v -0.368282 0.077895 -7.124373
v -0.363244 0.101705 -7.203078
v -0.510663 0.162769 -7.203078
v -0.707172 0.416785 -7.124373
v -0.642697 0.261130 -7.124373
v -0.622298 0.274404 -7.203078
v -0.683361 0.421823 -7.203078
v -0.642698 0.740392 -7.124373
v -0.707172 0.584738 -7.124373
v -0.683362 0.579699 -7.203078
v -0.622298 0.727118 -7.203078
v -0.164752 -0.101257 -5.795652
v 0.056848 -0.009468 -5.795652
v 0.053448 -0.004383 -5.795294
v -0.165943 -0.095258 -5.795294
v -0.622060 -0.004383 -5.795294
v -0.625460 -0.009468 -5.795652
v -0.403860 -0.101257 -5.795652
v -0.402669 -0.095258 -5.795294
v -0.886324 0.381207 -5.795652
v -0.794535 0.159607 -5.795652
v -0.789450 0.163007 -5.795294
v -0.880325 0.382398 -5.795294
v -0.794535 0.841915 -5.795652
v -0.886324 0.620315 -5.795652
v -0.880325 0.619124 -5.795294
v -0.789450 0.838515 -5.795294
v -0.403860 1.102780 -5.795652
v -0.625460 1.010990 -5.795652
v -0.622060 1.005906 -5.795294
v -0.402669 1.096780 -5.795294
v 0.056848 1.010990 -5.795652
v -0.164752 1.102779 -5.795652
v -0.165943 1.096780 -5.795294
v 0.053448 1.005905 -5.795294
v 0.317712 0.620315 -5.795652
v 0.225923 0.841915 -5.795652
v 0.220838 0.838515 -5.795294
v 0.311713 0.619124 -5.795294
v 0.225923 0.159607 -5.795652
v 0.317712 0.381207 -5.795652
v 0.311713 0.382398 -5.795294
v 0.220839 0.163007 -5.795294
v -0.166385 -0.093034 -5.733293
v 0.052188 -0.002499 -5.733293
v 0.052320 -0.002696 -5.664279
v -0.166339 -0.093267 -5.664279
v -0.620932 -0.002696 -5.664279
v -0.620800 -0.002498 -5.733293
v -0.402227 -0.093034 -5.733293
v -0.402273 -0.093267 -5.664279
v -0.878101 0.382840 -5.733293
v -0.787566 0.164267 -5.733293
v -0.787763 0.164135 -5.664279
v -0.878334 0.382794 -5.664279
v -0.787566 0.837255 -5.733293
v -0.878101 0.618682 -5.733293
v -0.878334 0.618729 -5.664279
v -0.787763 0.837387 -5.664279
v -0.402227 1.094556 -5.733293
v -0.620800 1.004021 -5.733293
v -0.620932 1.004218 -5.664279
v -0.402273 1.094789 -5.664279
v 0.052188 1.004021 -5.733293
v -0.166385 1.094556 -5.733293
v -0.166339 1.094789 -5.664279
v 0.052320 1.004218 -5.664279
v 0.309490 0.618682 -5.733293
v 0.218954 0.837255 -5.733293
v 0.219151 0.837387 -5.664279
v 0.309722 0.618728 -5.664279
v 0.218954 0.164267 -5.733293
v 0.309490 0.382840 -5.733293
v 0.309722 0.382794 -5.664279
v 0.219151 0.164135 -5.664279
v -0.166307 -0.093425 -5.617588
v 0.052409 -0.002829 -5.617588
v 0.052247 -0.002587 -5.604533
v -0.166364 -0.093139 -5.604533
v -0.620859 -0.002587 -5.604533
v -0.621021 -0.002829 -5.617588
v -0.402304 -0.093425 -5.617588
v -0.402248 -0.093139 -5.604533
v -0.878492 0.382763 -5.617588
v -0.787896 0.164046 -5.617588
v -0.787654 0.164208 -5.604533
v -0.878206 0.382819 -5.604533
v -0.787896 0.837476 -5.617588
v -0.878492 0.618760 -5.617588
v -0.878206 0.618703 -5.604533
v -0.787654 0.837315 -5.604533
v -0.402305 1.094947 -5.617588
v -0.621021 1.004351 -5.617588
v -0.620859 1.004109 -5.604533
v -0.402248 1.094661 -5.604533
v 0.052409 1.004351 -5.617588
v -0.166307 1.094946 -5.617588
v -0.166364 1.094661 -5.604533
v 0.052247 1.004109 -5.604533
v 0.309880 0.618760 -5.617588
v 0.219284 0.837476 -5.617588
v 0.219042 0.837314 -5.604533
v 0.309594 0.618703 -5.604533
v 0.219284 0.164046 -5.617588
v 0.309880 0.382762 -5.617588
v 0.309594 0.382819 -5.604533
v 0.219042 0.164208 -5.604533
v -0.177145 -0.038853 -5.603152
v 0.021484 0.043422 -5.603152
v -0.012736 0.094602 -5.603152
v -0.189137 0.021535 -5.603152
v -0.590096 0.043422 -5.603152
v -0.391467 -0.038852 -5.603152
v -0.379475 0.021535 -5.603152
v -0.555875 0.094602 -5.603152
v -0.763532 0.405592 -5.603152
v -0.823919 0.393600 -5.603152
v -0.741645 0.194971 -5.603152
v -0.690464 0.229192 -5.603152
v -0.741645 0.806551 -5.603152
v -0.823920 0.607922 -5.603152
v -0.763532 0.595930 -5.603152
v -0.690465 0.772331 -5.603152
v -0.391467 1.040374 -5.603152
v -0.590096 0.958100 -5.603152
v -0.555875 0.906920 -5.603152
v -0.379475 0.979987 -5.603152
v 0.021484 0.958100 -5.603152
v -0.177145 1.040374 -5.603152
v -0.189137 0.979987 -5.603152
v -0.012736 0.906920 -5.603152
v 0.255307 0.607922 -5.603152
v 0.173033 0.806551 -5.603152
v 0.121853 0.772331 -5.603152
v 0.194920 0.595930 -5.603152
v 0.173033 0.194971 -5.603152
v 0.255307 0.393600 -5.603152
v 0.194920 0.405592 -5.603152
v 0.121853 0.229191 -5.603152
v -0.197383 0.063059 -5.603152
v -0.036267 0.129795 -5.603152
v -0.043412 0.140481 -5.603412
v -0.199887 0.075667 -5.603412
v -0.532344 0.129795 -5.603152
v -0.371229 0.063059 -5.603152
v -0.368725 0.075667 -5.603412
v -0.525199 0.140481 -5.603412
v -0.709400 0.416342 -5.603412
v -0.722008 0.413839 -5.603152
v -0.655272 0.252722 -5.603152
v -0.644585 0.259868 -5.603412
v -0.655272 0.748800 -5.603152
v -0.722009 0.587684 -5.603152
v -0.709400 0.585180 -5.603412
v -0.644586 0.741655 -5.603412
v -0.371229 0.938464 -5.603152
v -0.532345 0.871727 -5.603152
v -0.525199 0.861041 -5.603412
v -0.368725 0.925855 -5.603412
v -0.036267 0.871727 -5.603152
v -0.197383 0.938463 -5.603152
v -0.199887 0.925855 -5.603412
v -0.043412 0.861041 -5.603412
v 0.153396 0.587684 -5.603152
v 0.086660 0.748800 -5.603152
v 0.075974 0.741655 -5.603412
v 0.140788 0.585180 -5.603412
v 0.086660 0.252722 -5.603152
v 0.153396 0.413838 -5.603152
v 0.140788 0.416342 -5.603412
v 0.075974 0.259867 -5.603412
v -0.200330 0.923627 -5.617784
v -0.044675 0.859153 -5.617784
v -0.044422 0.859530 -5.604453
v -0.200241 0.924072 -5.604453
v -0.523937 0.859153 -5.617784
v -0.368282 0.923627 -5.617784
v -0.368371 0.924072 -5.604453
v -0.524189 0.859530 -5.604453
v -0.707172 0.584738 -5.617784
v -0.642697 0.740392 -5.617784
v -0.643075 0.740645 -5.604453
v -0.707617 0.584826 -5.604453
v -0.642697 0.261130 -5.617784
v -0.707172 0.416785 -5.617784
v -0.707617 0.416696 -5.604453
v -0.643075 0.260878 -5.604453
v -0.368282 0.077895 -5.617784
v -0.523937 0.142370 -5.617784
v -0.524189 0.141992 -5.604453
v -0.368371 0.077450 -5.604453
v -0.044675 0.142369 -5.617784
v -0.200329 0.077895 -5.617784
v -0.200241 0.077450 -5.604453
v -0.044422 0.141992 -5.604453
v 0.138560 0.416785 -5.617784
v 0.074086 0.261130 -5.617784
v 0.074463 0.260877 -5.604453
v 0.139005 0.416696 -5.604453
v 0.074463 0.740645 -5.604453
v 0.074085 0.740392 -5.617784
v 0.138560 0.584737 -5.617784
v 0.139005 0.584826 -5.604453
v -0.523937 0.142370 -6.629378
v -0.368282 0.077895 -6.629378
v -0.368282 0.077895 -6.930347
v -0.523937 0.142370 -6.930347
v -0.707172 0.416785 -6.629378
v -0.642697 0.261130 -6.629378
v -0.642697 0.261130 -6.930347
v -0.707172 0.416785 -6.930347
v -0.642698 0.740392 -6.629378
v -0.707172 0.584738 -6.629378
v -0.707172 0.584737 -6.930347
v -0.642698 0.740392 -6.930347
v -0.368282 0.923627 -6.629378
v -0.523937 0.859153 -6.629378
v -0.523937 0.859153 -6.930347
v -0.368282 0.923627 -6.930347
v -0.044675 0.859153 -6.629378
v -0.200330 0.923627 -6.629378
v -0.200330 0.923627 -6.930347
v -0.044675 0.859153 -6.930347
v 0.138560 0.584737 -6.629378
v 0.074086 0.740392 -6.629378
v 0.074086 0.740392 -6.930347
v 0.138560 0.584737 -6.930347
v 0.074086 0.261130 -6.629378
v 0.138560 0.416785 -6.629378
v 0.138560 0.416785 -6.930347
v 0.074086 0.261130 -6.930347
v -0.200329 0.077895 -6.629378
v -0.044675 0.142369 -6.629378
v -0.044675 0.142369 -6.930347
v -0.200329 0.077895 -6.930347
v -0.023438 0.110607 -7.583363
v -0.192887 0.040419 -7.583363
v -0.192887 0.040419 -7.699558
v -0.023438 0.110607 -7.699558
v 0.176036 0.409342 -7.583363
v 0.105848 0.239893 -7.583363
v 0.105848 0.239893 -7.699558
v 0.176036 0.409342 -7.699558
v 0.105848 0.761629 -7.583363
v 0.176036 0.592180 -7.583363
v 0.176036 0.592180 -7.699558
v 0.105848 0.761629 -7.699558
v -0.192887 0.961103 -7.583363
v -0.023438 0.890914 -7.583363
v -0.023438 0.890914 -7.699558
v -0.192887 0.961103 -7.699558
v -0.545174 0.890915 -7.583363
v -0.375725 0.961103 -7.583363
v -0.375725 0.961103 -7.699558
v -0.545174 0.890915 -7.699558
v -0.744648 0.592180 -7.583363
v -0.674460 0.761629 -7.583363
v -0.674460 0.761629 -7.699558
v -0.744648 0.592180 -7.699558
v -0.674459 0.239893 -7.583363
v -0.744648 0.409342 -7.583363
v -0.744648 0.409342 -7.699558
v -0.674459 0.239893 -7.699558
v -0.375725 0.040419 -7.583363
v -0.545174 0.110607 -7.583363
v -0.545174 0.110607 -7.699558
v -0.375725 0.040419 -7.699558
v -0.023438 0.110607 -7.779212
v -0.192887 0.040419 -7.779212
v -0.193032 0.041150 -7.803072
v -0.023852 0.111227 -7.803072
v 0.176036 0.409342 -7.779212
v 0.105848 0.239893 -7.779212
v 0.105228 0.240307 -7.803072
v 0.175305 0.409487 -7.803072
v 0.105848 0.761629 -7.779212
v 0.176036 0.592179 -7.779212
v 0.175305 0.592034 -7.803072
v 0.105228 0.761215 -7.803072
v -0.192887 0.961102 -7.779212
v -0.023438 0.890914 -7.779212
v -0.023852 0.890295 -7.803072
v -0.193032 0.960372 -7.803072
v -0.545174 0.890915 -7.779212
v -0.375725 0.961103 -7.779212
v -0.375580 0.960372 -7.803072
v -0.544760 0.890295 -7.803072
v -0.744648 0.592180 -7.779212
v -0.674460 0.761629 -7.779212
v -0.673840 0.761215 -7.803072
v -0.743917 0.592035 -7.803072
v -0.674459 0.239893 -7.779212
v -0.744648 0.409342 -7.779212
v -0.743917 0.409487 -7.803072
v -0.673840 0.240307 -7.803072
v -0.375725 0.040419 -7.779212
v -0.545174 0.110607 -7.779212
v -0.544760 0.111226 -7.803072
v -0.375579 0.041150 -7.803072
v 0.258100 -0.310461 -6.362655
v -0.094225 -0.456399 -6.362655
v -0.094225 -0.456399 -6.533914
v 0.258100 -0.310461 -6.533913
v 0.672854 0.310680 -6.362655
v 0.526916 -0.041645 -6.362655
v 0.526916 -0.041645 -6.533914
v 0.672854 0.310680 -6.533913
v 0.526916 1.043167 -6.362655
v 0.672854 0.690842 -6.362655
v 0.672854 0.690842 -6.533913
v 0.526916 1.043167 -6.533913
v -0.094225 1.457921 -6.362655
v 0.258101 1.311983 -6.362655
v 0.258101 1.311983 -6.533913
v -0.094225 1.457921 -6.533913
v -0.826712 1.311983 -6.362655
v -0.474387 1.457921 -6.362655
v -0.474387 1.457921 -6.533913
v -0.826712 1.311983 -6.533913
v -1.241466 0.690842 -6.362655
v -1.095528 1.043167 -6.362655
v -1.095528 1.043167 -6.533913
v -1.241466 0.690842 -6.533913
v -1.095528 -0.041645 -6.362655
v -1.241466 0.310680 -6.362655
v -1.241466 0.310680 -6.533913
v -1.095528 -0.041645 -6.533913
v -0.474387 -0.456399 -6.533913
v -0.474387 -0.456399 -6.362655
v -0.826712 -0.310461 -6.362655
v -0.826712 -0.310461 -6.533914
v 0.258100 -0.310461 -7.011232
v -0.094225 -0.456399 -7.011232
v -0.095142 -0.451782 -7.111465
v 0.255484 -0.306548 -7.111465
v 0.672854 0.310680 -7.011232
v 0.526916 -0.041645 -7.011232
v 0.523003 -0.039029 -7.111465
v 0.668237 0.311597 -7.111465
v 0.526916 1.043167 -7.011232
v 0.672854 0.690842 -7.011232
v 0.668237 0.689925 -7.111465
v 0.523003 1.040551 -7.111465
v -0.094225 1.457921 -7.011232
v 0.258101 1.311983 -7.011232
v 0.255484 1.308070 -7.111465
v -0.095142 1.453304 -7.111465
v -0.826712 1.311983 -7.011232
v -0.474387 1.457921 -7.011232
v -0.473470 1.453304 -7.111465
v -0.824096 1.308070 -7.111465
v -1.241466 0.690842 -7.011232
v -1.095528 1.043167 -7.011232
v -1.091615 1.040551 -7.111465
v -1.236849 0.689925 -7.111465
v -1.095527 -0.041645 -7.011232
v -1.241466 0.310680 -7.011232
v -1.236849 0.311597 -7.111465
v -1.091615 -0.039029 -7.111465
v -0.473470 -0.451782 -7.111465
v -0.474387 -0.456399 -7.011232
v -0.826712 -0.310461 -7.011232
v -0.824096 -0.306548 -7.111465
vn -0.2736 0.2769 0.9211
vn -0.2139 0.3209 0.9226
vn -0.2437 0.3659 0.8982
vn -0.3120 0.3106 0.8979
vn -0.1490 0.3579 0.9218
vn -0.1695 0.4066 0.8978
vn -0.1921 0.4637 0.8649
vn -0.2772 0.4192 0.8646
vn -0.3556 0.3557 0.8643
vn -0.0779 0.3805 0.9215
vn -0.0884 0.4348 0.8962
vn 0.0010 0.3892 0.9212
vn 0.0006 0.4445 0.8958
vn 0.0003 0.4982 0.8670
vn -0.0998 0.4910 0.8654
vn -0.1162 0.5730 0.8113
vn -0.2237 0.5393 0.8119
vn 0.0002 0.5838 0.8119
vn 0.0003 0.6986 0.7155
vn -0.1385 0.6851 0.7152
vn -0.2677 0.6459 0.7149
vn -0.3224 0.4881 0.8110
vn -0.4137 0.4144 0.8106
vn -0.3862 0.5847 0.7134
vn -0.4951 0.4946 0.7143
vn 0.0781 0.3838 0.9201
vn 0.0885 0.4338 0.8967
vn 0.1485 0.3600 0.9210
vn 0.1691 0.4098 0.8964
vn 0.1924 0.4658 0.8638
vn 0.1003 0.4911 0.8653
vn 0.2141 0.3239 0.9216
vn 0.2436 0.3713 0.8960
vn 0.2741 0.2745 0.9217
vn 0.3120 0.3130 0.8970
vn 0.3570 0.3575 0.8630
vn 0.2781 0.4201 0.8638
vn 0.3243 0.4862 0.8114
vn 0.2238 0.5426 0.8096
vn 0.4161 0.4110 0.8111
vn 0.4956 0.4914 0.7162
vn 0.3876 0.5827 0.7143
vn 0.2689 0.6463 0.7141
vn 0.1168 0.5735 0.8109
vn 0.1399 0.6844 0.7155
vn 0.3234 0.2132 0.9219
vn 0.3682 0.2442 0.8971
vn 0.3584 0.1485 0.9217
vn 0.4081 0.1699 0.8970
vn 0.4673 0.1935 0.8626
vn 0.4216 0.2794 0.8627
vn 0.3789 0.0764 0.9223
vn 0.4327 0.0873 0.8973
vn 0.3840 -0.0027 0.9233
vn 0.4413 -0.0010 0.8974
vn 0.5053 -0.0000 0.8629
vn 0.4955 0.0999 0.8628
vn 0.5756 0.1160 0.8095
vn 0.5429 0.2230 0.8096
vn 0.5870 -0.0000 0.8096
vn 0.6984 -0.0004 0.7157
vn 0.6847 0.1385 0.7156
vn 0.6455 0.2676 0.7154
vn 0.4900 0.3219 0.8101
vn 0.5828 0.3841 0.7161
vn 0.3753 -0.0788 0.9236
vn 0.4327 -0.0882 0.8972
vn 0.3539 -0.1476 0.9236
vn 0.4081 -0.1683 0.8973
vn 0.4672 -0.1929 0.8628
vn 0.4954 -0.1000 0.8629
vn 0.3201 -0.2123 0.9233
vn 0.3680 -0.2457 0.8968
vn 0.2732 -0.2738 0.9222
vn 0.3129 -0.3157 0.8958
vn 0.3551 -0.3574 0.8638
vn 0.4201 -0.2800 0.8632
vn 0.4888 -0.3236 0.8101
vn 0.5424 -0.2253 0.8093
vn 0.4130 -0.4156 0.8104
vn 0.4935 -0.4985 0.7127
vn 0.5834 -0.3881 0.7135
vn 0.6458 -0.2679 0.7149
vn 0.5753 -0.1167 0.8095
vn 0.6845 -0.1390 0.7156
vn 0.2141 -0.3288 0.9198
vn 0.2455 -0.3714 0.8954
vn 0.1476 -0.3628 0.9201
vn 0.1696 -0.4096 0.8963
vn 0.1933 -0.4653 0.8638
vn 0.2782 -0.4204 0.8636
vn 0.0764 -0.3795 0.9220
vn 0.0878 -0.4322 0.8975
vn 0.0005 -0.3886 0.9214
vn -0.0000 -0.4424 0.8968
vn -0.0002 -0.5059 0.8626
vn 0.1005 -0.4930 0.8642
vn 0.1169 -0.5733 0.8109
vn 0.2246 -0.5414 0.8102
vn -0.0003 -0.5865 0.8100
vn -0.0000 -0.6999 0.7142
vn 0.1386 -0.6853 0.7150
vn 0.2671 -0.6454 0.7156
vn 0.3226 -0.4913 0.8091
vn 0.3847 -0.5850 0.7140
vn -0.0769 -0.3802 0.9217
vn -0.0884 -0.4379 0.8947
vn -0.1490 -0.3580 0.9218
vn -0.1703 -0.4144 0.8940
vn -0.1931 -0.4663 0.8633
vn -0.1010 -0.4966 0.8621
vn -0.2133 -0.3249 0.9214
vn -0.2446 -0.3708 0.8959
vn -0.2711 -0.2749 0.9225
vn -0.3121 -0.3126 0.8972
vn -0.3564 -0.3562 0.8638
vn -0.2775 -0.4201 0.8640
vn -0.3234 -0.4855 0.8122
vn -0.2239 -0.5390 0.8120
vn -0.4150 -0.4140 0.8102
vn -0.4953 -0.4946 0.7142
vn -0.3873 -0.5823 0.7148
vn -0.2682 -0.6441 0.7164
vn -0.1168 -0.5748 0.8099
vn -0.1391 -0.6843 0.7158
vn -0.3196 -0.2104 0.9239
vn -0.3682 -0.2448 0.8969
vn -0.3542 -0.1449 0.9239
vn -0.4080 -0.1710 0.8968
vn -0.4673 -0.1942 0.8625
vn -0.4215 -0.2802 0.8625
vn -0.3765 -0.0771 0.9232
vn -0.4327 -0.0895 0.8971
vn -0.3863 -0.0000 0.9224
vn -0.4412 -0.0000 0.8974
vn -0.5052 -0.0000 0.8630
vn -0.4955 -0.1006 0.8628
vn -0.5755 -0.1169 0.8094
vn -0.5431 -0.2224 0.8097
vn -0.5869 -0.0000 0.8096
vn -0.6984 0.0004 0.7157
vn -0.6845 -0.1399 0.7154
vn -0.6459 -0.2658 0.7156
vn -0.4901 -0.3228 0.8097
vn -0.5834 -0.3846 0.7154
vn -0.3799 0.0765 0.9218
vn -0.4326 0.0893 0.8971
vn -0.3584 0.1465 0.9220
vn -0.4080 0.1694 0.8971
vn -0.4671 0.1943 0.8626
vn -0.4953 0.1015 0.8627
vn -0.3229 0.2169 0.9212
vn -0.3681 0.2427 0.8975
vn -0.4208 0.2792 0.8631
vn -0.4893 0.3235 0.8099
vn -0.5425 0.2253 0.8093
vn -0.5836 0.3839 0.7156
vn -0.6454 0.2672 0.7156
vn -0.5753 0.1183 0.8094
vn -0.6844 0.1400 0.7156
vn -0.0003 -0.3166 0.9486
vn 0.0738 -0.3182 0.9451
vn 0.0339 -0.1479 0.9884
vn -0.0001 -0.1388 0.9903
vn 0.1247 -0.3062 0.9438
vn 0.0657 -0.1571 0.9854
vn 0.0288 -0.0660 0.9974
vn 0.0095 -0.0476 0.9988
vn -0.0000 -0.0404 0.9992
vn 0.2217 -0.2229 0.9493
vn 0.0981 -0.0956 0.9906
vn 0.0813 -0.1312 0.9880
vn 0.1676 -0.2738 0.9470
vn 0.0314 -0.0327 0.9990
vn 0.0290 -0.0451 0.9986
vn -0.0000 -0.0024 1.0000
vn -0.0000 -0.0076 1.0000
vn 0.0031 -0.0143 0.9999
vn 0.0028 -0.0073 1.0000
vn -0.2220 -0.2205 0.9498
vn -0.1679 -0.2762 0.9463
vn -0.0814 -0.1308 0.9881
vn -0.0982 -0.0965 0.9905
vn -0.1250 -0.3080 0.9431
vn -0.0658 -0.1573 0.9854
vn -0.0289 -0.0666 0.9974
vn -0.0290 -0.0430 0.9987
vn -0.0315 -0.0311 0.9990
vn -0.0342 -0.1470 0.9886
vn -0.0743 -0.3142 0.9464
vn -0.0095 -0.0483 0.9988
vn -0.0028 -0.0074 1.0000
vn -0.0031 -0.0122 0.9999
vn -0.3135 -0.0004 0.9496
vn -0.3117 -0.0752 0.9472
vn -0.1509 -0.0351 0.9879
vn -0.1409 -0.0005 0.9900
vn -0.3020 -0.1267 0.9448
vn -0.1595 -0.0669 0.9849
vn -0.0719 -0.0355 0.9968
vn -0.0534 -0.0141 0.9985
vn -0.0454 0.0013 0.9990
vn -0.1297 -0.0798 0.9883
vn -0.2730 -0.1687 0.9471
vn -0.0441 -0.0328 0.9985
vn -0.0055 -0.0009 1.0000
vn -0.0119 -0.0098 0.9999
vn -0.2213 0.2256 0.9488
vn -0.2732 0.1696 0.9469
vn -0.1301 0.0826 0.9880
vn -0.0981 0.1061 0.9895
vn -0.3019 0.1229 0.9454
vn -0.1622 0.0662 0.9845
vn -0.0726 0.0302 0.9969
vn -0.0423 0.0290 0.9987
vn -0.0316 0.0323 0.9990
vn -0.1511 0.0365 0.9878
vn -0.3110 0.0736 0.9475
vn -0.0522 0.0148 0.9985
vn -0.0039 0.0018 1.0000
vn -0.0111 0.0079 0.9999
vn 0.0003 0.3177 0.9482
vn -0.0753 0.3170 0.9454
vn -0.0342 0.1527 0.9877
vn 0.0001 0.1423 0.9898
vn -0.1247 0.3060 0.9438
vn -0.0672 0.1610 0.9847
vn -0.0301 0.0712 0.9970
vn -0.0077 0.0519 0.9986
vn -0.0000 0.0440 0.9990
vn -0.0816 0.1380 0.9871
vn -0.1661 0.2771 0.9464
vn -0.0315 0.0436 0.9986
vn -0.0000 0.0048 1.0000
vn -0.0046 0.0077 1.0000
vn 0.2217 0.2239 0.9491
vn 0.1678 0.2723 0.9475
vn 0.0832 0.1350 0.9873
vn 0.0998 0.1021 0.9897
vn 0.1255 0.2963 0.9468
vn 0.0673 0.1622 0.9845
vn 0.0301 0.0773 0.9966
vn 0.0315 0.0449 0.9985
vn 0.0317 0.0337 0.9989
vn 0.0344 0.1507 0.9880
vn 0.0759 0.3090 0.9480
vn 0.0077 0.0533 0.9985
vn 0.0039 0.0037 1.0000
vn 0.0046 0.0123 0.9999
vn 0.3136 0.0014 0.9496
vn 0.3117 0.0788 0.9469
vn 0.1509 0.0356 0.9879
vn 0.1396 0.0024 0.9902
vn 0.3025 0.1232 0.9451
vn 0.1623 0.0597 0.9849
vn 0.0743 0.0248 0.9969
vn 0.0539 0.0049 0.9985
vn 0.0463 -0.0021 0.9989
vn 0.1307 0.0799 0.9882
vn 0.2724 0.1654 0.9479
vn 0.0424 0.0341 0.9985
vn 0.0059 -0.0030 1.0000
vn 0.0112 0.0025 0.9999
vn 0.2728 -0.1713 0.9467
vn 0.1295 -0.0789 0.9884
vn 0.3020 -0.1304 0.9443
vn 0.1586 -0.0690 0.9849
vn 0.0715 -0.0286 0.9970
vn 0.0445 -0.0305 0.9985
vn 0.1491 -0.0373 0.9881
vn 0.3118 -0.0784 0.9469
vn 0.0535 -0.0092 0.9985
vn 0.0127 -0.0068 0.9999
vn -0.0393 0.0399 -0.9984
vn -0.0333 0.0438 -0.9985
vn -0.0310 0.0364 -0.9989
vn -0.0366 0.0307 -0.9989
vn -0.0199 0.0448 -0.9988
vn -0.0189 0.0459 -0.9988
vn -0.0166 0.0386 -0.9991
vn -0.0238 0.0308 -0.9992
vn -0.0317 0.0303 -0.9990
vn -0.0021 0.0722 -0.9974
vn -0.0012 0.0497 -0.9988
vn -0.0080 0.0483 -0.9988
vn -0.0078 0.0573 -0.9983
vn -0.0000 0.0421 -0.9991
vn -0.0097 0.0408 -0.9991
vn -0.0000 0.0003 -1.0000
vn -0.0244 0.0276 -0.9993
vn -0.0152 0.0361 -0.9992
vn -0.0000 0.0380 -0.9993
vn 0.0080 0.0665 -0.9978
vn 0.0074 0.0492 -0.9988
vn 0.0223 0.0491 -0.9985
vn 0.0197 0.0487 -0.9986
vn 0.0167 0.0421 -0.9990
vn 0.0098 0.0415 -0.9991
vn 0.0392 0.0427 -0.9983
vn 0.0366 0.0328 -0.9988
vn 0.0310 0.0386 -0.9988
vn 0.0333 0.0445 -0.9985
vn 0.0317 0.0278 -0.9991
vn 0.0238 0.0303 -0.9993
vn 0.0152 0.0378 -0.9992
vn 0.0244 0.0252 -0.9994
vn 0.0456 0.0357 -0.9983
vn 0.0413 0.0321 -0.9986
vn 0.0538 0.0232 -0.9983
vn 0.0488 0.0207 -0.9986
vn 0.0405 0.0247 -0.9989
vn 0.0370 0.0287 -0.9989
vn 0.0560 0.0024 -0.9984
vn 0.0512 0.0016 -0.9987
vn 0.0517 0.0099 -0.9986
vn 0.0560 0.0109 -0.9984
vn 0.0443 -0.0025 -0.9990
vn 0.0434 0.0078 -0.9990
vn 0.0355 0.0129 -0.9993
vn 0.0336 -0.0003 -0.9994
vn 0.0560 -0.0069 -0.9984
vn 0.0516 -0.0083 -0.9986
vn 0.0538 -0.0166 -0.9984
vn 0.0504 -0.0187 -0.9986
vn 0.0442 -0.0146 -0.9989
vn 0.0440 -0.0074 -0.9990
vn 0.0396 -0.0421 -0.9983
vn 0.0362 -0.0343 -0.9988
vn 0.0421 -0.0283 -0.9987
vn 0.0474 -0.0309 -0.9984
vn 0.0313 -0.0261 -0.9992
vn 0.0367 -0.0208 -0.9991
vn 0.0345 -0.0101 -0.9994
vn 0.0236 -0.0238 -0.9994
vn 0.0317 -0.0486 -0.9983
vn 0.0310 -0.0427 -0.9986
vn 0.0223 -0.0487 -0.9986
vn 0.0209 -0.0459 -0.9987
vn 0.0183 -0.0430 -0.9989
vn 0.0255 -0.0333 -0.9991
vn -0.0001 -0.0568 -0.9984
vn -0.0000 -0.0510 -0.9987
vn 0.0079 -0.0483 -0.9988
vn 0.0110 -0.0554 -0.9984
vn -0.0000 -0.0410 -0.9992
vn 0.0079 -0.0422 -0.9991
vn 0.0142 -0.0369 -0.9992
vn -0.0000 -0.0351 -0.9994
vn -0.0111 -0.0517 -0.9986
vn -0.0079 -0.0470 -0.9989
vn -0.0223 -0.0519 -0.9984
vn -0.0209 -0.0482 -0.9986
vn -0.0183 -0.0508 -0.9985
vn -0.0079 -0.0433 -0.9990
vn -0.0397 -0.0401 -0.9984
vn -0.0362 -0.0398 -0.9986
vn -0.0310 -0.0462 -0.9985
vn -0.0320 -0.0471 -0.9984
vn -0.0313 -0.0273 -0.9991
vn -0.0256 -0.0364 -0.9990
vn -0.0143 -0.0307 -0.9994
vn -0.0237 -0.0229 -0.9995
vn -0.0474 -0.0331 -0.9983
vn -0.0421 -0.0345 -0.9985
vn -0.0538 -0.0206 -0.9983
vn -0.0504 -0.0144 -0.9986
vn -0.0443 -0.0102 -0.9990
vn -0.0367 -0.0242 -0.9990
vn -0.0559 -0.0024 -0.9984
vn -0.0499 -0.0051 -0.9987
vn -0.0517 -0.0065 -0.9986
vn -0.0560 -0.0109 -0.9984
vn -0.0446 0.0028 -0.9990
vn -0.0440 -0.0019 -0.9990
vn -0.0345 -0.0137 -0.9993
vn -0.0340 0.0015 -0.9994
vn -0.0560 0.0073 -0.9984
vn -0.0492 0.0021 -0.9988
vn -0.0538 0.0195 -0.9984
vn -0.0475 0.0162 -0.9987
vn -0.0402 0.0146 -0.9991
vn -0.0434 0.0073 -0.9990
vn -0.0413 0.0304 -0.9987
vn -0.0455 0.0334 -0.9984
vn -0.0376 0.0258 -0.9990
vn -0.0367 0.0183 -0.9992
vn -0.2081 0.2030 -0.9568
vn -0.1624 0.2414 -0.9567
vn -0.0989 0.1477 -0.9841
vn -0.1268 0.1234 -0.9842
vn -0.1125 0.2722 -0.9556
vn -0.0686 0.1663 -0.9837
vn -0.0345 0.0797 -0.9962
vn -0.0499 0.0763 -0.9958
vn -0.0639 0.0679 -0.9956
vn -0.0584 0.2905 -0.9551
vn -0.0356 0.1778 -0.9834
vn 0.0002 0.2920 -0.9564
vn 0.0001 0.1776 -0.9841
vn -0.0000 0.0904 -0.9959
vn -0.0180 0.0874 -0.9960
vn -0.0053 0.0248 -0.9997
vn -0.0101 0.0199 -0.9998
vn -0.0000 0.0283 -0.9996
vn -0.0000 0.0024 -1.0000
vn -0.0000 0.0033 -1.0000
vn -0.0000 0.0038 -1.0000
vn -0.0145 0.0196 -0.9997
vn -0.0188 0.0206 -0.9996
vn -0.0000 -0.0013 -1.0000
vn -0.0000 -0.0042 -1.0000
vn 0.0589 0.2856 -0.9565
vn 0.0359 0.1714 -0.9845
vn 0.1128 0.2712 -0.9559
vn 0.0688 0.1627 -0.9843
vn 0.0347 0.0828 -0.9960
vn 0.0181 0.0883 -0.9959
vn 0.1624 0.2462 -0.9555
vn 0.0992 0.1461 -0.9843
vn 0.2076 0.2096 -0.9555
vn 0.1256 0.1264 -0.9840
vn 0.0640 0.0647 -0.9958
vn 0.0500 0.0748 -0.9959
vn 0.0146 0.0204 -0.9997
vn 0.0102 0.0215 -0.9997
vn 0.0188 0.0201 -0.9996
vn -0.0000 -0.0011 -1.0000
vn -0.0000 -0.0021 -1.0000
vn -0.0000 -0.0022 -1.0000
vn 0.0053 0.0271 -0.9996
vn -0.0000 -0.0008 -1.0000
vn 0.2454 0.1635 -0.9556
vn 0.1461 0.0982 -0.9844
vn 0.2734 0.1146 -0.9551
vn 0.1612 0.0660 -0.9847
vn 0.0821 0.0329 -0.9961
vn 0.0755 0.0490 -0.9959
vn 0.2916 0.0588 -0.9547
vn 0.1713 0.0342 -0.9846
vn 0.2974 -0.0020 -0.9548
vn 0.1753 -0.0012 -0.9845
vn 0.0849 -0.0000 -0.9964
vn 0.0844 0.0177 -0.9963
vn 0.0259 0.0065 -0.9996
vn 0.0244 0.0117 -0.9996
vn 0.0265 -0.0000 -0.9996
vn -0.0000 -0.0014 -1.0000
vn -0.0000 0.0014 -1.0000
vn 0.0221 0.0151 -0.9996
vn -0.0000 0.0010 -1.0000
vn 0.2894 -0.0578 -0.9555
vn 0.1718 -0.0342 -0.9845
vn 0.2717 -0.1134 -0.9557
vn 0.1620 -0.0671 -0.9845
vn 0.0785 -0.0329 -0.9964
vn 0.0832 -0.0165 -0.9964
vn 0.2450 -0.1663 -0.9551
vn 0.1461 -0.0980 -0.9844
vn 0.2078 -0.2093 -0.9555
vn 0.1239 -0.1262 -0.9842
vn 0.0600 -0.0618 -0.9963
vn 0.0708 -0.0479 -0.9963
vn 0.0221 -0.0180 -0.9996
vn 0.0244 -0.0125 -0.9996
vn 0.0187 -0.0186 -0.9997
vn -0.0000 0.0028 -1.0000
vn -0.0000 -0.0026 -1.0000
vn -0.0000 -0.0027 -1.0000
vn 0.0259 -0.0055 -0.9996
vn -0.0000 -0.0012 -1.0000
vn 0.1622 -0.2439 -0.9561
vn 0.0967 -0.1492 -0.9841
vn 0.1125 -0.2707 -0.9561
vn 0.0670 -0.1636 -0.9842
vn 0.0325 -0.0773 -0.9965
vn 0.0468 -0.0709 -0.9964
vn 0.0585 -0.2849 -0.9568
vn 0.0348 -0.1715 -0.9846
vn -0.0002 -0.2886 -0.9574
vn -0.0002 -0.1748 -0.9846
vn -0.0001 -0.0852 -0.9964
vn 0.0167 -0.0822 -0.9965
vn 0.0053 -0.0262 -0.9996
vn 0.0101 -0.0203 -0.9997
vn -0.0000 -0.0298 -0.9996
vn -0.0000 -0.0035 -1.0000
vn -0.0000 -0.0033 -1.0000
vn -0.0000 -0.0038 -1.0000
vn 0.0146 -0.0169 -0.9998
vn -0.0000 0.0013 -1.0000
vn -0.0588 -0.2878 -0.9559
vn -0.0350 -0.1741 -0.9841
vn -0.1128 -0.2713 -0.9559
vn -0.0672 -0.1627 -0.9844
vn -0.0325 -0.0772 -0.9965
vn -0.0170 -0.0853 -0.9962
vn -0.1627 -0.2418 -0.9566
vn -0.0969 -0.1430 -0.9850
vn -0.2081 -0.2073 -0.9559
vn -0.1241 -0.1231 -0.9846
vn -0.0601 -0.0625 -0.9962
vn -0.0469 -0.0720 -0.9963
vn -0.0146 -0.0253 -0.9996
vn -0.0101 -0.0248 -0.9996
vn -0.0188 -0.0193 -0.9996
vn -0.0000 0.0066 -1.0000
vn -0.0000 0.0060 -1.0000
vn -0.0000 -0.0047 -1.0000
vn -0.0053 -0.0279 -0.9996
vn -0.0000 -0.0066 -1.0000
vn -0.2453 -0.1624 -0.9557
vn -0.1463 -0.0974 -0.9844
vn -0.2731 -0.1115 -0.9555
vn -0.1620 -0.0670 -0.9845
vn -0.0784 -0.0330 -0.9964
vn -0.0709 -0.0468 -0.9964
vn -0.2917 -0.0578 -0.9548
vn -0.1718 -0.0341 -0.9845
vn -0.2975 0.0031 -0.9547
vn -0.1751 0.0029 -0.9846
vn -0.0863 -0.0000 -0.9963
vn -0.0832 -0.0166 -0.9964
vn -0.0259 -0.0044 -0.9997
vn -0.0245 -0.0107 -0.9996
vn -0.0265 -0.0012 -0.9996
vn -0.0000 -0.0002 -1.0000
vn -0.0221 -0.0153 -0.9996
vn -0.0259 0.0067 -0.9996
vn -0.0000 0.0025 -1.0000
vn -0.0872 0.0185 -0.9960
vn -0.0835 0.0365 -0.9958
vn -0.0245 0.0108 -0.9996
vn -0.1710 0.0370 -0.9846
vn -0.2899 0.0600 -0.9552
vn -0.2720 0.1124 -0.9557
vn -0.1620 0.0703 -0.9843
vn -0.1482 0.0988 -0.9840
vn -0.0754 0.0509 -0.9959
vn -0.2451 0.1605 -0.9561
vn -0.0220 0.0145 -0.9997
vn 0.0002 -0.0001 -1.0000
vn -0.0000 -0.0030 -1.0000
vn -0.0000 -0.0062 -1.0000
vn -0.0093 -0.0003 -1.0000
vn -0.0094 -0.0015 -1.0000
vn -0.0087 0.0039 -1.0000
vn -0.0097 0.0002 -1.0000
vn -0.0103 0.0020 -0.9999
vn -0.0105 -0.0000 -0.9999
vn -0.0000 -0.0016 -1.0000
vn -0.0078 0.0039 -1.0000
vn -0.0000 0.0023 -1.0000
vn -0.0066 0.0066 -1.0000
vn -0.0074 0.0051 -1.0000
vn -0.0087 -0.0016 -1.0000
vn -0.0078 -0.0005 -1.0000
vn -0.0087 0.0018 -1.0000
vn -0.0066 0.0072 -1.0000
vn -0.0105 0.0129 -0.9999
vn -0.0124 0.0065 -0.9999
vn -0.0137 0.0065 -0.9999
vn -0.0092 0.0061 -0.9999
vn -0.0094 0.0010 -1.0000
vn -0.0146 0.0097 -0.9998
vn -0.0149 0.0016 -0.9999
vn -0.0090 -0.0023 -1.0000
vn -0.0082 -0.0052 -1.0000
vn -0.0078 -0.0088 -0.9999
vn -0.0124 -0.0080 -0.9999
vn -0.0045 0.0011 -1.0000
vn -0.0072 -0.0076 -0.9999
vn -0.0097 -0.0041 -0.9999
vn -0.0087 -0.0041 -1.0000
vn -0.0137 -0.0050 -0.9999
vn -0.0086 -0.0054 -0.9999
vn -0.0092 -0.0077 -0.9999
vn -0.0069 -0.0087 -0.9999
vn -0.0030 -0.0033 -1.0000
vn -0.0093 0.0005 -1.0000
vn -0.0103 -0.0000 -0.9999
vn -0.0000 -0.0007 -1.0000
vn -0.0093 -0.0011 -1.0000
vn -0.0146 -0.0002 -0.9999
vn -0.0000 -0.0309 -0.9995
vn -0.0025 -0.0269 -0.9996
vn -0.0023 -0.0193 -0.9998
vn -0.0000 -0.0307 -0.9995
vn -0.0048 -0.0225 -0.9997
vn -0.0043 -0.0085 -1.0000
vn -0.0033 -0.0060 -1.0000
vn -0.0017 -0.0087 -1.0000
vn -0.0000 -0.0131 -0.9999
vn -0.0070 -0.0167 -0.9998
vn -0.0062 -0.0040 -1.0000
vn -0.0040 0.0036 -1.0000
vn -0.0072 -0.0093 -0.9999
vn -0.0044 -0.0105 -0.9999
vn -0.0032 -0.0015 -1.0000
vn -0.0023 -0.0034 -1.0000
vn -0.0000 -0.0056 -1.0000
vn -0.0000 0.0050 -1.0000
vn -0.0000 0.0043 -1.0000
vn 0.0089 -0.0072 -0.9999
vn 0.0070 -0.0153 -0.9999
vn 0.0062 -0.0030 -1.0000
vn 0.0080 -0.0051 -1.0000
vn 0.0048 -0.0247 -0.9997
vn 0.0043 -0.0051 -1.0000
vn 0.0033 0.0004 -1.0000
vn 0.0048 -0.0045 -1.0000
vn 0.0049 -0.0064 -1.0000
vn 0.0025 -0.0272 -0.9996
vn 0.0022 -0.0232 -0.9997
vn 0.0017 -0.0108 -0.9999
vn 0.0023 -0.0020 -1.0000
vn 0.0043 0.0020 -1.0000
vn -0.0000 0.0080 -1.0000
vn 0.0062 -0.0015 -1.0000
vn 0.0087 -0.0080 -0.9999
vn 0.0036 -0.0031 -1.0000
vn -0.0000 -0.0000 -1.0000
vn 0.0033 0.0026 -1.0000
vn 0.0102 0.0018 -0.9999
vn 0.0094 -0.0000 -1.0000
vn 0.0089 -0.0013 -1.0000
vn 0.0104 0.0018 -0.9999
vn 0.0028 0.0056 -1.0000
vn 0.0080 0.0020 -1.0000
vn 0.0105 -0.0018 -0.9999
vn 0.0105 -0.0087 -0.9999
vn 0.0094 -0.0012 -1.0000
vn 0.0022 0.0038 -1.0000
vn 0.0093 -0.0038 -0.9999
vn 0.0087 -0.0016 -1.0000
vn 0.0102 -0.0069 -0.9999
vn 0.0137 -0.0069 -0.9999
vn 0.0092 -0.0062 -0.9999
vn 0.0094 -0.0023 -1.0000
vn 0.0146 -0.0097 -0.9998
vn 0.0149 -0.0000 -0.9999
vn -0.0000 -0.0005 -1.0000
vn -0.0000 -0.0001 -1.0000
vn 0.0079 0.0065 -0.9999
vn 0.0066 0.0062 -1.0000
vn 0.0088 0.0047 -1.0000
vn 0.0097 0.0040 -0.9999
vn 0.0087 0.0087 -0.9999
vn 0.0074 0.0081 -0.9999
vn 0.0092 -0.0000 -1.0000
vn 0.0103 -0.0018 -0.9999
vn 0.0093 0.0018 -1.0000
vn 0.0087 0.0052 -0.9999
vn 0.0146 0.0051 -0.9999
vn 0.0137 0.0067 -0.9999
vn 0.0078 0.0055 -1.0000
vn 0.0066 0.0031 -1.0000
vn 0.0124 0.0047 -0.9999
vn 0.0105 0.0006 -0.9999
vn -0.0000 0.0031 -1.0000
vn -0.0000 0.0055 -1.0000
vn 0.0019 0.0168 -0.9999
vn -0.0000 0.0188 -0.9998
vn -0.0000 0.0057 -1.0000
vn 0.0036 0.0083 -1.0000
vn 0.0040 0.0082 -1.0000
vn 0.0021 0.0108 -0.9999
vn -0.0000 0.0207 -0.9998
vn -0.0000 0.0054 -1.0000
vn 0.0052 0.0066 -1.0000
vn 0.0058 0.0091 -0.9999
vn 0.0053 0.0079 -1.0000
vn 0.0036 0.0087 -1.0000
vn 0.0082 0.0064 -0.9999
vn 0.0057 0.0096 -0.9999
vn 0.0019 0.0067 -1.0000
vn -0.0000 0.0082 -1.0000
vn 0.0030 0.0120 -0.9999
vn -0.0000 0.0173 -0.9998
vn -0.0000 0.0144 -0.9999
vn -0.0051 0.0051 -1.0000
vn -0.0000 0.0118 -0.9999
vn -0.0036 0.0026 -1.0000
vn -0.0040 0.0014 -1.0000
vn -0.0058 0.0046 -1.0000
vn -0.0000 0.0007 -1.0000
vn -0.0019 0.0127 -0.9999
vn -0.0021 0.0139 -0.9999
vn -0.0019 -0.0016 -1.0000
vn -0.0036 0.0027 -1.0000
vn -0.0029 0.0128 -0.9999
vn -0.0057 0.0169 -0.9998
vn -0.0052 0.0128 -0.9999
vn -0.0082 0.0195 -0.9998
vn -0.0223 0.0042 -0.9997
vn -0.0235 0.0042 -0.9997
vn -0.0298 -0.0020 -0.9996
vn -0.0000 -0.0010 -1.0000
vn -0.0168 0.0035 -0.9999
vn -0.0200 0.0047 -0.9998
vn -0.1812 0.1298 -0.9748
vn -0.2139 0.0848 -0.9732
vn -0.1354 0.0907 -0.9866
vn -0.4659 0.4885 -0.7377
vn -0.5584 0.3791 -0.7379
vn -0.6198 0.2633 -0.7393
vn -0.2255 0.0463 -0.9732
vn -0.2310 0.0023 -0.9730
vn -0.6576 0.1468 -0.7390
vn -0.6703 0.0036 -0.7421
vn 0.5292 -0.5845 -0.6151
vn 0.6395 -0.4532 -0.6210
vn 0.8225 -0.5549 -0.1253
vn 0.7165 -0.6863 -0.1247
vn 0.7096 -0.3305 -0.6223
vn 0.9112 -0.3922 -0.1260
vn 0.9226 -0.3851 -0.0204
vn 0.8331 -0.5527 -0.0206
vn 0.7134 -0.7005 -0.0209
vn 0.7585 -0.1745 -0.6279
vn 0.9707 -0.2044 -0.1261
vn 0.7762 0.0206 -0.6302
vn 0.9920 0.0049 -0.1263
vn 0.9998 -0.0003 -0.0204
vn 0.9799 -0.1982 -0.0203
vn 0.9800 -0.1991 -0.0024
vn 0.9237 -0.3832 -0.0026
vn 1.0000 -0.0006 -0.0025
vn 1.0000 -0.0006 -0.0000
vn 0.9797 -0.2004 -0.0001
vn 0.9236 -0.3833 -0.0001
vn 0.8342 -0.5514 -0.0026
vn 0.7058 -0.7084 -0.0028
vn 0.8328 -0.5536 -0.0000
vn 0.7059 -0.7083 -0.0000
vn -0.0105 -0.0068 -0.9999
vn -0.0088 -0.0023 -1.0000
vn -0.0087 -0.0030 -1.0000
vn -0.0473 -0.0126 -0.9988
vn -0.0432 -0.0279 -0.9987
vn -0.0365 -0.0539 -0.9979
vn -0.0031 -0.0000 -1.0000
vn -0.0424 -0.0069 -0.9991
vn -0.2165 -0.0405 -0.9754
vn -0.1782 -0.0534 -0.9825
vn -0.6555 -0.1391 -0.7423
vn -0.6185 -0.2542 -0.7435
vn -0.1472 -0.0738 -0.9864
vn -0.1251 -0.1246 -0.9843
vn -0.5567 -0.3655 -0.7459
vn -0.4735 -0.4590 -0.7518
vn 0.7568 0.1810 -0.6280
vn 0.9714 0.2012 -0.1264
vn 0.7196 0.2839 -0.6337
vn 0.9190 0.3733 -0.1269
vn 0.9244 0.3809 -0.0204
vn 0.9803 0.1966 -0.0204
vn 0.6400 0.4524 -0.6211
vn 0.8215 0.5560 -0.1267
vn 0.5368 0.5683 -0.6236
vn 0.6920 0.7109 -0.1257
vn 0.7018 0.7122 -0.0191
vn 0.8337 0.5519 -0.0203
vn 0.8368 0.5475 -0.0021
vn 0.9251 0.3796 -0.0023
vn 0.7079 0.7063 -0.0019
vn 0.7076 0.7066 0.0001
vn 0.8341 0.5516 0.0001
vn 0.9241 0.3822 0.0001
vn 0.9803 0.1973 -0.0025
vn 0.9801 0.1986 -0.0000
vn -0.0025 -0.0176 -0.9998
vn -0.0000 -0.0144 -0.9999
vn -0.0048 -0.0121 -0.9999
vn -0.0198 -0.0514 -0.9985
vn -0.0103 -0.0602 -0.9981
vn -0.0000 -0.0538 -0.9986
vn -0.0070 0.0052 -1.0000
vn -0.0285 -0.0596 -0.9978
vn -0.0979 -0.1636 -0.9817
vn -0.0681 -0.1704 -0.9830
vn -0.3873 -0.4880 -0.7822
vn -0.2625 -0.5753 -0.7747
vn -0.0357 -0.1975 -0.9797
vn 0.0002 -0.1912 -0.9815
vn -0.1409 -0.5999 -0.7876
vn 0.0026 -0.6495 -0.7603
vn 0.4436 0.6015 -0.6644
vn 0.5571 0.8193 -0.1355
vn 0.3226 0.6616 -0.6769
vn 0.3856 0.9134 -0.1303
vn 0.3840 0.9231 -0.0192
vn 0.5480 0.8363 -0.0183
vn 0.1651 0.7028 -0.6920
vn 0.1978 0.9723 -0.1248
vn -0.0000 0.7422 -0.6701
vn -0.0001 0.9913 -0.1313
vn 0.0003 0.9998 -0.0195
vn 0.2006 0.9795 -0.0197
vn 0.2004 0.9797 -0.0016
vn 0.3829 0.9238 -0.0020
vn 0.0005 1.0000 -0.0015
vn 0.0010 1.0000 0.0005
vn 0.1995 0.9799 0.0002
vn 0.3827 0.9239 -0.0000
vn 0.5498 0.8353 -0.0020
vn 0.5527 0.8334 -0.0000
vn 0.0069 -0.0204 -0.9998
vn 0.0088 -0.0084 -0.9999
vn 0.0048 -0.0131 -0.9999
vn 0.0198 -0.0498 -0.9986
vn 0.0285 -0.0450 -0.9986
vn 0.0365 -0.0301 -0.9989
vn 0.0025 -0.0106 -0.9999
vn 0.0103 -0.0396 -0.9992
vn 0.0347 -0.1612 -0.9863
vn 0.0662 -0.1771 -0.9820
vn 0.1296 -0.6790 -0.7226
vn 0.2578 -0.5987 -0.7583
vn 0.0949 -0.1791 -0.9793
vn 0.1225 -0.1440 -0.9820
vn 0.3500 -0.6065 -0.7139
vn 0.4574 -0.5223 -0.7197
vn -0.1491 0.7592 -0.6336
vn -0.1906 0.9740 -0.1223
vn -0.2943 0.7178 -0.6310
vn -0.3675 0.9223 -0.1198
vn -0.3791 0.9251 -0.0204
vn -0.1966 0.9803 -0.0198
vn -0.4304 0.6430 -0.6335
vn -0.5424 0.8307 -0.1251
vn -0.5552 0.5329 -0.6386
vn -0.7110 0.6919 -0.1259
vn -0.7052 0.7087 -0.0201
vn -0.5529 0.8330 -0.0206
vn -0.5512 0.8344 -0.0025
vn -0.3799 0.9250 -0.0020
vn -0.7051 0.7091 -0.0027
vn -0.7071 0.7071 -0.0000
vn -0.5504 0.8349 0.0006
vn -0.3811 0.9245 0.0007
vn -0.1986 0.9801 -0.0019
vn -0.1986 0.9801 0.0007
vn 0.0092 -0.0013 -1.0000
vn 0.0032 -0.0023 -1.0000
vn 0.0116 -0.0010 -0.9999
vn 0.0478 -0.0111 -0.9988
vn 0.0499 -0.0017 -0.9988
vn 0.0428 0.0030 -0.9991
vn 0.0105 -0.0051 -0.9999
vn 0.0431 -0.0250 -0.9988
vn 0.1471 -0.0845 -0.9855
vn 0.1633 -0.0486 -0.9854
vn 0.5666 -0.3193 -0.7596
vn 0.6233 -0.2011 -0.7556
vn 0.1880 -0.0262 -0.9818
vn 0.2193 0.0107 -0.9756
vn 0.6536 -0.1271 -0.7461
vn 0.6673 -0.0006 -0.7448
vn -0.6588 0.3828 -0.6476
vn -0.8349 0.5359 -0.1260
vn -0.7185 0.2873 -0.6334
vn -0.9135 0.3870 -0.1256
vn -0.9238 0.3823 -0.0198
vn -0.8304 0.5568 -0.0197
vn -0.7582 0.1731 -0.6287
vn -0.9699 0.2087 -0.1259
vn -0.7760 -0.0047 -0.6307
vn -0.9920 0.0003 -0.1261
vn -0.9998 0.0003 -0.0202
vn -0.9797 0.1993 -0.0200
vn -0.9802 0.1979 -0.0024
vn -0.9241 0.3821 -0.0025
vn -1.0000 -0.0002 -0.0024
vn -1.0000 0.0008 -0.0000
vn -0.9797 0.2005 0.0001
vn -0.9231 0.3847 -0.0000
vn -0.8321 0.5546 -0.0025
vn -0.8334 0.5526 0.0001
vn -0.0000 -0.0006 -1.0000
vn -0.0000 0.0002 -1.0000
vn 0.0222 0.0151 -0.9996
vn 0.0200 0.0180 -0.9996
vn 0.0169 0.0100 -0.9998
vn 0.0295 0.0099 -0.9995
vn 0.2269 0.0528 -0.9725
vn 0.2132 0.0734 -0.9743
vn 0.6583 0.1289 -0.7416
vn 0.6316 0.1954 -0.7503
vn 0.1918 0.0995 -0.9764
vn 0.1543 0.1539 -0.9760
vn 0.5715 0.3312 -0.7508
vn 0.4690 0.4912 -0.7340
vn -0.7576 -0.1761 -0.6285
vn -0.9710 -0.2036 -0.1255
vn -0.7105 -0.3229 -0.6253
vn -0.9135 -0.3872 -0.1248
vn -0.9236 -0.3828 -0.0203
vn -0.9798 -0.1990 -0.0203
vn -0.6284 -0.4762 -0.6151
vn -0.8270 -0.5480 -0.1256
vn -0.5545 -0.5355 -0.6370
vn -0.7098 -0.6920 -0.1314
vn -0.7024 -0.7114 -0.0203
vn -0.8322 -0.5542 -0.0204
vn -0.8348 -0.5506 -0.0027
vn -0.9241 -0.3822 -0.0027
vn -0.7078 -0.7064 -0.0025
vn -0.7076 -0.7066 -0.0003
vn -0.8342 -0.5515 -0.0002
vn -0.9241 -0.3820 -0.0001
vn -0.9799 -0.1997 -0.0025
vn -0.9801 -0.1984 -0.0000
vn -0.0000 -0.0004 -1.0000
vn -0.0000 -0.0018 -1.0000
vn -0.0000 0.0113 -0.9999
vn 0.0092 0.0342 -0.9994
vn 0.0048 0.0209 -0.9998
vn -0.0000 0.0073 -1.0000
vn 0.0133 0.0121 -0.9998
vn 0.1076 0.1745 -0.9788
vn 0.0680 0.1656 -0.9838
vn 0.3691 0.5548 -0.7456
vn 0.2697 0.5546 -0.7872
vn 0.0349 0.1891 -0.9813
vn 0.0004 0.1664 -0.9861
vn 0.1366 0.6358 -0.7597
vn -0.0011 0.7202 -0.6937
vn -0.4581 -0.5976 -0.6580
vn -0.5567 -0.8203 -0.1311
vn -0.3082 -0.7100 -0.6332
vn -0.3758 -0.9187 -0.1213
vn -0.3840 -0.9231 -0.0205
vn -0.5504 -0.8346 -0.0205
vn -0.1646 -0.7427 -0.6491
vn -0.1953 -0.9739 -0.1156
vn 0.0013 -0.7862 -0.6180
vn -0.0003 -0.9934 -0.1144
vn -0.0012 -0.9998 -0.0216
vn -0.2006 -0.9795 -0.0206
vn -0.2000 -0.9798 -0.0034
vn -0.3851 -0.9229 -0.0029
vn -0.0008 -1.0000 -0.0033
vn -0.0005 -1.0000 -0.0002
vn -0.1992 -0.9800 -0.0003
vn -0.3827 -0.9239 -0.0000
vn -0.5540 -0.8325 -0.0025
vn -0.5528 -0.8333 -0.0004
vn -0.0000 0.0124 -0.9999
vn -0.0000 -0.0032 -1.0000
vn -0.0093 0.0090 -0.9999
vn -0.0133 0.0060 -0.9999
vn -0.0048 0.0028 -1.0000
vn -0.0347 0.1752 -0.9839
vn -0.0675 0.2019 -0.9771
vn -0.1274 0.7016 -0.7011
vn -0.2481 0.6309 -0.7351
vn -0.0998 0.1013 -0.9898
vn -0.3636 0.5547 -0.7484
vn 0.1457 -0.7823 -0.6056
vn 0.1928 -0.9742 -0.1169
vn 0.2861 -0.7455 -0.6020
vn 0.3733 -0.9203 -0.1173
vn 0.3881 -0.9214 -0.0203
vn 0.2008 -0.9794 -0.0215
vn 0.3970 -0.6988 -0.5950
vn 0.5483 -0.8274 -0.1213
vn 0.5569 -0.8303 -0.0204
vn 0.5510 -0.8345 -0.0031
vn 0.3854 -0.9227 -0.0032
vn 0.5522 -0.8337 -0.0000
vn 0.3821 -0.9241 -0.0003
vn 0.2011 -0.9796 -0.0031
vn 0.1983 -0.9801 -0.0002
vn -0.0639 0.3090 0.9489
vn 0.0010 0.3141 0.9494
vn -0.1235 0.3002 0.9458
vn -0.0850 0.2008 0.9759
vn -0.0443 0.2093 0.9768
vn -0.0000 0.2198 0.9755
vn -0.1783 0.2735 0.9452
vn -0.2285 0.2322 0.9455
vn -0.1552 0.1470 0.9769
vn -0.1227 0.1807 0.9758
vn -0.0499 0.0655 0.9966
vn -0.0346 0.0809 0.9961
vn -0.0606 0.0469 0.9971
vn -0.0012 -0.0011 1.0000
vn -0.0000 0.0165 0.9999
vn -0.0000 -0.0053 1.0000
vn -0.0180 0.0744 0.9971
vn -0.0000 0.0887 0.9961
vn -0.0000 -0.0078 1.0000
vn -0.0000 -0.0000 1.0000
vn 0.1788 0.2687 0.9465
vn 0.2280 0.2231 0.9477
vn 0.1240 0.2992 0.9461
vn 0.0852 0.2100 0.9740
vn 0.1214 0.1763 0.9768
vn 0.1516 0.1398 0.9785
vn 0.0651 0.3157 0.9466
vn 0.0444 0.2261 0.9731
vn 0.0181 0.1002 0.9948
vn 0.0347 0.0785 0.9963
vn -0.0000 0.0012 1.0000
vn -0.0033 -0.0175 0.9998
vn 0.0475 0.0598 0.9971
vn 0.0576 0.0637 0.9963
vn -0.0068 -0.0140 0.9999
vn -0.0035 0.0286 0.9996
vn 0.3098 0.0643 0.9486
vn 0.3154 -0.0032 0.9490
vn 0.2924 0.1222 0.9485
vn 0.1927 0.0823 0.9778
vn 0.2079 0.0453 0.9771
vn 0.2189 -0.0025 0.9757
vn 0.2659 0.1685 0.9492
vn 0.1751 0.1056 0.9789
vn 0.0715 0.0551 0.9959
vn 0.0837 0.0347 0.9959
vn -0.0000 0.0268 0.9996
vn 0.0888 0.0189 0.9959
vn 0.0908 -0.0000 0.9959
vn -0.0000 -0.0059 1.0000
vn 0.2627 -0.1735 0.9492
vn 0.2225 -0.2245 0.9487
vn 0.2913 -0.1170 0.9494
vn 0.2054 -0.0833 0.9751
vn 0.1854 -0.1197 0.9753
vn 0.1573 -0.1552 0.9753
vn 0.3088 -0.0622 0.9491
vn 0.2178 -0.0450 0.9750
vn 0.0887 -0.0217 0.9958
vn 0.0836 -0.0405 0.9957
vn -0.0000 -0.0017 1.0000
vn 0.0755 -0.0505 0.9959
vn 0.0640 -0.0702 0.9955
vn -0.0000 -0.0081 1.0000
vn -0.0000 -0.0160 0.9999
vn 0.0630 -0.3188 0.9457
vn 0.0006 -0.3221 0.9467
vn 0.1205 -0.2964 0.9474
vn 0.0850 -0.2035 0.9754
vn 0.0444 -0.2187 0.9748
vn -0.0000 -0.2192 0.9757
vn 0.1739 -0.2621 0.9493
vn 0.1228 -0.1817 0.9757
vn 0.0499 -0.0866 0.9950
vn 0.0346 -0.0788 0.9963
vn -0.0000 -0.0135 0.9999
vn -0.0000 0.0071 1.0000
vn 0.0180 -0.0729 0.9972
vn -0.0000 -0.0816 0.9967
vn -0.0000 0.0263 0.9997
vn -0.0000 0.0294 0.9996
vn -0.0000 -0.0194 0.9998
vn -0.0642 -0.0676 0.9956
vn -0.0501 -0.0572 0.9971
vn -0.0000 0.0173 0.9998
vn -0.1574 -0.1511 0.9759
vn -0.1229 -0.1818 0.9756
vn -0.0852 -0.2081 0.9744
vn -0.0348 -0.0780 0.9963
vn -0.0000 -0.0153 0.9999
vn -0.2227 -0.2256 0.9484
vn -0.1740 -0.2651 0.9484
vn -0.1209 -0.2899 0.9494
vn -0.0627 -0.3077 0.9494
vn -0.0445 -0.2147 0.9757
vn -0.0181 -0.0989 0.9949
vn -0.0000 -0.0173 0.9999
vn -0.3091 -0.0644 0.9488
vn -0.3159 0.0009 0.9488
vn -0.2914 -0.1208 0.9490
vn -0.2055 -0.0873 0.9748
vn -0.2144 -0.0420 0.9758
vn -0.2119 0.0025 0.9773
vn -0.2629 -0.1752 0.9488
vn -0.1854 -0.1247 0.9747
vn -0.0756 -0.0579 0.9955
vn -0.0836 -0.0346 0.9959
vn -0.0000 -0.0192 0.9998
vn -0.0000 0.0065 1.0000
vn -0.0887 -0.0161 0.9959
vn -0.0908 -0.0000 0.9959
vn -0.0000 0.0040 1.0000
vn -0.0000 -0.0031 1.0000
vn -0.2683 0.1774 0.9468
vn -0.2943 0.1156 0.9487
vn -0.1936 0.0777 0.9780
vn -0.1780 0.1129 0.9775
vn -0.3100 0.0601 0.9488
vn -0.2044 0.0419 0.9780
vn -0.0888 0.0238 0.9958
vn -0.0789 0.0445 0.9959
vn -0.0000 0.0047 1.0000
vn -0.0000 0.0068 1.0000
vn -0.0672 0.0507 0.9964
vn -0.0012 -0.0093 1.0000
vn -0.0082 0.6717 0.7407
vn -0.1303 0.7668 0.6286
vn -0.0231 0.1356 0.9905
vn -0.0006 0.1093 0.9940
vn -0.2982 0.6610 0.6886
vn -0.0417 0.1203 0.9919
vn -0.0000 0.0059 1.0000
vn -0.0000 0.0107 0.9999
vn -0.0000 0.0260 0.9997
vn -0.4329 0.5883 0.6830
vn -0.0622 0.1654 0.9843
vn -0.5005 0.5823 0.6407
vn -0.0838 0.0824 0.9931
vn -0.0000 -0.0046 1.0000
vn -0.0000 0.0001 1.0000
vn -0.0000 -0.0009 1.0000
vn -0.0000 0.0083 1.0000
vn -0.0000 -0.0056 1.0000
vn -0.0000 -0.0044 1.0000
vn -0.0000 -0.0060 1.0000
vn -0.0000 -0.0047 1.0000
vn -0.0000 -0.0020 1.0000
vn -0.0000 -0.0028 1.0000
vn -0.0000 0.0014 1.0000
vn 0.5032 0.5035 0.7024
vn 0.4267 0.5893 0.6861
vn 0.0643 0.0568 0.9963
vn 0.0825 0.0318 0.9961
vn 0.2608 0.7289 0.6330
vn 0.0457 0.1368 0.9896
vn -0.0000 -0.0341 0.9994
vn -0.0000 -0.0175 0.9998
vn 0.0086 0.0001 1.0000
vn 0.1551 0.6921 0.7050
vn 0.0251 0.1003 0.9946
vn -0.0000 0.0009 1.0000
vn -0.0000 0.0027 1.0000
vn -0.0000 -0.0102 0.9999
vn -0.0000 0.0051 1.0000
vn -0.0000 0.0029 1.0000
vn -0.0000 0.0042 1.0000
vn -0.0000 0.0087 1.0000
vn -0.0000 0.0019 1.0000
vn 0.5848 0.0084 0.8111
vn 0.5784 0.1284 0.8056
vn 0.1884 0.0366 0.9814
vn 0.2208 -0.0120 0.9752
vn 0.5491 0.2300 0.8035
vn 0.1266 0.0438 0.9910
vn 0.0397 0.0088 0.9992
vn 0.0421 0.0020 0.9991
vn 0.0432 -0.0081 0.9990
vn 0.5296 0.3598 0.7681
vn 0.0919 0.0317 0.9953
vn 0.0277 -0.0026 0.9996
vn -0.0000 -0.0037 1.0000
vn -0.0000 -0.0036 1.0000
vn -0.0000 -0.0025 1.0000
vn -0.0000 -0.0015 1.0000
vn -0.0000 -0.0014 1.0000
vn 0.4251 -0.3922 0.8158
vn 0.5063 -0.2393 0.8285
vn 0.0995 -0.0111 0.9950
vn 0.0843 -0.0325 0.9959
vn 0.5463 -0.2029 0.8126
vn 0.1345 -0.0612 0.9890
vn 0.0358 -0.0252 0.9990
vn 0.0313 -0.0362 0.9989
vn 0.0200 -0.0245 0.9995
vn 0.5728 -0.1354 0.8084
vn 0.1916 -0.0708 0.9789
vn 0.0405 -0.0146 0.9991
vn 0.0050 0.0012 1.0000
vn 0.0144 -0.0059 0.9999
vn -0.0000 0.0023 1.0000
vn -0.0000 0.0032 1.0000
vn 0.0177 -0.0107 0.9998
vn 0.0104 -0.0111 0.9999
vn -0.0016 0.0100 0.9999
vn 0.0007 -0.6312 0.7756
vn 0.0855 -0.7642 0.6393
vn 0.0236 -0.2520 0.9674
vn 0.0007 -0.1659 0.9861
vn 0.2127 -0.5860 0.7819
vn 0.0445 -0.1752 0.9835
vn -0.0000 -0.0096 1.0000
vn -0.0000 0.0084 1.0000
vn -0.0000 -0.0064 1.0000
vn 0.3458 -0.3891 0.8538
vn 0.0651 -0.0604 0.9961
vn 0.0055 -0.0146 0.9999
vn 0.0021 -0.0110 0.9999
vn -0.0000 0.0017 1.0000
vn -0.0016 0.0111 0.9999
vn -0.0000 0.0077 1.0000
vn -0.0000 0.0157 0.9999
vn -0.0000 0.0113 0.9999
vn -0.0000 0.0028 1.0000
vn -0.0000 -0.0012 1.0000
vn -0.4270 -0.3485 0.8344
vn -0.3371 -0.4048 0.8500
vn -0.0632 -0.1744 0.9827
vn -0.0797 -0.1772 0.9809
vn -0.2341 -0.4637 0.8545
vn -0.0444 -0.1873 0.9813
vn -0.0038 -0.0293 0.9996
vn -0.0158 -0.0511 0.9986
vn -0.0265 -0.0710 0.9971
vn -0.1200 -0.4783 0.8700
vn -0.0241 -0.1293 0.9913
vn -0.0000 -0.0207 0.9998
vn -0.0000 -0.0023 1.0000
vn -0.0010 -0.0097 1.0000
vn -0.0000 -0.0052 1.0000
vn 0.0019 -0.0084 1.0000
vn -0.0077 -0.0153 0.9999
vn -0.0151 -0.0201 0.9997
vn 0.0019 -0.0070 1.0000
vn -0.0000 0.0015 1.0000
vn -0.0000 0.0007 1.0000
vn -0.0432 0.0033 0.9991
vn -0.0422 -0.0007 0.9991
vn -0.0380 -0.0020 0.9993
vn -0.0045 0.0083 1.0000
vn -0.1927 -0.0021 0.9813
vn -0.2158 -0.0507 0.9751
vn -0.5901 -0.0154 0.8072
vn -0.5670 -0.1881 0.8019
vn -0.5479 -0.1540 0.8222
vn -0.1817 -0.0713 0.9808
vn -0.1190 -0.1401 0.9830
vn -0.0322 -0.0434 0.9985
vn -0.5154 -0.1146 0.8493
vn -0.0127 -0.0055 0.9999
vn -0.5763 0.4453 0.6852
vn -0.0959 0.0224 0.9951
vn -0.5927 0.2681 0.7595
vn -0.1006 0.0428 0.9940
vn -0.0303 0.0058 0.9995
vn -0.0098 0.0002 1.0000
vn -0.5878 0.0991 0.8029
vn -0.1320 0.0285 0.9908
vn -0.0422 0.0143 0.9990
vn -0.0000 0.0002 1.0000
vn -0.0000 -0.0001 1.0000
vn -0.0000 -0.0048 1.0000
vn 0.0002 0.5772 0.8166
vn -0.1189 0.5475 0.8283
vn -0.1974 0.9540 0.2258
vn -0.0000 0.9681 0.2505
vn -0.2211 0.4836 0.8469
vn -0.3681 0.9070 0.2044
vn -0.3772 0.9255 0.0327
vn -0.2020 0.9788 0.0339
vn -0.0000 0.9995 0.0322
vn -0.3111 0.4493 0.8375
vn -0.5540 0.8050 0.2124
vn -0.4089 0.3721 0.8333
vn -0.7091 0.6653 0.2336
vn -0.7114 0.7020 0.0327
vn -0.5488 0.8354 0.0320
vn -0.5488 0.8360 0.0003
vn -0.3806 0.9248 0.0007
vn -0.7091 0.7051 0.0005
vn -0.7042 0.7100 -0.0034
vn -0.5525 0.8335 -0.0032
vn -0.3818 0.9242 -0.0032
vn -0.1997 0.9799 0.0011
vn -0.0003 1.0000 0.0005
vn -0.1979 0.9802 -0.0033
vn 0.0002 1.0000 -0.0029
vn 0.7062 -0.7080 -0.0003
vn 0.5510 -0.8345 -0.0003
vn 0.5517 -0.8340 -0.0003
vn 0.7067 -0.7075 -0.0003
vn 0.3814 -0.9244 -0.0003
vn 0.3827 -0.9239 -0.0003
vn 0.3848 -0.9230 -0.0003
vn 0.5533 -0.8330 -0.0002
vn 0.7065 -0.7077 -0.0002
vn 0.1982 -0.9802 -0.0003
vn 0.1987 -0.9801 -0.0004
vn -0.0004 -1.0000 -0.0003
vn -0.0008 -1.0000 -0.0004
vn -0.0005 -1.0000 -0.0005
vn 0.1998 -0.9798 -0.0004
vn 0.1989 -0.9800 -0.0003
vn 0.3849 -0.9229 -0.0004
vn -0.0006 -1.0000 -0.0002
vn -0.0007 -1.0000 -0.0000
vn 0.1977 -0.9803 -0.0003
vn 0.3792 -0.9253 -0.0006
vn 0.5530 -0.8332 -0.0003
vn 0.7060 -0.7082 -0.0004
vn 0.5491 -0.8358 -0.0005
vn 0.7082 -0.7060 -0.0006
vn 0.4124 0.4149 0.8110
vn 0.3271 0.4312 0.8409
vn 0.5600 0.7944 0.2352
vn 0.7137 0.6571 0.2426
vn 0.2232 0.4957 0.8393
vn 0.3912 0.8916 0.2280
vn 0.3769 0.9257 0.0315
vn 0.5421 0.8397 0.0325
vn 0.6992 0.7141 0.0338
vn 0.1159 0.5459 0.8298
vn 0.2047 0.9511 0.2314
vn 0.1957 0.9802 0.0308
vn 0.2010 0.9796 0.0005
vn 0.3798 0.9251 0.0011
vn 0.2000 0.9798 -0.0027
vn 0.3817 0.9243 -0.0029
vn 0.5486 0.8361 0.0012
vn 0.7032 0.7110 0.0013
vn 0.5515 0.8342 -0.0032
vn 0.7071 0.7071 -0.0034
vn -0.1998 -0.9798 -0.0003
vn -0.2002 -0.9798 -0.0003
vn -0.3831 -0.9237 -0.0002
vn -0.3840 -0.9233 -0.0002
vn -0.3855 -0.9227 -0.0005
vn -0.2010 -0.9796 -0.0005
vn -0.5522 -0.8337 -0.0000
vn -0.5530 -0.8332 -0.0002
vn -0.7071 -0.7071 -0.0000
vn -0.7074 -0.7068 -0.0003
vn -0.5533 -0.8330 -0.0004
vn -0.5537 -0.8327 -0.0003
vn -0.3860 -0.9225 -0.0005
vn -0.7078 -0.7064 -0.0004
vn -0.7087 -0.7055 -0.0000
vn -0.5516 -0.8341 -0.0000
vn -0.3786 -0.9255 -0.0000
vn -0.2004 -0.9797 -0.0005
vn -0.1974 -0.9803 -0.0000
vn 0.5741 0.0037 0.8188
vn 0.5654 0.0922 0.8197
vn 0.9526 0.2006 0.2287
vn 0.9733 0.0034 0.2293
vn 0.5314 0.2438 0.8113
vn 0.8935 0.3862 0.2292
vn 0.9256 0.3769 0.0342
vn 0.9798 0.1973 0.0340
vn 0.9994 0.0003 0.0339
vn 0.4773 0.3834 0.7907
vn 0.8308 0.5021 0.2400
vn 0.8369 0.5463 0.0343
vn 0.8318 0.5550 0.0013
vn 0.9257 0.3783 0.0015
vn 0.8352 0.5500 -0.0037
vn 0.9243 0.3816 -0.0036
vn 0.9804 0.1969 0.0014
vn 1.0000 -0.0017 0.0011
vn 0.9799 0.1995 -0.0035
vn 1.0000 -0.0005 -0.0035
vn -1.0000 0.0003 0.0001
vn -0.9800 -0.1991 -0.0000
vn -0.9801 -0.1986 -0.0001
vn -1.0000 0.0006 -0.0000
vn -0.9246 -0.3809 -0.0000
vn -0.9243 -0.3816 -0.0001
vn -0.9241 -0.3821 -0.0002
vn -1.0000 0.0005 -0.0000
vn -0.8348 -0.5506 -0.0000
vn -0.8350 -0.5503 -0.0003
vn -0.8344 -0.5512 -0.0003
vn -0.8344 -0.5512 -0.0002
vn -0.8337 -0.5522 -0.0000
vn -0.9239 -0.3827 -0.0000
vn -0.9801 -0.1986 -0.0000
vn -0.9802 -0.1982 -0.0000
vn -1.0000 0.0007 -0.0000
vn 0.4357 -0.3677 0.8215
vn 0.4828 -0.3046 0.8211
vn 0.8327 -0.4985 0.2409
vn 0.7061 -0.6674 0.2366
vn 0.5299 -0.2298 0.8163
vn 0.9110 -0.3415 0.2314
vn 0.9270 -0.3736 0.0331
vn 0.8408 -0.5404 0.0328
vn 0.7089 -0.7045 0.0331
vn 0.5633 -0.1107 0.8188
vn 0.9543 -0.1929 0.2284
vn 0.9792 -0.2002 0.0336
vn 0.9800 -0.1992 0.0010
vn 0.9240 -0.3824 0.0009
vn 0.9800 -0.1991 -0.0034
vn 0.9237 -0.3831 -0.0034
vn 0.8388 -0.5444 0.0007
vn 0.7146 -0.6995 0.0005
vn 0.8319 -0.5549 -0.0033
vn 0.7079 -0.7063 -0.0036
vn -0.9798 0.2000 0.0001
vn -0.9797 0.2003 0.0001
vn -0.9235 0.3836 0.0002
vn -0.9239 0.3827 -0.0000
vn -0.9799 0.1996 0.0001
vn -0.8334 0.5526 0.0003
vn -0.8340 0.5518 0.0002
vn -0.8337 0.5522 -0.0000
vn -0.8328 0.5536 0.0001
vn -0.9235 0.3835 0.0002
vn -0.7070 0.7073 0.0002
vn -0.7069 0.7073 0.0004
vn -0.8339 0.5519 0.0006
vn -0.9800 0.1991 -0.0000
vn -0.9797 0.2006 0.0003
vn 0.0003 -0.5194 0.8545
vn 0.1148 -0.6105 0.7837
vn 0.1946 -0.9506 0.2418
vn -0.0000 -0.9633 0.2684
vn 0.2282 -0.6029 0.7645
vn 0.3478 -0.9112 0.2206
vn 0.3824 -0.9234 0.0331
vn 0.2076 -0.9776 0.0350
vn -0.0007 -0.9995 0.0327
vn 0.3544 -0.4992 0.7907
vn 0.5481 -0.8044 0.2290
vn 0.5452 -0.8377 0.0322
vn 0.5468 -0.8372 0.0003
vn 0.3810 -0.9246 0.0007
vn 0.5565 -0.8308 -0.0040
vn 0.3838 -0.9234 -0.0041
vn 0.2024 -0.9793 0.0012
vn -0.0007 -1.0000 0.0006
vn 0.1989 -0.9800 -0.0039
vn -0.0005 -1.0000 -0.0038
vn -0.5517 0.8341 0.0003
vn -0.5517 0.8340 0.0004
vn -0.3817 0.9243 0.0003
vn -0.3810 0.9246 0.0004
vn -0.3816 0.9243 0.0004
vn -0.5499 0.8352 0.0002
vn -0.1986 0.9801 0.0003
vn -0.1981 0.9802 0.0004
vn 0.0006 1.0000 0.0002
vn 0.0004 1.0000 0.0003
vn 0.0005 1.0000 0.0005
vn -0.1989 0.9800 0.0006
vn -0.1994 0.9799 0.0005
vn -0.3834 0.9236 0.0003
vn 0.0006 1.0000 0.0006
vn 0.0005 1.0000 -0.0000
vn -0.1991 0.9800 -0.0000
vn -0.3839 0.9234 0.0003
vn -0.5504 0.8349 0.0003
vn -0.5529 0.8333 0.0005
vn -0.7061 -0.7081 -0.0037
vn -0.7099 -0.7043 0.0013
vn -0.5508 -0.8346 0.0013
vn -0.5518 -0.8340 -0.0040
vn -0.7135 -0.6999 0.0339
vn -0.5537 -0.8321 0.0333
vn -0.3856 -0.9221 0.0336
vn -0.3823 -0.9240 0.0012
vn -0.3830 -0.9237 -0.0041
vn -0.7148 -0.6555 0.2436
vn -0.5637 -0.7889 0.2448
vn -0.4139 -0.4138 0.8108
vn -0.3153 -0.4932 0.8108
vn -0.2018 -0.6268 0.7526
vn -0.3731 -0.9012 0.2204
vn -0.1953 -0.9546 0.2251
vn -0.2003 -0.9792 0.0321
vn -0.1114 -0.5803 0.8068
vn -0.2015 -0.9795 0.0006
vn -0.1995 -0.9799 -0.0040
vn 0.1995 0.9799 0.0003
vn 0.1997 0.9799 0.0004
vn 0.3834 0.9236 0.0002
vn 0.3824 0.9240 0.0004
vn 0.1997 0.9799 0.0005
vn 0.5530 0.8332 0.0002
vn 0.5528 0.8333 0.0003
vn 0.7071 0.7071 -0.0000
vn 0.7076 0.7066 0.0002
vn 0.7087 0.7055 0.0003
vn 0.5522 0.8337 -0.0000
vn 0.5540 0.8325 0.0003
vn 0.3847 0.9230 0.0002
vn 0.7086 0.7056 0.0001
vn 0.7073 0.7069 -0.0000
vn 0.5531 0.8331 -0.0000
vn 0.3848 0.9230 -0.0000
vn 0.2000 0.9798 0.0002
vn 0.2005 0.9797 -0.0000
vn -0.5740 0.0111 0.8188
vn -0.5621 -0.1409 0.8150
vn -0.9551 -0.1872 0.2295
vn -0.9733 0.0067 0.2293
vn -0.5263 -0.2537 0.8116
vn -0.8916 -0.3926 0.2257
vn -0.9238 -0.3813 0.0341
vn -0.9804 -0.1942 0.0335
vn -0.9994 0.0006 0.0339
vn -0.4813 -0.3438 0.8063
vn -0.8126 -0.5354 0.2304
vn -0.8370 -0.5460 0.0347
vn -0.8343 -0.5513 0.0011
vn -0.9252 -0.3796 0.0009
vn -0.8331 -0.5531 -0.0037
vn -0.9236 -0.3834 -0.0036
vn -0.9804 -0.1972 0.0010
vn -1.0000 0.0016 0.0012
vn -0.9800 -0.1991 -0.0034
vn -1.0000 0.0014 -0.0034
vn 0.8340 0.5517 0.0001
vn 0.8338 0.5521 0.0003
vn 0.9239 0.3827 -0.0000
vn 0.9236 0.3833 0.0001
vn 0.8341 0.5516 0.0002
vn 0.9800 0.1991 -0.0000
vn 0.9801 0.1987 -0.0000
vn 1.0000 -0.0008 -0.0000
vn 1.0000 -0.0003 -0.0000
vn 0.9802 0.1982 -0.0000
vn 0.9244 0.3813 0.0001
vn 1.0000 -0.0000 -0.0000
vn 0.9798 0.2000 -0.0000
vn 0.9240 0.3823 0.0003
vn 0.8350 0.5502 0.0001
vn -0.4862 0.2760 0.8291
vn -0.8181 0.5245 0.2357
vn -0.5308 0.2191 0.8187
vn -0.9007 0.3696 0.2282
vn -0.9244 0.3799 0.0337
vn -0.8323 0.5534 0.0333
vn -0.5621 0.1371 0.8156
vn -0.9546 0.1911 0.2285
vn -0.9802 0.1953 0.0339
vn -0.9794 0.2021 0.0013
vn -0.9234 0.3838 0.0011
vn -0.9795 0.2014 -0.0033
vn -0.9232 0.3843 -0.0034
vn -0.8350 0.5502 0.0008
vn -0.8313 0.5559 -0.0036
vn 0.9798 -0.1997 -0.0001
vn 0.9798 -0.1998 -0.0001
vn 0.9236 -0.3833 -0.0002
vn 0.9235 -0.3837 -0.0002
vn 0.9233 -0.3840 -0.0002
vn 0.9799 -0.1994 -0.0001
vn 0.8333 -0.5528 -0.0003
vn 0.8337 -0.5522 -0.0000
vn 0.8327 -0.5537 -0.0001
vn 0.9241 -0.3820 -0.0001
vn 0.8341 -0.5516 -0.0006
vn 0.9242 -0.3820 -0.0002
vn 0.9800 -0.1991 -0.0000
vn 0.9802 -0.1982 -0.0000
vn -0.0005 -0.9804 -0.1971
vn -0.1966 -0.9603 -0.1980
vn -0.1914 -0.9365 -0.2939
vn -0.0008 -0.9556 -0.2946
vn -0.3752 -0.9056 -0.1978
vn -0.3655 -0.8836 -0.2927
vn -0.3493 -0.8470 -0.4007
vn -0.1828 -0.8966 -0.4033
vn -0.0009 -0.9137 -0.4064
vn -0.5410 -0.8174 -0.1977
vn -0.5269 -0.7979 -0.2928
vn -0.6941 -0.6920 -0.1981
vn -0.6764 -0.6754 -0.2937
vn -0.6468 -0.6474 -0.4031
vn -0.5047 -0.7641 -0.4017
vn -0.4717 -0.7072 -0.5267
vn -0.3266 -0.7854 -0.5258
vn -0.6025 -0.6004 -0.5259
vn -0.5359 -0.5341 -0.6539
vn -0.4181 -0.6312 -0.6533
vn -0.2905 -0.6977 -0.6548
vn -0.1697 -0.8338 -0.5253
vn -0.0000 -0.8505 -0.5260
vn -0.1512 -0.7404 -0.6549
vn -0.0005 -0.7571 -0.6533
vn 0.6924 -0.6938 -0.1981
vn 0.5409 -0.8174 -0.1981
vn 0.5280 -0.7968 -0.2939
vn 0.6767 -0.6748 -0.2943
vn 0.3747 -0.9059 -0.1975
vn 0.3658 -0.8832 -0.2935
vn 0.3497 -0.8458 -0.4030
vn 0.5049 -0.7636 -0.4025
vn 0.6470 -0.6473 -0.4029
vn 0.1942 -0.9610 -0.1969
vn 0.1904 -0.9365 -0.2944
vn 0.1817 -0.8961 -0.4049
vn 0.1693 -0.8336 -0.5258
vn 0.3257 -0.7858 -0.5258
vn 0.1504 -0.7404 -0.6552
vn 0.2897 -0.6978 -0.6551
vn 0.4683 -0.7113 -0.5242
vn 0.6005 -0.6032 -0.5249
vn 0.4173 -0.6306 -0.6544
vn 0.5347 -0.5343 -0.6547
vn 0.9804 -0.0003 -0.1971
vn 0.9607 -0.1952 -0.1975
vn 0.9367 -0.1913 -0.2934
vn 0.9560 -0.0005 -0.2935
vn 0.9051 -0.3764 -0.1977
vn 0.8823 -0.3683 -0.2929
vn 0.8445 -0.3526 -0.4032
vn 0.8962 -0.1829 -0.4042
vn 0.9146 -0.0006 -0.4044
vn 0.8161 -0.5430 -0.1977
vn 0.7958 -0.5300 -0.2930
vn 0.7624 -0.5066 -0.4027
vn 0.7092 -0.4702 -0.5253
vn 0.7861 -0.3261 -0.5251
vn 0.6309 -0.4188 -0.6531
vn 0.7005 -0.2903 -0.6520
vn 0.8336 -0.1693 -0.5258
vn 0.8499 -0.0000 -0.5270
vn 0.7429 -0.1506 -0.6522
vn 0.7571 0.0005 -0.6533
vn 0.6931 0.6933 -0.1974
vn 0.8180 0.5403 -0.1973
vn 0.7978 0.5265 -0.2938
vn 0.6760 0.6760 -0.2932
vn 0.9062 0.3744 -0.1968
vn 0.8833 0.3654 -0.2938
vn 0.8453 0.3505 -0.4033
vn 0.7636 0.5047 -0.4028
vn 0.6486 0.6458 -0.4028
vn 0.9610 0.1945 -0.1967
vn 0.9367 0.1906 -0.2936
vn 0.8964 0.1824 -0.4041
vn 0.8331 0.1693 -0.5265
vn 0.7860 0.3256 -0.5256
vn 0.7416 0.1502 -0.6538
vn 0.6994 0.2893 -0.6536
vn 0.7103 0.4687 -0.5252
vn 0.6030 0.5998 -0.5260
vn 0.6309 0.4184 -0.6534
vn 0.5353 0.5345 -0.6540
vn 0.0007 0.9803 -0.1977
vn 0.1964 0.9604 -0.1977
vn 0.1921 0.9362 -0.2942
vn 0.0005 0.9555 -0.2950
vn 0.3748 0.9059 -0.1970
vn 0.3651 0.8840 -0.2921
vn 0.3505 0.8457 -0.4024
vn 0.1832 0.8962 -0.4041
vn 0.0005 0.9148 -0.4039
vn 0.5401 0.8182 -0.1968
vn 0.5269 0.7980 -0.2923
vn 0.5070 0.7620 -0.4029
vn 0.4713 0.7078 -0.5263
vn 0.3262 0.7857 -0.5256
vn 0.4184 0.6301 -0.6541
vn 0.2898 0.6996 -0.6531
vn 0.1702 0.8333 -0.5260
vn 0.0007 0.8509 -0.5253
vn 0.1516 0.7417 -0.6534
vn 0.0005 0.7574 -0.6529
vn -0.6926 0.6937 -0.1976
vn -0.5416 0.8171 -0.1977
vn -0.5280 0.7971 -0.2930
vn -0.6763 0.6757 -0.2934
vn -0.3743 0.9061 -0.1972
vn -0.3667 0.8828 -0.2936
vn -0.3502 0.8454 -0.4033
vn -0.5045 0.7640 -0.4022
vn -0.6476 0.6468 -0.4029
vn -0.1941 0.9611 -0.1967
vn -0.1905 0.9367 -0.2937
vn -0.1811 0.8970 -0.4033
vn -0.1684 0.8352 -0.5235
vn -0.3249 0.7868 -0.5249
vn -0.1507 0.7443 -0.6506
vn -0.2891 0.7018 -0.6511
vn -0.4691 0.7101 -0.5251
vn -0.6018 0.6014 -0.5255
vn -0.4172 0.6322 -0.6529
vn -0.5346 0.5349 -0.6542
vn -0.9804 0.0008 -0.1968
vn -0.9608 0.1953 -0.1967
vn -0.9366 0.1907 -0.2939
vn -0.9559 0.0002 -0.2938
vn -0.9062 0.3741 -0.1973
vn -0.8833 0.3658 -0.2934
vn -0.8456 0.3505 -0.4027
vn -0.8967 0.1821 -0.4035
vn -0.9146 0.0003 -0.4043
vn -0.8172 0.5414 -0.1976
vn -0.7976 0.5272 -0.2932
vn -0.7637 0.5048 -0.4026
vn -0.7103 0.4681 -0.5257
vn -0.7871 0.3233 -0.5254
vn -0.6310 0.4172 -0.6540
vn -0.6993 0.2897 -0.6535
vn -0.8339 0.1679 -0.5258
vn -0.8499 0.0012 -0.5269
vn -0.7413 0.1514 -0.6538
vn -0.7565 0.0007 -0.6540
vn -0.8178 -0.5404 -0.1978
vn -0.7973 -0.5276 -0.2933
vn -0.9062 -0.3740 -0.1974
vn -0.8834 -0.3657 -0.2931
vn -0.8453 -0.3497 -0.4040
vn -0.7624 -0.5058 -0.4035
vn -0.9609 -0.1944 -0.1970
vn -0.9370 -0.1898 -0.2934
vn -0.8966 -0.1812 -0.4041
vn -0.8331 -0.1685 -0.5268
vn -0.7862 -0.3253 -0.5255
vn -0.7422 -0.1497 -0.6532
vn -0.7007 -0.2900 -0.6518
vn -0.7100 -0.4691 -0.5252
vn -0.6324 -0.4178 -0.6523
vn -0.1290 -0.6326 -0.7637
vn -0.0006 -0.6455 -0.7637
vn -0.2476 -0.5974 -0.7628
vn -0.2048 -0.4943 -0.8448
vn -0.1068 -0.5251 -0.8443
vn -0.0004 -0.5351 -0.8448
vn -0.3569 -0.5400 -0.7622
vn -0.4571 -0.4568 -0.7632
vn -0.3783 -0.3781 -0.8449
vn -0.2956 -0.4465 -0.8446
vn -0.2314 -0.3498 -0.9078
vn -0.1606 -0.3855 -0.9086
vn -0.2960 -0.2969 -0.9079
vn -0.0836 -0.4091 -0.9087
vn -0.0003 -0.4165 -0.9091
vn 0.3565 -0.5398 -0.7626
vn 0.4566 -0.4566 -0.7635
vn 0.2466 -0.6000 -0.7611
vn 0.2037 -0.4993 -0.8421
vn 0.2943 -0.4508 -0.8427
vn 0.3777 -0.3799 -0.8444
vn 0.1283 -0.6345 -0.7622
vn 0.1061 -0.5254 -0.8442
vn 0.0832 -0.4082 -0.9091
vn 0.1599 -0.3867 -0.9082
vn 0.2309 -0.3491 -0.9082
vn 0.2956 -0.2973 -0.9079
vn 0.6335 -0.1276 -0.7631
vn 0.6463 0.0015 -0.7631
vn 0.5970 -0.2489 -0.7626
vn 0.4942 -0.2048 -0.8449
vn 0.5244 -0.1042 -0.8451
vn 0.5349 0.0025 -0.8449
vn 0.5385 -0.3574 -0.7631
vn 0.4460 -0.2949 -0.8450
vn 0.3488 -0.2332 -0.9077
vn 0.3869 -0.1602 -0.9081
vn 0.4111 -0.0820 -0.9079
vn 0.4211 0.0001 -0.9070
vn 0.5394 0.3557 -0.7632
vn 0.4576 0.4555 -0.7637
vn 0.5975 0.2471 -0.7628
vn 0.4945 0.2047 -0.8447
vn 0.4463 0.2944 -0.8451
vn 0.3785 0.3777 -0.8450
vn 0.6335 0.1283 -0.7631
vn 0.5243 0.1059 -0.8449
vn 0.4135 0.0828 -0.9067
vn 0.3900 0.1626 -0.9064
vn 0.3511 0.2335 -0.9068
vn 0.2965 0.2980 -0.9073
vn 0.1291 0.6346 -0.7620
vn 0.0004 0.6476 -0.7620
vn 0.2474 0.5984 -0.7620
vn 0.2052 0.4935 -0.8452
vn 0.1072 0.5228 -0.8457
vn 0.0003 0.5351 -0.8448
vn 0.3574 0.5386 -0.7630
vn 0.2956 0.4468 -0.8444
vn 0.2312 0.3512 -0.9073
vn 0.1604 0.3875 -0.9078
vn 0.0837 0.4097 -0.9084
vn 0.0003 0.4167 -0.9090
vn -0.3571 0.5379 -0.7637
vn -0.4568 0.4566 -0.7634
vn -0.2471 0.5966 -0.7635
vn -0.2045 0.4958 -0.8440
vn -0.2951 0.4467 -0.8446
vn -0.3777 0.3798 -0.8444
vn -0.1284 0.6342 -0.7624
vn -0.1060 0.5269 -0.8433
vn -0.0830 0.4130 -0.9069
vn -0.1598 0.3903 -0.9067
vn -0.2308 0.3503 -0.9078
vn -0.2958 0.2971 -0.9079
vn -0.6333 0.1307 -0.7628
vn -0.6463 -0.0000 -0.7631
vn -0.5971 0.2491 -0.7625
vn -0.4942 0.2064 -0.8445
vn -0.5242 0.1075 -0.8448
vn -0.5349 -0.0008 -0.8449
vn -0.5388 0.3572 -0.7629
vn -0.4459 0.2957 -0.8448
vn -0.3496 0.2309 -0.9080
vn -0.3889 0.1611 -0.9071
vn -0.4134 0.0837 -0.9067
vn -0.4218 -0.0001 -0.9067
vn -0.5388 -0.3581 -0.7625
vn -0.5977 -0.2470 -0.7628
vn -0.4948 -0.2039 -0.8447
vn -0.4462 -0.2954 -0.8448
vn -0.6338 -0.1276 -0.7629
vn -0.5247 -0.1050 -0.8448
vn -0.4131 -0.0828 -0.9069
vn -0.3881 -0.1593 -0.9077
vn -0.3493 -0.2303 -0.9083
vn -0.7093 -0.7049 -0.0003
vn -0.5532 -0.8331 -0.0002
vn -0.5520 -0.8338 0.0104
vn -0.7075 -0.7066 0.0105
vn -0.3837 -0.9235 -0.0002
vn -0.3830 -0.9237 0.0106
vn -0.3823 -0.9227 0.0495
vn -0.5503 -0.8335 0.0496
vn -0.7050 -0.7075 0.0496
vn -0.2007 -0.9796 -0.0003
vn -0.1999 -0.9798 0.0105
vn -0.0006 -1.0000 -0.0003
vn -0.0005 -0.9999 0.0104
vn -0.0003 -0.9988 0.0497
vn -0.1987 -0.9788 0.0494
vn -0.1985 -0.9726 0.1212
vn -0.3815 -0.9164 0.1211
vn -0.0005 -0.9926 0.1211
vn -0.0006 -0.9766 0.2152
vn -0.1950 -0.9569 0.2151
vn -0.3725 -0.9030 0.2140
vn -0.5485 -0.8274 0.1208
vn -0.7024 -0.7014 0.1211
vn -0.5388 -0.8148 0.2140
vn -0.6910 -0.6904 0.2144
vn 0.6911 -0.6902 0.2147
vn 0.5393 -0.8142 0.2150
vn 0.5469 -0.8284 0.1211
vn 0.6996 -0.7043 0.1210
vn 0.3740 -0.9022 0.2148
vn 0.3793 -0.9172 0.1217
vn 0.3817 -0.9230 0.0497
vn 0.5502 -0.8336 0.0493
vn 0.7048 -0.7077 0.0492
vn 0.1944 -0.9572 0.2146
vn 0.1968 -0.9729 0.1217
vn 0.1980 -0.9789 0.0498
vn 0.1988 -0.9800 0.0104
vn 0.3817 -0.9242 0.0103
vn 0.1991 -0.9800 -0.0000
vn 0.3817 -0.9243 -0.0002
vn 0.5511 -0.8344 0.0104
vn 0.7073 -0.7069 0.0105
vn 0.5495 -0.8355 -0.0001
vn 0.7054 -0.7089 -0.0001
vn 0.9767 -0.0006 0.2146
vn 0.9570 -0.1952 0.2144
vn 0.9726 -0.1984 0.1213
vn 0.9926 -0.0009 0.1216
vn 0.9023 -0.3741 0.2142
vn 0.9170 -0.3801 0.1212
vn 0.9233 -0.3808 0.0494
vn 0.9787 -0.1993 0.0496
vn 0.9988 -0.0012 0.0497
vn 0.8145 -0.5392 0.2143
vn 0.8264 -0.5499 0.1210
vn 0.8334 -0.5504 0.0493
vn 0.8345 -0.5509 0.0106
vn 0.9239 -0.3824 0.0106
vn 0.8330 -0.5533 -0.0002
vn 0.9237 -0.3830 -0.0001
vn 0.9799 -0.1992 0.0106
vn 0.9999 -0.0004 0.0107
vn 0.9799 -0.1996 -0.0001
vn 0.6924 0.6884 0.2158
vn 0.8150 0.5380 0.2154
vn 0.8285 0.5466 0.1220
vn 0.7032 0.7005 0.1219
vn 0.9026 0.3730 0.2149
vn 0.9179 0.3775 0.1221
vn 0.9232 0.3810 0.0498
vn 0.8333 0.5505 0.0499
vn 0.7052 0.7072 0.0501
vn 0.9572 0.1943 0.2145
vn 0.9729 0.1967 0.1219
vn 0.9791 0.1974 0.0498
vn 0.9801 0.1982 0.0108
vn 0.9237 0.3830 0.0108
vn 0.9241 0.3821 0.0001
vn 0.8338 0.5520 0.0109
vn 0.7071 0.7070 0.0110
vn 0.8345 0.5511 0.0001
vn 0.7092 0.7050 -0.0000
vn 0.0008 0.9764 0.2160
vn 0.1950 0.9569 0.2153
vn 0.1988 0.9724 0.1225
vn 0.0005 0.9925 0.1222
vn 0.3753 0.9016 0.2153
vn 0.3827 0.9157 0.1224
vn 0.3818 0.9229 0.0499
vn 0.1998 0.9786 0.0500
vn 0.0005 0.9987 0.0503
vn 0.5420 0.8123 0.2156
vn 0.5512 0.8254 0.1222
vn 0.5501 0.8336 0.0501
vn 0.5507 0.8346 0.0110
vn 0.3811 0.9245 0.0110
vn 0.5537 0.8327 0.0001
vn 0.3838 0.9234 0.0002
vn 0.1993 0.9799 0.0111
vn 0.0008 0.9999 0.0110
vn 0.0006 1.0000 0.0003
vn -0.6905 0.6906 0.2150
vn -0.5378 0.8154 0.2143
vn -0.5483 0.8274 0.1215
vn -0.7017 0.7021 0.1216
vn -0.3724 0.9030 0.2141
vn -0.3794 0.9172 0.1215
vn -0.3827 0.9225 0.0504
vn -0.5511 0.8329 0.0504
vn -0.7040 0.7085 0.0501
vn -0.1946 0.9569 0.2154
vn -0.1972 0.9728 0.1217
vn -0.1984 0.9788 0.0503
vn -0.1980 0.9801 0.0110
vn -0.3813 0.9244 0.0110
vn -0.1984 0.9801 0.0004
vn -0.3815 0.9244 0.0003
vn -0.5515 0.8341 0.0110
vn -0.7063 0.7078 0.0111
vn -0.5504 0.8349 0.0001
vn -0.7058 0.7084 0.0001
vn -0.9767 0.0003 0.2148
vn -0.9571 0.1945 0.2149
vn -0.9728 0.1970 0.1222
vn -0.9925 -0.0001 0.1220
vn -0.9025 0.3730 0.2153
vn -0.9168 0.3801 0.1222
vn -0.9223 0.3831 0.0497
vn -0.9785 0.2002 0.0500
vn -0.9988 0.0011 0.0500
vn -0.8151 0.5378 0.2153
vn -0.8262 0.5501 0.1215
vn -0.8318 0.5529 0.0497
vn -0.8338 0.5520 0.0110
vn -0.9236 0.3831 0.0109
vn -0.8339 0.5520 0.0004
vn -0.9241 0.3823 0.0002
vn -0.9797 0.2001 0.0107
vn -0.9999 0.0008 0.0107
vn -0.9799 0.1994 0.0001
vn -1.0000 0.0003 -0.0000
vn -0.8148 -0.5386 0.2145
vn -0.8284 -0.5468 0.1212
vn -0.9027 -0.3729 0.2145
vn -0.9172 -0.3795 0.1211
vn -0.9229 -0.3819 0.0494
vn -0.8326 -0.5517 0.0494
vn -0.9573 -0.1937 0.2145
vn -0.9726 -0.1981 0.1214
vn -0.9790 -0.1977 0.0496
vn -0.9801 -0.1980 0.0107
vn -0.9237 -0.3828 0.0107
vn -0.9241 -0.3821 -0.0001
vn -0.8336 -0.5523 0.0106
vn -0.8347 -0.5506 -0.0002
vn -0.1620 -0.7960 0.5832
vn -0.0003 -0.8127 0.5827
vn -0.3118 -0.7504 0.5828
vn -0.3433 -0.8266 0.4460
vn -0.1786 -0.8780 0.4441
vn -0.0003 -0.8952 0.4457
vn -0.4499 -0.6770 0.5825
vn -0.5751 -0.5752 0.5817
vn -0.6339 -0.6301 0.4485
vn -0.4969 -0.7424 0.4494
vn -0.5237 -0.7890 0.3214
vn -0.3618 -0.8757 0.3198
vn -0.6708 -0.6683 0.3215
vn -0.1891 -0.9286 0.3193
vn -0.0005 -0.9474 0.3202
vn 0.4483 -0.6770 0.5837
vn 0.5740 -0.5760 0.5821
vn 0.3108 -0.7490 0.5851
vn 0.3415 -0.8281 0.4445
vn 0.4931 -0.7473 0.4454
vn 0.6312 -0.6339 0.4470
vn 0.1610 -0.7958 0.5838
vn 0.1777 -0.8779 0.4448
vn 0.1882 -0.9288 0.3193
vn 0.3615 -0.8761 0.3191
vn 0.5208 -0.7915 0.3197
vn 0.6686 -0.6708 0.3209
vn 0.7970 -0.1626 0.5817
vn 0.8134 -0.0000 0.5817
vn 0.7512 -0.3122 0.5816
vn 0.8266 -0.3433 0.4460
vn 0.8770 -0.1794 0.4458
vn 0.8950 -0.0006 0.4461
vn 0.6776 -0.4501 0.5816
vn 0.7457 -0.4939 0.4473
vn 0.7897 -0.5227 0.3210
vn 0.8749 -0.3630 0.3207
vn 0.9278 -0.1902 0.3209
vn 0.9470 -0.0011 0.3213
vn 0.6773 0.4481 0.5835
vn 0.5742 0.5739 0.5839
vn 0.7510 0.3121 0.5819
vn 0.8274 0.3416 0.4457
vn 0.7463 0.4939 0.4462
vn 0.6323 0.6328 0.4470
vn 0.7970 0.1622 0.5818
vn 0.8774 0.1773 0.4459
vn 0.9282 0.1879 0.3212
vn 0.8753 0.3618 0.3207
vn 0.7906 0.5216 0.3207
vn 0.6697 0.6698 0.3207
vn 0.1630 0.7960 0.5830
vn 0.0006 0.8130 0.5822
vn 0.3133 0.7488 0.5841
vn 0.3443 0.8244 0.4492
vn 0.1786 0.8768 0.4464
vn 0.0007 0.8956 0.4449
vn 0.4493 0.6768 0.5832
vn 0.4948 0.7442 0.4487
vn 0.5236 0.7891 0.3211
vn 0.3635 0.8744 0.3213
vn 0.1885 0.9283 0.3205
vn 0.0007 0.9469 0.3215
vn -0.4483 0.6782 0.5823
vn -0.5743 0.5745 0.5832
vn -0.3110 0.7520 0.5812
vn -0.3426 0.8264 0.4467
vn -0.4941 0.7451 0.4480
vn -0.6326 0.6313 0.4487
vn -0.1612 0.7973 0.5816
vn -0.1777 0.8771 0.4462
vn -0.1888 0.9274 0.3228
vn -0.3626 0.8745 0.3221
vn -0.5211 0.7909 0.3209
vn -0.6691 0.6700 0.3216
vn -0.7957 0.1618 0.5837
vn -0.8127 0.0004 0.5826
vn -0.7494 0.3124 0.5838
vn -0.8265 0.3435 0.4460
vn -0.8771 0.1790 0.4458
vn -0.8950 0.0006 0.4460
vn -0.6765 0.4493 0.5835
vn -0.7452 0.4945 0.4473
vn -0.7914 0.5198 0.3218
vn -0.8759 0.3609 0.3202
vn -0.9282 0.1901 0.3200
vn -0.9471 0.0008 0.3209
vn -0.6779 -0.4494 0.5818
vn -0.7518 -0.3106 0.5817
vn -0.8272 -0.3426 0.4453
vn -0.7468 -0.4930 0.4464
vn -0.7971 -0.1614 0.5819
vn -0.8772 -0.1779 0.4459
vn -0.9283 -0.1876 0.3211
vn -0.8754 -0.3617 0.3209
vn -0.7906 -0.5213 0.3211
vn -0.5513 -0.8343 -0.0003
vn -0.7068 -0.7074 -0.0002
vn -0.3834 -0.9236 -0.0003
vn -0.5535 -0.8328 -0.0003
vn -0.7084 -0.7059 -0.0002
vn -0.2000 -0.9798 -0.0003
vn -0.1998 -0.9798 -0.0004
vn -0.0005 -1.0000 -0.0003
vn -0.0005 -1.0000 -0.0004
vn -0.0007 -1.0000 -0.0003
vn -0.2002 -0.9797 -0.0003
vn -0.3838 -0.9234 -0.0003
vn -0.0008 -1.0000 -0.0003
vn -0.0007 -1.0000 -0.0004
vn -0.2002 -0.9798 -0.0004
vn -0.3834 -0.9236 -0.0004
vn -0.5531 -0.8331 -0.0002
vn -0.7079 -0.7063 -0.0002
vn -0.7070 -0.7072 -0.0003
vn 0.7061 -0.7081 -0.0003
vn 0.5503 -0.8350 -0.0003
vn 0.5513 -0.8343 -0.0003
vn 0.7071 -0.7071 -0.0000
vn 0.3812 -0.9245 -0.0004
vn 0.3809 -0.9246 -0.0003
vn 0.3822 -0.9241 -0.0003
vn 0.5514 -0.8342 -0.0003
vn 0.7068 -0.7074 -0.0003
vn 0.1985 -0.9801 -0.0005
vn 0.1980 -0.9802 -0.0003
vn 0.1985 -0.9801 -0.0004
vn 0.1990 -0.9800 -0.0003
vn 0.3829 -0.9238 -0.0002
vn 0.5526 -0.8335 -0.0002
vn 0.5532 -0.8330 -0.0004
vn 0.7083 -0.7059 -0.0003
vn 1.0000 -0.0005 -0.0000
vn 0.9798 -0.2001 -0.0001
vn 0.9799 -0.1995 -0.0001
vn 0.9235 -0.3836 -0.0002
vn 0.9239 -0.3827 -0.0000
vn 0.9238 -0.3829 -0.0003
vn 0.9798 -0.1999 -0.0001
vn 0.8333 -0.5527 -0.0002
vn 0.8342 -0.5515 -0.0002
vn 0.8334 -0.5527 -0.0002
vn 0.9237 -0.3831 -0.0002
vn 0.8334 -0.5526 -0.0001
vn 0.9234 -0.3839 -0.0001
vn 0.8336 0.5523 0.0003
vn 0.8337 0.5522 -0.0000
vn 0.7074 0.7068 0.0002
vn 0.7085 0.7057 0.0002
vn 0.9801 0.1985 -0.0000
vn 0.9802 0.1982 0.0001
vn 0.9238 0.3830 0.0001
vn 0.8332 0.5530 0.0002
vn 0.7074 0.7068 0.0001
vn 0.0007 1.0000 0.0003
vn 0.1999 0.9798 0.0003
vn 0.2001 0.9798 0.0003
vn 0.3836 0.9235 0.0004
vn 0.3841 0.9233 0.0003
vn 0.3840 0.9233 0.0002
vn 0.2002 0.9797 0.0003
vn 0.5532 0.8330 0.0005
vn 0.5535 0.8328 0.0003
vn 0.5541 0.8325 0.0001
vn 0.5537 0.8327 0.0003
vn 0.3842 0.9233 0.0004
vn 0.5529 0.8333 0.0003
vn 0.3834 0.9236 0.0004
vn 0.1999 0.9798 0.0004
vn 0.0007 1.0000 0.0004
vn 0.0008 1.0000 0.0002
vn -0.7065 0.7077 0.0003
vn -0.5512 0.8343 0.0003
vn -0.5527 0.8334 0.0003
vn -0.3820 0.9242 0.0003
vn -0.3827 0.9239 -0.0000
vn -0.3830 0.9237 0.0003
vn -0.5525 0.8335 0.0003
vn -0.7066 0.7076 0.0003
vn -0.1987 0.9801 0.0003
vn -0.1985 0.9801 0.0003
vn -0.3821 0.9241 0.0004
vn -0.1983 0.9802 0.0003
vn -0.3816 0.9243 0.0005
vn -0.5520 0.8338 0.0003
vn -0.5529 0.8333 0.0004
vn -0.7087 0.7055 0.0003
vn -1.0000 0.0011 -0.0000
vn -0.9799 0.1997 0.0001
vn -0.9798 0.1999 0.0001
vn -0.9236 0.3833 0.0002
vn -0.9238 0.3830 0.0001
vn -0.9238 0.3830 0.0002
vn -0.8335 0.5524 0.0002
vn -0.8333 0.5528 0.0002
vn -0.8326 0.5539 0.0003
vn -0.9232 0.3843 0.0002
vn -0.8334 0.5527 0.0002
vn -0.9234 0.3837 0.0002
vn -0.9799 0.1995 0.0001
vn -1.0000 -0.0000 -0.0000
vn -0.9798 0.1998 0.0001
vn -0.8340 -0.5518 -0.0002
vn -0.9240 -0.3824 -0.0001
vn -0.8345 -0.5511 -0.0002
vn -0.9243 -0.3818 -0.0000
vn -0.8154 -0.5422 -0.2028
vn -0.6840 -0.7000 -0.2053
vn -0.9057 -0.3721 -0.2030
vn -0.9239 -0.3811 -0.0339
vn -0.8337 -0.5512 -0.0340
vn -0.7043 -0.7091 -0.0333
vn -0.9590 -0.1973 -0.2033
vn -0.9788 -0.0019 -0.2050
vn -0.9995 0.0017 -0.0328
vn -0.9796 -0.1984 -0.0333
vn -0.9799 -0.1993 -0.0042
vn -0.9235 -0.3837 -0.0044
vn -1.0000 0.0016 -0.0041
vn -1.0000 0.0017 -0.0000
vn -0.9801 -0.1985 -0.0000
vn -0.8330 -0.5532 -0.0044
vn -0.7051 -0.7091 -0.0045
vn -0.8330 -0.5533 -0.0001
vn -0.7062 -0.7080 -0.0002
vn -0.2016 -0.9585 -0.2016
vn -0.0000 -0.9791 -0.2035
vn -0.3756 -0.9040 -0.2043
vn -0.3775 -0.9254 -0.0333
vn -0.1985 -0.9795 -0.0342
vn -0.0007 -0.9994 -0.0354
vn -0.5494 -0.8084 -0.2110
vn -0.5525 -0.8328 -0.0332
vn -0.5507 -0.8347 -0.0047
vn -0.3810 -0.9246 -0.0047
vn -0.3847 -0.9231 -0.0005
vn -0.1987 -0.9800 -0.0045
vn -0.0005 -1.0000 -0.0047
vn -0.2008 -0.9796 -0.0005
vn 0.5537 -0.8079 -0.2019
vn 0.6827 -0.7038 -0.1966
vn 0.3807 -0.9003 -0.2111
vn 0.3832 -0.9231 -0.0336
vn 0.5554 -0.8309 -0.0337
vn 0.7072 -0.7062 -0.0340
vn 0.1918 -0.9605 -0.2018
vn 0.2008 -0.9790 -0.0347
vn 0.1995 -0.9799 -0.0048
vn 0.3840 -0.9233 -0.0045
vn 0.1983 -0.9801 -0.0004
vn 0.3834 -0.9236 -0.0004
vn 0.5519 -0.8339 -0.0045
vn 0.7069 -0.7073 -0.0046
vn 0.5526 -0.8334 -0.0003
vn 0.7054 -0.7088 -0.0003
vn 0.9591 -0.1968 -0.2035
vn 0.9791 -0.0037 -0.2032
vn 0.9066 -0.3693 -0.2041
vn 0.9229 -0.3837 -0.0331
vn 0.9794 -0.1990 -0.0333
vn 0.9994 0.0014 -0.0333
vn 0.8140 -0.5442 -0.2029
vn 0.8320 -0.5538 -0.0334
vn 0.8343 -0.5512 -0.0043
vn 0.9236 -0.3833 -0.0042
vn 0.8327 -0.5537 -0.0002
vn 0.9797 -0.2003 -0.0042
vn 1.0000 -0.0002 -0.0042
vn 0.9798 -0.2000 -0.0001
vn 0.8199 0.5341 -0.2061
vn 0.7155 0.6645 -0.2157
vn 0.9031 0.3779 -0.2040
vn 0.9225 0.3848 -0.0323
vn 0.8304 0.5562 -0.0328
vn 0.7057 0.7077 -0.0328
vn 0.9600 0.1909 -0.2049
vn 0.9797 0.1980 -0.0327
vn 0.9801 0.1986 -0.0041
vn 0.9242 0.3819 -0.0041
vn 0.9241 0.3820 0.0001
vn 0.8340 0.5517 -0.0042
vn 0.7057 0.7085 -0.0039
vn 0.8351 0.5501 0.0002
vn 0.7091 0.7051 0.0001
vn 0.1923 0.9635 -0.1862
vn -0.0032 0.9839 -0.1785
vn 0.3823 0.9030 -0.1961
vn 0.3806 0.9241 -0.0327
vn 0.2027 0.9787 -0.0335
vn -0.0009 0.9995 -0.0331
vn 0.5695 0.7945 -0.2109
vn 0.5513 0.8337 -0.0324
vn 0.5524 0.8336 -0.0037
vn 0.3843 0.9232 -0.0040
vn 0.5535 0.8329 -0.0000
vn 0.3836 0.9235 -0.0000
vn 0.2020 0.9794 -0.0040
vn 0.0005 1.0000 -0.0039
vn 0.1999 0.9798 -0.0000
vn 0.0007 1.0000 -0.0000
vn -0.5389 0.8211 -0.1880
vn -0.6921 0.6950 -0.1946
vn -0.3785 0.9044 -0.1968
vn -0.3798 0.9245 -0.0327
vn -0.5544 0.8316 -0.0337
vn -0.7086 0.7048 -0.0333
vn -0.1857 0.9646 -0.1873
vn -0.1944 0.9804 -0.0318
vn -0.1986 0.9801 -0.0036
vn -0.3822 0.9241 -0.0036
vn -0.3825 0.9240 0.0003
vn -0.5525 0.8335 -0.0039
vn -0.7073 0.7069 -0.0041
vn -0.7077 0.7065 0.0004
vn -0.9605 0.1876 -0.2055
vn -0.9100 0.3603 -0.2054
vn -0.9235 0.3823 -0.0331
vn -0.9796 0.1982 -0.0328
vn -0.8301 0.5189 -0.2042
vn -0.8333 0.5519 -0.0331
vn -0.8337 0.5522 -0.0041
vn -0.9243 0.3816 -0.0041
vn -0.8345 0.5510 0.0004
vn -0.9241 0.3821 0.0003
vn -0.9798 0.1998 -0.0040
vn -0.9797 0.2007 0.0001
vn -0.5012 -0.4813 -0.7191
vn -0.5890 -0.3818 -0.7122
vn -0.1976 -0.1381 -0.9705
vn -0.1678 -0.1839 -0.9685
vn -0.6524 -0.2523 -0.7146
vn -0.2193 -0.0855 -0.9719
vn -0.0383 -0.0166 -0.9991
vn -0.0346 -0.0386 -0.9987
vn -0.0295 -0.0302 -0.9991
vn -0.6893 -0.1371 -0.7114
vn -0.2327 -0.0428 -0.9716
vn -0.7023 0.0062 -0.7118
vn -0.2380 -0.0055 -0.9713
vn -0.0417 -0.0031 -0.9991
vn -0.0407 -0.0017 -0.9992
vn -0.0000 0.0022 -1.0000
vn -0.0000 0.0018 -1.0000
vn -0.0000 0.0001 -1.0000
vn 0.0016 -0.7070 -0.7072
vn -0.1439 -0.6885 -0.7109
vn -0.0474 -0.2272 -0.9727
vn 0.0005 -0.2599 -0.9656
vn -0.2528 -0.6997 -0.6682
vn -0.0907 -0.2223 -0.9707
vn -0.0159 -0.0198 -0.9997
vn -0.0083 -0.0260 -0.9996
vn -0.0000 -0.0147 -0.9999
vn -0.3683 -0.6265 -0.6869
vn -0.1299 -0.2425 -0.9614
vn -0.0230 -0.0023 -0.9997
vn -0.0000 0.0155 -0.9999
vn -0.0000 0.0051 -1.0000
vn -0.0000 0.0009 -1.0000
vn 0.4911 -0.4953 -0.7166
vn 0.3883 -0.5889 -0.7088
vn 0.1315 -0.2351 -0.9630
vn 0.1711 -0.1476 -0.9741
vn 0.2812 -0.6231 -0.7299
vn 0.0887 -0.2731 -0.9579
vn 0.0158 -0.0622 -0.9979
vn 0.0229 -0.0452 -0.9987
vn 0.0294 -0.0423 -0.9987
vn 0.1420 -0.6796 -0.7198
vn 0.0471 -0.2309 -0.9718
vn 0.0082 -0.0598 -0.9982
vn -0.0000 -0.0173 -0.9999
vn -0.0000 -0.0244 -0.9997
vn -0.0000 -0.0236 -0.9997
vn -0.0000 -0.0156 -0.9999
vn 0.7021 -0.0040 -0.7121
vn 0.6884 -0.1444 -0.7108
vn 0.2327 -0.0638 -0.9705
vn 0.2380 -0.0035 -0.9713
vn 0.6470 -0.2764 -0.7107
vn 0.2194 -0.0923 -0.9713
vn 0.0383 -0.0192 -0.9991
vn 0.0407 -0.0138 -0.9991
vn 0.0417 -0.0000 -0.9991
vn 0.5853 -0.3708 -0.7211
vn 0.1989 -0.1142 -0.9733
vn 0.0346 -0.0248 -0.9991
vn -0.0000 -0.0101 -0.9999
vn 0.5361 0.4844 -0.6914
vn 0.5963 0.3936 -0.6996
vn 0.1977 0.1434 -0.9697
vn 0.1826 0.1629 -0.9696
vn 0.6466 0.2731 -0.7122
vn 0.2195 0.1040 -0.9701
vn 0.0383 0.0164 -0.9991
vn 0.0346 0.0325 -0.9989
vn 0.0295 0.0241 -0.9993
vn 0.6885 0.1313 -0.7133
vn 0.2334 0.0467 -0.9713
vn 0.0407 0.0048 -0.9992
vn -0.0014 0.7650 -0.6440
vn 0.1469 0.7646 -0.6276
vn 0.0602 0.3522 -0.9340
vn -0.0005 0.3411 -0.9400
vn 0.2688 0.7442 -0.6114
vn 0.1168 0.3429 -0.9321
vn 0.0158 0.0411 -0.9990
vn 0.0083 0.0314 -0.9995
vn -0.0000 0.0388 -0.9992
vn 0.4166 0.6230 -0.6621
vn 0.1618 0.2679 -0.9498
vn 0.0229 0.0235 -0.9995
vn -0.0000 -0.0129 -0.9999
vn -0.0000 -0.0166 -0.9999
vn -0.0000 -0.0116 -0.9999
vn -0.0000 0.0174 -0.9998
vn -0.5265 0.5441 -0.6532
vn -0.4065 0.6315 -0.6603
vn -0.1730 0.2373 -0.9559
vn -0.2077 0.1473 -0.9670
vn -0.2890 0.6778 -0.6761
vn -0.1186 0.3024 -0.9458
vn -0.0159 0.0187 -0.9997
vn -0.0229 0.0005 -0.9997
vn -0.0295 0.0208 -0.9993
vn -0.1470 0.7452 -0.6504
vn -0.0619 0.3134 -0.9476
vn -0.0082 0.0536 -0.9985
vn -0.0000 -0.0028 -1.0000
vn -0.0000 -0.0059 -1.0000
vn -0.0000 0.0020 -1.0000
vn -0.6871 0.1575 -0.7093
vn -0.2328 0.0530 -0.9711
vn -0.6569 0.2931 -0.6946
vn -0.2196 0.1118 -0.9692
vn -0.0383 0.0114 -0.9992
vn -0.0406 0.0077 -0.9991
vn -0.6165 0.4105 -0.6719
vn -0.2131 0.1213 -0.9695
vn -0.0346 0.0215 -0.9992
vn -0.0000 0.0047 -1.0000
vn -0.0000 -0.0048 -1.0000
vn -0.0000 -0.0043 -1.0000
vn -0.0000 -0.0102 -0.9999
vn 0.0370 0.0060 -0.9993
vn 0.0333 0.0066 -0.9994
vn 0.0281 -0.0134 -0.9995
vn -0.0000 0.0016 -1.0000
vn -0.0002 -0.0000 -1.0000
vn 0.0397 0.0012 -0.9992
vn 0.0391 0.0045 -0.9992
vn 0.2832 0.0474 -0.9579
vn 0.2670 0.1055 -0.9579
vn 0.2873 0.0045 -0.9578
vn 0.7880 0.0118 -0.6156
vn 0.7736 0.1400 -0.6181
vn 0.7347 0.2738 -0.6207
vn 0.2417 0.1321 -0.9613
vn 0.2073 0.0838 -0.9747
vn 0.6835 0.3623 -0.6337
vn 0.5932 0.4879 -0.6404
vn -0.0000 0.0036 -1.0000
vn 0.0154 0.0319 -0.9994
vn 0.0079 0.0439 -0.9990
vn -0.0000 0.0453 -0.9990
vn -0.0001 -0.0001 -1.0000
vn 0.0220 -0.0101 -0.9997
vn 0.1613 0.1725 -0.9717
vn 0.1116 0.2821 -0.9529
vn 0.4456 0.6497 -0.6160
vn 0.2932 0.7445 -0.5998
vn 0.0586 0.2893 -0.9554
vn -0.0000 0.2861 -0.9582
vn 0.1633 0.7600 -0.6291
vn 0.0008 0.7581 -0.6522
vn -0.0000 -0.0113 -0.9999
vn -0.0000 -0.0040 -1.0000
vn -0.0152 0.0658 -0.9977
vn -0.0221 0.0502 -0.9985
vn -0.0281 0.0225 -0.9994
vn -0.0079 0.0554 -0.9984
vn -0.0561 0.2920 -0.9548
vn -0.1065 0.3324 -0.9371
vn -0.1487 0.7893 -0.5957
vn -0.2892 0.7485 -0.5967
vn -0.1590 0.2837 -0.9456
vn -0.2046 0.1913 -0.9600
vn -0.4214 0.6735 -0.6073
vn -0.5405 0.5828 -0.6068
vn -0.0000 0.0012 -1.0000
vn 0.0002 -0.0000 -1.0000
vn -0.0370 0.0150 -0.9992
vn -0.0391 0.0147 -0.9991
vn -0.0397 -0.0012 -0.9992
vn -0.0333 0.0120 -0.9994
vn -0.2384 0.1783 -0.9547
vn -0.2654 0.1384 -0.9542
vn -0.6451 0.4683 -0.6037
vn -0.7239 0.3221 -0.6101
vn -0.2823 0.0606 -0.9574
vn -0.2872 -0.0017 -0.9579
vn -0.7750 0.1376 -0.6168
vn -0.7881 -0.0056 -0.6156
vn -0.0000 0.0102 -0.9999
vn -0.0370 -0.0059 -0.9993
vn -0.0333 -0.0066 -0.9994
vn -0.0281 0.0025 -0.9996
vn -0.0392 -0.0045 -0.9992
vn -0.2829 -0.0674 -0.9568
vn -0.2663 -0.1310 -0.9549
vn -0.7741 -0.1424 -0.6168
vn -0.7345 -0.2737 -0.6210
vn -0.2394 -0.1594 -0.9577
vn -0.2053 -0.1368 -0.9691
vn -0.6700 -0.4019 -0.6242
vn -0.5764 -0.5233 -0.6277
vn -0.0000 0.0015 -1.0000
vn -0.0154 -0.0428 -0.9990
vn -0.0080 -0.0353 -0.9993
vn -0.0000 -0.0447 -0.9990
vn 0.0001 0.0001 -1.0000
vn -0.0221 -0.0117 -0.9997
vn -0.1596 -0.2014 -0.9664
vn -0.1101 -0.2826 -0.9529
vn -0.4381 -0.6697 -0.5996
vn -0.2809 -0.7742 -0.5672
vn -0.0587 -0.3085 -0.9494
vn 0.0014 -0.3519 -0.9360
vn -0.1544 -0.7839 -0.6014
vn 0.0041 -0.7879 -0.6157
vn -0.0000 0.0040 -1.0000
vn 0.0153 -0.0660 -0.9977
vn 0.0221 -0.0503 -0.9985
vn 0.0282 -0.0225 -0.9993
vn 0.0079 -0.0634 -0.9980
vn 0.0565 -0.3024 -0.9515
vn 0.1083 -0.2956 -0.9492
vn 0.1504 -0.7728 -0.6166
vn 0.3016 -0.7253 -0.6189
vn 0.1548 -0.3038 -0.9401
vn 0.2006 -0.2109 -0.9567
vn 0.4084 -0.6960 -0.5905
vn 0.5422 -0.5829 -0.6052
vn -0.0000 -0.0025 -1.0000
vn 0.0370 -0.0354 -0.9987
vn 0.0391 -0.0148 -0.9991
vn -0.0001 0.0001 -1.0000
vn 0.0333 -0.0325 -0.9989
vn 0.2386 -0.1808 -0.9541
vn 0.2658 -0.1410 -0.9537
vn 0.6583 -0.4332 -0.6156
vn 0.7336 -0.2826 -0.6180
vn 0.2828 -0.0603 -0.9573
vn 0.7754 -0.1334 -0.6172
vn -0.9801 -0.1987 -0.0001
vn -0.9800 -0.1990 -0.0023
vn -1.0000 0.0005 -0.0023
vn -0.9238 -0.3829 -0.0025
vn -0.9216 -0.3876 -0.0190
vn -0.9791 -0.2024 -0.0190
vn -0.9998 0.0009 -0.0192
vn -0.8345 -0.5510 -0.0002
vn -0.8335 -0.5525 -0.0026
vn -0.7084 -0.7058 -0.0002
vn -0.7087 -0.7055 -0.0024
vn -0.7083 -0.7056 -0.0191
vn -0.8303 -0.5570 -0.0191
vn -0.8304 -0.5421 -0.1287
vn -0.9188 -0.3742 -0.1260
vn -0.7082 -0.6932 -0.1338
vn -0.9735 -0.1898 -0.1274
vn -0.9918 -0.0000 -0.1279
vn -0.7058 0.7084 0.0005
vn -0.8327 0.5537 0.0004
vn -0.8343 0.5513 -0.0022
vn -0.7059 0.7084 -0.0022
vn -0.9236 0.3834 0.0003
vn -0.9249 0.3801 -0.0023
vn -0.9253 0.3787 -0.0192
vn -0.8383 0.5449 -0.0189
vn -0.7155 0.6983 -0.0188
vn -0.9797 0.2006 0.0002
vn -0.9802 0.1981 -0.0022
vn -0.9803 0.1963 -0.0193
vn -0.9712 0.2017 -0.1272
vn -0.9163 0.3796 -0.1274
vn -0.8322 0.5395 -0.1282
vn -0.7039 0.6990 -0.1263
vn 0.0003 1.0000 -0.0000
vn -0.1996 0.9799 -0.0000
vn -0.1987 0.9801 -0.0022
vn 0.0001 1.0000 -0.0022
vn -0.3804 0.9248 -0.0020
vn -0.3833 0.9234 -0.0185
vn -0.1959 0.9805 -0.0176
vn 0.0005 0.9998 -0.0175
vn -0.5520 0.8338 0.0005
vn -0.5515 0.8342 -0.0022
vn -0.5618 0.8270 -0.0190
vn -0.5629 0.8170 -0.1253
vn -0.3903 0.9120 -0.1261
vn -0.1914 0.9738 -0.1226
vn -0.0000 0.9925 -0.1223
vn 0.7077 0.7065 0.0002
vn 0.5504 0.8349 -0.0020
vn 0.7081 0.7061 -0.0021
vn 0.3829 0.9238 0.0002
vn 0.3813 0.9244 -0.0020
vn 0.3862 0.9222 -0.0187
vn 0.5538 0.8324 -0.0192
vn 0.7078 0.7061 -0.0195
vn 0.1998 0.9798 0.0001
vn 0.1995 0.9799 -0.0019
vn 0.1995 0.9797 -0.0181
vn 0.1993 0.9711 -0.1311
vn 0.3897 0.9111 -0.1342
vn 0.5483 0.8260 -0.1307
vn 0.6964 0.7060 -0.1288
vn 1.0000 -0.0007 -0.0000
vn 0.9802 0.1981 0.0001
vn 0.9799 0.1996 -0.0022
vn 1.0000 -0.0009 -0.0023
vn 0.9238 0.3830 -0.0021
vn 0.9209 0.3893 -0.0190
vn 0.9784 0.2057 -0.0190
vn 0.9998 -0.0022 -0.0191
vn 0.8342 0.5514 0.0002
vn 0.8356 0.5493 -0.0021
vn 0.8318 0.5548 -0.0193
vn 0.8187 0.5598 -0.1278
vn 0.9099 0.3948 -0.1277
vn 0.9695 0.2092 -0.1275
vn 0.9917 0.0030 -0.1282
vn 0.7077 -0.7065 -0.0002
vn 0.8343 -0.5513 -0.0003
vn 0.8343 -0.5514 -0.0025
vn 0.7073 -0.7069 -0.0027
vn 0.9237 -0.3831 -0.0004
vn 0.9237 -0.3831 -0.0024
vn 0.9252 -0.3791 -0.0188
vn 0.8303 -0.5569 -0.0189
vn 0.7037 -0.7102 -0.0190
vn 0.9799 -0.1996 -0.0002
vn 0.9801 -0.1986 -0.0024
vn 0.9797 -0.1996 -0.0189
vn 0.9718 -0.1981 -0.1280
vn 0.9198 -0.3706 -0.1285
vn 0.8237 -0.5526 -0.1269
vn 0.7031 -0.6998 -0.1260
vn -0.0005 -1.0000 -0.0000
vn 0.1983 -0.9801 -0.0000
vn 0.1990 -0.9800 -0.0025
vn -0.0003 -1.0000 -0.0024
vn 0.3811 -0.9245 -0.0002
vn 0.3841 -0.9233 -0.0026
vn 0.3860 -0.9223 -0.0189
vn 0.1981 -0.9800 -0.0193
vn -0.0005 -0.9998 -0.0193
vn 0.5511 -0.8345 -0.0003
vn 0.5509 -0.8346 -0.0027
vn 0.5521 -0.8336 -0.0187
vn 0.5432 -0.8301 -0.1258
vn 0.3740 -0.9196 -0.1205
vn 0.1972 -0.9729 -0.1206
vn -0.0000 -0.9928 -0.1195
vn -0.5529 -0.8332 -0.0003
vn -0.5559 -0.8312 -0.0025
vn -0.3865 -0.9223 -0.0026
vn -0.3851 -0.9227 -0.0195
vn -0.5596 -0.8285 -0.0197
vn -0.2000 -0.9798 -0.0002
vn -0.2012 -0.9795 -0.0025
vn -0.1975 -0.9801 -0.0192
vn -0.1910 -0.9748 -0.1157
vn -0.3633 -0.9239 -0.1196
vn -0.5389 -0.8325 -0.1289
vn -0.9803 -0.1977 -0.0001
vn -0.9246 -0.3809 -0.0002
vn -0.9243 -0.3817 -0.0001
vn -0.7060 -0.7083 -0.0003
vn -0.7068 -0.7075 -0.0001
vn -0.8333 -0.5529 -0.0001
vn -0.7070 -0.7073 -0.0005
vn -0.9801 -0.1983 -0.0000
vn -0.8335 0.5525 0.0003
vn -0.7075 0.7067 0.0004
vn -0.7067 0.7075 0.0001
vn -0.9797 0.2006 0.0001
vn -0.9232 0.3844 0.0002
vn -0.8331 0.5532 0.0003
vn -0.7076 0.7066 0.0004
vn -0.1989 0.9800 0.0003
vn 0.0008 1.0000 0.0001
vn -0.3831 0.9237 0.0002
vn -0.3829 0.9238 0.0005
vn -0.1982 0.9802 0.0004
vn 0.0001 1.0000 0.0005
vn -0.5524 0.8336 0.0003
vn -0.5526 0.8334 0.0002
vn -0.5531 0.8331 0.0005
vn -0.3825 0.9240 0.0005
vn -0.1982 0.9802 0.0005
vn 0.5543 0.8323 0.0004
vn 0.7080 0.7062 0.0002
vn 0.3842 0.9233 0.0003
vn 0.5532 0.8331 0.0004
vn 0.7091 0.7051 0.0003
vn 0.1999 0.9798 0.0001
vn 0.3834 0.9236 0.0003
vn 0.7080 0.7062 0.0001
vn 0.8345 0.5510 0.0002
vn 0.9803 0.1977 -0.0000
vn 0.8331 -0.5532 -0.0003
vn 0.7061 -0.7081 -0.0004
vn 0.9241 -0.3821 -0.0002
vn 0.9242 -0.3818 -0.0002
vn 0.8341 -0.5517 -0.0003
vn 0.7059 -0.7084 -0.0004
vn 0.9801 -0.1986 -0.0001
vn 0.9241 -0.3822 -0.0002
vn 0.7062 -0.7080 -0.0001
vn 0.1981 -0.9802 -0.0002
vn -0.0008 -1.0000 -0.0001
vn 0.3823 -0.9240 -0.0006
vn 0.1987 -0.9801 -0.0005
vn -0.0009 -1.0000 -0.0005
vn 0.5515 -0.8342 -0.0004
vn 0.5501 -0.8351 -0.0004
vn 0.5508 -0.8346 -0.0001
vn 0.3815 -0.9244 -0.0002
vn -0.5517 -0.8340 -0.0004
vn -0.3831 -0.9237 -0.0004
vn -0.3827 -0.9239 -0.0003
vn -0.5518 -0.8340 -0.0003
vn -0.1991 -0.9800 -0.0000
vn -0.1995 -0.9799 -0.0004
vn -0.1995 -0.9799 -0.0005
vn -0.3825 -0.9239 -0.0005
vn -0.5519 -0.8339 -0.0005
vn 0.0883 -0.1754 -0.9805
vn 0.1370 -0.1511 -0.9790
vn 0.0529 -0.1560 -0.9863
vn -0.0071 0.0097 -0.9999
vn -0.0100 0.0069 -0.9999
vn -0.0129 0.0193 -0.9997
vn 0.0276 -0.1394 -0.9898
vn 0.0001 -0.1516 -0.9884
vn -0.0000 -0.0119 -0.9999
vn -0.0020 0.0132 -0.9999
vn -0.0078 0.0595 -0.9982
vn -0.0215 0.0613 -0.9979
vn -0.0009 0.0585 -0.9983
vn -0.0329 0.0512 -0.9981
vn -0.0397 0.0476 -0.9981
vn -0.0281 -0.1183 -0.9926
vn -0.0628 -0.1221 -0.9905
vn 0.0070 0.0339 -0.9994
vn 0.0019 0.0050 -1.0000
vn -0.1111 -0.1613 -0.9806
vn -0.1535 -0.1725 -0.9730
vn 0.0129 0.0110 -0.9999
vn 0.0100 0.0215 -0.9997
vn 0.0329 0.0456 -0.9984
vn 0.0236 0.0583 -0.9980
vn 0.0398 0.0429 -0.9983
vn 0.0089 0.0699 -0.9975
vn -0.1763 -0.1420 -0.9740
vn -0.1925 -0.0838 -0.9777
vn 0.0170 0.0061 -0.9998
vn 0.0155 0.0079 -0.9998
vn -0.2058 -0.0433 -0.9776
vn -0.2118 -0.0011 -0.9773
vn 0.0182 -0.0029 -0.9998
vn 0.0180 0.0069 -0.9998
vn 0.0603 0.0083 -0.9981
vn 0.0568 0.0243 -0.9981
vn 0.0616 -0.0049 -0.9981
vn 0.0485 0.0375 -0.9981
vn -0.2042 0.0563 -0.9773
vn -0.1907 0.0813 -0.9783
vn 0.0170 -0.0054 -0.9998
vn 0.0180 -0.0062 -0.9998
vn -0.1628 0.1074 -0.9808
vn -0.1172 0.1533 -0.9812
vn 0.0162 -0.0201 -0.9997
vn 0.0174 -0.0131 -0.9998
vn 0.0494 -0.0328 -0.9982
vn 0.0568 -0.0184 -0.9982
vn 0.0370 -0.0440 -0.9983
vn 0.0603 -0.0119 -0.9981
vn -0.0822 0.1494 -0.9854
vn -0.0576 0.1180 -0.9913
vn 0.0084 -0.0306 -0.9995
vn 0.0121 -0.0212 -0.9997
vn -0.0292 0.1556 -0.9874
vn 0.0001 0.1974 -0.9803
vn -0.0000 0.0072 -1.0000
vn 0.0045 -0.0126 -0.9999
vn 0.0098 -0.0456 -0.9989
vn 0.0183 -0.0477 -0.9987
vn -0.0000 -0.0452 -0.9990
vn 0.0262 -0.0472 -0.9985
vn 0.0299 0.1398 -0.9897
vn 0.0581 0.1097 -0.9923
vn -0.0084 -0.0145 -0.9999
vn -0.0045 -0.0073 -1.0000
vn 0.0940 0.1445 -0.9850
vn 0.1404 0.1501 -0.9787
vn -0.0152 0.0004 -0.9999
vn -0.0130 -0.0060 -0.9999
vn -0.0290 -0.0345 -0.9990
vn -0.0184 -0.0402 -0.9990
vn -0.0421 -0.0327 -0.9986
vn -0.0098 -0.0463 -0.9989
vn 0.1744 0.1191 -0.9774
vn 0.1928 0.0777 -0.9781
vn -0.0170 -0.0105 -0.9998
vn -0.0155 -0.0079 -0.9998
vn 0.2062 0.0371 -0.9778
vn 0.2118 0.0011 -0.9773
vn -0.0182 0.0029 -0.9998
vn -0.0180 -0.0057 -0.9998
vn -0.0603 -0.0066 -0.9982
vn -0.0569 -0.0229 -0.9981
vn -0.0616 0.0049 -0.9981
vn -0.0516 -0.0345 -0.9981
vn 0.2040 -0.0562 -0.9773
vn 0.1901 -0.1007 -0.9766
vn -0.0170 0.0054 -0.9998
vn -0.0180 0.0062 -0.9998
vn 0.1725 -0.1255 -0.9770
vn -0.0155 0.0123 -0.9998
vn -0.0485 0.0394 -0.9980
vn -0.0568 0.0246 -0.9981
vn -0.0602 0.0150 -0.9981
vn 0.1986 -0.9801 -0.0004
vn 0.3817 -0.9243 -0.0003
vn 0.3822 -0.9241 -0.0005
vn 0.5515 -0.8341 -0.0003
vn 0.7066 -0.7076 -0.0002
vn 0.7072 -0.7070 -0.0003
vn 0.5519 -0.8339 -0.0004
vn 0.5516 -0.8341 -0.0003
vn 0.5518 -0.8340 -0.0003
vn 0.3823 -0.9240 -0.0003
vn 0.1987 -0.9801 -0.0003
vn -0.5527 -0.8334 -0.0003
vn -0.7078 -0.7064 -0.0002
vn -0.3836 -0.9235 -0.0003
vn -0.3828 -0.9238 -0.0003
vn -0.5526 -0.8334 -0.0003
vn -0.1997 -0.9799 -0.0004
vn -0.3827 -0.9239 -0.0005
vn -0.2000 -0.9798 -0.0004
vn -0.3835 -0.9235 -0.0003
vn -0.5523 -0.8336 -0.0003
vn -0.7074 -0.7068 -0.0002
vn -0.7073 -0.7069 -0.0002
vn -0.8342 -0.5515 -0.0001
vn -0.8346 -0.5509 -0.0002
vn -0.8340 -0.5517 -0.0002
vn -0.9801 -0.1987 -0.0000
vn -0.8332 0.5529 0.0002
vn -0.7066 0.7077 0.0003
vn -0.9237 0.3831 0.0001
vn -0.9235 0.3837 0.0002
vn -0.8331 0.5531 0.0002
vn -0.7065 0.7078 0.0003
vn -0.8332 0.5530 0.0002
vn -0.7067 0.7076 0.0003
vn -0.1986 0.9801 0.0002
vn -0.1987 0.9801 0.0004
vn 0.0005 1.0000 0.0004
vn -0.5513 0.8343 0.0003
vn -0.5515 0.8341 0.0003
vn -0.3823 0.9240 0.0003
vn -0.5516 0.8341 0.0003
vn -0.3819 0.9242 0.0004
vn 0.0008 1.0000 0.0003
vn 0.3833 0.9236 0.0003
vn 0.5526 0.8335 0.0002
vn 0.7073 0.7070 0.0002
vn 0.1996 0.9799 0.0003
vn 0.3832 0.9237 0.0003
vn 0.1995 0.9799 0.0004
vn 0.5527 0.8334 0.0003
vn 0.7078 0.7064 0.0002
vn 0.5525 0.8335 0.0003
vn 0.9242 0.3819 0.0001
vn 0.8342 0.5515 0.0002
vn 0.8339 0.5519 0.0003
vn 0.8340 0.5518 0.0002
vn 0.8342 0.5515 0.0001
vn 0.8331 -0.5531 -0.0002
vn 0.9236 -0.3834 -0.0002
vn 0.8333 -0.5528 -0.0002
vn 0.8332 -0.5530 -0.0002
vn -0.0004 -1.0000 -0.0002
vn 0.1985 -0.9801 -0.0003
vn 0.1987 -0.9790 0.0461
vn -0.0008 -0.9990 0.0453
vn 0.3827 -0.9239 -0.0000
vn 0.3827 -0.9227 0.0473
vn 0.3662 -0.8830 0.2935
vn 0.1939 -0.9379 0.2878
vn -0.0005 -0.9591 0.2831
vn 0.5523 -0.8337 -0.0005
vn 0.5511 -0.8331 0.0465
vn 0.7070 -0.7072 -0.0005
vn 0.7059 -0.7069 0.0455
vn 0.6784 -0.6782 0.2824
vn 0.5265 -0.8000 0.2879
vn 0.3660 -0.5644 0.7399
vn 0.2572 -0.6197 0.7415
vn 0.4788 -0.4784 0.7361
vn 0.1437 -0.6619 0.7357
vn -0.0002 -0.6754 0.7374
vn -0.7076 -0.7066 -0.0002
vn -0.5517 -0.8327 0.0461
vn -0.7073 -0.7055 0.0455
vn -0.3834 -0.9224 0.0470
vn -0.3665 -0.8832 0.2926
vn -0.5262 -0.8003 0.2875
vn -0.6796 -0.6771 0.2821
vn -0.2002 -0.9787 0.0463
vn -0.1956 -0.9376 0.2874
vn -0.1452 -0.6557 0.7409
vn -0.2561 -0.6179 0.7434
vn -0.3642 -0.5635 0.7415
vn -0.4791 -0.4759 0.7375
vn -0.9789 -0.1990 0.0466
vn -0.9989 0.0008 0.0459
vn -0.9244 -0.3813 -0.0001
vn -0.9230 -0.3819 0.0473
vn -0.8837 -0.3653 0.2927
vn -0.9379 -0.1935 0.2881
vn -0.9595 0.0016 0.2818
vn -0.8342 -0.5514 -0.0002
vn -0.8340 -0.5499 0.0464
vn -0.8011 -0.5246 0.2881
vn -0.5676 -0.3625 0.7393
vn -0.6188 -0.2538 0.7435
vn -0.6580 -0.1424 0.7394
vn -0.6771 0.0001 0.7359
vn -0.7066 0.7076 0.0004
vn -0.8322 0.5525 0.0467
vn -0.7057 0.7070 0.0461
vn -0.9226 0.3827 0.0476
vn -0.8826 0.3669 0.2939
vn -0.7987 0.5278 0.2889
vn -0.6765 0.6798 0.2834
vn -0.9799 0.1993 0.0001
vn -0.9788 0.1997 0.0466
vn -0.9378 0.1946 0.2875
vn -0.6565 0.1427 0.7407
vn -0.6167 0.2567 0.7442
vn -0.5663 0.3645 0.7392
vn -0.4807 0.4794 0.7342
vn 0.0005 1.0000 0.0003
vn -0.1983 0.9801 0.0003
vn -0.1979 0.9791 0.0465
vn 0.0005 0.9989 0.0459
vn -0.3807 0.9235 0.0473
vn -0.3652 0.8833 0.2940
vn -0.1924 0.9379 0.2886
vn 0.0006 0.9591 0.2832
vn -0.5518 0.8340 0.0003
vn -0.5506 0.8335 0.0467
vn -0.5248 0.8006 0.2890
vn -0.3628 0.5675 0.7391
vn -0.2534 0.6217 0.7411
vn -0.1419 0.6601 0.7376
vn 0.0003 0.6760 0.7369
vn 0.7070 0.7072 0.0005
vn 0.5520 0.8325 0.0472
vn 0.7071 0.7056 0.0463
vn 0.3835 0.9235 0.0003
vn 0.3822 0.9228 0.0479
vn 0.3655 0.8831 0.2941
vn 0.5295 0.7970 0.2904
vn 0.6809 0.6751 0.2838
vn 0.1998 0.9798 0.0003
vn 0.1992 0.9788 0.0469
vn 0.1936 0.9380 0.2875
vn 0.1446 0.6566 0.7403
vn 0.2558 0.6172 0.7440
vn 0.3639 0.5622 0.7426
vn 0.4800 0.4774 0.7360
vn 0.9789 0.1989 0.0467
vn 0.9990 -0.0007 0.0458
vn 0.9243 0.3816 0.0001
vn 0.9224 0.3832 0.0475
vn 0.8834 0.3659 0.2929
vn 0.9378 0.1938 0.2881
vn 0.9594 -0.0005 0.2820
vn 0.8343 0.5512 0.0002
vn 0.8326 0.5519 0.0471
vn 0.8009 0.5245 0.2889
vn 0.5677 0.3610 0.7398
vn 0.6195 0.2532 0.7430
vn 0.6580 0.1431 0.7393
vn 0.6768 -0.0007 0.7362
vn 0.8334 -0.5507 0.0463
vn 0.9229 -0.3822 0.0472
vn 0.8839 -0.3644 0.2931
vn 0.8012 -0.5243 0.2884
vn 0.9785 -0.2007 0.0464
vn 0.9376 -0.1944 0.2882
vn 0.6581 -0.1433 0.7392
vn 0.6183 -0.2564 0.7430
vn 0.5666 -0.3651 0.7387
vn -0.0000 0.0199 0.9998
vn -0.0000 0.0356 0.9994
vn -0.0000 0.0008 1.0000
vn -0.0000 0.0324 0.9995
vn -0.0000 0.0117 0.9999
vn -0.0000 -0.0125 0.9999
vn -0.0000 0.0031 1.0000
vn 0.0391 -0.0017 0.9992
vn 0.0111 0.0022 0.9999
vn 0.1392 -0.0882 0.9863
vn 0.0959 -0.1498 0.9840
vn 0.1810 -0.1340 0.9743
vn 0.0503 -0.2200 0.9742
vn -0.0002 -0.2437 0.9698
vn -0.1809 -0.2023 0.9625
vn -0.1412 -0.2632 0.9544
vn -0.0503 -0.0245 0.9984
vn -0.0396 -0.0318 0.9987
vn -0.0219 0.0045 0.9997
vn -0.0967 -0.2549 0.9621
vn -0.0000 -0.0255 0.9997
vn -0.0000 0.0227 0.9997
vn -0.0001 -0.0001 1.0000
vn -0.0050 -0.0000 1.0000
vn -0.0479 -0.2430 0.9688
vn -0.0000 0.0005 1.0000
vn -0.0000 0.0067 1.0000
vn -0.0665 -0.0194 0.9976
vn -0.0702 -0.0112 0.9975
vn -0.0712 0.0056 0.9974
vn -0.0000 -0.0142 0.9999
vn -0.0598 0.0036 0.9982
vn -0.2156 -0.1115 0.9701
vn -0.2394 -0.0612 0.9690
vn -0.2529 -0.0280 0.9671
vn -0.2572 -0.0015 0.9664
vn -0.0296 0.0260 0.9992
vn -0.0097 0.0241 0.9997
vn -0.0307 0.0058 0.9995
vn -0.0731 0.0391 0.9966
vn -0.0525 0.0548 0.9971
vn -0.0165 0.0033 0.9999
vn -0.0108 -0.0055 0.9999
vn -0.0729 0.0136 0.9972
vn -0.2216 0.0511 0.9738
vn -0.1481 0.0863 0.9852
vn -0.1044 0.0837 0.9910
vn -0.0888 0.0766 0.9931
vn -0.0000 0.0054 1.0000
vn -0.0000 0.0037 1.0000
vn -0.0000 -0.0335 0.9994
vn -0.0000 -0.0249 0.9997
vn -0.0000 -0.0128 0.9999
vn -0.0000 -0.0263 0.9997
vn -0.0000 -0.0073 1.0000
vn -0.0000 -0.0446 0.9990
vn -0.0700 0.0714 0.9950
vn -0.0482 0.0804 0.9956
vn -0.0252 0.1099 0.9936
vn 0.0003 0.1767 0.9843
vn 0.0068 -0.0132 0.9999
vn 0.0239 0.0398 0.9989
vn 0.0001 -0.0158 0.9999
vn 0.0102 -0.0116 0.9999
vn 0.0359 0.0379 0.9986
vn 0.0576 0.0233 0.9981
vn -0.0000 -0.0113 0.9999
vn -0.0000 -0.0313 0.9995
vn 0.0249 0.1674 0.9856
vn 0.0475 0.1433 0.9885
vn 0.0670 0.2072 0.9760
vn 0.0843 0.1795 0.9801
vn -0.0000 0.0011 1.0000
vn -0.0000 -0.0038 1.0000
vn 0.0102 0.0062 0.9999
vn 0.0690 0.0487 0.9964
vn 0.0702 0.0343 0.9969
vn 0.0712 -0.0011 0.9975
vn 0.0276 0.0322 0.9991
vn 0.0661 0.0095 0.9978
vn 0.1325 0.1348 0.9820
vn 0.2099 0.0997 0.9726
vn 0.2529 0.0406 0.9666
vn 0.2572 0.0104 0.9663
vn -0.0000 0.0120 0.9999
vn -0.0000 0.0049 1.0000
vn 0.0663 -0.0166 0.9977
vn 0.0599 0.0118 0.9981
vn 0.0703 -0.0138 0.9974
vn 0.2525 -0.0487 0.9664
vn 0.2372 -0.1357 0.9619
vn 0.2131 -0.1914 0.9581
vn 0.1994 -0.9799 -0.0038
vn -0.0006 -1.0000 -0.0038
vn 0.3832 -0.9236 -0.0038
vn 0.3832 -0.9237 -0.0037
vn 0.1994 -0.9799 -0.0040
vn -0.0004 -1.0000 -0.0037
vn 0.5530 -0.8332 -0.0037
vn 0.7047 -0.7095 -0.0037
vn 0.7086 -0.7056 -0.0039
vn 0.5522 -0.8337 -0.0034
vn 0.5536 -0.8328 -0.0041
vn 0.3832 -0.9237 -0.0041
vn 0.7102 -0.7040 -0.0038
vn 0.7087 -0.7055 -0.0038
vn 0.5504 -0.8349 -0.0040
vn 0.3793 -0.9253 -0.0040
vn 0.1983 -0.9801 -0.0038
vn 0.1979 -0.9802 -0.0039
vn -0.0004 -1.0000 -0.0039
vn -0.7056 -0.7086 -0.0035
vn -0.7060 -0.7082 -0.0035
vn -0.5536 -0.8328 -0.0036
vn -0.5505 -0.8348 -0.0034
vn -0.7077 -0.7065 -0.0037
vn -0.5549 -0.8319 -0.0038
vn -0.3823 -0.9240 -0.0037
vn -0.3825 -0.9240 -0.0037
vn -0.3827 -0.9239 -0.0034
vn -0.7085 -0.7057 -0.0039
vn -0.5536 -0.8327 -0.0040
vn -0.3821 -0.9241 -0.0040
vn -0.1988 -0.9800 -0.0039
vn -0.1996 -0.9799 -0.0036
vn -0.1989 -0.9800 -0.0038
vn -0.1993 -0.9799 -0.0039
vn -0.9801 -0.1986 -0.0035
vn -1.0000 0.0008 -0.0034
vn -0.9239 -0.3827 -0.0034
vn -0.8344 -0.5512 -0.0038
vn -0.8314 -0.5557 -0.0037
vn -0.8320 -0.5548 -0.0034
vn -0.8341 -0.5515 -0.0036
vn -0.9802 -0.1982 -0.0034
vn -1.0000 -0.0000 -0.0034
vn -0.9801 -0.1982 -0.0035
vn -1.0000 -0.0003 -0.0034
vn -0.8330 0.5532 -0.0033
vn -0.7057 0.7085 -0.0030
vn -0.9232 0.3843 -0.0033
vn -0.9237 0.3831 -0.0032
vn -0.8355 0.5495 -0.0030
vn -0.7085 0.7057 -0.0030
vn -0.9797 0.2002 -0.0034
vn -0.9798 0.1999 -0.0034
vn -0.9800 0.1991 -0.0034
vn -0.9247 0.3806 -0.0032
vn -0.9802 0.1980 -0.0033
vn -0.9236 0.3833 -0.0034
vn -0.8347 0.5508 -0.0030
vn -0.7094 0.7048 -0.0031
vn -0.8334 0.5527 -0.0036
vn -0.7080 0.7062 -0.0035
vn -0.1987 0.9801 -0.0029
vn 0.0008 1.0000 -0.0028
vn -0.3836 0.9235 -0.0029
vn -0.1997 0.9799 -0.0030
vn 0.0009 1.0000 -0.0033
vn -0.5531 0.8331 -0.0028
vn -0.5528 0.8333 -0.0030
vn -0.5540 0.8325 -0.0032
vn -0.3811 0.9245 -0.0031
vn -0.5528 0.8333 -0.0035
vn -0.3808 0.9246 -0.0034
vn -0.1987 0.9801 -0.0030
vn 0.0006 1.0000 -0.0029
vn -0.1976 0.9803 -0.0029
vn 0.0001 1.0000 -0.0027
vn 0.5506 0.8347 -0.0028
vn 0.7079 0.7064 -0.0029
vn 0.3815 0.9244 -0.0029
vn 0.3845 0.9231 -0.0035
vn 0.5533 0.8330 -0.0033
vn 0.7100 0.7042 -0.0030
vn 0.1986 0.9801 -0.0028
vn 0.1998 0.9798 -0.0036
vn 0.1999 0.9798 -0.0030
vn 0.3859 0.9225 -0.0032
vn 0.1994 0.9799 -0.0027
vn 0.3814 0.9244 -0.0029
vn 0.5549 0.8319 -0.0033
vn 0.7090 0.7052 -0.0033
vn 0.5532 0.8331 -0.0032
vn 0.7099 0.7043 -0.0036
vn 0.9799 0.1994 -0.0035
vn 1.0000 -0.0000 -0.0034
vn 0.9234 0.3838 -0.0033
vn 0.9241 0.3822 -0.0032
vn 0.9801 0.1982 -0.0034
vn 1.0000 -0.0012 -0.0035
vn 0.8346 0.5509 -0.0031
vn 0.8349 0.5504 -0.0030
vn 0.8345 0.5510 -0.0034
vn 0.9241 0.3821 -0.0033
vn 0.8337 0.5522 -0.0034
vn 0.9239 0.3827 -0.0034
vn 0.9801 0.1985 -0.0034
vn 0.9801 0.1986 -0.0034
vn 0.8303 -0.5572 -0.0038
vn 0.9230 -0.3847 -0.0037
vn 0.8337 -0.5522 -0.0039
vn 0.9799 -0.1996 -0.0035
vn 0.9796 -0.2011 -0.0035
vn 0.9797 -0.2004 -0.0036
vn 0.9239 -0.3827 -0.0034
vn 0.9236 -0.3834 -0.0036
vn 0.8360 -0.5488 -0.0036
vn 0.8337 -0.5522 -0.0034
vn 0.1954 -0.9807 -0.0016
vn -0.0004 -1.0000 -0.0016
vn 0.3784 -0.9256 -0.0006
vn 0.3804 -0.9245 0.0231
vn 0.1979 -0.9800 0.0220
vn -0.0005 -0.9998 0.0203
vn 0.5486 -0.8361 -0.0001
vn 0.7120 -0.7021 -0.0002
vn 0.7148 -0.6989 0.0229
vn 0.5392 -0.8419 0.0221
vn 0.5261 -0.8338 0.1671
vn 0.3731 -0.9147 0.1552
vn 0.6858 -0.7072 0.1720
vn 0.1973 -0.9651 0.1724
vn -0.0000 -0.9813 0.1926
vn -0.7142 -0.6793 0.1685
vn -0.5574 -0.8134 0.1662
vn -0.7067 -0.7072 0.0214
vn -0.5539 -0.8323 0.0210
vn -0.3900 -0.9206 0.0216
vn -0.4001 -0.9020 0.1622
vn -0.7030 -0.7111 -0.0009
vn -0.5482 -0.8363 -0.0005
vn -0.3863 -0.9224 -0.0000
vn -0.2014 -0.9795 -0.0005
vn -0.2039 -0.9787 0.0214
vn -0.2087 -0.9620 0.1759
vn -0.9795 -0.2016 -0.0005
vn -1.0000 -0.0001 -0.0003
vn -0.9229 -0.3849 -0.0007
vn -0.9245 -0.3804 0.0223
vn -0.9795 -0.2001 0.0223
vn -0.9997 -0.0015 0.0226
vn -0.8333 -0.5528 -0.0008
vn -0.8341 -0.5512 0.0221
vn -0.8490 -0.5002 0.1704
vn -0.9155 -0.3662 0.1665
vn -0.9665 -0.1961 0.1657
vn -0.9869 -0.0000 0.1614
vn -0.8289 0.5594 -0.0002
vn -0.7046 0.7096 -0.0001
vn -0.9210 0.3895 -0.0002
vn -0.9228 0.3846 0.0228
vn -0.8302 0.5569 0.0232
vn -0.7040 0.7098 0.0237
vn -0.9800 0.1989 -0.0002
vn -0.9798 0.1985 0.0228
vn -0.9694 0.1897 0.1560
vn -0.9230 0.3501 0.1598
vn -0.8233 0.5427 0.1665
vn -0.6712 0.7225 0.1657
vn -0.1999 0.9798 -0.0000
vn -0.0000 1.0000 -0.0000
vn -0.3869 0.9221 -0.0000
vn -0.3895 0.9207 0.0225
vn -0.1996 0.9796 0.0214
vn 0.0010 0.9998 0.0220
vn -0.5529 0.8333 -0.0001
vn -0.5550 0.8315 0.0235
vn -0.5617 0.8069 0.1828
vn -0.4003 0.8973 0.1861
vn -0.1803 0.9701 0.1624
vn -0.0000 0.9872 0.1595
vn 0.5550 0.8318 -0.0001
vn 0.7139 0.7002 -0.0002
vn 0.3785 0.9256 -0.0000
vn 0.3868 0.9219 0.0237
vn 0.5501 0.8348 0.0222
vn 0.6965 0.7173 0.0216
vn 0.1975 0.9803 -0.0000
vn 0.1980 0.9799 0.0236
vn 0.2068 0.9643 0.1654
vn 0.3908 0.9052 0.1669
vn 0.5336 0.8302 0.1613
vn 0.6742 0.7211 0.1594
vn 0.9800 0.1992 -0.0003
vn 1.0000 -0.0023 -0.0004
vn 0.9233 0.3842 -0.0003
vn 0.9235 0.3828 0.0228
vn 0.9805 0.1954 0.0226
vn 0.9997 -0.0040 0.0223
vn 0.8343 0.5513 -0.0002
vn 0.8275 0.5610 0.0224
vn 0.8249 0.5439 0.1539
vn 0.9162 0.3697 0.1546
vn 0.9691 0.1858 0.1622
vn 0.9862 -0.0000 0.1655
vn 0.8360 -0.5487 -0.0003
vn 0.9242 -0.3819 -0.0003
vn 0.9267 -0.3752 0.0221
vn 0.8467 -0.5316 0.0230
vn 0.9800 -0.1988 -0.0004
vn 0.9799 -0.1982 0.0219
vn 0.9671 -0.1930 0.1654
vn 0.9149 -0.3676 0.1669
vn 0.8208 -0.5464 0.1665
vn -0.0000 -0.0054 1.0000
vn -0.0000 -0.0035 1.0000
vn 0.0004 -0.0033 1.0000
vn 0.0008 -0.0142 0.9999
vn -0.0000 -0.0107 0.9999
vn 0.0004 -0.0036 1.0000
vn 0.0004 -0.0008 1.0000
vn -0.0000 0.0003 1.0000
vn 0.0009 -0.0053 1.0000
vn 0.0017 -0.0065 1.0000
vn 0.0004 0.0047 1.0000
vn 0.0005 -0.0016 1.0000
vn -0.0000 0.0052 1.0000
vn -0.0000 0.0056 1.0000
vn 0.0001 0.0077 1.0000
vn 0.0004 -0.0095 1.0000
vn 0.0012 -0.0064 1.0000
vn 0.0007 -0.0068 1.0000
vn 0.0011 -0.0099 1.0000
vn 0.0005 -0.0015 1.0000
vn 0.0005 -0.0037 1.0000
vn -0.0005 -0.0023 1.0000
vn -0.0005 -0.0014 1.0000
vn 0.0003 -0.0009 1.0000
vn 0.0008 0.0034 1.0000
vn 0.0005 0.0034 1.0000
vn -0.0000 -0.0067 1.0000
vn -0.0000 -0.0005 1.0000
vn -0.0000 0.0013 1.0000
vn -0.0000 -0.0013 1.0000
vn -0.0000 0.0024 1.0000
vn -0.0000 0.0010 1.0000
vn -0.0000 0.0025 1.0000
vn -0.0000 0.0039 1.0000
vn -0.0000 0.0044 1.0000
vn -0.0000 0.0026 1.0000
vn -0.0000 0.0006 1.0000
vn -0.0000 -0.0021 1.0000
vn -0.0000 -0.0042 1.0000
vn -0.0000 -0.0070 1.0000
vn -0.0000 -0.0049 1.0000
vn -0.0000 -0.0068 1.0000
vn -0.0000 -0.0030 1.0000
vn -0.0000 -0.0026 1.0000
vn -0.0000 -0.0082 1.0000
vn -0.0000 -0.0077 1.0000
vn -0.0000 -0.0027 1.0000
vn -0.0000 -0.0003 1.0000
vn -0.0000 -0.0018 1.0000
vn -0.0000 0.0074 1.0000
vn -0.0000 -0.0011 1.0000
vn -0.0000 -0.0008 1.0000
vn -0.0000 -0.0034 1.0000
vn -0.0034 0.0215 0.9998
vn -0.0000 0.0127 0.9999
vn -0.0065 0.0026 1.0000
vn -0.0148 -0.0079 0.9999
vn -0.0077 0.0304 0.9995
vn -0.0000 0.0300 0.9996
vn -0.0094 -0.0001 1.0000
vn -0.0089 0.0088 0.9999
vn -0.0271 0.0090 0.9996
vn -0.0213 -0.0010 0.9998
vn -0.0456 0.1393 0.9892
vn -0.0321 0.1055 0.9939
vn -0.0793 0.0755 0.9940
vn -0.3311 0.2746 0.9028
vn -0.2377 0.5051 0.8297
vn -0.1518 0.6204 0.7694
vn -0.0177 0.0112 0.9998
vn -0.0000 0.0274 0.9996
vn -0.0863 0.4811 0.8724
vn -0.0000 0.3271 0.9450
vn 0.0070 0.0015 1.0000
vn 0.0030 0.0039 1.0000
vn 0.0065 0.0005 1.0000
vn 0.0148 0.0545 0.9984
vn 0.0216 0.0302 0.9993
vn 0.0255 0.0205 0.9995
vn 0.0034 -0.0068 1.0000
vn 0.0077 0.0363 0.9993
vn 0.0173 0.1804 0.9834
vn 0.0334 0.1411 0.9894
vn 0.0942 0.3789 0.9206
vn 0.1754 0.4103 0.8949
vn 0.0646 0.0613 0.9960
vn 0.1154 0.0808 0.9900
vn 0.2464 0.4238 0.8716
vn 0.3166 0.3791 0.8695
vn 0.4448 -0.0017 0.8956
vn 0.1180 0.0115 0.9929
vn 0.1566 0.0293 0.9872
vn 0.4483 0.0518 0.8924
vn 0.0334 0.0015 0.9994
vn 0.0329 0.0075 0.9994
vn 0.0311 0.0181 0.9994
vn 0.1668 0.0816 0.9826
vn 0.4249 0.1970 0.8835
vn -0.0000 0.0060 1.0000
vn 0.0280 0.0257 0.9993
vn 0.1508 0.0961 0.9839
vn 0.3755 0.3256 0.8677
vn -0.0000 0.0043 1.0000
vn 0.0235 -0.0055 0.9997
vn 0.0072 -0.0089 0.9999
vn -0.0000 0.0022 1.0000
vn 0.0329 -0.0057 0.9994
vn 0.0950 -0.0094 0.9954
vn 0.0862 -0.0465 0.9952
vn 0.4329 -0.0781 0.8980
vn 0.4507 -0.2094 0.8678
vn 0.0738 -0.0808 0.9940
vn 0.0613 -0.0460 0.9971
vn 0.4741 -0.3416 0.8115
vn 0.4393 -0.3959 0.8064
vn -0.0000 -0.0004 1.0000
vn -0.0000 -0.0006 1.0000
vn -0.0000 0.0122 0.9999
vn -0.0000 0.0240 0.9997
vn -0.0000 0.0021 1.0000
vn 0.0471 -0.0151 0.9988
vn 0.0326 -0.0470 0.9984
vn 0.3385 -0.5269 0.7796
vn 0.2232 -0.6191 0.7529
vn 0.0175 -0.0116 0.9998
vn -0.0000 0.0406 0.9992
vn 0.1159 -0.5636 0.8178
vn -0.0042 -0.5681 0.8230
vn -0.0000 0.0154 0.9999
vn -0.0000 0.0079 1.0000
vn -0.0000 -0.0168 0.9999
vn -0.0000 -0.0079 1.0000
vn -0.0063 0.0041 1.0000
vn -0.0000 0.0225 0.9997
vn -0.0175 0.0339 0.9993
vn -0.0329 -0.0122 0.9994
vn -0.1201 -0.5103 0.8516
vn -0.2612 -0.3545 0.8978
vn -0.0489 -0.0798 0.9956
vn -0.0626 -0.0626 0.9961
vn -0.3432 -0.4534 0.8226
vn -0.3746 -0.4956 0.7836
vn -0.0000 -0.0010 1.0000
vn -0.0312 -0.0083 0.9995
vn -0.0329 -0.0073 0.9994
vn -0.0334 -0.0022 0.9994
vn -0.0212 -0.0075 0.9997
vn -0.0777 -0.0421 0.9961
vn -0.0897 -0.0492 0.9948
vn -0.3921 -0.3388 0.8553
vn -0.4049 -0.1751 0.8975
vn -0.1167 -0.0270 0.9928
vn -0.1594 -0.0027 0.9872
vn -0.4353 -0.1035 0.8943
vn -0.4536 0.0097 0.8911
vn -0.0036 0.0032 1.0000
vn -0.0311 0.0057 0.9995
vn -0.0298 -0.0036 0.9995
vn -0.0329 0.0074 0.9994
vn -0.1769 0.0271 0.9839
vn -0.1673 0.0634 0.9839
vn -0.4517 0.0728 0.8892
vn -0.4232 0.1973 0.8843
vn -0.1336 0.0470 0.9899
vn -0.3839 0.2487 0.8893
vn -0.1976 -0.9803 0.0044
vn -0.0014 -1.0000 0.0043
vn -0.3807 -0.9247 0.0041
vn -0.3849 -0.9224 0.0330
vn -0.1959 -0.9801 0.0322
vn -0.0014 -0.9995 0.0331
vn -0.5543 -0.8323 0.0035
vn -0.7076 -0.7066 0.0036
vn -0.7134 -0.6999 0.0336
vn -0.5634 -0.8255 0.0332
vn -0.5441 -0.8028 0.2440
vn -0.3401 -0.9172 0.2075
vn -0.7201 -0.6498 0.2434
vn -0.1711 -0.9626 0.2100
vn -0.0000 -0.9699 0.2437
vn 0.5493 -0.8356 0.0038
vn 0.7068 -0.7075 0.0042
vn 0.3772 -0.9261 0.0040
vn 0.3799 -0.9245 0.0330
vn 0.5589 -0.8285 0.0339
vn 0.7040 -0.7094 0.0350
vn 0.1980 -0.9802 0.0044
vn 0.1979 -0.9797 0.0334
vn 0.1945 -0.9549 0.2242
vn 0.3490 -0.9113 0.2186
vn 0.5353 -0.8084 0.2450
vn 0.7070 -0.6633 0.2454
vn 0.9795 -0.2012 0.0039
vn 1.0000 -0.0010 0.0041
vn 0.9222 -0.3867 0.0037
vn 0.9202 -0.3900 0.0335
vn 0.9781 -0.2052 0.0335
vn 0.9994 0.0013 0.0341
vn 0.8313 -0.5558 0.0040
vn 0.8290 -0.5582 0.0349
vn 0.8192 -0.5238 0.2334
vn 0.9119 -0.3450 0.2220
vn 0.9583 -0.1899 0.2134
vn 0.9757 -0.0065 0.2191
vn 0.8313 0.5559 0.0043
vn 0.7054 0.7088 0.0047
vn 0.9212 0.3890 0.0043
vn 0.9201 0.3902 0.0345
vn 0.8358 0.5478 0.0358
vn 0.7156 0.6975 0.0362
vn 0.9800 0.1991 0.0042
vn 0.9782 0.2048 0.0344
vn 0.9509 0.2055 0.2313
vn 0.8885 0.3948 0.2340
vn 0.8127 0.5317 0.2385
vn 0.7122 0.6587 0.2426
vn 0.2037 0.9790 0.0044
vn 0.0004 1.0000 0.0043
vn 0.3826 0.9239 0.0045
vn 0.3887 0.9207 0.0347
vn 0.2040 0.9783 0.0362
vn -0.0012 0.9994 0.0356
vn 0.5458 0.8379 0.0048
vn 0.5541 0.8318 0.0345
vn 0.5746 0.7814 0.2434
vn 0.4083 0.8778 0.2505
vn 0.1933 0.9478 0.2538
vn -0.0000 0.9687 0.2481
vn -0.5542 0.8323 0.0039
vn -0.7073 0.7069 0.0047
vn -0.3817 0.9243 0.0040
vn -0.3897 0.9203 0.0351
vn -0.5588 0.8286 0.0349
vn -0.7052 0.7081 0.0346
vn -0.1984 0.9801 0.0043
vn -0.1994 0.9793 0.0351
vn -0.2026 0.9486 0.2431
vn -0.3833 0.8892 0.2497
vn -0.5357 0.8070 0.2487
vn -0.6797 0.6939 0.2378
vn -0.9798 0.1999 0.0041
vn -1.0000 0.0010 0.0041
vn -0.9244 0.3814 0.0045
vn -0.9237 0.3817 0.0341
vn -0.9786 0.2028 0.0340
vn -0.9994 0.0026 0.0341
vn -0.8329 0.5534 0.0050
vn -0.8326 0.5529 0.0344
vn -0.8053 0.5466 0.2297
vn -0.8967 0.3771 0.2318
vn -0.9507 0.1985 0.2382
vn -0.9724 0.0049 0.2331
vn -0.8278 -0.5150 0.2227
vn -0.8311 -0.5551 0.0331
vn -0.9191 -0.3926 0.0330
vn -0.8915 -0.4009 0.2111
vn -0.8299 -0.5580 0.0038
vn -0.9233 -0.3840 0.0038
vn -0.9801 -0.1986 0.0040
vn -0.9794 -0.1990 0.0337
vn -0.9533 -0.2079 0.2190
vn 0.3832 0.9236 0.0003
vn 0.5524 0.8336 0.0002
vn 0.2000 0.9798 0.0004
vn 0.1998 0.9798 0.0002
vn 0.5526 0.8334 0.0002
vn 0.9801 0.1985 0.0001
vn 0.8340 0.5518 0.0001
vn 0.9243 0.3818 0.0001
vn 0.8334 -0.5527 -0.0003
vn 0.9237 -0.3831 -0.0001
vn 0.8335 -0.5526 -0.0002
vn 0.7067 -0.7075 -0.0002
vn 0.3819 -0.9242 -0.0003
vn 0.3818 -0.9242 -0.0003
vn 0.5511 -0.8344 -0.0003
vn 0.3820 -0.9242 -0.0003
vn -0.5526 -0.8335 -0.0003
vn -0.7077 -0.7065 -0.0002
vn -0.3832 -0.9237 -0.0003
vn -0.3830 -0.9237 -0.0004
vn -0.1996 -0.9799 -0.0003
vn -0.5524 -0.8336 -0.0002
vn -0.9243 -0.3818 -0.0001
vn -0.8341 -0.5516 -0.0002
vn -0.8344 -0.5511 -0.0002
vn -0.9242 -0.3819 -0.0001
vn -0.7068 0.7074 0.0003
vn -0.9237 0.3831 0.0003
vn -0.9234 0.3839 0.0002
vn -0.8331 0.5532 0.0002
vn -0.7066 0.7076 0.0002
vn -0.9798 0.1997 0.0001
vn -0.9237 0.3831 0.0002
vn -0.8333 0.5529 0.0002
vn -0.7063 0.7079 0.0003
vn -0.1988 0.9800 0.0002
vn -0.5517 0.8340 0.0003
vn -0.3825 0.9239 0.0003
vn 0.5507 -0.8347 -0.0005
vn 0.7070 -0.7073 -0.0003
vn 0.3816 -0.9243 -0.0004
vn 0.3817 -0.9243 -0.0004
vn 0.5505 -0.8348 -0.0002
vn 0.1985 -0.9801 -0.0001
vn -0.0006 -1.0000 -0.0001
vn 0.1986 -0.9801 -0.0005
vn -0.0004 -1.0000 -0.0006
vn 0.1986 -0.9801 -0.0000
vn 0.3825 -0.9240 -0.0002
vn 0.5514 -0.8343 -0.0002
vn 0.7056 -0.7086 -0.0001
vn 0.5523 -0.8337 -0.0003
vn 0.7055 -0.7087 -0.0003
vn 0.9238 -0.3830 -0.0001
vn 1.0000 -0.0010 -0.0000
vn 0.8334 -0.5527 -0.0004
vn 0.8326 -0.5539 -0.0000
vn 0.9237 -0.3832 -0.0001
vn 0.8323 -0.5543 -0.0003
vn 0.9234 -0.3837 -0.0003
vn 1.0000 -0.0008 -0.0001
vn 0.8347 0.5507 0.0002
vn 0.9243 0.3817 0.0001
vn 0.9247 0.3808 0.0001
vn 0.8347 0.5506 0.0001
vn 0.7074 0.7068 0.0004
vn 0.9799 0.1995 -0.0000
vn 0.9242 0.3820 0.0001
vn 0.9799 0.1994 -0.0001
vn 0.7088 0.7054 0.0001
vn 0.1991 0.9800 -0.0000
vn 0.3826 0.9239 0.0003
vn 0.3828 0.9238 0.0005
vn 0.1993 0.9799 0.0004
vn 0.0007 1.0000 0.0005
vn 0.5540 0.8325 0.0002
vn 0.5527 0.8334 0.0004
vn 0.5506 0.8347 0.0002
vn 0.3821 0.9241 0.0001
vn 0.5534 0.8329 -0.0000
vn 0.3836 0.9235 0.0002
vn 0.2000 0.9798 0.0003
vn -0.5532 0.8331 0.0002
vn -0.7077 0.7065 0.0002
vn -0.3829 0.9238 0.0004
vn -0.5526 0.8334 0.0005
vn -0.7070 0.7073 0.0003
vn -0.1993 0.9799 0.0002
vn -0.1985 0.9801 0.0004
vn -0.1976 0.9803 0.0003
vn -0.3812 0.9245 0.0003
vn -0.1986 0.9801 -0.0000
vn -0.3811 0.9245 0.0002
vn -0.5522 0.8337 -0.0000
vn -0.7077 0.7066 0.0003
vn -0.5510 0.8345 0.0003
vn -0.7078 0.7064 0.0003
vn -0.9796 0.2008 0.0002
vn -1.0000 0.0008 0.0001
vn -0.8346 0.5509 0.0002
vn -0.8342 0.5515 0.0001
vn -0.8340 0.5517 0.0003
vn -0.8340 0.5518 0.0004
vn -0.9237 0.3832 0.0003
vn -0.9798 0.2002 0.0001
vn -0.9797 0.2004 0.0002
vn -1.0000 0.0012 0.0001
vn -0.8333 -0.5528 -0.0001
vn -0.9241 -0.3821 -0.0000
vn -0.9245 -0.3811 -0.0002
vn -0.7075 -0.7067 -0.0004
vn -0.9802 -0.1981 -0.0001
vn -0.9801 -0.1983 -0.0001
vn -0.9235 -0.3837 -0.0000
vn -0.8334 -0.5527 -0.0001
vn -0.7068 -0.7074 -0.0003
vn -0.8334 -0.5527 -0.0000
vn -0.3836 -0.9235 -0.0001
vn -0.1994 -0.9799 -0.0002
vn -0.5530 -0.8332 -0.0000
vn -0.5516 -0.8341 -0.0004
vn -0.5523 -0.8337 -0.0003
vn -0.3840 -0.9233 -0.0005
vn -0.5529 -0.8332 -0.0000
vn -0.3833 -0.9236 -0.0002
vn -0.2004 -0.9797 -0.0006
vn -0.1997 -0.9799 -0.0003
vn 0.5501 -0.8351 -0.0044
vn 0.7043 -0.7099 -0.0044
vn 0.3803 -0.9249 -0.0041
vn 0.3808 -0.9241 -0.0310
vn 0.5472 -0.8365 -0.0306
vn 0.7051 -0.7085 -0.0311
vn 0.1975 -0.9803 -0.0039
vn -0.0003 -1.0000 -0.0038
vn 0.0007 -0.9995 -0.0314
vn 0.1992 -0.9794 -0.0319
vn 0.1956 -0.9636 -0.1823
vn 0.3928 -0.8988 -0.1945
vn 0.0014 -0.9852 -0.1712
vn 0.5539 -0.8111 -0.1880
vn 0.6929 -0.6983 -0.1798
vn 0.9799 -0.1993 -0.0041
vn 1.0000 0.0003 -0.0040
vn 0.9234 -0.3839 -0.0043
vn 0.9223 -0.3853 -0.0307
vn 0.9798 -0.1974 -0.0310
vn 0.9995 -0.0019 -0.0311
vn 0.8322 -0.5544 -0.0043
vn 0.8275 -0.5606 -0.0308
vn 0.8116 -0.5570 -0.1763
vn 0.9066 -0.3821 -0.1792
vn 0.9650 -0.1907 -0.1801
vn 0.9839 -0.0037 -0.1789
vn 0.8342 0.5514 -0.0040
vn 0.7079 0.7063 -0.0037
vn 0.9256 0.3784 -0.0039
vn 0.9268 0.3743 -0.0308
vn 0.8357 0.5484 -0.0306
vn 0.7048 0.7088 -0.0301
vn 0.9803 0.1973 -0.0038
vn 0.9801 0.1961 -0.0309
vn 0.9659 0.1864 -0.1799
vn 0.9112 0.3712 -0.1787
vn 0.8204 0.5431 -0.1788
vn 0.6888 0.7025 -0.1793
vn 0.2007 0.9796 -0.0030
vn -0.0001 1.0000 -0.0035
vn 0.3859 0.9225 -0.0030
vn 0.3850 0.9224 -0.0305
vn 0.2001 0.9793 -0.0312
vn -0.0015 0.9995 -0.0305
vn 0.5552 0.8317 -0.0034
vn 0.5533 0.8324 -0.0297
vn 0.5399 0.8224 -0.1793
vn 0.3651 0.9134 -0.1800
vn 0.1959 0.9641 -0.1791
vn -0.0018 0.9842 -0.1768
vn -0.5522 0.8337 -0.0036
vn -0.7075 0.7067 -0.0038
vn -0.3835 0.9235 -0.0039
vn -0.3868 0.9216 -0.0314
vn -0.5563 0.8304 -0.0318
vn -0.7083 0.7052 -0.0316
vn -0.1983 0.9801 -0.0040
vn -0.2001 0.9793 -0.0306
vn -0.2012 0.9631 -0.1788
vn -0.3817 0.9070 -0.1779
vn -0.5415 0.8235 -0.1691
vn -0.6814 0.7117 -0.1706
vn -0.9799 0.1997 -0.0038
vn -1.0000 0.0002 -0.0039
vn -0.9236 0.3833 -0.0038
vn -0.9218 0.3863 -0.0313
vn -0.9792 0.2004 -0.0313
vn -0.9995 0.0017 -0.0312
vn -0.8339 0.5519 -0.0039
vn -0.8320 0.5540 -0.0313
vn -0.8158 0.5506 -0.1772
vn -0.9128 0.3670 -0.1792
vn -0.9648 0.1927 -0.1790
vn -0.9839 0.0024 -0.1787
vn -0.8349 -0.5504 -0.0041
vn -0.7071 -0.7071 -0.0040
vn -0.9249 -0.3802 -0.0042
vn -0.9239 -0.3814 -0.0315
vn -0.8314 -0.5548 -0.0319
vn -0.7052 -0.7082 -0.0318
vn -0.9801 -0.1985 -0.0040
vn -0.9796 -0.1984 -0.0313
vn -0.9651 -0.1916 -0.1785
vn -0.9082 -0.3791 -0.1772
vn -0.8155 -0.5507 -0.1781
vn -0.7026 -0.6889 -0.1783
vn -0.2002 -0.9797 -0.0039
vn -0.3840 -0.9233 -0.0041
vn -0.3893 -0.9205 -0.0321
vn -0.1990 -0.9795 -0.0310
vn -0.5521 -0.8338 -0.0042
vn -0.5562 -0.8304 -0.0323
vn -0.5449 -0.8202 -0.1743
vn -0.3680 -0.9130 -0.1764
vn -0.1914 -0.9654 -0.1771
vn 0.5497 -0.8353 -0.0002
vn 0.7057 -0.7086 -0.0003
vn 0.3810 -0.9246 -0.0002
vn 0.5512 -0.8344 -0.0003
vn 0.7067 -0.7076 -0.0003
vn -0.0006 -1.0000 -0.0004
vn 0.1976 -0.9803 -0.0003
vn 0.3826 -0.9239 -0.0005
vn 0.5510 -0.8345 -0.0004
vn 0.7062 -0.7080 -0.0002
vn 0.9236 -0.3833 -0.0003
vn 0.8339 -0.5519 -0.0003
vn 0.8340 -0.5518 -0.0002
vn 0.9798 -0.2002 -0.0001
vn 0.7083 0.7059 0.0002
vn 0.7067 0.7075 0.0003
vn 0.2002 0.9798 0.0004
vn 0.3840 0.9233 0.0003
vn 0.5538 0.8326 0.0003
vn 0.5523 0.8336 0.0003
vn 0.3832 0.9237 0.0002
vn 0.2003 0.9797 0.0003
vn -0.7062 0.7080 0.0003
vn -0.3835 0.9235 0.0003
vn -0.5533 0.8330 0.0003
vn -0.3827 0.9239 0.0005
vn -0.5523 0.8337 0.0003
vn -0.7074 0.7068 0.0002
vn -0.8332 0.5530 0.0003
vn -0.8330 0.5533 0.0002
vn -0.8336 0.5524 0.0002
vn -0.8353 -0.5498 -0.0002
vn -0.7096 -0.7046 -0.0002
vn -0.8343 -0.5514 -0.0002
vn -0.3841 -0.9233 -0.0003
vn -0.1997 -0.9798 -0.0004
vn -0.3830 -0.9237 -0.0003
vn -0.5534 -0.8329 -0.0003
vn -0.5533 -0.8330 -0.0003
vn 0.5513 -0.8342 -0.0106
vn 0.7077 -0.7064 -0.0106
vn 0.3817 -0.9242 -0.0107
vn 0.3821 -0.9229 -0.0471
vn 0.5504 -0.8336 -0.0470
vn 0.7062 -0.7064 -0.0474
vn 0.1984 -0.9801 -0.0107
vn -0.0006 -0.9999 -0.0106
vn -0.0006 -0.9989 -0.0473
vn 0.1985 -0.9790 -0.0472
vn 0.1967 -0.9740 -0.1121
vn 0.3791 -0.9185 -0.1124
vn -0.0007 -0.9937 -0.1123
vn 0.5476 -0.8291 -0.1125
vn 0.7018 -0.7034 -0.1126
vn 0.9796 -0.2004 -0.0105
vn 0.9999 -0.0010 -0.0105
vn 0.9231 -0.3843 -0.0105
vn 0.9229 -0.3821 -0.0469
vn 0.9787 -0.1997 -0.0468
vn 0.9989 -0.0008 -0.0469
vn 0.8336 -0.5522 -0.0107
vn 0.8332 -0.5510 -0.0472
vn 0.8288 -0.5481 -0.1125
vn 0.9183 -0.3797 -0.1122
vn 0.9739 -0.1975 -0.1120
vn 0.9937 -0.0002 -0.1118
vn 0.8340 0.5516 -0.0102
vn 0.7086 0.7055 -0.0101
vn 0.9238 0.3827 -0.0103
vn 0.9230 0.3820 -0.0468
vn 0.8334 0.5507 -0.0468
vn 0.7069 0.7057 -0.0467
vn 0.9801 0.1983 -0.0105
vn 0.9789 0.1987 -0.0469
vn 0.9739 0.1974 -0.1117
vn 0.9181 0.3804 -0.1117
vn 0.8283 0.5490 -0.1119
vn 0.7020 0.7033 -0.1119
vn 0.2004 0.9797 -0.0102
vn 0.0004 0.9999 -0.0101
vn 0.3826 0.9238 -0.0103
vn 0.3822 0.9229 -0.0463
vn 0.1997 0.9788 -0.0462
vn 0.0004 0.9989 -0.0464
vn 0.5520 0.8338 -0.0101
vn 0.5513 0.8330 -0.0464
vn 0.5489 0.8284 -0.1118
vn 0.3813 0.9177 -0.1119
vn 0.1984 0.9737 -0.1118
vn 0.0006 0.9937 -0.1117
vn -0.5496 0.8354 -0.0101
vn -0.7064 0.7078 -0.0104
vn -0.3808 0.9246 -0.0099
vn -0.3815 0.9232 -0.0465
vn -0.5485 0.8349 -0.0462
vn -0.7044 0.7083 -0.0463
vn -0.1981 0.9801 -0.0100
vn -0.1990 0.9789 -0.0466
vn -0.1974 0.9739 -0.1118
vn -0.3799 0.9182 -0.1119
vn -0.5486 0.8285 -0.1121
vn -0.7023 0.7030 -0.1120
vn -0.9798 0.1998 -0.0103
vn -0.9999 0.0006 -0.0104
vn -0.9239 0.3825 -0.0102
vn -0.9226 0.3829 -0.0466
vn -0.9788 0.1994 -0.0467
vn -0.9989 0.0006 -0.0469
vn -0.8335 0.5524 -0.0104
vn -0.8319 0.5529 -0.0466
vn -0.8276 0.5500 -0.1119
vn -0.9178 0.3809 -0.1118
vn -0.9737 0.1986 -0.1117
vn -0.9937 0.0009 -0.1117
vn -0.8337 -0.5521 -0.0105
vn -0.7072 -0.7069 -0.0105
vn -0.9239 -0.3824 -0.0104
vn -0.9232 -0.3814 -0.0467
vn -0.8332 -0.5510 -0.0468
vn -0.7071 -0.7055 -0.0470
vn -0.9800 -0.1986 -0.0105
vn -0.9790 -0.1982 -0.0468
vn -0.9741 -0.1969 -0.1117
vn -0.9190 -0.3780 -0.1120
vn -0.8294 -0.5472 -0.1124
vn -0.7034 -0.7018 -0.1127
vn -0.1985 -0.9736 -0.1125
vn -0.1990 -0.9789 -0.0473
vn -0.3823 -0.9228 -0.0472
vn -0.3794 -0.9184 -0.1121
vn -0.1990 -0.9799 -0.0108
vn -0.3823 -0.9240 -0.0106
vn -0.5525 -0.8334 -0.0106
vn -0.5527 -0.8320 -0.0471
vn -0.5483 -0.8287 -0.1122
vt -0.961023 0.158837
vt -0.887696 0.158837
vt -0.887696 0.174189
vt -0.961023 0.174189
vt -0.814369 0.158837
vt -0.814369 0.174189
vt -0.814369 0.189664
vt -0.887696 0.189664
vt -0.961023 0.189664
vt -0.741042 0.158837
vt -0.741042 0.174189
vt -0.667714 0.158837
vt -0.667714 0.174189
vt -0.667714 0.189664
vt -0.741042 0.189664
vt -0.741042 0.205387
vt -0.814369 0.205387
vt -0.667714 0.205387
vt -0.667714 0.221482
vt -0.741042 0.221482
vt -0.814369 0.221482
vt -0.887696 0.205387
vt -0.961023 0.205387
vt -0.887696 0.221482
vt -0.961023 0.221482
vt -0.594387 0.158837
vt -0.594387 0.174189
vt -0.521060 0.158837
vt -0.521060 0.174189
vt -0.521060 0.189664
vt -0.594387 0.189664
vt -0.447733 0.158837
vt -0.447733 0.174189
vt -0.374406 0.158837
vt -0.374406 0.174189
vt -0.374406 0.189664
vt -0.447733 0.189664
vt -0.447733 0.205387
vt -0.521060 0.205387
vt -0.374406 0.205387
vt -0.374406 0.221482
vt -0.447733 0.221482
vt -0.521060 0.221482
vt -0.594387 0.205387
vt -0.594387 0.221482
vt -0.301079 0.158837
vt -0.301079 0.174189
vt -0.227752 0.158837
vt -0.227752 0.174189
vt -0.227752 0.189664
vt -0.301079 0.189664
vt -0.154425 0.158837
vt -0.154425 0.174189
vt -0.081098 0.158837
vt -0.081098 0.174189
vt -0.081098 0.189664
vt -0.154425 0.189664
vt -0.154425 0.205387
vt -0.227752 0.205387
vt -0.081098 0.205387
vt -0.081098 0.221482
vt -0.154425 0.221482
vt -0.227752 0.221482
vt -0.301079 0.205387
vt -0.301079 0.221482
vt -0.007771 0.158837
vt -0.007771 0.174189
vt 0.524357 0.925978
vt 0.524357 0.880284
vt 0.533923 0.880284
vt 0.533923 0.925978
vt 0.543567 0.880284
vt 0.543567 0.925978
vt -0.007771 0.189664
vt 0.524357 0.834590
vt 0.533923 0.834590
vt 0.524357 0.788896
vt 0.533923 0.788896
vt 0.543567 0.788896
vt 0.543567 0.834590
vt 0.553365 0.834590
vt 0.553365 0.880284
vt 0.553365 0.788896
vt 0.563394 0.788896
vt 0.563394 0.834590
vt 0.563394 0.880284
vt -0.007771 0.205387
vt 0.553365 0.925978
vt 0.563394 0.925978
vt -0.007771 0.221482
vt 0.524357 0.743202
vt 0.533923 0.743202
vt 0.524357 0.697508
vt 0.533923 0.697508
vt 0.543567 0.697508
vt 0.543567 0.743202
vt 0.524357 0.651814
vt 0.533923 0.651814
vt 0.524357 0.606120
vt 0.533923 0.606120
vt 0.543567 0.606120
vt 0.543567 0.651814
vt 0.553365 0.651814
vt 0.553365 0.697508
vt 0.553365 0.606120
vt 0.563394 0.606120
vt 0.563394 0.651814
vt 0.563394 0.697508
vt 0.553365 0.743202
vt 0.563394 0.743202
vt 0.524357 0.560426
vt 0.533923 0.560426
vt 0.524357 0.514732
vt 0.533923 0.514732
vt 0.543567 0.514732
vt 0.543567 0.560426
vt 0.524357 0.469038
vt 0.533923 0.469038
vt 0.524357 0.423344
vt 0.533923 0.423344
vt 0.543567 0.423344
vt 0.543567 0.469038
vt 0.553365 0.469038
vt 0.553365 0.514732
vt 0.553365 0.423344
vt 0.563394 0.423344
vt 0.563394 0.469038
vt 0.563394 0.514732
vt 0.553365 0.560426
vt 0.563394 0.560426
vt 0.524357 0.377650
vt 0.533923 0.377650
vt 0.524357 0.331956
vt 0.533923 0.331956
vt 0.543567 0.331956
vt 0.543567 0.377650
vt 0.524357 0.286262
vt 0.533923 0.286262
vt 0.524357 0.240568
vt 0.533923 0.240568
vt 0.543567 0.240568
vt 0.543567 0.286262
vt 0.553365 0.286262
vt 0.553365 0.331956
vt 0.553365 0.240568
vt 0.563394 0.240568
vt 0.563394 0.286262
vt 0.563394 0.331956
vt 0.553365 0.377650
vt 0.563394 0.377650
vt 0.524357 0.194874
vt 0.533923 0.194874
vt 0.524357 0.149180
vt 0.533923 0.149180
vt 0.543567 0.149180
vt 0.543567 0.194874
vt 0.524357 0.103486
vt 0.533923 0.103486
vt 0.524357 0.057792
vt 0.533923 0.057792
vt 0.543567 0.057792
vt 0.543567 0.103486
vt 0.553365 0.103486
vt 0.553365 0.149180
vt 0.553365 0.057792
vt 0.563394 0.057792
vt 0.563394 0.103486
vt 0.563394 0.149180
vt 0.553365 0.194874
vt 0.563394 0.194874
vt 0.791718 0.619947
vt 0.777027 0.621546
vt 0.778635 0.630746
vt 0.791718 0.629868
vt 0.762848 0.625975
vt 0.766199 0.634066
vt 0.769427 0.641861
vt 0.779009 0.643141
vt 0.791718 0.644178
vt 0.738170 0.642127
vt 0.745185 0.649142
vt 0.755058 0.640512
vt 0.749688 0.632870
vt 0.755304 0.659261
vt 0.763558 0.649541
vt 0.791718 0.695675
vt 0.791718 0.663816
vt 0.776522 0.658988
vt 0.769190 0.673148
vt 0.845266 0.642127
vt 0.833748 0.632870
vt 0.828379 0.640512
vt 0.838251 0.649142
vt 0.820589 0.625975
vt 0.817237 0.634066
vt 0.814009 0.641861
vt 0.819879 0.649541
vt 0.828132 0.659261
vt 0.804801 0.630746
vt 0.806409 0.621546
vt 0.804427 0.643141
vt 0.814246 0.673148
vt 0.806914 0.658988
vt 0.867447 0.695675
vt 0.865848 0.680985
vt 0.856647 0.682592
vt 0.857526 0.695675
vt 0.861418 0.666805
vt 0.853327 0.670156
vt 0.845533 0.673385
vt 0.844252 0.682966
vt 0.843215 0.695675
vt 0.846881 0.659015
vt 0.854524 0.653645
vt 0.837852 0.667515
vt 0.823577 0.695675
vt 0.828405 0.680479
vt 0.845266 0.749224
vt 0.854524 0.737705
vt 0.846881 0.732336
vt 0.838251 0.742209
vt 0.861418 0.724546
vt 0.853327 0.721195
vt 0.845533 0.717966
vt 0.837852 0.723836
vt 0.828132 0.732090
vt 0.856647 0.708759
vt 0.865848 0.710366
vt 0.844252 0.708385
vt 0.814246 0.718203
vt 0.828405 0.710872
vt 0.791718 0.771404
vt 0.806409 0.769805
vt 0.804802 0.760605
vt 0.791718 0.761483
vt 0.820589 0.765375
vt 0.817237 0.757284
vt 0.814009 0.749490
vt 0.804427 0.748210
vt 0.791718 0.747173
vt 0.828379 0.750839
vt 0.833748 0.758481
vt 0.819879 0.741809
vt 0.791718 0.727534
vt 0.806914 0.732363
vt 0.738170 0.749224
vt 0.749688 0.758481
vt 0.755058 0.750839
vt 0.745185 0.742209
vt 0.762848 0.765375
vt 0.766199 0.757284
vt 0.769427 0.749490
vt 0.763558 0.741809
vt 0.755304 0.732090
vt 0.778635 0.760605
vt 0.777028 0.769805
vt 0.779009 0.748210
vt 0.769190 0.718203
vt 0.776522 0.732363
vt 0.715989 0.695675
vt 0.717588 0.710366
vt 0.726789 0.708759
vt 0.725910 0.695675
vt 0.722018 0.724546
vt 0.730109 0.721195
vt 0.737904 0.717966
vt 0.739184 0.708385
vt 0.740221 0.695675
vt 0.736555 0.732336
vt 0.728913 0.737705
vt 0.745584 0.723836
vt 0.759859 0.695675
vt 0.755031 0.710872
vt 0.728913 0.653645
vt 0.736555 0.659015
vt 0.722018 0.666805
vt 0.730109 0.670156
vt 0.737904 0.673385
vt 0.745584 0.667515
vt 0.726789 0.682592
vt 0.717588 0.680985
vt 0.739184 0.682966
vt 0.755031 0.680479
vt 0.738078 0.187112
vt 0.759135 0.177715
vt 0.764265 0.191652
vt 0.745988 0.200718
vt 0.781710 0.172541
vt 0.783573 0.186377
vt 0.785342 0.199515
vt 0.773489 0.208769
vt 0.757242 0.220079
vt 0.827641 0.175051
vt 0.823613 0.190265
vt 0.803588 0.186356
vt 0.804849 0.171559
vt 0.817881 0.211913
vt 0.799221 0.205304
vt 0.797419 0.289194
vt 0.772589 0.246479
vt 0.789199 0.228156
vt 0.810065 0.241432
vt 0.849175 0.183296
vt 0.842949 0.196778
vt 0.868797 0.195600
vt 0.860330 0.206701
vt 0.852292 0.217242
vt 0.837367 0.215404
vt 0.899501 0.229853
vt 0.885895 0.237762
vt 0.874498 0.220839
vt 0.885853 0.211267
vt 0.866534 0.249017
vt 0.858012 0.231149
vt 0.834767 0.240222
vt 0.840133 0.264363
vt 0.908898 0.250910
vt 0.894961 0.256040
vt 0.914072 0.273484
vt 0.900235 0.275348
vt 0.887098 0.277117
vt 0.877843 0.265264
vt 0.911562 0.319416
vt 0.896348 0.315388
vt 0.900256 0.295362
vt 0.915054 0.296624
vt 0.874700 0.309656
vt 0.881309 0.290996
vt 0.858456 0.280974
vt 0.845181 0.301840
vt 0.903317 0.340950
vt 0.889835 0.334723
vt 0.891013 0.360571
vt 0.879912 0.352105
vt 0.869371 0.344067
vt 0.871209 0.329141
vt 0.856760 0.391275
vt 0.848851 0.377669
vt 0.865774 0.366273
vt 0.875346 0.377628
vt 0.837596 0.358308
vt 0.855464 0.349787
vt 0.846391 0.326541
vt 0.822249 0.331908
vt 0.835703 0.400672
vt 0.830573 0.386736
vt 0.813128 0.405846
vt 0.811265 0.392010
vt 0.809496 0.378872
vt 0.821349 0.369618
vt 0.767197 0.403337
vt 0.771225 0.388123
vt 0.791250 0.392031
vt 0.789989 0.406829
vt 0.776957 0.366474
vt 0.795617 0.373083
vt 0.805639 0.350231
vt 0.784773 0.336955
vt 0.745663 0.395092
vt 0.751890 0.381609
vt 0.726041 0.382788
vt 0.734508 0.371687
vt 0.742546 0.361146
vt 0.757472 0.362983
vt 0.695338 0.348535
vt 0.708944 0.340625
vt 0.720340 0.357549
vt 0.708985 0.367120
vt 0.728305 0.329371
vt 0.736826 0.347238
vt 0.760072 0.338166
vt 0.754704 0.314024
vt 0.685941 0.327478
vt 0.699877 0.322347
vt 0.680766 0.304903
vt 0.694603 0.303040
vt 0.707741 0.301271
vt 0.716995 0.313124
vt 0.683276 0.258972
vt 0.698490 0.263000
vt 0.694582 0.283025
vt 0.679785 0.281764
vt 0.720139 0.268732
vt 0.713529 0.287392
vt 0.736382 0.297414
vt 0.749658 0.276548
vt 0.691521 0.237438
vt 0.705003 0.243664
vt 0.703825 0.217816
vt 0.714926 0.226282
vt 0.725467 0.234321
vt 0.723629 0.249246
vt 0.729064 0.212115
vt 0.719492 0.200760
vt 0.739374 0.228601
vt 0.748447 0.251846
vt 0.816072 0.573975
vt 0.844064 0.584738
vt 0.838794 0.595374
vt 0.812971 0.585439
vt 0.869513 0.600746
vt 0.862266 0.610145
vt 0.855532 0.618878
vt 0.833894 0.605260
vt 0.810088 0.596100
vt 0.891466 0.621287
vt 0.882520 0.629088
vt 0.908993 0.645622
vt 0.898695 0.651536
vt 0.889117 0.657035
vt 0.874205 0.636341
vt 0.866946 0.642673
vt 0.849653 0.626502
vt 0.880756 0.661837
vt 0.874177 0.665614
vt 0.861235 0.647655
vt 0.845029 0.632499
vt 0.829616 0.613891
vt 0.807571 0.605408
vt 0.826251 0.620680
vt 0.805590 0.612730
vt 0.921176 0.673026
vt 0.909930 0.676820
vt 0.927852 0.702340
vt 0.916081 0.703862
vt 0.905144 0.705275
vt 0.899474 0.680346
vt 0.928850 0.732388
vt 0.917008 0.731578
vt 0.924037 0.761989
vt 0.912573 0.758888
vt 0.901912 0.756005
vt 0.906000 0.730827
vt 0.896389 0.730172
vt 0.895597 0.706510
vt 0.892604 0.753488
vt 0.885282 0.751508
vt 0.888829 0.729656
vt 0.888087 0.707481
vt 0.890346 0.683424
vt 0.883165 0.685845
vt 0.913274 0.789981
vt 0.902638 0.784712
vt 0.897266 0.815430
vt 0.887867 0.808183
vt 0.879133 0.801449
vt 0.892752 0.779811
vt 0.876725 0.837383
vt 0.868924 0.828437
vt 0.852390 0.854910
vt 0.846476 0.844611
vt 0.840977 0.835035
vt 0.861671 0.820122
vt 0.855339 0.812863
vt 0.871510 0.795570
vt 0.836175 0.826673
vt 0.832397 0.820095
vt 0.850357 0.807152
vt 0.865513 0.790946
vt 0.884121 0.775533
vt 0.877332 0.772168
vt 0.824986 0.867093
vt 0.821192 0.855847
vt 0.795672 0.873769
vt 0.794150 0.861998
vt 0.792737 0.851061
vt 0.817666 0.845391
vt 0.765624 0.874767
vt 0.766434 0.862925
vt 0.736023 0.869954
vt 0.739124 0.858490
vt 0.742007 0.847829
vt 0.767184 0.851917
vt 0.767840 0.842307
vt 0.791502 0.841514
vt 0.744524 0.838521
vt 0.746505 0.831199
vt 0.768356 0.834746
vt 0.790531 0.834003
vt 0.814588 0.836263
vt 0.812167 0.829083
vt 0.708031 0.859191
vt 0.713300 0.848555
vt 0.682582 0.843183
vt 0.689829 0.833784
vt 0.696563 0.825051
vt 0.718201 0.838669
vt 0.660629 0.822642
vt 0.669575 0.814841
vt 0.643102 0.798307
vt 0.653400 0.792393
vt 0.662977 0.786894
vt 0.677890 0.807588
vt 0.685149 0.801256
vt 0.702441 0.817427
vt 0.671339 0.782092
vt 0.677917 0.778315
vt 0.690860 0.796274
vt 0.707066 0.811430
vt 0.722479 0.830038
vt 0.725844 0.823249
vt 0.630919 0.770903
vt 0.642165 0.767109
vt 0.624243 0.741589
vt 0.636014 0.740068
vt 0.646951 0.738654
vt 0.652621 0.763583
vt 0.623245 0.711541
vt 0.635087 0.712351
vt 0.628058 0.681940
vt 0.639522 0.685041
vt 0.650183 0.687924
vt 0.646095 0.713102
vt 0.655705 0.713757
vt 0.656498 0.737419
vt 0.659491 0.690441
vt 0.666813 0.692421
vt 0.663266 0.714272
vt 0.664008 0.736448
vt 0.661749 0.760505
vt 0.668930 0.758084
vt 0.638821 0.653948
vt 0.649457 0.659218
vt 0.654829 0.628499
vt 0.664228 0.635746
vt 0.672961 0.642480
vt 0.659343 0.664118
vt 0.675370 0.606546
vt 0.683171 0.615492
vt 0.699705 0.589019
vt 0.705619 0.599317
vt 0.711118 0.608895
vt 0.690424 0.623807
vt 0.696756 0.631066
vt 0.680585 0.648359
vt 0.715920 0.617256
vt 0.719697 0.623834
vt 0.701738 0.636777
vt 0.686582 0.652983
vt 0.667974 0.668396
vt 0.674763 0.671761
vt 0.737507 0.607666
vt 0.739928 0.614847
vt 0.734429 0.598538
vt 0.759358 0.592868
vt 0.760593 0.602415
vt 0.761564 0.609926
vt 0.730903 0.588082
vt 0.727109 0.576836
vt 0.756423 0.570160
vt 0.757944 0.581931
vt 0.785661 0.581004
vt 0.784910 0.592012
vt 0.786471 0.569162
vt 0.784255 0.601622
vt 0.783739 0.609183
vt 0.908570 0.396443
vt 0.887619 0.416622
vt 0.883119 0.410987
vt 0.903053 0.391787
vt 0.863105 0.432410
vt 0.859796 0.426008
vt 0.855928 0.418526
vt 0.877861 0.404401
vt 0.896607 0.386345
vt 0.836049 0.443279
vt 0.834053 0.436349
vt 0.807470 0.448702
vt 0.806861 0.441509
vt 0.806150 0.433103
vt 0.831721 0.428250
vt 0.829402 0.420198
vt 0.852083 0.411087
vt 0.805443 0.424745
vt 0.804847 0.417698
vt 0.827446 0.413409
vt 0.848840 0.404814
vt 0.872633 0.397852
vt 0.890197 0.380935
vt 0.868224 0.392330
vt 0.884792 0.376374
vt 0.912101 0.290624
vt 0.919149 0.290027
vt 0.918691 0.314409
vt 0.911669 0.313622
vt 0.927506 0.289321
vt 0.927018 0.315343
vt 0.921497 0.340840
vt 0.913518 0.338299
vt 0.906790 0.336156
vt 0.935913 0.288610
vt 0.935393 0.316282
vt 0.943105 0.288001
vt 0.942560 0.317085
vt 0.936390 0.345583
vt 0.929523 0.343396
vt 0.918633 0.368910
vt 0.911256 0.364833
vt 0.924944 0.372399
vt 0.903923 0.360779
vt 0.897739 0.357361
vt 0.890847 0.186901
vt 0.911026 0.207853
vt 0.905390 0.212352
vt 0.886190 0.192417
vt 0.926814 0.232366
vt 0.920412 0.235675
vt 0.912930 0.239543
vt 0.898804 0.217611
vt 0.880749 0.198864
vt 0.937682 0.259422
vt 0.930753 0.261418
vt 0.922654 0.263750
vt 0.914602 0.266069
vt 0.905491 0.243388
vt 0.907812 0.268025
vt 0.899218 0.246630
vt 0.892256 0.222839
vt 0.875339 0.205274
vt 0.886734 0.227247
vt 0.870777 0.210679
vt 0.782405 0.152365
vt 0.811489 0.152911
vt 0.810686 0.160078
vt 0.783013 0.159558
vt 0.839986 0.159081
vt 0.837799 0.165948
vt 0.835243 0.173974
vt 0.809747 0.168453
vt 0.783724 0.167965
vt 0.866803 0.170527
vt 0.863314 0.176839
vt 0.859237 0.184215
vt 0.855183 0.191548
vt 0.832702 0.181953
vt 0.851765 0.197731
vt 0.830559 0.188681
vt 0.808813 0.176780
vt 0.784431 0.176322
vt 0.808026 0.183802
vt 0.785027 0.183370
vt 0.681305 0.204625
vt 0.702256 0.184445
vt 0.706756 0.190081
vt 0.686821 0.209281
vt 0.726770 0.168657
vt 0.730079 0.175059
vt 0.733947 0.182542
vt 0.712014 0.196667
vt 0.693268 0.214722
vt 0.753826 0.157788
vt 0.755821 0.164718
vt 0.758154 0.172817
vt 0.760473 0.180869
vt 0.737792 0.189980
vt 0.762428 0.187659
vt 0.741034 0.196253
vt 0.717242 0.203215
vt 0.699678 0.220132
vt 0.721650 0.208737
vt 0.705082 0.224694
vt 0.646769 0.313066
vt 0.647315 0.283982
vt 0.654482 0.284785
vt 0.653962 0.312458
vt 0.653485 0.255485
vt 0.660352 0.257672
vt 0.668377 0.260228
vt 0.662857 0.285724
vt 0.662368 0.311747
vt 0.664931 0.228668
vt 0.671242 0.232157
vt 0.678618 0.236234
vt 0.685952 0.240288
vt 0.676357 0.262769
vt 0.692135 0.243706
vt 0.683084 0.264911
vt 0.671184 0.286658
vt 0.670726 0.311040
vt 0.678205 0.287445
vt 0.677773 0.310444
vt 0.699028 0.414166
vt 0.678849 0.393215
vt 0.684484 0.388715
vt 0.703684 0.408650
vt 0.663061 0.368701
vt 0.669463 0.365392
vt 0.676945 0.361524
vt 0.691071 0.383457
vt 0.709126 0.402203
vt 0.652192 0.341645
vt 0.659122 0.339649
vt 0.667221 0.337317
vt 0.675273 0.334998
vt 0.684384 0.357679
vt 0.682062 0.333043
vt 0.690657 0.354437
vt 0.697619 0.378229
vt 0.714536 0.395793
vt 0.703140 0.373821
vt 0.719097 0.390389
vt 0.778386 0.448156
vt 0.779189 0.440990
vt 0.749888 0.441986
vt 0.752075 0.435119
vt 0.754631 0.427094
vt 0.780128 0.432614
vt 0.723072 0.430540
vt 0.726561 0.424229
vt 0.730638 0.416853
vt 0.734692 0.409519
vt 0.757172 0.419115
vt 0.738110 0.403336
vt 0.759315 0.412387
vt 0.781061 0.424287
vt 0.781849 0.417266
vt 0.741468 0.619415
vt 0.722100 0.628019
vt 0.762181 0.614704
vt 0.762529 0.617390
vt 0.742334 0.621983
vt 0.723452 0.630372
vt 0.783412 0.613993
vt 0.804331 0.617389
vt 0.803622 0.620008
vt 0.783227 0.616697
vt 0.783142 0.617946
vt 0.762689 0.618631
vt 0.803295 0.621218
vt 0.779801 0.567504
vt 0.780697 0.545324
vt 0.781228 0.545331
vt 0.780331 0.567509
vt 0.778938 0.589769
vt 0.779469 0.589768
vt 0.742734 0.623170
vt 0.724076 0.631459
vt 0.778121 0.612072
vt 0.778652 0.612064
vt 0.777366 0.634373
vt 0.777896 0.634361
vt 0.766823 0.413381
vt 0.767714 0.391241
vt 0.768382 0.391261
vt 0.767493 0.413446
vt 0.768195 0.369229
vt 0.768878 0.369274
vt 0.771487 0.369532
vt 0.771027 0.391612
vt 0.770110 0.413768
vt 0.768113 0.347434
vt 0.768803 0.347463
vt 0.767444 0.325925
vt 0.768141 0.325938
vt 0.770740 0.326104
vt 0.771408 0.347679
vt 0.777939 0.348156
vt 0.778016 0.370119
vt 0.777270 0.326450
vt 0.789543 0.326599
vt 0.790221 0.348593
vt 0.790300 0.370802
vt 0.777561 0.392266
vt 0.776633 0.414520
vt 0.789841 0.393155
vt 0.788905 0.415583
vt 0.679083 0.673902
vt 0.671472 0.693681
vt 0.690398 0.655925
vt 0.692543 0.657579
vt 0.681511 0.675106
vt 0.674091 0.694390
vt 0.704907 0.640410
vt 0.706689 0.642452
vt 0.707512 0.643396
vt 0.693534 0.658343
vt 0.776705 0.656760
vt 0.777235 0.656744
vt 0.776169 0.679331
vt 0.776699 0.679305
vt 0.682633 0.675662
vt 0.675301 0.694717
vt 0.775820 0.702083
vt 0.776349 0.702044
vt 0.775758 0.725035
vt 0.776286 0.724983
vt 0.766118 0.304680
vt 0.766822 0.304675
vt 0.764073 0.283670
vt 0.764783 0.283642
vt 0.767367 0.283677
vt 0.769415 0.304780
vt 0.761260 0.262957
vt 0.761973 0.262902
vt 0.757640 0.242586
vt 0.758354 0.242503
vt 0.760916 0.242361
vt 0.764547 0.262855
vt 0.771046 0.262652
vt 0.773884 0.283685
vt 0.767383 0.241911
vt 0.779430 0.240443
vt 0.783197 0.261663
vt 0.786099 0.283124
vt 0.775941 0.304970
vt 0.788193 0.304788
vt 0.673498 0.756544
vt 0.682102 0.775912
vt 0.668787 0.735831
vt 0.671473 0.735483
vt 0.676067 0.755678
vt 0.684455 0.774560
vt 0.668076 0.714601
vt 0.670780 0.714785
vt 0.672029 0.714870
vt 0.672714 0.735323
vt 0.776184 0.748359
vt 0.776710 0.748288
vt 0.777480 0.772316
vt 0.778001 0.772210
vt 0.677253 0.755278
vt 0.685542 0.773936
vt 0.781099 0.798031
vt 0.781593 0.797674
vt 0.789066 0.812120
vt 0.789414 0.811941
vt 0.753163 0.222479
vt 0.753874 0.222365
vt 0.747797 0.202507
vt 0.748496 0.202359
vt 0.751017 0.201959
vt 0.756419 0.222110
vt 0.741522 0.182554
vt 0.742194 0.182364
vt 0.734101 0.162182
vt 0.734721 0.161921
vt 0.737112 0.161014
vt 0.744670 0.181757
vt 0.750808 0.180180
vt 0.757336 0.200853
vt 0.743035 0.158954
vt 0.754078 0.155451
vt 0.762074 0.176996
vt 0.768968 0.198258
vt 0.762833 0.221366
vt 0.774719 0.219361
vt 0.727985 0.818929
vt 0.747764 0.826540
vt 0.710007 0.807614
vt 0.711662 0.805469
vt 0.729189 0.816501
vt 0.748473 0.823921
vt 0.694493 0.793105
vt 0.696535 0.791323
vt 0.697479 0.790500
vt 0.712425 0.804478
vt 0.793272 0.123912
vt 0.798584 0.113166
vt 0.798908 0.113318
vt 0.793777 0.124287
vt 0.793288 0.148978
vt 0.793816 0.149024
vt 0.729745 0.815379
vt 0.748800 0.822711
vt 0.794067 0.170996
vt 0.794595 0.171038
vt 0.794356 0.192595
vt 0.794884 0.192640
vt 0.728700 0.883098
vt 0.727309 0.859774
vt 0.727943 0.859741
vt 0.729343 0.883086
vt 0.727168 0.835439
vt 0.727795 0.835430
vt 0.730446 0.835359
vt 0.730591 0.859581
vt 0.731918 0.882931
vt 0.727721 0.811061
vt 0.728347 0.811066
vt 0.728869 0.786720
vt 0.729495 0.786740
vt 0.732155 0.786786
vt 0.731005 0.811053
vt 0.737504 0.810999
vt 0.736926 0.835170
vt 0.738669 0.786866
vt 0.750857 0.787084
vt 0.749650 0.810988
vt 0.749010 0.834933
vt 0.737060 0.859215
vt 0.738214 0.882571
vt 0.749054 0.858750
vt 0.749872 0.882067
vt 0.810627 0.824514
vt 0.829994 0.815910
vt 0.789914 0.829225
vt 0.789566 0.826539
vt 0.809761 0.821946
vt 0.828643 0.813557
vt 0.768683 0.829936
vt 0.768868 0.827232
vt 0.768953 0.825983
vt 0.789406 0.825298
vt 0.794229 0.214224
vt 0.794757 0.214271
vt 0.793788 0.236016
vt 0.794317 0.236060
vt 0.809361 0.820759
vt 0.828019 0.812470
vt 0.793131 0.257912
vt 0.793660 0.257953
vt 0.792331 0.279834
vt 0.792860 0.279875
vt 0.730498 0.762438
vt 0.731125 0.762472
vt 0.732522 0.738208
vt 0.733149 0.738252
vt 0.735810 0.738404
vt 0.733786 0.762573
vt 0.734853 0.714111
vt 0.735482 0.714164
vt 0.737411 0.690213
vt 0.738041 0.690276
vt 0.740696 0.690515
vt 0.738140 0.714362
vt 0.744669 0.714812
vt 0.742338 0.738740
vt 0.747224 0.691064
vt 0.759466 0.692069
vt 0.756910 0.715653
vt 0.754572 0.739392
vt 0.740309 0.762784
vt 0.752526 0.763226
vt 0.873012 0.770027
vt 0.880623 0.750248
vt 0.861697 0.788004
vt 0.859552 0.786350
vt 0.870584 0.768823
vt 0.878004 0.749539
vt 0.847188 0.803519
vt 0.845406 0.801477
vt 0.844583 0.800533
vt 0.858561 0.785586
vt 0.791448 0.301820
vt 0.791977 0.301861
vt 0.790508 0.323907
vt 0.791037 0.323944
vt 0.869462 0.768267
vt 0.876794 0.749212
vt 0.789532 0.346022
vt 0.790061 0.346054
vt 0.788535 0.368098
vt 0.789065 0.368129
vt 0.740127 0.666460
vt 0.740758 0.666531
vt 0.742955 0.642794
vt 0.743588 0.642869
vt 0.746236 0.643173
vt 0.743410 0.666806
vt 0.745841 0.619260
vt 0.746477 0.619339
vt 0.748733 0.595909
vt 0.749371 0.595992
vt 0.752011 0.596341
vt 0.749121 0.619668
vt 0.755642 0.620437
vt 0.752760 0.643881
vt 0.758530 0.597159
vt 0.770766 0.598574
vt 0.767881 0.621786
vt 0.765001 0.645140
vt 0.749936 0.667440
vt 0.762179 0.668584
vt 0.878597 0.687385
vt 0.869993 0.668018
vt 0.883308 0.708098
vt 0.880622 0.708446
vt 0.876029 0.688251
vt 0.867640 0.669369
vt 0.884019 0.729328
vt 0.881315 0.729144
vt 0.880066 0.729059
vt 0.879381 0.708606
vt 0.787535 0.390191
vt 0.788065 0.390221
vt 0.786531 0.412353
vt 0.787061 0.412378
vt 0.874842 0.688651
vt 0.866553 0.669993
vt 0.785528 0.434521
vt 0.786058 0.434542
vt 0.784530 0.456639
vt 0.785061 0.456659
vt 0.751584 0.572683
vt 0.752225 0.572770
vt 0.754361 0.549525
vt 0.755004 0.549612
vt 0.757638 0.549984
vt 0.754862 0.573133
vt 0.757016 0.526486
vt 0.757662 0.526571
vt 0.759501 0.503620
vt 0.760151 0.503704
vt 0.762779 0.504082
vt 0.760293 0.526948
vt 0.766808 0.527838
vt 0.764154 0.550862
vt 0.769294 0.504971
vt 0.781538 0.506417
vt 0.779050 0.529312
vt 0.776393 0.552339
vt 0.761379 0.573987
vt 0.773616 0.575444
vt 0.824110 0.625000
vt 0.842088 0.636315
vt 0.840433 0.638460
vt 0.822906 0.627428
vt 0.857602 0.650824
vt 0.855560 0.652606
vt 0.854616 0.653429
vt 0.839669 0.639451
vt 0.783550 0.478766
vt 0.784080 0.478786
vt 0.782581 0.500961
vt 0.783111 0.500975
vt 0.822350 0.628550
vt 0.781629 0.523165
vt 0.782159 0.523174
vt 0.761769 0.480879
vt 0.762423 0.480963
vt 0.763780 0.458219
vt 0.764439 0.458297
vt 0.767061 0.458658
vt 0.765048 0.481335
vt 0.765482 0.435698
vt 0.766146 0.435769
vt 0.768766 0.436113
vt 0.775286 0.436921
vt 0.773579 0.459507
vt 0.787552 0.438123
vt 0.785838 0.460817
vt 0.771564 0.482211
vt 0.783816 0.483602
vt 0.791718 0.556005
vt 0.764540 0.558819
vt 0.765721 0.564765
vt 0.791718 0.562073
vt 0.738357 0.566850
vt 0.740675 0.572447
vt 0.742267 0.576291
vt 0.766532 0.568848
vt 0.791718 0.566240
vt 0.714164 0.579686
vt 0.717533 0.584725
vt 0.692956 0.596914
vt 0.697247 0.601204
vt 0.700193 0.604151
vt 0.719847 0.588186
vt 0.721359 0.590447
vt 0.743308 0.578802
vt 0.702119 0.606076
vt 0.703345 0.607302
vt 0.722322 0.591886
vt 0.743970 0.580401
vt 0.767061 0.571516
vt 0.791718 0.568963
vt 0.767399 0.573215
vt 0.791718 0.570697
vt 0.890480 0.596914
vt 0.869272 0.579686
vt 0.865903 0.584725
vt 0.886190 0.601204
vt 0.845079 0.566850
vt 0.842761 0.572447
vt 0.841169 0.576291
vt 0.863589 0.588186
vt 0.883243 0.604151
vt 0.818896 0.558819
vt 0.817716 0.564765
vt 0.816905 0.568848
vt 0.816375 0.571516
vt 0.840129 0.578802
vt 0.816037 0.573215
vt 0.839466 0.580401
vt 0.862077 0.590447
vt 0.881317 0.606076
vt 0.861114 0.591886
vt 0.880091 0.607302
vt 0.931389 0.695675
vt 0.928574 0.668497
vt 0.922629 0.669678
vt 0.925321 0.695675
vt 0.920543 0.642314
vt 0.914947 0.644632
vt 0.911103 0.646225
vt 0.918545 0.670489
vt 0.921153 0.695675
vt 0.907708 0.618121
vt 0.902669 0.621491
vt 0.899208 0.623805
vt 0.896947 0.625316
vt 0.908591 0.647265
vt 0.895507 0.626279
vt 0.906992 0.647927
vt 0.915877 0.671019
vt 0.918431 0.695675
vt 0.914178 0.671356
vt 0.916697 0.695675
vt 0.890480 0.794437
vt 0.907708 0.773229
vt 0.902669 0.769860
vt 0.886190 0.790147
vt 0.920543 0.749037
vt 0.914947 0.746718
vt 0.911103 0.745126
vt 0.899208 0.767546
vt 0.883243 0.787200
vt 0.928574 0.722853
vt 0.922629 0.721673
vt 0.918545 0.720862
vt 0.915877 0.720332
vt 0.908592 0.744086
vt 0.914178 0.719995
vt 0.906992 0.743423
vt 0.896947 0.766034
vt 0.881317 0.785275
vt 0.895507 0.765072
vt 0.880091 0.784049
vt 0.791718 0.835346
vt 0.818896 0.832532
vt 0.817716 0.826586
vt 0.791718 0.829278
vt 0.845079 0.824501
vt 0.842761 0.818904
vt 0.841169 0.815060
vt 0.816905 0.822503
vt 0.791718 0.825111
vt 0.869272 0.811665
vt 0.865903 0.806626
vt 0.863589 0.803165
vt 0.862077 0.800904
vt 0.840129 0.812549
vt 0.861114 0.799464
vt 0.839466 0.810950
vt 0.816375 0.819835
vt 0.791718 0.822388
vt 0.816037 0.818136
vt 0.791718 0.820654
vt 0.703345 0.784049
vt 0.702119 0.785275
vt 0.721359 0.800904
vt 0.722322 0.799464
vt 0.700194 0.787200
vt 0.719847 0.803165
vt 0.742267 0.815060
vt 0.743308 0.812549
vt 0.743970 0.810950
vt 0.697247 0.790147
vt 0.717533 0.806626
vt 0.692956 0.794437
vt 0.714164 0.811665
vt 0.738357 0.824501
vt 0.740675 0.818904
vt 0.765721 0.826586
vt 0.766532 0.822503
vt 0.764540 0.832532
vt 0.767061 0.819835
vt 0.767399 0.818136
vt 0.652048 0.695675
vt 0.654862 0.722853
vt 0.660807 0.721673
vt 0.658115 0.695675
vt 0.662893 0.749036
vt 0.668490 0.746718
vt 0.672333 0.745126
vt 0.664891 0.720862
vt 0.662283 0.695675
vt 0.675728 0.773229
vt 0.680767 0.769860
vt 0.684228 0.767546
vt 0.686489 0.766034
vt 0.674845 0.744086
vt 0.687929 0.765072
vt 0.676444 0.743424
vt 0.667559 0.720332
vt 0.665006 0.695675
vt 0.669258 0.719995
vt 0.666739 0.695675
vt 0.675728 0.618121
vt 0.680767 0.621491
vt 0.662893 0.642314
vt 0.668489 0.644632
vt 0.672333 0.646225
vt 0.684228 0.623805
vt 0.654862 0.668497
vt 0.660807 0.669678
vt 0.664891 0.670489
vt 0.667559 0.671019
vt 0.674845 0.647265
vt 0.669258 0.671356
vt 0.676444 0.647927
vt 0.686489 0.625316
vt 0.687929 0.626279
vt 0.791718 0.573667
vt 0.767977 0.576126
vt 0.768010 0.576292
vt 0.791718 0.573837
vt 0.745105 0.583141
vt 0.745170 0.583297
vt 0.745442 0.583956
vt 0.768149 0.576991
vt 0.791718 0.574551
vt 0.723971 0.594354
vt 0.724065 0.594494
vt 0.705445 0.609403
vt 0.705565 0.609522
vt 0.706070 0.610027
vt 0.724462 0.595087
vt 0.725425 0.596528
vt 0.746105 0.585556
vt 0.707297 0.611254
vt 0.709583 0.613541
vt 0.727221 0.599213
vt 0.747341 0.588539
vt 0.768486 0.578691
vt 0.791718 0.576286
vt 0.769116 0.581860
vt 0.791718 0.579519
vt 0.877991 0.609403
vt 0.859465 0.594354
vt 0.859371 0.594494
vt 0.877871 0.609522
vt 0.838331 0.583141
vt 0.838267 0.583297
vt 0.837994 0.583956
vt 0.858975 0.595087
vt 0.877366 0.610027
vt 0.815459 0.576126
vt 0.815426 0.576292
vt 0.815287 0.576991
vt 0.814950 0.578691
vt 0.837331 0.585556
vt 0.814321 0.581860
vt 0.836096 0.588539
vt 0.858011 0.596528
vt 0.876139 0.611254
vt 0.856216 0.599213
vt 0.873853 0.613541
vt 0.913726 0.695675
vt 0.911268 0.671934
vt 0.911102 0.671967
vt 0.913557 0.695675
vt 0.904252 0.649062
vt 0.904096 0.649127
vt 0.903438 0.649400
vt 0.910402 0.672106
vt 0.912843 0.695675
vt 0.893040 0.627929
vt 0.892900 0.628023
vt 0.892307 0.628419
vt 0.890866 0.629383
vt 0.901837 0.650063
vt 0.888180 0.631178
vt 0.898855 0.651298
vt 0.908702 0.672444
vt 0.911108 0.695675
vt 0.905534 0.673073
vt 0.907874 0.695675
vt 0.877991 0.781948
vt 0.893040 0.763422
vt 0.892900 0.763328
vt 0.877871 0.781829
vt 0.904252 0.742289
vt 0.904096 0.742224
vt 0.903438 0.741951
vt 0.892307 0.762932
vt 0.877366 0.781324
vt 0.911268 0.719417
vt 0.911102 0.719384
vt 0.910403 0.719245
vt 0.908702 0.718907
vt 0.901837 0.741288
vt 0.905534 0.718278
vt 0.898855 0.740053
vt 0.890866 0.761968
vt 0.876139 0.780097
vt 0.888180 0.760173
vt 0.873853 0.777810
vt 0.791718 0.817684
vt 0.815459 0.815225
vt 0.815426 0.815059
vt 0.791718 0.817514
vt 0.838331 0.808210
vt 0.838267 0.808054
vt 0.837994 0.807395
vt 0.815287 0.814360
vt 0.791718 0.816800
vt 0.859465 0.796997
vt 0.859371 0.796857
vt 0.858975 0.796264
vt 0.858011 0.794823
vt 0.837331 0.805795
vt 0.856216 0.792138
vt 0.836096 0.802812
vt 0.814950 0.812659
vt 0.791718 0.815065
vt 0.814321 0.809491
vt 0.791718 0.811832
vt 0.705445 0.781948
vt 0.723971 0.796997
vt 0.724065 0.796857
vt 0.705565 0.781829
vt 0.745105 0.808210
vt 0.745170 0.808054
vt 0.745442 0.807395
vt 0.724462 0.796264
vt 0.706070 0.781324
vt 0.767977 0.815225
vt 0.768010 0.815059
vt 0.768149 0.814360
vt 0.768486 0.812659
vt 0.746105 0.805795
vt 0.769116 0.809491
vt 0.747341 0.802812
vt 0.725425 0.794823
vt 0.707297 0.780097
vt 0.727221 0.792138
vt 0.709583 0.777810
vt 0.675562 0.695675
vt 0.672328 0.695675
vt 0.674734 0.718907
vt 0.677902 0.718278
vt 0.670593 0.695675
vt 0.673034 0.719245
vt 0.679998 0.741951
vt 0.681599 0.741288
vt 0.684581 0.740053
vt 0.669879 0.695675
vt 0.672334 0.719384
vt 0.669710 0.695675
vt 0.672169 0.719416
vt 0.679184 0.742289
vt 0.679340 0.742224
vt 0.690537 0.763328
vt 0.691129 0.762932
vt 0.690396 0.763422
vt 0.692571 0.761968
vt 0.695256 0.760173
vt 0.690396 0.627929
vt 0.690537 0.628023
vt 0.679184 0.649062
vt 0.679340 0.649127
vt 0.679998 0.649400
vt 0.691130 0.628419
vt 0.672168 0.671934
vt 0.672334 0.671967
vt 0.673034 0.672106
vt 0.674734 0.672444
vt 0.681599 0.650063
vt 0.677902 0.673073
vt 0.684581 0.651298
vt 0.692570 0.629383
vt 0.695256 0.631178
vt 0.791718 0.573380
vt 0.767921 0.575844
vt 0.767950 0.575991
vt 0.791718 0.573530
vt 0.744995 0.582876
vt 0.745052 0.583014
vt 0.745080 0.583081
vt 0.767964 0.576062
vt 0.791718 0.573602
vt 0.723812 0.594115
vt 0.723895 0.594239
vt 0.705242 0.609200
vt 0.705348 0.609305
vt 0.705399 0.609356
vt 0.723935 0.594299
vt 0.723945 0.594315
vt 0.745087 0.583098
vt 0.705412 0.609369
vt 0.705403 0.609361
vt 0.723938 0.594304
vt 0.745082 0.583086
vt 0.767968 0.576080
vt 0.791718 0.573620
vt 0.767965 0.576067
vt 0.791718 0.573608
vt 0.730240 0.634197
vt 0.743441 0.623473
vt 0.758501 0.615483
vt 0.774800 0.610484
vt 0.791718 0.608732
vt 0.774800 0.610484
vt 0.758501 0.615483
vt 0.743441 0.623473
vt 0.878194 0.609200
vt 0.859624 0.594115
vt 0.859541 0.594239
vt 0.878088 0.609305
vt 0.838441 0.582876
vt 0.838384 0.583014
vt 0.838356 0.583081
vt 0.859501 0.594299
vt 0.878037 0.609356
vt 0.815515 0.575844
vt 0.815486 0.575991
vt 0.815472 0.576062
vt 0.815468 0.576080
vt 0.838349 0.583098
vt 0.815471 0.576067
vt 0.838354 0.583086
vt 0.859491 0.594315
vt 0.878024 0.609369
vt 0.859498 0.594304
vt 0.878033 0.609361
vt 0.808636 0.610484
vt 0.824935 0.615483
vt 0.839995 0.623473
vt 0.853197 0.634197
vt 0.839995 0.623473
vt 0.824935 0.615483
vt 0.839995 0.623473
vt 0.808636 0.610484
vt 0.914013 0.695675
vt 0.911549 0.671878
vt 0.911403 0.671907
vt 0.913864 0.695675
vt 0.904517 0.648952
vt 0.904379 0.649010
vt 0.904313 0.649037
vt 0.911332 0.671921
vt 0.913792 0.695675
vt 0.893278 0.627769
vt 0.893154 0.627852
vt 0.893094 0.627892
vt 0.893079 0.627902
vt 0.904296 0.649044
vt 0.893089 0.627895
vt 0.904307 0.649039
vt 0.911314 0.671925
vt 0.913773 0.695675
vt 0.911326 0.671923
vt 0.913786 0.695675
vt 0.878662 0.695675
vt 0.876910 0.678757
vt 0.871911 0.662459
vt 0.878662 0.695675
vt 0.863921 0.647399
vt 0.863921 0.647399
vt 0.878194 0.782151
vt 0.893279 0.763582
vt 0.893154 0.763499
vt 0.878088 0.782045
vt 0.904517 0.742398
vt 0.904379 0.742341
vt 0.904313 0.742314
vt 0.893094 0.763458
vt 0.878037 0.781994
vt 0.911549 0.719472
vt 0.911403 0.719443
vt 0.911332 0.719429
vt 0.911314 0.719426
vt 0.904296 0.742306
vt 0.911326 0.719428
vt 0.904307 0.742311
vt 0.893079 0.763448
vt 0.878024 0.781981
vt 0.893090 0.763455
vt 0.878033 0.781990
vt 0.876910 0.712594
vt 0.871911 0.728892
vt 0.863921 0.743952
vt 0.853197 0.757154
vt 0.853197 0.757154
vt 0.871911 0.728892
vt 0.876910 0.712593
vt 0.791718 0.817971
vt 0.815515 0.815506
vt 0.815486 0.815360
vt 0.791718 0.817821
vt 0.838441 0.808474
vt 0.838384 0.808337
vt 0.838356 0.808270
vt 0.815472 0.815289
vt 0.791718 0.817749
vt 0.859624 0.797236
vt 0.859541 0.797112
vt 0.859501 0.797052
vt 0.859491 0.797036
vt 0.838349 0.808253
vt 0.859498 0.797047
vt 0.838354 0.808264
vt 0.815469 0.815271
vt 0.791718 0.817730
vt 0.815471 0.815283
vt 0.791718 0.817743
vt 0.839995 0.767878
vt 0.824935 0.775868
vt 0.808636 0.780867
vt 0.791718 0.782619
vt 0.791718 0.782619
vt 0.705403 0.781990
vt 0.705412 0.781981
vt 0.723945 0.797036
vt 0.723938 0.797047
vt 0.705399 0.781994
vt 0.723935 0.797052
vt 0.745080 0.808270
vt 0.745087 0.808253
vt 0.745082 0.808264
vt 0.705348 0.782045
vt 0.723895 0.797112
vt 0.705242 0.782151
vt 0.723812 0.797236
vt 0.744995 0.808474
vt 0.745052 0.808337
vt 0.767950 0.815360
vt 0.767964 0.815289
vt 0.767921 0.815506
vt 0.767968 0.815271
vt 0.767965 0.815283
vt 0.774800 0.780867
vt 0.758501 0.775868
vt 0.774800 0.780867
vt 0.743441 0.767878
vt 0.730240 0.757154
vt 0.730240 0.757154
vt 0.758501 0.775868
vt 0.669423 0.695675
vt 0.671887 0.719472
vt 0.672034 0.719443
vt 0.669572 0.695675
vt 0.678919 0.742398
vt 0.679057 0.742341
vt 0.679124 0.742314
vt 0.672104 0.719429
vt 0.669645 0.695675
vt 0.690158 0.763582
vt 0.690282 0.763499
vt 0.690342 0.763458
vt 0.690357 0.763448
vt 0.679141 0.742306
vt 0.690347 0.763455
vt 0.679129 0.742311
vt 0.672122 0.719426
vt 0.669663 0.695675
vt 0.672110 0.719428
vt 0.669650 0.695675
vt 0.719516 0.743952
vt 0.711526 0.728892
vt 0.706526 0.712594
vt 0.704774 0.695675
vt 0.704774 0.695675
vt 0.690158 0.627769
vt 0.690282 0.627852
vt 0.678919 0.648952
vt 0.679057 0.649010
vt 0.679124 0.649037
vt 0.690342 0.627892
vt 0.671887 0.671878
vt 0.672034 0.671907
vt 0.672104 0.671921
vt 0.672122 0.671925
vt 0.679140 0.649044
vt 0.672110 0.671923
vt 0.679129 0.649039
vt 0.690357 0.627902
vt 0.690347 0.627895
vt 0.706526 0.678757
vt 0.706526 0.678757
vt 0.711526 0.662459
vt 0.711526 0.662459
vt 0.719516 0.647399
vt 0.719516 0.647399
vt 0.711526 0.662458
vt 0.866817 0.606120
vt 0.866817 0.560426
vt 0.878217 0.560426
vt 0.878217 0.606120
vt 0.866817 0.514732
vt 0.878217 0.514732
vt 0.889749 0.514732
vt 0.889749 0.560426
vt 0.889749 0.606120
vt 0.866817 0.469038
vt 0.878217 0.469038
vt 0.866817 0.423344
vt 0.878217 0.423344
vt 0.889749 0.423344
vt 0.889749 0.469038
vt 0.901327 0.469038
vt 0.901327 0.514732
vt 0.901327 0.423344
vt 0.912867 0.423344
vt 0.912867 0.469038
vt 0.912867 0.514732
vt 0.901327 0.560426
vt 0.901327 0.606120
vt 0.912867 0.560426
vt 0.912867 0.606120
vt 0.866817 0.788896
vt 0.866817 0.743202
vt 0.878217 0.743202
vt 0.878217 0.788896
vt 0.866817 0.697508
vt 0.878217 0.697508
vt 0.889749 0.697508
vt 0.889749 0.743202
vt 0.889749 0.788896
vt 0.866817 0.651814
vt 0.878217 0.651814
vt 0.889749 0.651814
vt 0.901327 0.651814
vt 0.901327 0.697508
vt 0.912867 0.651814
vt 0.912867 0.697508
vt 0.901327 0.743202
vt 0.901327 0.788896
vt 0.912867 0.743202
vt 0.912867 0.788896
vt -0.081098 0.708398
vt -0.007771 0.708398
vt -0.007771 0.726692
vt -0.081098 0.726692
vt 0.866817 0.925978
vt 0.866817 0.880284
vt 0.878217 0.880284
vt 0.878217 0.925978
vt 0.889749 0.880284
vt 0.889749 0.925978
vt -0.007771 0.745197
vt -0.081098 0.745197
vt 0.866817 0.834590
vt 0.878217 0.834590
vt 0.889749 0.834590
vt 0.901327 0.834590
vt 0.901327 0.880284
vt 0.912867 0.834590
vt 0.912867 0.880284
vt -0.007771 0.763778
vt -0.081098 0.763778
vt 0.901327 0.925978
vt 0.912867 0.925978
vt -0.007771 0.782296
vt -0.081098 0.782296
vt -0.374406 0.708398
vt -0.301079 0.708398
vt -0.301079 0.726692
vt -0.374406 0.726692
vt -0.227752 0.708398
vt -0.227752 0.726692
vt -0.227752 0.745197
vt -0.301079 0.745197
vt -0.374406 0.745197
vt -0.154425 0.708398
vt -0.154425 0.726692
vt -0.154425 0.745197
vt -0.154425 0.763778
vt -0.227752 0.763778
vt -0.154425 0.782296
vt -0.227752 0.782296
vt -0.301079 0.763778
vt -0.374406 0.763778
vt -0.301079 0.782296
vt -0.374406 0.782296
vt -0.667714 0.708398
vt -0.594387 0.708398
vt -0.594387 0.726692
vt -0.667714 0.726692
vt -0.521060 0.708398
vt -0.521060 0.726692
vt -0.521060 0.745197
vt -0.594387 0.745197
vt -0.667715 0.745197
vt -0.447733 0.708398
vt -0.447733 0.726692
vt -0.447733 0.745197
vt -0.447733 0.763778
vt -0.521060 0.763778
vt -0.447733 0.782296
vt -0.521060 0.782296
vt -0.594387 0.763778
vt -0.667714 0.763778
vt -0.594387 0.782296
vt -0.667715 0.782296
vt -0.961023 0.708398
vt -0.887696 0.708398
vt -0.887696 0.726692
vt -0.961023 0.726692
vt -0.814369 0.708398
vt -0.814369 0.726692
vt -0.814369 0.745197
vt -0.887696 0.745197
vt -0.961023 0.745197
vt -0.741042 0.708398
vt -0.741042 0.726692
vt -0.741042 0.745197
vt -0.741042 0.763778
vt -0.814369 0.763778
vt -0.741042 0.782296
vt -0.814369 0.782296
vt -0.887696 0.763778
vt -0.961023 0.763778
vt -0.887696 0.782296
vt -0.961023 0.782296
vt 0.866817 0.240568
vt 0.866817 0.194874
vt 0.878217 0.194874
vt 0.878217 0.240568
vt 0.866817 0.149180
vt 0.878217 0.149180
vt 0.889749 0.149180
vt 0.889749 0.194874
vt 0.889749 0.240568
vt 0.866817 0.103486
vt 0.878217 0.103486
vt 0.866817 0.057792
vt 0.878217 0.057792
vt 0.889749 0.057792
vt 0.889749 0.103486
vt 0.901327 0.103486
vt 0.901327 0.149180
vt 0.901327 0.057792
vt 0.912867 0.057792
vt 0.912867 0.103486
vt 0.912867 0.149180
vt 0.901327 0.194874
vt 0.901327 0.240568
vt 0.912867 0.194874
vt 0.912867 0.240568
vt 0.866817 0.377650
vt 0.878217 0.377650
vt 0.866817 0.331957
vt 0.878217 0.331956
vt 0.889749 0.331956
vt 0.889749 0.377650
vt 0.866817 0.286262
vt 0.878217 0.286262
vt 0.889749 0.286262
vt 0.901327 0.286262
vt 0.901327 0.331956
vt 0.912867 0.286262
vt 0.912867 0.331956
vt 0.901327 0.377650
vt 0.912867 0.377650
vt 0.924282 0.560426
vt 0.924282 0.606120
vt 0.924282 0.514732
vt 0.935603 0.514732
vt 0.935603 0.560426
vt 0.935603 0.606120
vt 0.924282 0.469038
vt 0.924282 0.423344
vt 0.935603 0.423344
vt 0.935603 0.469038
vt 0.946863 0.469038
vt 0.946863 0.514732
vt 0.946863 0.423344
vt 0.958091 0.423344
vt 0.958091 0.469038
vt 0.958091 0.514732
vt 0.946863 0.560426
vt 0.946863 0.606120
vt 0.958091 0.560426
vt 0.958091 0.606120
vt 0.924282 0.743202
vt 0.924282 0.788896
vt 0.924282 0.697508
vt 0.935603 0.697508
vt 0.935603 0.743202
vt 0.935603 0.788896
vt 0.924282 0.651814
vt 0.935603 0.651814
vt 0.946863 0.651814
vt 0.946863 0.697508
vt 0.958091 0.651814
vt 0.958091 0.697508
vt 0.946863 0.743202
vt 0.946862 0.788896
vt 0.958091 0.743202
vt 0.958091 0.788896
vt -0.007771 0.800614
vt -0.081098 0.800614
vt 0.924282 0.880284
vt 0.924282 0.925978
vt 0.935603 0.880284
vt 0.935603 0.925978
vt -0.007771 0.818782
vt -0.081098 0.818782
vt 0.924282 0.834590
vt 0.935603 0.834590
vt 0.946863 0.834590
vt 0.946863 0.880284
vt 0.958091 0.834590
vt 0.958091 0.880284
vt -0.007771 0.836851
vt -0.081098 0.836851
vt 0.946863 0.925978
vt 0.958091 0.925978
vt -0.007771 0.854869
vt -0.081098 0.854869
vt -0.301079 0.800614
vt -0.374406 0.800614
vt -0.227752 0.800614
vt -0.227752 0.818782
vt -0.301079 0.818782
vt -0.374406 0.818782
vt -0.154425 0.800614
vt -0.154425 0.818782
vt -0.154425 0.836851
vt -0.227752 0.836851
vt -0.154425 0.854869
vt -0.227752 0.854869
vt -0.301079 0.836851
vt -0.374406 0.836851
vt -0.301079 0.854869
vt -0.374406 0.854869
vt -0.594387 0.800614
vt -0.667714 0.800614
vt -0.521060 0.800614
vt -0.521060 0.818782
vt -0.594387 0.818782
vt -0.667715 0.818782
vt -0.447733 0.800614
vt -0.447733 0.818782
vt -0.447733 0.836851
vt -0.521060 0.836851
vt -0.447733 0.854869
vt -0.521060 0.854869
vt -0.594387 0.836851
vt -0.667714 0.836851
vt -0.594387 0.854869
vt -0.667714 0.854869
vt -0.887696 0.800614
vt -0.961023 0.800614
vt -0.814369 0.800614
vt -0.814369 0.818782
vt -0.887696 0.818782
vt -0.961023 0.818782
vt -0.741042 0.800614
vt -0.741042 0.818782
vt -0.741042 0.836851
vt -0.814369 0.836851
vt -0.741042 0.854869
vt -0.814369 0.854869
vt -0.887696 0.836851
vt -0.961023 0.836851
vt -0.887696 0.854869
vt -0.961023 0.854869
vt 0.924282 0.194874
vt 0.924282 0.240568
vt 0.924282 0.149180
vt 0.935603 0.149180
vt 0.935603 0.194874
vt 0.935603 0.240568
vt 0.924282 0.103486
vt 0.924282 0.057792
vt 0.935603 0.057792
vt 0.935603 0.103486
vt 0.946863 0.103486
vt 0.946863 0.149180
vt 0.946863 0.057792
vt 0.958091 0.057792
vt 0.958091 0.103486
vt 0.958091 0.149180
vt 0.946863 0.194874
vt 0.946863 0.240568
vt 0.958091 0.194874
vt 0.958091 0.240568
vt 0.924282 0.377650
vt 0.924282 0.331956
vt 0.935603 0.331956
vt 0.935603 0.377650
vt 0.924282 0.286262
vt 0.935603 0.286262
vt 0.946863 0.286262
vt 0.946863 0.331956
vt 0.958091 0.286262
vt 0.958091 0.331956
vt 0.946863 0.377650
vt 0.958091 0.377650
vt 0.653222 0.423344
vt 0.653222 0.469038
vt 0.638506 0.469038
vt 0.638506 0.423344
vt 0.653222 0.514732
vt 0.638506 0.514732
vt 0.626184 0.514732
vt 0.626184 0.469038
vt 0.626184 0.423344
vt 0.653222 0.560426
vt 0.638506 0.560426
vt 0.653222 0.606120
vt 0.638506 0.606120
vt 0.626184 0.606120
vt 0.626184 0.560426
vt 0.615377 0.560426
vt 0.615377 0.514732
vt 0.615377 0.606120
vt 0.605201 0.606120
vt 0.605201 0.560426
vt 0.605201 0.514732
vt 0.615377 0.469038
vt 0.615377 0.423344
vt 0.605201 0.469038
vt 0.605201 0.423344
vt 0.605201 0.788896
vt 0.605201 0.743202
vt 0.615377 0.743202
vt 0.615377 0.788896
vt 0.605200 0.697508
vt 0.615376 0.697508
vt 0.626184 0.697508
vt 0.626184 0.743202
vt 0.626184 0.788896
vt 0.605201 0.651814
vt 0.615377 0.651814
vt 0.626184 0.651814
vt 0.638506 0.651814
vt 0.638506 0.697508
vt 0.653222 0.651814
vt 0.653222 0.697508
vt 0.638506 0.743202
vt 0.638506 0.788896
vt 0.653222 0.743202
vt 0.653222 0.788896
vt -0.081098 0.288570
vt -0.007771 0.288570
vt -0.007771 0.304900
vt -0.081098 0.304900
vt 0.605201 0.925978
vt 0.605201 0.880284
vt 0.615377 0.880284
vt 0.615377 0.925978
vt 0.626184 0.880284
vt 0.626184 0.925978
vt -0.007771 0.322244
vt -0.081098 0.322244
vt 0.605201 0.834590
vt 0.615377 0.834590
vt 0.626184 0.834590
vt 0.638506 0.834590
vt 0.638506 0.880284
vt 0.653222 0.834590
vt 0.653223 0.880284
vt -0.007771 0.342017
vt -0.081098 0.342017
vt 0.638506 0.925978
vt 0.653222 0.925978
vt -0.007771 0.365633
vt -0.081098 0.365633
vt -0.374406 0.288570
vt -0.301079 0.288570
vt -0.301079 0.304900
vt -0.374406 0.304900
vt -0.227752 0.288570
vt -0.227752 0.304900
vt -0.227752 0.322244
vt -0.301079 0.322244
vt -0.374406 0.322244
vt -0.154425 0.288571
vt -0.154425 0.304900
vt -0.154425 0.322244
vt -0.154425 0.342017
vt -0.227752 0.342017
vt -0.154425 0.365633
vt -0.227752 0.365633
vt -0.301079 0.342017
vt -0.374406 0.342017
vt -0.301079 0.365633
vt -0.374406 0.365633
vt -0.667714 0.288570
vt -0.594387 0.288570
vt -0.594387 0.304900
vt -0.667714 0.304900
vt -0.521060 0.288570
vt -0.521060 0.304900
vt -0.521060 0.322244
vt -0.594387 0.322244
vt -0.667715 0.322244
vt -0.447733 0.288571
vt -0.447733 0.304900
vt -0.447733 0.322244
vt -0.447733 0.342017
vt -0.521060 0.342017
vt -0.447733 0.365633
vt -0.521060 0.365633
vt -0.594387 0.342017
vt -0.667714 0.342017
vt -0.594387 0.365633
vt -0.667715 0.365633
vt -0.961023 0.288570
vt -0.887696 0.288570
vt -0.887696 0.304900
vt -0.961023 0.304900
vt -0.814369 0.288570
vt -0.814369 0.304900
vt -0.814369 0.322244
vt -0.887696 0.322244
vt -0.961023 0.322244
vt -0.741042 0.288571
vt -0.741042 0.304900
vt -0.741042 0.322244
vt -0.741042 0.342017
vt -0.814369 0.342017
vt -0.741042 0.365633
vt -0.814369 0.365633
vt -0.887696 0.342017
vt -0.961023 0.342017
vt -0.887696 0.365633
vt -0.961023 0.365633
vt 0.605201 0.240568
vt 0.605201 0.194874
vt 0.615377 0.194874
vt 0.615377 0.240568
vt 0.605201 0.149180
vt 0.615377 0.149180
vt 0.626184 0.149180
vt 0.626184 0.194874
vt 0.626184 0.240568
vt 0.605201 0.103486
vt 0.615377 0.103486
vt 0.605201 0.057792
vt 0.615377 0.057792
vt 0.626184 0.057792
vt 0.626184 0.103486
vt 0.638506 0.103486
vt 0.638506 0.149180
vt 0.638506 0.057792
vt 0.653222 0.057792
vt 0.653222 0.103486
vt 0.653222 0.149180
vt 0.638506 0.194874
vt 0.638506 0.240568
vt 0.653222 0.194874
vt 0.653222 0.240568
vt 0.605201 0.377650
vt 0.615377 0.377650
vt 0.605201 0.331956
vt 0.615377 0.331956
vt 0.626184 0.331956
vt 0.626184 0.377650
vt 0.605201 0.286262
vt 0.615377 0.286262
vt 0.626184 0.286262
vt 0.638506 0.286262
vt 0.638506 0.331956
vt 0.653222 0.286262
vt 0.653222 0.331956
vt 0.638506 0.377650
vt 0.653222 0.377650
vt 0.573732 0.560426
vt 0.573732 0.606120
vt 0.573732 0.514732
vt 0.584239 0.514732
vt 0.584239 0.560426
vt 0.584239 0.606120
vt 0.573732 0.469038
vt 0.573732 0.423344
vt 0.584239 0.423344
vt 0.584239 0.469038
vt 0.594775 0.469038
vt 0.594775 0.514732
vt 0.594775 0.423344
vt 0.594775 0.560426
vt 0.594775 0.606120
vt 0.573732 0.743202
vt 0.573732 0.788896
vt 0.573732 0.697508
vt 0.584239 0.697508
vt 0.584239 0.743202
vt 0.584239 0.788896
vt 0.573732 0.651814
vt 0.584239 0.651814
vt 0.594775 0.651814
vt 0.594775 0.697508
vt 0.594775 0.743202
vt 0.594775 0.788896
vt -0.007771 0.238071
vt -0.081098 0.238071
vt 0.573732 0.880284
vt 0.573732 0.925978
vt 0.584239 0.880284
vt 0.584239 0.925978
vt -0.007771 0.254932
vt -0.081098 0.254932
vt 0.573732 0.834590
vt 0.584239 0.834590
vt 0.594775 0.834590
vt 0.594775 0.880284
vt -0.007771 0.271840
vt -0.081098 0.271840
vt 0.594775 0.925978
vt -0.301079 0.238071
vt -0.374406 0.238071
vt -0.227752 0.238071
vt -0.227752 0.254932
vt -0.301079 0.254932
vt -0.374406 0.254932
vt -0.154425 0.238071
vt -0.154425 0.254932
vt -0.154425 0.271840
vt -0.227752 0.271840
vt -0.301079 0.271840
vt -0.374406 0.271840
vt -0.594387 0.238071
vt -0.667714 0.238071
vt -0.521060 0.238071
vt -0.521060 0.254932
vt -0.594387 0.254932
vt -0.667715 0.254932
vt -0.447733 0.238071
vt -0.447733 0.254932
vt -0.447733 0.271840
vt -0.521060 0.271840
vt -0.594387 0.271840
vt -0.667714 0.271840
vt -0.887696 0.238071
vt -0.961023 0.238071
vt -0.814369 0.238071
vt -0.814369 0.254932
vt -0.887696 0.254932
vt -0.961023 0.254932
vt -0.741042 0.238071
vt -0.741042 0.254932
vt -0.741042 0.271840
vt -0.814369 0.271840
vt -0.887696 0.271840
vt -0.961023 0.271840
vt 0.573732 0.194874
vt 0.573732 0.240568
vt 0.573732 0.149180
vt 0.584239 0.149180
vt 0.584239 0.194874
vt 0.584239 0.240568
vt 0.573732 0.103486
vt 0.573732 0.057792
vt 0.584239 0.057792
vt 0.584239 0.103486
vt 0.594775 0.103486
vt 0.594775 0.149180
vt 0.594775 0.057792
vt 0.594775 0.194874
vt 0.594775 0.240568
vt 0.573732 0.377650
vt 0.573732 0.331956
vt 0.584239 0.331956
vt 0.584239 0.377650
vt 0.573732 0.286262
vt 0.584239 0.286262
vt 0.594775 0.286262
vt 0.594775 0.331956
vt 0.594775 0.377650
vt 0.816170 0.423344
vt 0.816170 0.469038
vt 0.798632 0.469038
vt 0.798632 0.423344
vt 0.816169 0.514732
vt 0.798632 0.514732
vt 0.779006 0.514732
vt 0.779005 0.469038
vt 0.779005 0.423344
vt 0.816170 0.560426
vt 0.798632 0.560426
vt 0.816170 0.606120
vt 0.798632 0.606120
vt 0.779006 0.606120
vt 0.779005 0.560426
vt 0.757872 0.560426
vt 0.757872 0.514732
vt 0.757872 0.606120
vt 0.735814 0.606120
vt 0.735814 0.560426
vt 0.735814 0.514732
vt 0.757872 0.469038
vt 0.757872 0.423344
vt 0.735814 0.469038
vt 0.735814 0.423344
vt 0.735814 0.788896
vt 0.735814 0.743202
vt 0.757872 0.743202
vt 0.757872 0.788896
vt 0.735814 0.697508
vt 0.757872 0.697508
vt 0.779005 0.697508
vt 0.779005 0.743202
vt 0.779005 0.788896
vt 0.735814 0.651814
vt 0.757872 0.651814
vt 0.779005 0.651814
vt 0.798632 0.651814
vt 0.798632 0.697508
vt 0.816170 0.651814
vt 0.816170 0.697508
vt 0.798632 0.743202
vt 0.798632 0.788896
vt 0.816170 0.743202
vt 0.816170 0.788896
vt -0.081098 0.498172
vt -0.007771 0.498172
vt -0.007771 0.533569
vt -0.081098 0.533569
vt 0.735814 0.925978
vt 0.735814 0.880284
vt 0.757872 0.880284
vt 0.757872 0.925978
vt 0.779005 0.880284
vt 0.779005 0.925978
vt -0.007771 0.567483
vt -0.081098 0.567483
vt 0.735814 0.834590
vt 0.757872 0.834590
vt 0.779006 0.834590
vt 0.798632 0.834590
vt 0.798632 0.880284
vt 0.816170 0.834590
vt 0.816170 0.880284
vt -0.007771 0.598979
vt -0.081098 0.598979
vt 0.798632 0.925978
vt 0.816170 0.925978
vt -0.007771 0.627122
vt -0.081098 0.627122
vt -0.374406 0.498172
vt -0.301079 0.498172
vt -0.301079 0.533569
vt -0.374406 0.533569
vt -0.227752 0.498172
vt -0.227752 0.533569
vt -0.227752 0.567483
vt -0.301079 0.567483
vt -0.374406 0.567483
vt -0.154425 0.498172
vt -0.154425 0.533569
vt -0.154425 0.567483
vt -0.154425 0.598979
vt -0.227752 0.598979
vt -0.154425 0.627122
vt -0.227752 0.627122
vt -0.301079 0.598979
vt -0.374406 0.598979
vt -0.301079 0.627122
vt -0.374406 0.627122
vt -0.667714 0.498172
vt -0.594387 0.498172
vt -0.594387 0.533569
vt -0.667714 0.533569
vt -0.521060 0.498172
vt -0.521060 0.533569
vt -0.521060 0.567483
vt -0.594387 0.567483
vt -0.667715 0.567483
vt -0.447733 0.498172
vt -0.447733 0.533569
vt -0.447733 0.567483
vt -0.447733 0.598979
vt -0.521060 0.598979
vt -0.447733 0.627122
vt -0.521060 0.627122
vt -0.594387 0.598979
vt -0.667714 0.598979
vt -0.594387 0.627122
vt -0.667715 0.627122
vt -0.961023 0.498172
vt -0.887696 0.498172
vt -0.887696 0.533569
vt -0.961023 0.533569
vt -0.814369 0.498172
vt -0.814369 0.533569
vt -0.814369 0.567483
vt -0.887696 0.567483
vt -0.961023 0.567483
vt -0.741042 0.498172
vt -0.741042 0.533569
vt -0.741042 0.567483
vt -0.741042 0.598979
vt -0.814369 0.598979
vt -0.741042 0.627122
vt -0.814369 0.627122
vt -0.887696 0.598979
vt -0.961023 0.598979
vt -0.887696 0.627122
vt -0.961023 0.627122
vt 0.735814 0.240568
vt 0.735814 0.194874
vt 0.757872 0.194874
vt 0.757872 0.240568
vt 0.735814 0.149180
vt 0.757872 0.149180
vt 0.779005 0.149180
vt 0.779005 0.194874
vt 0.779005 0.240568
vt 0.735814 0.103487
vt 0.757872 0.103486
vt 0.735814 0.057792
vt 0.757872 0.057792
vt 0.779005 0.057792
vt 0.779005 0.103486
vt 0.798632 0.103486
vt 0.798632 0.149180
vt 0.798632 0.057792
vt 0.816170 0.057792
vt 0.816170 0.103486
vt 0.816170 0.149180
vt 0.798632 0.194874
vt 0.798632 0.240568
vt 0.816170 0.194874
vt 0.816170 0.240568
vt 0.735814 0.377650
vt 0.757872 0.377650
vt 0.735814 0.331956
vt 0.757872 0.331956
vt 0.779005 0.331956
vt 0.779005 0.377650
vt 0.735814 0.286262
vt 0.757872 0.286262
vt 0.779005 0.286262
vt 0.798632 0.286262
vt 0.798632 0.331956
vt 0.816170 0.286262
vt 0.816170 0.331956
vt 0.798632 0.377650
vt 0.816170 0.377650
vt 0.776860 0.702010
vt 0.776796 0.724937
vt 0.777211 0.679283
vt 0.778880 0.679217
vt 0.778529 0.701912
vt 0.778462 0.724794
vt 0.777747 0.656730
vt 0.778408 0.634352
vt 0.780079 0.634330
vt 0.779417 0.656690
vt 0.783382 0.656617
vt 0.782845 0.679089
vt 0.784044 0.634301
vt 0.791380 0.634306
vt 0.790719 0.656547
vt 0.790186 0.678917
vt 0.782492 0.701708
vt 0.782421 0.724478
vt 0.789836 0.701392
vt 0.789767 0.723950
vt 0.782074 0.797347
vt 0.789750 0.811779
vt 0.778505 0.772109
vt 0.780151 0.771775
vt 0.783657 0.796380
vt 0.791062 0.811639
vt 0.777218 0.748221
vt 0.778877 0.748009
vt 0.782822 0.747519
vt 0.784073 0.770964
vt 0.790151 0.746656
vt 0.791350 0.769503
vt 0.787417 0.794472
vt 0.794459 0.811807
vt 0.794372 0.791883
vt 0.800668 0.811335
vt 0.795106 0.171076
vt 0.795394 0.192680
vt 0.794328 0.149068
vt 0.795999 0.149220
vt 0.796774 0.171196
vt 0.797062 0.192800
vt 0.794269 0.124626
vt 0.799219 0.113454
vt 0.800235 0.113814
vt 0.795901 0.125625
vt 0.799894 0.127510
vt 0.799986 0.149617
vt 0.803294 0.113374
vt 0.808721 0.111202
vt 0.807460 0.129445
vt 0.807445 0.150324
vt 0.800743 0.171457
vt 0.801027 0.193057
vt 0.808122 0.171877
vt 0.808386 0.193457
vt 0.794170 0.257991
vt 0.793371 0.279913
vt 0.794827 0.236101
vt 0.796493 0.236224
vt 0.795836 0.258112
vt 0.795038 0.280031
vt 0.795267 0.214312
vt 0.796934 0.214436
vt 0.800895 0.214701
vt 0.800452 0.236494
vt 0.808238 0.215124
vt 0.807784 0.236940
vt 0.799793 0.258383
vt 0.798994 0.280297
vt 0.807118 0.258840
vt 0.806316 0.280756
vt 0.790572 0.346085
vt 0.789576 0.368159
vt 0.791548 0.323978
vt 0.793214 0.324085
vt 0.792239 0.346185
vt 0.791244 0.368253
vt 0.792488 0.301898
vt 0.794155 0.302012
vt 0.798110 0.302269
vt 0.797170 0.324331
vt 0.805429 0.302720
vt 0.804488 0.324769
vt 0.796196 0.346418
vt 0.795201 0.368473
vt 0.803514 0.346840
vt 0.802520 0.368875
vt 0.786569 0.434563
vt 0.785572 0.456678
vt 0.787572 0.412403
vt 0.789240 0.412483
vt 0.788238 0.434635
vt 0.787241 0.456743
vt 0.788576 0.390250
vt 0.790244 0.390337
vt 0.794202 0.390542
vt 0.793199 0.412672
vt 0.801521 0.390923
vt 0.800519 0.413030
vt 0.792197 0.434809
vt 0.791202 0.456900
vt 0.799518 0.435142
vt 0.798524 0.457209
vt 0.782671 0.523183
vt 0.781740 0.545339
vt 0.783623 0.500989
vt 0.785292 0.501036
vt 0.784341 0.523221
vt 0.783410 0.545367
vt 0.784591 0.478803
vt 0.786261 0.478860
vt 0.790221 0.479000
vt 0.789253 0.501158
vt 0.797544 0.479282
vt 0.796578 0.501412
vt 0.788303 0.523324
vt 0.787373 0.545450
vt 0.795629 0.523548
vt 0.794701 0.545641
vt 0.779164 0.612058
vt 0.779980 0.589768
vt 0.781651 0.589774
vt 0.780834 0.612051
vt 0.780843 0.567514
vt 0.782513 0.567533
vt 0.786476 0.567592
vt 0.785614 0.589808
vt 0.793805 0.567747
vt 0.792945 0.589922
vt 0.784798 0.612056
vt 0.792131 0.612121
vt 0.952790 0.287182
vt 0.952208 0.318167
vt 0.951488 0.318086
vt 0.952066 0.287243
vt 0.945635 0.348527
vt 0.944945 0.348307
vt 0.943566 0.347868
vt 0.950049 0.317925
vt 0.950623 0.287365
vt 0.933441 0.377097
vt 0.932806 0.376746
vt 0.915997 0.402711
vt 0.915442 0.402243
vt 0.914335 0.401308
vt 0.931539 0.376046
vt 0.929083 0.374688
vt 0.940894 0.347017
vt 0.912188 0.399497
vt 0.947260 0.317612
vt 0.947824 0.287602
vt 0.897115 0.179474
vt 0.918613 0.201795
vt 0.918046 0.202247
vt 0.896647 0.180029
vt 0.935433 0.227910
vt 0.934789 0.228243
vt 0.933505 0.228908
vt 0.916915 0.203150
vt 0.895712 0.181136
vt 0.947012 0.256735
vt 0.946315 0.256936
vt 0.944924 0.257337
vt 0.942228 0.258113
vt 0.931013 0.230195
vt 0.914722 0.204901
vt 0.893900 0.183283
vt 0.781586 0.142681
vt 0.812571 0.143263
vt 0.812490 0.143983
vt 0.781647 0.143405
vt 0.842931 0.149836
vt 0.842711 0.150526
vt 0.842272 0.151905
vt 0.812329 0.145422
vt 0.781769 0.144848
vt 0.871500 0.162030
vt 0.871150 0.162665
vt 0.870449 0.163932
vt 0.869092 0.166388
vt 0.841421 0.154577
vt 0.812016 0.148211
vt 0.782006 0.147647
vt 0.673878 0.198356
vt 0.696199 0.176858
vt 0.696651 0.177425
vt 0.674433 0.198824
vt 0.722314 0.160038
vt 0.722647 0.160682
vt 0.723311 0.161967
vt 0.697554 0.178556
vt 0.675540 0.199759
vt 0.751139 0.148459
vt 0.751340 0.149156
vt 0.751740 0.150546
vt 0.752517 0.153243
vt 0.724599 0.164458
vt 0.699305 0.180749
vt 0.677686 0.201571
vt 0.637085 0.313885
vt 0.637666 0.282900
vt 0.638387 0.282981
vt 0.637809 0.313824
vt 0.644239 0.252540
vt 0.644930 0.252760
vt 0.646308 0.253199
vt 0.639826 0.283143
vt 0.639252 0.313702
vt 0.656434 0.223971
vt 0.657069 0.224321
vt 0.658335 0.225022
vt 0.660792 0.226379
vt 0.648981 0.254050
vt 0.642614 0.283455
vt 0.642051 0.313465
vt 0.692760 0.421593
vt 0.671261 0.399272
vt 0.671828 0.398820
vt 0.693228 0.421038
vt 0.654441 0.373157
vt 0.655085 0.372824
vt 0.656370 0.372160
vt 0.672959 0.397917
vt 0.694163 0.419931
vt 0.642863 0.344332
vt 0.643559 0.344131
vt 0.644950 0.343731
vt 0.647647 0.342954
vt 0.658861 0.370872
vt 0.675152 0.396166
vt 0.695974 0.417784
vt 0.808289 0.458386
vt 0.777304 0.457805
vt 0.777385 0.457084
vt 0.808228 0.457663
vt 0.746944 0.451232
vt 0.747164 0.450541
vt 0.747603 0.449163
vt 0.777546 0.455645
vt 0.808105 0.456219
vt 0.718374 0.439037
vt 0.718725 0.438402
vt 0.719425 0.437135
vt 0.720783 0.434680
vt 0.748454 0.446491
vt 0.777859 0.452857
vt 0.807869 0.453420
vt 0.893676 0.424210
vt 0.893224 0.423643
vt 0.867560 0.441030
vt 0.867228 0.440386
vt 0.866563 0.439101
vt 0.892321 0.422512
vt 0.838736 0.452609
vt 0.838535 0.451912
vt 0.838134 0.450521
vt 0.837358 0.447824
vt 0.865276 0.436610
vt 0.890570 0.420319
vt 0.907211 0.313122
vt 0.907627 0.291002
vt 0.902518 0.334795
vt 0.900125 0.334033
vt 0.904713 0.312842
vt 0.905119 0.291214
vt 0.893813 0.355191
vt 0.881360 0.373477
vt 0.879437 0.371854
vt 0.891613 0.353974
vt 0.890602 0.353416
vt 0.899024 0.333683
vt 0.878554 0.371108
vt 0.896502 0.292887
vt 0.898453 0.318568
vt 0.897967 0.318605
vt 0.896023 0.292942
vt 0.893544 0.267043
vt 0.893074 0.267121
vt 0.903565 0.312713
vt 0.903967 0.291312
vt 0.889462 0.241195
vt 0.889001 0.241298
vt 0.884154 0.215550
vt 0.883699 0.215676
vt 0.883228 0.230046
vt 0.867881 0.214111
vt 0.895235 0.248689
vt 0.893003 0.249843
vt 0.881264 0.231614
vt 0.866258 0.216033
vt 0.903501 0.269266
vt 0.901086 0.269962
vt 0.899976 0.270282
vt 0.891978 0.250373
vt 0.877516 0.190251
vt 0.877068 0.190402
vt 0.869521 0.165467
vt 0.869082 0.165646
vt 0.880361 0.232335
vt 0.865512 0.216917
vt 0.860253 0.141124
vt 0.859779 0.141407
vt 0.847508 0.121929
vt 0.847086 0.122234
vt 0.807526 0.188260
vt 0.785406 0.187844
vt 0.829199 0.192953
vt 0.828437 0.195346
vt 0.807246 0.190758
vt 0.785618 0.190352
vt 0.849594 0.201658
vt 0.848378 0.203858
vt 0.847819 0.204869
vt 0.828086 0.196447
vt 0.854269 0.864930
vt 0.851568 0.882931
vt 0.851005 0.882836
vt 0.853695 0.864766
vt 0.855707 0.841297
vt 0.855174 0.841213
vt 0.807117 0.191906
vt 0.785715 0.191504
vt 0.857274 0.818654
vt 0.856729 0.818564
vt 0.859059 0.796115
vt 0.858515 0.796019
vt 0.724450 0.212243
vt 0.708514 0.227590
vt 0.743093 0.200236
vt 0.744246 0.202468
vt 0.726018 0.214207
vt 0.710437 0.229213
vt 0.763670 0.191970
vt 0.764366 0.194385
vt 0.764685 0.195495
vt 0.744777 0.203493
vt 0.861062 0.773517
vt 0.860520 0.773416
vt 0.863297 0.750779
vt 0.862758 0.750677
vt 0.726739 0.215110
vt 0.711321 0.229959
vt 0.865744 0.727940
vt 0.865206 0.727839
vt 0.868362 0.705048
vt 0.867827 0.704946
vt 0.682664 0.287945
vt 0.682248 0.310065
vt 0.687357 0.266272
vt 0.689750 0.267034
vt 0.685162 0.288225
vt 0.684756 0.309853
vt 0.696062 0.245877
vt 0.698262 0.247093
vt 0.699273 0.247652
vt 0.690850 0.267385
vt 0.871110 0.682042
vt 0.870577 0.681938
vt 0.873970 0.658864
vt 0.873438 0.658764
vt 0.686310 0.288354
vt 0.685908 0.309756
vt 0.876898 0.635567
vt 0.876368 0.635471
vt 0.879842 0.612200
vt 0.879314 0.612106
vt 0.706647 0.371021
vt 0.721994 0.386957
vt 0.694640 0.352378
vt 0.696871 0.351224
vt 0.708611 0.369453
vt 0.723617 0.385034
vt 0.686373 0.331801
vt 0.688789 0.331105
vt 0.689899 0.330786
vt 0.697897 0.350694
vt 0.882755 0.588700
vt 0.882229 0.588609
vt 0.885611 0.565004
vt 0.885086 0.564920
vt 0.709514 0.368732
vt 0.724363 0.384150
vt 0.888361 0.541162
vt 0.887838 0.541086
vt 0.890947 0.517218
vt 0.890426 0.517148
vt 0.782349 0.412807
vt 0.804469 0.413223
vt 0.760676 0.408114
vt 0.761438 0.405721
vt 0.782629 0.410309
vt 0.804257 0.410716
vt 0.740281 0.399409
vt 0.741497 0.397209
vt 0.742055 0.396198
vt 0.761788 0.404621
vt 0.893311 0.493106
vt 0.892793 0.493043
vt 0.895415 0.468756
vt 0.894899 0.468705
vt 0.782758 0.409161
vt 0.804159 0.409564
vt 0.897195 0.444215
vt 0.896683 0.444177
vt 0.898577 0.419532
vt 0.898068 0.419504
vt 0.865425 0.388824
vt 0.846782 0.400831
vt 0.845628 0.398600
vt 0.863857 0.386860
vt 0.826205 0.409098
vt 0.825509 0.406682
vt 0.825189 0.405572
vt 0.845098 0.397574
vt 0.899476 0.394637
vt 0.898971 0.394621
vt 0.899820 0.369468
vt 0.899321 0.369469
vt 0.863136 0.385957
vt 0.899516 0.344087
vt 0.899022 0.344107
vt 0.846150 0.701251
vt 0.848885 0.678257
vt 0.861014 0.680165
vt 0.858272 0.703160
vt 0.851727 0.655131
vt 0.863864 0.657019
vt 0.870287 0.658172
vt 0.867430 0.681336
vt 0.864682 0.704341
vt 0.854631 0.631926
vt 0.866779 0.633772
vt 0.857548 0.608691
vt 0.869710 0.610471
vt 0.876152 0.611549
vt 0.873212 0.634895
vt 0.875779 0.635392
vt 0.872846 0.658684
vt 0.878728 0.612028
vt 0.869983 0.681858
vt 0.867229 0.704868
vt 0.836907 0.792683
vt 0.838893 0.769929
vt 0.850989 0.771697
vt 0.848989 0.794359
vt 0.841115 0.747079
vt 0.853221 0.748918
vt 0.859619 0.750082
vt 0.857383 0.772833
vt 0.855378 0.795455
vt 0.843547 0.724172
vt 0.855661 0.726058
vt 0.862065 0.727237
vt 0.864605 0.727765
vt 0.862153 0.750606
vt 0.859913 0.773349
vt 0.857905 0.795957
vt 0.831033 0.883376
vt 0.832229 0.861027
vt 0.844123 0.862554
vt 0.842201 0.883221
vt 0.833637 0.838239
vt 0.845650 0.839717
vt 0.852031 0.840713
vt 0.850541 0.863937
vt 0.848079 0.882698
vt 0.835158 0.815423
vt 0.847211 0.816988
vt 0.853593 0.818029
vt 0.856118 0.818510
vt 0.854569 0.841166
vt 0.853068 0.864680
vt 0.850410 0.882773
vt 0.862757 0.221673
vt 0.856518 0.197484
vt 0.867953 0.193570
vt 0.874407 0.218336
vt 0.848963 0.173849
vt 0.860165 0.169352
vt 0.866122 0.166860
vt 0.874042 0.191437
vt 0.880616 0.216539
vt 0.840051 0.151209
vt 0.851019 0.146115
vt 0.829571 0.130341
vt 0.839521 0.125925
vt 0.844632 0.123501
vt 0.856895 0.143020
vt 0.859290 0.141670
vt 0.868554 0.165841
vt 0.846603 0.122527
vt 0.876532 0.190566
vt 0.883157 0.215811
vt 0.876140 0.320644
vt 0.874329 0.295875
vt 0.886407 0.294193
vt 0.888296 0.319451
vt 0.871565 0.271021
vt 0.883535 0.268814
vt 0.889913 0.267658
vt 0.892840 0.293331
vt 0.894768 0.318860
vt 0.867740 0.246225
vt 0.879568 0.243463
vt 0.885873 0.241995
vt 0.888453 0.241407
vt 0.892521 0.267203
vt 0.895466 0.292999
vt 0.897406 0.318642
vt 0.876085 0.418751
vt 0.876995 0.394455
vt 0.889247 0.394470
vt 0.888345 0.419088
vt 0.877367 0.369960
vt 0.889603 0.369615
vt 0.896112 0.369494
vt 0.895762 0.394547
vt 0.894861 0.419344
vt 0.877115 0.345332
vt 0.889320 0.344584
vt 0.895816 0.344241
vt 0.898459 0.344126
vt 0.898755 0.369471
vt 0.898403 0.394608
vt 0.897498 0.419478
vt 0.868533 0.514667
vt 0.870873 0.490911
vt 0.883107 0.492002
vt 0.880755 0.515948
vt 0.872953 0.466973
vt 0.885199 0.467846
vt 0.891702 0.468400
vt 0.889601 0.492678
vt 0.887240 0.516733
vt 0.874714 0.442903
vt 0.886969 0.443526
vt 0.893480 0.443941
vt 0.896110 0.444142
vt 0.894325 0.468658
vt 0.892217 0.492987
vt 0.889848 0.517087
vt 0.860436 0.585363
vt 0.872610 0.587053
vt 0.863263 0.561884
vt 0.875452 0.563463
vt 0.881914 0.564422
vt 0.879062 0.588077
vt 0.865980 0.538303
vt 0.878185 0.539747
vt 0.884659 0.540626
vt 0.887257 0.541019
vt 0.884504 0.564848
vt 0.881644 0.588532
vt 0.781989 0.670457
vt 0.779274 0.693760
vt 0.784812 0.647154
vt 0.808420 0.649698
vt 0.805593 0.672885
vt 0.802871 0.696026
vt 0.787692 0.623903
vt 0.790579 0.600753
vt 0.814196 0.603384
vt 0.811303 0.626514
vt 0.834889 0.629321
vt 0.831997 0.652492
vt 0.837791 0.606156
vt 0.829164 0.675621
vt 0.826435 0.698656
vt 0.772265 0.764139
vt 0.770526 0.787680
vt 0.774351 0.740600
vt 0.797904 0.742399
vt 0.795760 0.765642
vt 0.793918 0.788857
vt 0.776709 0.717122
vt 0.800293 0.719178
vt 0.823843 0.721656
vt 0.821427 0.744680
vt 0.819233 0.767683
vt 0.817297 0.790624
vt 0.768222 0.858510
vt 0.768698 0.881885
vt 0.768407 0.834909
vt 0.791369 0.835444
vt 0.790812 0.858819
vt 0.790835 0.882126
vt 0.769209 0.811261
vt 0.792433 0.812104
vt 0.815644 0.813575
vt 0.814299 0.836613
vt 0.813285 0.859697
vt 0.812764 0.882787
vt 0.793620 0.215278
vt 0.798675 0.237117
vt 0.787409 0.193493
vt 0.809151 0.187323
vt 0.815869 0.209698
vt 0.821358 0.232315
vt 0.780016 0.171762
vt 0.771767 0.150127
vt 0.792533 0.143759
vt 0.801241 0.165316
vt 0.822362 0.158189
vt 0.830811 0.180436
vt 0.812902 0.136868
vt 0.837993 0.203396
vt 0.843895 0.226801
vt 0.807956 0.303607
vt 0.809373 0.326019
vt 0.805753 0.281277
vt 0.829027 0.278209
vt 0.831408 0.301377
vt 0.832946 0.324567
vt 0.802685 0.259095
vt 0.825708 0.255154
vt 0.848591 0.250526
vt 0.852184 0.274491
vt 0.854770 0.298548
vt 0.856452 0.322571
vt 0.809733 0.393984
vt 0.808793 0.416758
vt 0.810188 0.371224
vt 0.833881 0.371114
vt 0.833446 0.394433
vt 0.832510 0.417691
vt 0.810091 0.348546
vt 0.833740 0.347802
vt 0.857342 0.346573
vt 0.857541 0.370580
vt 0.857139 0.394519
vt 0.856216 0.418321
vt 0.803669 0.485490
vt 0.801380 0.508447
vt 0.805704 0.462518
vt 0.829403 0.464218
vt 0.827352 0.487481
vt 0.825046 0.510670
vt 0.807431 0.439587
vt 0.831142 0.440936
vt 0.854846 0.442039
vt 0.853096 0.465730
vt 0.851030 0.489340
vt 0.848706 0.512816
vt 0.793432 0.577646
vt 0.796215 0.554525
vt 0.819852 0.557051
vt 0.817058 0.580249
vt 0.798880 0.531441
vt 0.822531 0.533841
vt 0.846173 0.536219
vt 0.843475 0.559610
vt 0.840666 0.582939
vt 0.728098 0.169944
vt 0.752698 0.158855
vt 0.752914 0.159486
vt 0.728433 0.170521
vt 0.779040 0.152715
vt 0.779129 0.153376
vt 0.779473 0.155936
vt 0.753714 0.161884
vt 0.729676 0.172659
vt 0.806067 0.151668
vt 0.806026 0.152334
vt 0.832724 0.155854
vt 0.832553 0.156499
vt 0.831920 0.158890
vt 0.805889 0.154858
vt 0.805556 0.161161
vt 0.780338 0.162358
vt 0.830347 0.164832
vt 0.755702 0.167875
vt 0.732765 0.177973
vt 0.857960 0.165408
vt 0.857666 0.166007
vt 0.880928 0.179693
vt 0.880523 0.180223
vt 0.878957 0.182277
vt 0.856536 0.168268
vt 0.900779 0.198064
vt 0.900280 0.198505
vt 0.916669 0.219873
vt 0.916092 0.220208
vt 0.913954 0.221451
vt 0.898398 0.200193
vt 0.893705 0.204415
vt 0.875028 0.187429
vt 0.908640 0.224540
vt 0.853706 0.173910
vt 0.927757 0.244473
vt 0.927126 0.244688
vt 0.933897 0.270814
vt 0.933237 0.270903
vt 0.930677 0.271248
vt 0.924729 0.245489
vt 0.934944 0.297842
vt 0.934279 0.297801
vt 0.930759 0.324499
vt 0.930114 0.324328
vt 0.927723 0.323695
vt 0.931755 0.297663
vt 0.925451 0.297331
vt 0.924255 0.272113
vt 0.921781 0.322122
vt 0.918738 0.247477
vt 0.921205 0.349734
vt 0.920606 0.349441
vt 0.906920 0.372702
vt 0.906390 0.372298
vt 0.904336 0.370732
vt 0.918344 0.348311
vt 0.888549 0.392554
vt 0.888108 0.392054
vt 0.866740 0.408444
vt 0.866405 0.407867
vt 0.865162 0.405729
vt 0.886420 0.390172
vt 0.882198 0.385480
vt 0.899184 0.366803
vt 0.862073 0.400415
vt 0.912703 0.345481
vt 0.842140 0.419532
vt 0.841924 0.418901
vt 0.815799 0.425672
vt 0.815710 0.425012
vt 0.815365 0.422452
vt 0.841124 0.416503
vt 0.788771 0.426719
vt 0.788812 0.426054
vt 0.762114 0.422534
vt 0.762285 0.421889
vt 0.762918 0.419498
vt 0.788950 0.423530
vt 0.789282 0.417226
vt 0.814500 0.416030
vt 0.764491 0.413556
vt 0.839136 0.410513
vt 0.736879 0.412979
vt 0.737172 0.412381
vt 0.713911 0.398695
vt 0.714315 0.398165
vt 0.715881 0.396111
vt 0.738302 0.410119
vt 0.694059 0.380324
vt 0.694559 0.379882
vt 0.678169 0.358515
vt 0.678746 0.358180
vt 0.680884 0.356937
vt 0.696441 0.378195
vt 0.701133 0.373973
vt 0.719810 0.390959
vt 0.686198 0.353848
vt 0.741132 0.404477
vt 0.667081 0.333915
vt 0.667712 0.333699
vt 0.660941 0.307573
vt 0.661601 0.307484
vt 0.664161 0.307139
vt 0.670110 0.332899
vt 0.659894 0.280545
vt 0.660559 0.280587
vt 0.664079 0.253889
vt 0.664724 0.254059
vt 0.667115 0.254692
vt 0.663083 0.280724
vt 0.669387 0.281057
vt 0.670583 0.306275
vt 0.673057 0.256266
vt 0.676100 0.330911
vt 0.673633 0.228653
vt 0.674232 0.228947
vt 0.687918 0.205685
vt 0.688448 0.206089
vt 0.690502 0.207656
vt 0.676494 0.230076
vt 0.706289 0.185833
vt 0.706731 0.186333
vt 0.708418 0.188215
vt 0.712640 0.192907
vt 0.695654 0.211585
vt 0.682136 0.232907
vt 0.730240 0.634197
vt 0.791718 0.608732
vt 0.871911 0.662459
vt 0.871911 0.728892
vt 0.704774 0.695675
vt 0.719516 0.743952
vt 0.758501 0.615483
vt 0.758986 0.616652
vt 0.775054 0.611683
vt 0.791718 0.609918
vt 0.743441 0.623473
vt 0.731079 0.635036
vt 0.744110 0.624500
vt 0.746116 0.627583
vt 0.760439 0.620160
vt 0.733595 0.637552
vt 0.775815 0.615281
vt 0.791718 0.613477
vt 0.839995 0.623473
vt 0.824451 0.616652
vt 0.839326 0.624500
vt 0.852358 0.635036
vt 0.808382 0.611683
vt 0.807621 0.615281
vt 0.822997 0.620160
vt 0.837321 0.627583
vt 0.849841 0.637552
vt 0.870741 0.662943
vt 0.875711 0.679011
vt 0.877476 0.695675
vt 0.863921 0.647399
vt 0.862893 0.648067
vt 0.859811 0.650073
vt 0.867233 0.664396
vt 0.872113 0.679772
vt 0.873917 0.695675
vt 0.870741 0.728408
vt 0.862893 0.743284
vt 0.852358 0.756315
vt 0.875711 0.712340
vt 0.872113 0.711578
vt 0.867233 0.726955
vt 0.859811 0.741278
vt 0.849842 0.753799
vt 0.824451 0.774698
vt 0.808383 0.779668
vt 0.791718 0.781433
vt 0.839326 0.766851
vt 0.837321 0.763768
vt 0.822998 0.771191
vt 0.807621 0.776070
vt 0.791718 0.777874
vt 0.758986 0.774698
vt 0.744110 0.766851
vt 0.731079 0.756315
vt 0.775054 0.779668
vt 0.775815 0.776070
vt 0.760439 0.771191
vt 0.746116 0.763768
vt 0.733595 0.753799
vt 0.712695 0.728408
vt 0.707726 0.712340
vt 0.705961 0.695675
vt 0.720543 0.743284
vt 0.723625 0.741278
vt 0.716203 0.726955
vt 0.711323 0.711578
vt 0.709519 0.695675
vt 0.719516 0.647399
vt 0.712695 0.662943
vt 0.720543 0.648067
vt 0.707726 0.679011
vt 0.711323 0.679772
vt 0.716203 0.664396
vt 0.723625 0.650073
vt 0.815804 0.816960
vt 0.791718 0.819454
vt 0.839008 0.809842
vt 0.838712 0.809127
vt 0.815653 0.816200
vt 0.791718 0.818679
vt 0.860448 0.798467
vt 0.879243 0.783200
vt 0.878695 0.782652
vt 0.860018 0.797824
vt 0.859763 0.797443
vt 0.838536 0.808705
vt 0.878371 0.782328
vt 0.815564 0.815751
vt 0.791718 0.818220
vt 0.705066 0.782328
vt 0.723673 0.797443
vt 0.704742 0.782652
vt 0.723419 0.797824
vt 0.744725 0.809127
vt 0.744900 0.808705
vt 0.704194 0.783200
vt 0.722988 0.798467
vt 0.744429 0.809842
vt 0.767632 0.816960
vt 0.767783 0.816200
vt 0.767872 0.815751
vt 0.670434 0.719761
vt 0.667940 0.695675
vt 0.677551 0.742965
vt 0.678266 0.742669
vt 0.671193 0.719610
vt 0.668715 0.695675
vt 0.688926 0.764405
vt 0.689570 0.763975
vt 0.689950 0.763720
vt 0.678689 0.742494
vt 0.671643 0.719521
vt 0.669173 0.695675
vt 0.688926 0.626945
vt 0.704194 0.608151
vt 0.677551 0.648386
vt 0.678266 0.648682
vt 0.689570 0.627376
vt 0.704742 0.608699
vt 0.670434 0.671590
vt 0.671193 0.671740
vt 0.671642 0.671830
vt 0.678689 0.648857
vt 0.689950 0.627630
vt 0.705066 0.609023
vt 0.767632 0.574391
vt 0.791718 0.571897
vt 0.744429 0.581508
vt 0.744725 0.582223
vt 0.767783 0.575151
vt 0.791718 0.572672
vt 0.722988 0.592883
vt 0.723419 0.593527
vt 0.723673 0.593908
vt 0.744900 0.582646
vt 0.767872 0.575600
vt 0.791718 0.573130
vt 0.860448 0.592883
vt 0.879243 0.608151
vt 0.839008 0.581508
vt 0.838712 0.582223
vt 0.860017 0.593527
vt 0.878694 0.608699
vt 0.815804 0.574391
vt 0.815653 0.575151
vt 0.815564 0.575600
vt 0.838536 0.582646
vt 0.859763 0.593908
vt 0.878371 0.609023
vt 0.913002 0.671590
vt 0.915497 0.695675
vt 0.905885 0.648386
vt 0.905170 0.648682
vt 0.912243 0.671740
vt 0.914721 0.695675
vt 0.894510 0.626945
vt 0.893866 0.627376
vt 0.893486 0.627630
vt 0.904747 0.648857
vt 0.911794 0.671830
vt 0.914263 0.695675
vt 0.894510 0.764405
vt 0.905885 0.742965
vt 0.905170 0.742669
vt 0.893866 0.763975
vt 0.913002 0.719761
vt 0.912243 0.719610
vt 0.911794 0.719521
vt 0.904748 0.742494
vt 0.893486 0.763720
vt 0.815475 0.815303
vt 0.791718 0.817763
vt 0.838362 0.808283
vt 0.838371 0.808305
vt 0.815480 0.815326
vt 0.791718 0.817787
vt 0.859509 0.797063
vt 0.878047 0.782004
vt 0.878064 0.782021
vt 0.859523 0.797083
vt 0.859536 0.797103
vt 0.838380 0.808327
vt 0.878081 0.782038
vt 0.878095 0.782053
vt 0.859547 0.797120
vt 0.838388 0.808346
vt 0.815484 0.815350
vt 0.791718 0.817811
vt 0.815488 0.815370
vt 0.791718 0.817831
vt 0.705341 0.782053
vt 0.705355 0.782038
vt 0.723901 0.797103
vt 0.723889 0.797120
vt 0.705372 0.782021
vt 0.723914 0.797083
vt 0.745065 0.808305
vt 0.745056 0.808327
vt 0.745049 0.808346
vt 0.705389 0.782004
vt 0.723927 0.797063
vt 0.745075 0.808283
vt 0.767962 0.815303
vt 0.767957 0.815326
vt 0.767952 0.815350
vt 0.767948 0.815370
vt 0.672091 0.719432
vt 0.669630 0.695675
vt 0.679110 0.742319
vt 0.679088 0.742328
vt 0.672067 0.719437
vt 0.669606 0.695675
vt 0.690330 0.763466
vt 0.690310 0.763480
vt 0.690290 0.763493
vt 0.679066 0.742337
vt 0.690274 0.763504
vt 0.679048 0.742345
vt 0.672044 0.719441
vt 0.669582 0.695675
vt 0.672024 0.719445
vt 0.669562 0.695675
vt 0.690330 0.627884
vt 0.705389 0.609346
vt 0.679110 0.649032
vt 0.679088 0.649023
vt 0.690310 0.627871
vt 0.705372 0.609329
vt 0.672091 0.671919
vt 0.672067 0.671914
vt 0.672044 0.671909
vt 0.679066 0.649014
vt 0.672024 0.671906
vt 0.679048 0.649006
vt 0.690290 0.627858
vt 0.705355 0.609313
vt 0.690274 0.627847
vt 0.705341 0.609298
vt 0.767961 0.576048
vt 0.791718 0.573588
vt 0.745075 0.583068
vt 0.745065 0.583046
vt 0.767957 0.576024
vt 0.791718 0.573564
vt 0.723927 0.594287
vt 0.723914 0.594267
vt 0.723901 0.594248
vt 0.745056 0.583024
vt 0.723889 0.594231
vt 0.745049 0.583005
vt 0.767952 0.576001
vt 0.791718 0.573540
vt 0.767948 0.575981
vt 0.791718 0.573520
vt 0.859509 0.594287
vt 0.878047 0.609346
vt 0.838362 0.583068
vt 0.838371 0.583046
vt 0.859522 0.594267
vt 0.878064 0.609329
vt 0.815475 0.576048
vt 0.815479 0.576024
vt 0.815484 0.576001
vt 0.838380 0.583024
vt 0.815488 0.575981
vt 0.838388 0.583005
vt 0.859536 0.594248
vt 0.878081 0.609313
vt 0.859547 0.594231
vt 0.878095 0.609298
vt 0.911346 0.671919
vt 0.913806 0.695675
vt 0.904326 0.649032
vt 0.904348 0.649023
vt 0.911369 0.671914
vt 0.913830 0.695675
vt 0.893106 0.627884
vt 0.893126 0.627871
vt 0.893146 0.627858
vt 0.904370 0.649014
vt 0.893163 0.627847
vt 0.904388 0.649006
vt 0.911393 0.671909
vt 0.913854 0.695675
vt 0.911412 0.671906
vt 0.913874 0.695675
vt 0.893106 0.763466
vt 0.904326 0.742319
vt 0.904348 0.742328
vt 0.893126 0.763480
vt 0.911346 0.719432
vt 0.911369 0.719437
vt 0.911393 0.719441
vt 0.904370 0.742337
vt 0.911412 0.719445
vt 0.904388 0.742345
vt 0.893146 0.763493
vt 0.893163 0.763504
vt 0.815490 0.815382
vt 0.791718 0.817843
vt 0.838392 0.808357
vt 0.838388 0.808347
vt 0.815488 0.815371
vt 0.791718 0.817833
vt 0.859554 0.797130
vt 0.878104 0.782061
vt 0.878097 0.782054
vt 0.859548 0.797121
vt 0.859521 0.797081
vt 0.838370 0.808303
vt 0.878062 0.782020
vt 0.815479 0.815324
vt 0.791718 0.817785
vt 0.705374 0.782020
vt 0.723915 0.797081
vt 0.705340 0.782054
vt 0.723888 0.797121
vt 0.745048 0.808347
vt 0.745066 0.808303
vt 0.705332 0.782061
vt 0.723883 0.797130
vt 0.745044 0.808357
vt 0.767946 0.815382
vt 0.767948 0.815371
vt 0.767957 0.815324
vt 0.672012 0.719448
vt 0.669550 0.695675
vt 0.679037 0.742350
vt 0.679046 0.742346
vt 0.672022 0.719446
vt 0.669561 0.695675
vt 0.690263 0.763511
vt 0.690272 0.763505
vt 0.690312 0.763478
vt 0.679091 0.742327
vt 0.672069 0.719436
vt 0.669609 0.695675
vt 0.690263 0.627840
vt 0.705332 0.609290
vt 0.679036 0.649001
vt 0.679046 0.649005
vt 0.690272 0.627846
vt 0.705340 0.609297
vt 0.672012 0.671903
vt 0.672022 0.671905
vt 0.672069 0.671915
vt 0.679091 0.649024
vt 0.690312 0.627872
vt 0.705374 0.609331
vt 0.767946 0.575969
vt 0.791718 0.573508
vt 0.745044 0.582994
vt 0.745048 0.583003
vt 0.767948 0.575980
vt 0.791718 0.573518
vt 0.723883 0.594221
vt 0.723888 0.594229
vt 0.723915 0.594270
vt 0.745066 0.583048
vt 0.767957 0.576027
vt 0.791718 0.573566
vt 0.859554 0.594221
vt 0.878104 0.609290
vt 0.838392 0.582994
vt 0.838388 0.583003
vt 0.859548 0.594229
vt 0.878096 0.609297
vt 0.815490 0.575969
vt 0.815488 0.575980
vt 0.815479 0.576027
vt 0.838370 0.583048
vt 0.859521 0.594270
vt 0.878062 0.609331
vt 0.911424 0.671903
vt 0.913886 0.695675
vt 0.904400 0.649001
vt 0.904390 0.649005
vt 0.911414 0.671905
vt 0.913876 0.695675
vt 0.893173 0.627840
vt 0.893164 0.627846
vt 0.893124 0.627872
vt 0.904346 0.649024
vt 0.911367 0.671914
vt 0.913827 0.695675
vt 0.893173 0.763511
vt 0.904400 0.742350
vt 0.904390 0.742346
vt 0.893164 0.763505
vt 0.911424 0.719448
vt 0.911414 0.719446
vt 0.911367 0.719436
vt 0.904346 0.742327
vt 0.893124 0.763478
vt 0.813307 0.804387
vt 0.791718 0.806623
vt 0.834106 0.798008
vt 0.831736 0.792288
vt 0.812100 0.798310
vt 0.791718 0.800421
vt 0.853323 0.787812
vt 0.870170 0.774127
vt 0.865785 0.769742
vt 0.849880 0.782662
vt 0.846429 0.777501
vt 0.829362 0.786556
vt 0.861391 0.765348
vt 0.857682 0.761639
vt 0.843517 0.773146
vt 0.827359 0.781719
vt 0.810891 0.792222
vt 0.791718 0.794207
vt 0.809871 0.787083
vt 0.791718 0.788963
vt 0.730113 0.787812
vt 0.713266 0.774127
vt 0.749331 0.798008
vt 0.751700 0.792288
vt 0.733557 0.782662
vt 0.717652 0.769742
vt 0.770129 0.804387
vt 0.771336 0.798310
vt 0.772545 0.792222
vt 0.754074 0.786556
vt 0.773566 0.787083
vt 0.756078 0.781719
vt 0.737007 0.777501
vt 0.722046 0.765348
vt 0.739919 0.773146
vt 0.725754 0.761639
vt 0.698431 0.695675
vt 0.693187 0.695675
vt 0.695172 0.714848
vt 0.700311 0.713828
vt 0.686972 0.695675
vt 0.689083 0.716058
vt 0.695106 0.735693
vt 0.700837 0.733319
vt 0.705675 0.731316
vt 0.680771 0.695675
vt 0.683006 0.717264
vt 0.689386 0.738063
vt 0.699581 0.757281
vt 0.704732 0.753837
vt 0.709892 0.750387
vt 0.714248 0.747475
vt 0.699581 0.634070
vt 0.713266 0.617224
vt 0.689386 0.653288
vt 0.695106 0.655657
vt 0.704732 0.637514
vt 0.717652 0.621609
vt 0.683006 0.674087
vt 0.689083 0.675293
vt 0.695172 0.676502
vt 0.700837 0.658031
vt 0.700310 0.677523
vt 0.705675 0.660035
vt 0.709892 0.640964
vt 0.722046 0.626003
vt 0.714247 0.643876
vt 0.725754 0.629711
vt 0.770129 0.586963
vt 0.791718 0.584728
vt 0.749331 0.593343
vt 0.751700 0.599063
vt 0.771336 0.593040
vt 0.791718 0.590930
vt 0.730113 0.603539
vt 0.733557 0.608689
vt 0.737007 0.613850
vt 0.754074 0.604795
vt 0.739919 0.618205
vt 0.756078 0.609632
vt 0.772545 0.599129
vt 0.791718 0.597144
vt 0.773566 0.604268
vt 0.791718 0.602388
vt 0.853323 0.603539
vt 0.870170 0.617224
vt 0.834106 0.593343
vt 0.831736 0.599063
vt 0.849880 0.608689
vt 0.865784 0.621609
vt 0.813307 0.586963
vt 0.812100 0.593040
vt 0.810891 0.599129
vt 0.829362 0.604795
vt 0.809871 0.604268
vt 0.827359 0.609632
vt 0.846429 0.613850
vt 0.861390 0.626003
vt 0.843517 0.618205
vt 0.857682 0.629711
vt 0.900430 0.674086
vt 0.902666 0.695675
vt 0.894051 0.653288
vt 0.888330 0.655657
vt 0.894353 0.675293
vt 0.896464 0.695675
vt 0.883855 0.634070
vt 0.878704 0.637514
vt 0.873544 0.640964
vt 0.882599 0.658031
vt 0.869189 0.643876
vt 0.877762 0.660035
vt 0.888264 0.676503
vt 0.890250 0.695675
vt 0.883126 0.677523
vt 0.885005 0.695675
vt 0.883855 0.757281
vt 0.894051 0.738063
vt 0.888330 0.735693
vt 0.878704 0.753837
vt 0.900430 0.717264
vt 0.894353 0.716058
vt 0.888264 0.714848
vt 0.882599 0.733319
vt 0.883126 0.713828
vt 0.877762 0.731316
vt 0.873544 0.750387
vt 0.869189 0.747475
vt 0.809230 0.783856
vt 0.791718 0.785670
vt 0.826100 0.778682
vt 0.825410 0.777015
vt 0.808878 0.782086
vt 0.791718 0.783863
vt 0.841689 0.770411
vt 0.855354 0.759311
vt 0.854076 0.758033
vt 0.840685 0.768911
vt 0.840249 0.768258
vt 0.825110 0.776290
vt 0.853520 0.757478
vt 0.853358 0.757316
vt 0.840122 0.768068
vt 0.825022 0.776079
vt 0.808725 0.781316
vt 0.791718 0.783077
vt 0.808681 0.781092
vt 0.791718 0.782848
vt 0.741748 0.770411
vt 0.728083 0.759311
vt 0.757336 0.778682
vt 0.758026 0.777015
vt 0.742751 0.768911
vt 0.729360 0.758033
vt 0.774207 0.783856
vt 0.774558 0.782086
vt 0.774711 0.781316
vt 0.758326 0.776290
vt 0.774755 0.781091
vt 0.758414 0.776079
vt 0.743187 0.768258
vt 0.729916 0.757478
vt 0.743314 0.768068
vt 0.730078 0.757316
vt 0.704545 0.695675
vt 0.704316 0.695675
vt 0.706078 0.712683
vt 0.706302 0.712638
vt 0.703531 0.695675
vt 0.705308 0.712836
vt 0.710379 0.729367
vt 0.711103 0.729067
vt 0.711314 0.728980
vt 0.701724 0.695675
vt 0.703537 0.713187
vt 0.708712 0.730058
vt 0.716982 0.745646
vt 0.718483 0.744643
vt 0.719135 0.744206
vt 0.719325 0.744079
vt 0.716982 0.645705
vt 0.728083 0.632040
vt 0.708712 0.661293
vt 0.710379 0.661983
vt 0.718483 0.646708
vt 0.729360 0.633318
vt 0.703537 0.678164
vt 0.705308 0.678515
vt 0.706078 0.678668
vt 0.711103 0.662284
vt 0.706302 0.678713
vt 0.711314 0.662371
vt 0.719135 0.647144
vt 0.729916 0.633873
vt 0.719325 0.647271
vt 0.730078 0.634035
vt 0.774206 0.607495
vt 0.791718 0.605681
vt 0.757336 0.612669
vt 0.758026 0.614336
vt 0.774558 0.609265
vt 0.791718 0.607488
vt 0.741748 0.620940
vt 0.742751 0.622440
vt 0.743187 0.623092
vt 0.758326 0.615060
vt 0.743314 0.623283
vt 0.758414 0.615272
vt 0.774711 0.610035
vt 0.791718 0.608274
vt 0.774755 0.610259
vt 0.791718 0.608503
vt 0.841689 0.620940
vt 0.855354 0.632040
vt 0.826100 0.612669
vt 0.825410 0.614336
vt 0.840685 0.622440
vt 0.854076 0.633318
vt 0.809230 0.607495
vt 0.808878 0.609265
vt 0.808725 0.610035
vt 0.825110 0.615060
vt 0.808681 0.610259
vt 0.825022 0.615272
vt 0.840249 0.623092
vt 0.853520 0.633873
vt 0.840122 0.623283
vt 0.853358 0.634035
vt 0.879899 0.678164
vt 0.881712 0.695675
vt 0.874724 0.661293
vt 0.873058 0.661983
vt 0.878128 0.678515
vt 0.879905 0.695675
vt 0.866454 0.645705
vt 0.864953 0.646708
vt 0.864301 0.647144
vt 0.872333 0.662284
vt 0.864111 0.647271
vt 0.872122 0.662371
vt 0.877359 0.678668
vt 0.879120 0.695675
vt 0.877134 0.678713
vt 0.878891 0.695675
vt 0.866454 0.745646
vt 0.874724 0.730058
vt 0.873058 0.729367
vt 0.864953 0.744643
vt 0.879899 0.713187
vt 0.878128 0.712835
vt 0.877359 0.712683
vt 0.872333 0.729067
vt 0.877134 0.712638
vt 0.872122 0.728980
vt 0.864301 0.744207
vt 0.864111 0.744079
vt 0.824944 0.615462
vt 0.808641 0.610461
vt 0.791718 0.608709
vt 0.853213 0.634181
vt 0.840008 0.623454
vt 0.840046 0.623397
vt 0.824970 0.615399
vt 0.853261 0.634132
vt 0.808654 0.610394
vt 0.791718 0.608640
vt 0.758493 0.615462
vt 0.743429 0.623454
vt 0.730224 0.634181
vt 0.774796 0.610461
vt 0.774782 0.610394
vt 0.758466 0.615399
vt 0.743391 0.623397
vt 0.730175 0.634132
vt 0.704774 0.695675
vt 0.711505 0.662450
vt 0.706504 0.678753
vt 0.704752 0.695675
vt 0.719497 0.647386
vt 0.719440 0.647348
vt 0.711441 0.662424
vt 0.706437 0.678739
vt 0.704683 0.695675
vt 0.711505 0.728901
vt 0.719497 0.743965
vt 0.730224 0.757170
vt 0.706504 0.712598
vt 0.706437 0.712611
vt 0.711441 0.728927
vt 0.719440 0.744003
vt 0.730175 0.757219
vt 0.758493 0.775889
vt 0.774796 0.780890
vt 0.791718 0.782642
vt 0.743429 0.767897
vt 0.743391 0.767954
vt 0.758466 0.775952
vt 0.774782 0.780957
vt 0.791718 0.782711
vt 0.824944 0.775889
vt 0.840008 0.767897
vt 0.853213 0.757170
vt 0.808641 0.780890
vt 0.808654 0.780957
vt 0.824970 0.775952
vt 0.840046 0.767954
vt 0.853261 0.757219
vt 0.871932 0.728901
vt 0.876932 0.712598
vt 0.878685 0.695675
vt 0.863940 0.743965
vt 0.863997 0.744003
vt 0.871995 0.728927
vt 0.877000 0.712611
vt 0.878753 0.695675
vt 0.863997 0.647348
vt 0.863940 0.647386
vt 0.871932 0.662450
vt 0.871995 0.662424
vt 0.876932 0.678753
vt 0.877000 0.678739
vt 0.824935 0.775868
vt 0.820058 0.172305
vt 0.820258 0.193897
vt 0.819487 0.150967
vt 0.833705 0.150710
vt 0.834308 0.172249
vt 0.834433 0.194036
vt 0.819120 0.130269
vt 0.818031 0.109680
vt 0.829560 0.108419
vt 0.832511 0.129586
vt 0.845761 0.127760
vt 0.847770 0.149441
vt 0.841311 0.106893
vt 0.851406 0.105527
vt 0.856935 0.125216
vt 0.859524 0.147697
vt 0.848520 0.171545
vt 0.848608 0.193746
vt 0.860405 0.170534
vt 0.860494 0.193214
vt 0.818898 0.259470
vt 0.818083 0.281412
vt 0.819582 0.237522
vt 0.833644 0.237986
vt 0.832929 0.260036
vt 0.832095 0.282044
vt 0.820067 0.215638
vt 0.834175 0.215958
vt 0.848294 0.215963
vt 0.847719 0.238199
vt 0.860155 0.215744
vt 0.859558 0.238190
vt 0.846975 0.260394
vt 0.846123 0.282502
vt 0.858797 0.260530
vt 0.857934 0.282739
vt 0.815267 0.347490
vt 0.814273 0.369509
vt 0.816244 0.325430
vt 0.830235 0.326124
vt 0.829254 0.348193
vt 0.828257 0.370212
vt 0.817189 0.303385
vt 0.831188 0.304057
vt 0.845204 0.304582
vt 0.844242 0.326695
vt 0.857008 0.304893
vt 0.856041 0.327061
vt 0.843255 0.348796
vt 0.842255 0.370837
vt 0.855050 0.349205
vt 0.854046 0.371280
vt 0.811271 0.435704
vt 0.810280 0.457742
vt 0.812271 0.413617
vt 0.826252 0.414305
vt 0.825253 0.436379
vt 0.824262 0.458402
vt 0.813273 0.391534
vt 0.827255 0.392232
vt 0.841250 0.392872
vt 0.840245 0.414955
vt 0.853039 0.393344
vt 0.852032 0.415451
vt 0.839245 0.437036
vt 0.838253 0.459063
vt 0.851030 0.437553
vt 0.850037 0.459599
vt 0.807389 0.523981
vt 0.806465 0.546034
vt 0.808336 0.501881
vt 0.822320 0.502501
vt 0.821376 0.524576
vt 0.820456 0.546600
vt 0.809300 0.479784
vt 0.823283 0.480425
vt 0.837275 0.481087
vt 0.836313 0.503161
vt 0.849059 0.481640
vt 0.848096 0.503728
vt 0.835370 0.525232
vt 0.834452 0.547247
vt 0.847153 0.525811
vt 0.846236 0.547835
vt 0.803907 0.612345
vt 0.803163 0.634445
vt 0.804715 0.590213
vt 0.818715 0.590697
vt 0.817915 0.612769
vt 0.817184 0.634787
vt 0.805572 0.568093
vt 0.819566 0.568623
vt 0.833566 0.569255
vt 0.832721 0.591305
vt 0.845352 0.569848
vt 0.844509 0.591898
vt 0.831929 0.613342
vt 0.831210 0.635306
vt 0.843722 0.613926
vt 0.843011 0.635869
vt 0.801666 0.701038
vt 0.801621 0.723267
vt 0.801994 0.678785
vt 0.816061 0.678854
vt 0.815776 0.700882
vt 0.815788 0.722797
vt 0.802513 0.656572
vt 0.816552 0.656800
vt 0.830597 0.657238
vt 0.830137 0.679174
vt 0.842411 0.657763
vt 0.841970 0.679640
vt 0.829899 0.701043
vt 0.829978 0.722762
vt 0.841762 0.701427
vt 0.841885 0.723060
vt 0.805500 0.789132
vt 0.810491 0.809862
vt 0.803080 0.767550
vt 0.817143 0.766065
vt 0.818717 0.787117
vt 0.822064 0.808202
vt 0.802004 0.745471
vt 0.816210 0.744567
vt 0.830479 0.744321
vt 0.831382 0.765616
vt 0.842452 0.744598
vt 0.843467 0.766107
vt 0.832106 0.786265
vt 0.833512 0.806808
vt 0.843813 0.786961
vt 0.842794 0.805156
vt 0.867791 0.169773
vt 0.867893 0.192777
vt 0.866849 0.146374
vt 0.870827 0.145628
vt 0.871797 0.169331
vt 0.871911 0.192507
vt 0.863952 0.122824
vt 0.857873 0.105072
vt 0.860783 0.103857
vt 0.867785 0.121069
vt 0.869411 0.120196
vt 0.872523 0.145311
vt 0.862056 0.103298
vt 0.862458 0.103131
vt 0.869910 0.119912
vt 0.873045 0.145211
vt 0.873507 0.169134
vt 0.873627 0.192380
vt 0.874034 0.169068
vt 0.874158 0.192338
vt 0.866185 0.260528
vt 0.865318 0.282807
vt 0.866950 0.238093
vt 0.870972 0.238005
vt 0.870207 0.260492
vt 0.869339 0.282810
vt 0.867552 0.215511
vt 0.871574 0.215349
vt 0.873293 0.215269
vt 0.872692 0.237955
vt 0.873824 0.215242
vt 0.873224 0.237937
vt 0.871927 0.260466
vt 0.871059 0.282802
vt 0.872459 0.260453
vt 0.871591 0.282797
vt 0.862428 0.349400
vt 0.861422 0.371505
vt 0.863420 0.327222
vt 0.867440 0.327282
vt 0.866447 0.349482
vt 0.865441 0.371606
vt 0.864389 0.305012
vt 0.868410 0.305047
vt 0.870130 0.305053
vt 0.869161 0.327299
vt 0.870662 0.305054
vt 0.869693 0.327303
vt 0.868167 0.349509
vt 0.867160 0.371643
vt 0.868699 0.349515
vt 0.867692 0.371653
vt 0.858403 0.437847
vt 0.857409 0.459912
vt 0.859406 0.415724
vt 0.863424 0.415857
vt 0.862420 0.437994
vt 0.861425 0.460073
vt 0.860414 0.393594
vt 0.864432 0.393711
vt 0.866151 0.393757
vt 0.865143 0.415909
vt 0.866683 0.393771
vt 0.865674 0.415925
vt 0.864139 0.438054
vt 0.863144 0.460140
vt 0.864671 0.438071
vt 0.863676 0.460160
vt 0.854523 0.526173
vt 0.853605 0.548212
vt 0.855467 0.504074
vt 0.859482 0.504260
vt 0.858538 0.526370
vt 0.857620 0.548420
vt 0.856430 0.481970
vt 0.860446 0.482144
vt 0.862164 0.482217
vt 0.861200 0.504339
vt 0.862696 0.482241
vt 0.861732 0.504363
vt 0.860256 0.526455
vt 0.859337 0.548510
vt 0.860788 0.526480
vt 0.859869 0.548539
vt 0.851094 0.614330
vt 0.850385 0.636272
vt 0.851880 0.592296
vt 0.855894 0.592522
vt 0.855108 0.614563
vt 0.854399 0.636511
vt 0.852722 0.570237
vt 0.856736 0.570455
vt 0.858453 0.570551
vt 0.857611 0.592623
vt 0.858984 0.570582
vt 0.858142 0.592655
vt 0.856825 0.614667
vt 0.856116 0.636619
vt 0.857356 0.614700
vt 0.856647 0.636654
vt 0.849159 0.701774
vt 0.849297 0.723375
vt 0.849356 0.680015
vt 0.853373 0.680251
vt 0.853179 0.702000
vt 0.853320 0.723588
vt 0.849790 0.658158
vt 0.853805 0.658397
vt 0.855521 0.658508
vt 0.855090 0.680361
vt 0.856052 0.658545
vt 0.855621 0.680397
vt 0.854896 0.702107
vt 0.855038 0.723692
vt 0.855427 0.702142
vt 0.855570 0.723727
vt 0.851470 0.788852
vt 0.848207 0.802859
vt 0.850981 0.766721
vt 0.855024 0.767066
vt 0.855549 0.790754
vt 0.851300 0.802358
vt 0.849886 0.744926
vt 0.853915 0.745140
vt 0.855634 0.745241
vt 0.856742 0.767196
vt 0.856165 0.745277
vt 0.857273 0.767237
vt 0.857240 0.791779
vt 0.852359 0.802717
vt 0.857753 0.792117
vt 0.852682 0.802843
vt 0.671216 0.743202
vt 0.671216 0.788896
vt 0.671216 0.697508
vt 0.691582 0.697508
vt 0.691582 0.743202
vt 0.691582 0.788896
vt 0.671216 0.651814
vt 0.671216 0.606120
vt 0.691582 0.606120
vt 0.691582 0.651814
vt 0.713416 0.651814
vt 0.713416 0.697508
vt 0.713416 0.606120
vt 0.713416 0.743202
vt 0.713416 0.788896
vt -0.007771 0.394508
vt -0.081098 0.394508
vt 0.671216 0.880284
vt 0.671216 0.925978
vt 0.691582 0.880284
vt 0.691582 0.925978
vt -0.007771 0.427191
vt -0.081098 0.427191
vt 0.671216 0.834590
vt 0.691582 0.834590
vt 0.713416 0.834590
vt 0.713417 0.880284
vt -0.007771 0.462229
vt -0.081098 0.462229
vt 0.713416 0.925978
vt -0.301079 0.394508
vt -0.374406 0.394508
vt -0.227752 0.394508
vt -0.227752 0.427191
vt -0.301079 0.427191
vt -0.374406 0.427191
vt -0.154425 0.394508
vt -0.154425 0.427191
vt -0.154425 0.462229
vt -0.227752 0.462229
vt -0.301079 0.462229
vt -0.374406 0.462229
vt -0.594387 0.394508
vt -0.667714 0.394508
vt -0.521060 0.394508
vt -0.521060 0.427191
vt -0.594387 0.427191
vt -0.667715 0.427191
vt -0.447733 0.394508
vt -0.447733 0.427191
vt -0.447733 0.462229
vt -0.521060 0.462229
vt -0.594387 0.462229
vt -0.667714 0.462229
vt -0.887696 0.394508
vt -0.961023 0.394508
vt -0.814369 0.394508
vt -0.814369 0.427191
vt -0.887696 0.427191
vt -0.961023 0.427191
vt -0.741042 0.394508
vt -0.741042 0.427191
vt -0.741042 0.462229
vt -0.814369 0.462229
vt -0.887696 0.462229
vt -0.961023 0.462229
vt 0.671216 0.194874
vt 0.671216 0.240568
vt 0.671216 0.149180
vt 0.691582 0.149180
vt 0.691582 0.194874
vt 0.691582 0.240568
vt 0.671216 0.103486
vt 0.671216 0.057792
vt 0.691582 0.057792
vt 0.691582 0.103486
vt 0.713416 0.103486
vt 0.713416 0.149180
vt 0.713416 0.057792
vt 0.713416 0.194874
vt 0.713416 0.240568
vt 0.671216 0.377650
vt 0.671216 0.423344
vt 0.671216 0.331956
vt 0.691582 0.331956
vt 0.691582 0.377650
vt 0.691582 0.423344
vt 0.671216 0.286262
vt 0.691582 0.286262
vt 0.713416 0.286262
vt 0.713416 0.331956
vt 0.713416 0.377650
vt 0.713416 0.423344
vt 0.713416 0.560426
vt 0.691582 0.560426
vt 0.691582 0.514732
vt 0.713416 0.514732
vt 0.671216 0.560426
vt 0.671216 0.514732
vt 0.671216 0.469038
vt 0.691582 0.469038
vt 0.713416 0.469038
vt 0.831034 0.743202
vt 0.831034 0.788896
vt 0.831034 0.697508
vt 0.843948 0.697508
vt 0.843948 0.743202
vt 0.843948 0.788896
vt 0.831034 0.651814
vt 0.831034 0.606120
vt 0.843948 0.606120
vt 0.843948 0.651814
vt 0.855635 0.651814
vt 0.855635 0.697508
vt 0.855635 0.606120
vt 0.855635 0.743202
vt 0.855635 0.788896
vt -0.007771 0.650975
vt -0.081098 0.650975
vt 0.831034 0.880284
vt 0.831034 0.925978
vt 0.843948 0.880284
vt 0.843948 0.925978
vt -0.007771 0.671700
vt -0.081098 0.671699
vt 0.831034 0.834590
vt 0.843948 0.834590
vt 0.855635 0.834590
vt 0.855635 0.880284
vt -0.007771 0.690454
vt -0.081098 0.690454
vt 0.855635 0.925978
vt -0.301079 0.650975
vt -0.374406 0.650975
vt -0.227752 0.650975
vt -0.227752 0.671699
vt -0.301079 0.671700
vt -0.374406 0.671699
vt -0.154425 0.650975
vt -0.154425 0.671700
vt -0.154425 0.690454
vt -0.227752 0.690454
vt -0.301079 0.690454
vt -0.374406 0.690454
vt -0.594387 0.650975
vt -0.667714 0.650975
vt -0.521060 0.650975
vt -0.521060 0.671699
vt -0.594387 0.671700
vt -0.667715 0.671699
vt -0.447733 0.650975
vt -0.447733 0.671700
vt -0.447733 0.690454
vt -0.521060 0.690454
vt -0.594387 0.690454
vt -0.667714 0.690454
vt -0.887696 0.650975
vt -0.961023 0.650975
vt -0.814369 0.650975
vt -0.814369 0.671699
vt -0.887696 0.671700
vt -0.961023 0.671699
vt -0.741042 0.650975
vt -0.741042 0.671700
vt -0.741042 0.690454
vt -0.814369 0.690454
vt -0.887696 0.690454
vt -0.961023 0.690454
vt 0.831034 0.194874
vt 0.831034 0.240568
vt 0.831034 0.149180
vt 0.843948 0.149180
vt 0.843948 0.194874
vt 0.843948 0.240568
vt 0.831034 0.103486
vt 0.831034 0.057792
vt 0.843948 0.057792
vt 0.843948 0.103486
vt 0.855635 0.103486
vt 0.855635 0.149180
vt 0.855635 0.057792
vt 0.855635 0.194874
vt 0.855635 0.240568
vt 0.831034 0.377650
vt 0.831034 0.423344
vt 0.831034 0.331956
vt 0.843948 0.331956
vt 0.843948 0.377650
vt 0.843948 0.423344
vt 0.831034 0.286262
vt 0.843948 0.286262
vt 0.855635 0.286262
vt 0.855635 0.331956
vt 0.855635 0.377650
vt 0.855635 0.423344
vt 0.855635 0.560426
vt 0.843948 0.560426
vt 0.843948 0.514732
vt 0.855635 0.514732
vt 0.831034 0.560426
vt 0.831034 0.514732
vt 0.831034 0.469038
vt 0.843948 0.469038
vt 0.855635 0.469038
s 1
f 1/1/1 3313/2/2 3315/3/3 3314/4/4
f 3313/2/2 281/5/5 1107/6/6 3315/3/3
f 3315/3/3 1107/6/6 827/7/7 1108/8/8
f 3314/4/4 3315/3/3 1108/8/8 282/9/9
f 281/5/5 1109/10/10 3316/11/11 1107/6/6
f 1109/10/10 2/12/12 1110/13/13 3316/11/11
f 3316/11/11 1110/13/13 283/14/14 1111/15/15
f 1107/6/6 3316/11/11 1111/15/15 827/7/7
f 827/7/7 1111/15/15 3317/16/16 1112/17/17
f 1111/15/15 283/14/14 1113/18/18 3317/16/16
f 3317/16/16 1113/18/18 110/19/19 1114/20/20
f 1112/17/17 3317/16/16 1114/20/20 284/21/21
f 282/9/9 1108/8/8 3318/22/22 1115/23/23
f 1108/8/8 827/7/7 1112/17/17 3318/22/22
f 3318/22/22 1112/17/17 284/21/21 1116/24/24
f 1115/23/23 3318/22/22 1116/24/24 111/25/25
f 2/12/12 1117/26/26 3319/27/27 1110/13/13
f 1117/26/26 285/28/28 1118/29/29 3319/27/27
f 3319/27/27 1118/29/29 828/30/30 1119/31/31
f 1110/13/13 3319/27/27 1119/31/31 283/14/14
f 285/28/28 1120/32/32 3320/33/33 1118/29/29
f 1120/32/32 3/34/34 1121/35/35 3320/33/33
f 3320/33/33 1121/35/35 286/36/36 1122/37/37
f 1118/29/29 3320/33/33 1122/37/37 828/30/30
f 828/30/30 1122/37/37 3321/38/38 1123/39/39
f 1122/37/37 286/36/36 1124/40/40 3321/38/38
f 3321/38/38 1124/40/40 109/41/41 1125/42/42
f 1123/39/39 3321/38/38 1125/42/42 287/43/43
f 283/14/14 1119/31/31 3322/44/44 1113/18/18
f 1119/31/31 828/30/30 1123/39/39 3322/44/44
f 3322/44/44 1123/39/39 287/43/43 1126/45/45
f 1113/18/18 3322/44/44 1126/45/45 110/19/19
f 3/34/34 1127/46/46 3323/47/47 1121/35/35
f 1127/46/46 288/48/48 1128/49/49 3323/47/47
f 3323/47/47 1128/49/49 829/50/50 1129/51/51
f 1121/35/35 3323/47/47 1129/51/51 286/36/36
f 288/48/48 1130/52/52 3324/53/53 1128/49/49
f 1130/52/52 4/54/54 1131/55/55 3324/53/53
f 3324/53/53 1131/55/55 289/56/56 1132/57/57
f 1128/49/49 3324/53/53 1132/57/57 829/50/50
f 829/50/50 1132/57/57 3325/58/58 1133/59/59
f 1132/57/57 289/56/56 1134/60/60 3325/58/58
f 3325/58/58 1134/60/60 108/61/61 1135/62/62
f 1133/59/59 3325/58/58 1135/62/62 290/63/63
f 286/36/36 1129/51/51 3326/64/64 1124/40/40
f 1129/51/51 829/50/50 1133/59/59 3326/64/64
f 3326/64/64 1133/59/59 290/63/63 1136/65/65
f 1124/40/40 3326/64/64 1136/65/65 109/41/41
f 4/54/54 1137/66/66 3327/67/67 1131/55/55
f 1137/68/66 291/69/68 1138/70/69 3327/71/67
f 3327/71/67 1138/70/69 830/72/70 1139/73/71
f 1131/55/55 3327/67/67 1139/74/71 289/56/56
f 291/69/68 1140/75/72 3328/76/73 1138/70/69
f 1140/75/72 5/77/74 1141/78/75 3328/76/73
f 3328/76/73 1141/78/75 292/79/76 1142/80/77
f 1138/70/69 3328/76/73 1142/80/77 830/72/70
f 830/72/70 1142/80/77 3329/81/78 1143/82/79
f 1142/80/77 292/79/76 1144/83/80 3329/81/78
f 3329/81/78 1144/83/80 107/84/81 1145/85/82
f 1143/82/79 3329/81/78 1145/85/82 293/86/83
f 289/56/56 1139/74/71 3330/87/84 1134/60/60
f 1139/73/71 830/72/70 1143/82/79 3330/88/84
f 3330/88/84 1143/82/79 293/86/83 1146/89/85
f 1134/60/60 3330/87/84 1146/90/85 108/61/61
f 5/77/74 1147/91/86 3331/92/87 1141/78/75
f 1147/91/86 294/93/88 1148/94/89 3331/92/87
f 3331/92/87 1148/94/89 831/95/90 1149/96/91
f 1141/78/75 3331/92/87 1149/96/91 292/79/76
f 294/93/88 1150/97/92 3332/98/93 1148/94/89
f 1150/97/92 6/99/94 1151/100/95 3332/98/93
f 3332/98/93 1151/100/95 295/101/96 1152/102/97
f 1148/94/89 3332/98/93 1152/102/97 831/95/90
f 831/95/90 1152/102/97 3333/103/98 1153/104/99
f 1152/102/97 295/101/96 1154/105/100 3333/103/98
f 3333/103/98 1154/105/100 106/106/101 1155/107/102
f 1153/104/99 3333/103/98 1155/107/102 296/108/103
f 292/79/76 1149/96/91 3334/109/104 1144/83/80
f 1149/96/91 831/95/90 1153/104/99 3334/109/104
f 3334/109/104 1153/104/99 296/108/103 1156/110/105
f 1144/83/80 3334/109/104 1156/110/105 107/84/81
f 6/99/94 1157/111/106 3335/112/107 1151/100/95
f 1157/111/106 297/113/108 1158/114/109 3335/112/107
f 3335/112/107 1158/114/109 832/115/110 1159/116/111
f 1151/100/95 3335/112/107 1159/116/111 295/101/96
f 297/113/108 1160/117/112 3336/118/113 1158/114/109
f 1160/117/112 7/119/114 1161/120/115 3336/118/113
f 3336/118/113 1161/120/115 298/121/116 1162/122/117
f 1158/114/109 3336/118/113 1162/122/117 832/115/110
f 832/115/110 1162/122/117 3337/123/118 1163/124/119
f 1162/122/117 298/121/116 1164/125/120 3337/123/118
f 3337/123/118 1164/125/120 105/126/121 1165/127/122
f 1163/124/119 3337/123/118 1165/127/122 299/128/123
f 295/101/96 1159/116/111 3338/129/124 1154/105/100
f 1159/116/111 832/115/110 1163/124/119 3338/129/124
f 3338/129/124 1163/124/119 299/128/123 1166/130/125
f 1154/105/100 3338/129/124 1166/130/125 106/106/101
f 7/119/114 1167/131/126 3339/132/127 1161/120/115
f 1167/131/126 300/133/128 1168/134/129 3339/132/127
f 3339/132/127 1168/134/129 833/135/130 1169/136/131
f 1161/120/115 3339/132/127 1169/136/131 298/121/116
f 300/133/128 1170/137/132 3340/138/133 1168/134/129
f 1170/137/132 8/139/134 1171/140/135 3340/138/133
f 3340/138/133 1171/140/135 301/141/136 1172/142/137
f 1168/134/129 3340/138/133 1172/142/137 833/135/130
f 833/135/130 1172/142/137 3341/143/138 1173/144/139
f 1172/142/137 301/141/136 1174/145/140 3341/143/138
f 3341/143/138 1174/145/140 112/146/141 1175/147/142
f 1173/144/139 3341/143/138 1175/147/142 302/148/143
f 298/121/116 1169/136/131 3342/149/144 1164/125/120
f 1169/136/131 833/135/130 1173/144/139 3342/149/144
f 3342/149/144 1173/144/139 302/148/143 1176/150/145
f 1164/125/120 3342/149/144 1176/150/145 105/126/121
f 8/139/134 1177/151/146 3343/152/147 1171/140/135
f 1177/151/146 303/153/148 1178/154/149 3343/152/147
f 3343/152/147 1178/154/149 834/155/150 1179/156/151
f 1171/140/135 3343/152/147 1179/156/151 301/141/136
f 303/153/148 1180/157/152 3344/158/153 1178/154/149
f 1180/157/152 1/159/1 3314/160/4 3344/158/153
f 3344/158/153 3314/160/4 282/161/9 1181/162/154
f 1178/154/149 3344/158/153 1181/162/154 834/155/150
f 834/155/150 1181/162/154 3345/163/155 1182/164/156
f 1181/162/154 282/161/9 1115/165/23 3345/163/155
f 3345/163/155 1115/165/23 111/166/25 1183/167/157
f 1182/164/156 3345/163/155 1183/167/157 304/168/158
f 301/141/136 1179/156/151 3346/169/159 1174/145/140
f 1179/156/151 834/155/150 1182/164/156 3346/169/159
f 3346/169/159 1182/164/156 304/168/158 1184/170/160
f 1174/145/140 3346/169/159 1184/170/160 112/146/141
f 179/171/161 1185/172/162 3347/173/163 1186/174/164
f 1185/172/162 305/175/165 1187/176/166 3347/173/163
f 3347/173/163 1187/176/166 835/177/167 1188/178/168
f 1186/174/164 3347/173/163 1188/178/168 306/179/169
f 178/180/170 1189/181/171 3348/182/172 1190/183/173
f 1189/181/171 307/184/174 1191/185/175 3348/182/172
f 3348/182/172 1191/185/175 835/177/167 1187/176/166
f 1190/183/173 3348/182/172 1187/176/166 305/175/165
f 180/186/176 1192/187/177 3349/188/178 1193/189/179
f 1192/187/177 306/179/169 1188/178/168 3349/188/178
f 3349/188/178 1188/178/168 835/177/167 1191/185/175
f 1193/189/179 3349/188/178 1191/185/175 307/184/174
f 181/190/180 1194/191/181 3350/192/182 1195/193/183
f 1194/191/181 308/194/184 1196/195/185 3350/192/182
f 3350/192/182 1196/195/185 836/196/186 1197/197/187
f 1195/193/183 3350/192/182 1197/197/187 309/198/188
f 179/171/161 1186/174/164 3351/199/189 1198/200/190
f 1186/174/164 306/179/169 1199/201/191 3351/199/189
f 3351/199/189 1199/201/191 836/196/186 1196/195/185
f 1198/200/190 3351/199/189 1196/195/185 308/194/184
f 180/186/176 1200/202/192 3352/203/193 1192/187/177
f 1200/202/192 309/198/188 1197/197/187 3352/203/193
f 3352/203/193 1197/197/187 836/196/186 1199/201/191
f 1192/187/177 3352/203/193 1199/201/191 306/179/169
f 182/204/194 1201/205/195 3353/206/196 1202/207/197
f 1201/205/195 310/208/198 1203/209/199 3353/206/196
f 3353/206/196 1203/209/199 837/210/200 1204/211/201
f 1202/207/197 3353/206/196 1204/211/201 311/212/202
f 181/190/180 1195/193/183 3354/213/203 1205/214/204
f 1195/193/183 309/198/188 1206/215/205 3354/213/203
f 3354/213/203 1206/215/205 837/210/200 1203/209/199
f 1205/214/204 3354/213/203 1203/209/199 310/208/198
f 180/186/176 1207/216/206 3355/217/207 1200/202/192
f 1207/216/206 311/212/202 1204/211/201 3355/217/207
f 3355/217/207 1204/211/201 837/210/200 1206/215/205
f 1200/202/192 3355/217/207 1206/215/205 309/198/188
f 183/218/208 1208/219/209 3356/220/210 1209/221/211
f 1208/219/209 312/222/212 1210/223/213 3356/220/210
f 3356/220/210 1210/223/213 838/224/214 1211/225/215
f 1209/221/211 3356/220/210 1211/225/215 313/226/216
f 182/204/194 1202/207/197 3357/227/217 1212/228/218
f 1202/207/197 311/212/202 1213/229/219 3357/227/217
f 3357/227/217 1213/229/219 838/224/214 1210/223/213
f 1212/228/218 3357/227/217 1210/223/213 312/222/212
f 180/186/176 1214/230/220 3358/231/221 1207/216/206
f 1214/230/220 313/226/216 1211/225/215 3358/231/221
f 3358/231/221 1211/225/215 838/224/214 1213/229/219
f 1207/216/206 3358/231/221 1213/229/219 311/212/202
f 184/232/222 1215/233/223 3359/234/224 1216/235/225
f 1215/233/223 314/236/226 1217/237/227 3359/234/224
f 3359/234/224 1217/237/227 839/238/228 1218/239/229
f 1216/235/225 3359/234/224 1218/239/229 315/240/230
f 183/218/208 1209/221/211 3360/241/231 1219/242/232
f 1209/221/211 313/226/216 1220/243/233 3360/241/231
f 3360/241/231 1220/243/233 839/238/228 1217/237/227
f 1219/242/232 3360/241/231 1217/237/227 314/236/226
f 180/186/176 1221/244/234 3361/245/235 1214/230/220
f 1221/244/234 315/240/230 1218/239/229 3361/245/235
f 3361/245/235 1218/239/229 839/238/228 1220/243/233
f 1214/230/220 3361/245/235 1220/243/233 313/226/216
f 185/246/236 1222/247/237 3362/248/238 1223/249/239
f 1222/247/237 316/250/240 1224/251/241 3362/248/238
f 3362/248/238 1224/251/241 840/252/242 1225/253/243
f 1223/249/239 3362/248/238 1225/253/243 317/254/244
f 184/232/222 1216/235/225 3363/255/245 1226/256/246
f 1216/235/225 315/240/230 1227/257/247 3363/255/245
f 3363/255/245 1227/257/247 840/252/242 1224/251/241
f 1226/256/246 3363/255/245 1224/251/241 316/250/240
f 180/186/176 1228/258/248 3364/259/249 1221/244/234
f 1228/258/248 317/254/244 1225/253/243 3364/259/249
f 3364/259/249 1225/253/243 840/252/242 1227/257/247
f 1221/244/234 3364/259/249 1227/257/247 315/240/230
f 186/260/250 1229/261/251 3365/262/252 1230/263/253
f 1229/261/251 318/264/254 1231/265/255 3365/262/252
f 3365/262/252 1231/265/255 841/266/256 1232/267/257
f 1230/263/253 3365/262/252 1232/267/257 319/268/258
f 185/246/236 1223/249/239 3366/269/259 1233/270/260
f 1223/249/239 317/254/244 1234/271/261 3366/269/259
f 3366/269/259 1234/271/261 841/266/256 1231/265/255
f 1233/270/260 3366/269/259 1231/265/255 318/264/254
f 180/186/176 1235/272/262 3367/273/263 1228/258/248
f 1235/272/262 319/268/258 1232/267/257 3367/273/263
f 3367/273/263 1232/267/257 841/266/256 1234/271/261
f 1228/258/248 3367/273/263 1234/271/261 317/254/244
f 178/180/170 1236/274/264 3368/275/265 1189/181/171
f 1236/274/264 320/276/266 1237/277/267 3368/275/265
f 3368/275/265 1237/277/267 842/278/268 1238/279/269
f 1189/181/171 3368/275/265 1238/279/269 307/184/174
f 186/260/250 1230/263/253 3369/280/270 1239/281/271
f 1230/263/253 319/268/258 1240/282/272 3369/280/270
f 3369/280/270 1240/282/272 842/278/268 1237/277/267
f 1239/281/271 3369/280/270 1237/277/267 320/276/266
f 180/186/176 1193/189/179 3370/283/273 1235/272/262
f 1193/189/179 307/184/174 1238/279/269 3370/283/273
f 3370/283/273 1238/279/269 842/278/268 1240/282/272
f 1235/272/262 3370/283/273 1240/282/272 319/268/258
f 161/284/274 1241/285/275 3371/286/276 1242/287/277
f 1241/285/275 321/288/278 1243/289/279 3371/286/276
f 3371/286/276 1243/289/279 843/290/280 1244/291/281
f 1242/287/277 3371/286/276 1244/291/281 322/292/282
f 162/293/283 1245/294/284 3372/295/285 1246/296/286
f 1245/294/284 323/297/287 1247/298/288 3372/295/285
f 3372/295/285 1247/298/288 843/290/280 1243/289/279
f 1246/296/286 3372/295/285 1243/289/279 321/288/278
f 163/299/289 1248/300/290 3373/301/291 1249/302/292
f 1248/300/290 322/292/282 1244/291/281 3373/301/291
f 3373/301/291 1244/291/281 843/290/280 1247/298/288
f 1249/302/292 3373/301/291 1247/298/288 323/297/287
f 162/293/283 1250/303/293 3374/304/294 1245/294/284
f 1250/303/293 324/305/295 1251/306/296 3374/304/294
f 3374/304/294 1251/306/296 844/307/297 1252/308/298
f 1245/294/284 3374/304/294 1252/308/298 323/297/287
f 164/309/299 1253/310/300 3375/311/301 1254/312/302
f 1253/310/300 325/313/303 1255/314/304 3375/311/301
f 3375/311/301 1255/314/304 844/307/297 1251/306/296
f 1254/312/302 3375/311/301 1251/306/296 324/305/295
f 163/299/289 1249/302/292 3376/315/305 1256/316/306
f 1249/302/292 323/297/287 1252/308/298 3376/315/305
f 3376/315/305 1252/308/298 844/307/297 1255/314/304
f 1256/316/306 3376/315/305 1255/314/304 325/313/303
f 164/309/299 1257/317/307 3377/318/308 1253/310/300
f 1257/317/307 326/319/309 1258/320/310 3377/318/308
f 3377/318/308 1258/320/310 845/321/311 1259/322/312
f 1253/310/300 3377/318/308 1259/322/312 325/313/303
f 165/323/313 1260/324/314 3378/325/315 1261/326/316
f 1260/324/314 327/327/317 1262/328/318 3378/325/315
f 3378/325/315 1262/328/318 845/321/311 1258/320/310
f 1261/326/316 3378/325/315 1258/320/310 326/319/309
f 163/299/289 1256/316/306 3379/329/319 1263/330/320
f 1256/316/306 325/313/303 1259/322/312 3379/329/319
f 3379/329/319 1259/322/312 845/321/311 1262/328/318
f 1263/330/320 3379/329/319 1262/328/318 327/327/317
f 165/323/313 1264/331/321 3380/332/322 1260/324/314
f 1264/331/321 328/333/323 1265/334/324 3380/332/322
f 3380/332/322 1265/334/324 846/335/325 1266/336/326
f 1260/324/314 3380/332/322 1266/336/326 327/327/317
f 166/337/327 1267/338/328 3381/339/329 1268/340/330
f 1267/338/328 329/341/331 1269/342/332 3381/339/329
f 3381/339/329 1269/342/332 846/335/325 1265/334/324
f 1268/340/330 3381/339/329 1265/334/324 328/333/323
f 163/299/289 1263/330/320 3382/343/333 1270/344/334
f 1263/330/320 327/327/317 1266/336/326 3382/343/333
f 3382/343/333 1266/336/326 846/335/325 1269/342/332
f 1270/344/334 3382/343/333 1269/342/332 329/341/331
f 166/337/327 1271/345/335 3383/346/336 1267/338/328
f 1271/345/335 330/347/337 1272/348/338 3383/346/336
f 3383/346/336 1272/348/338 847/349/339 1273/350/340
f 1267/338/328 3383/346/336 1273/350/340 329/341/331
f 167/351/341 1274/352/342 3384/353/343 1275/354/344
f 1274/352/342 331/355/345 1276/356/346 3384/353/343
f 3384/353/343 1276/356/346 847/349/339 1272/348/338
f 1275/354/344 3384/353/343 1272/348/338 330/347/337
f 163/299/289 1270/344/334 3385/357/347 1277/358/348
f 1270/344/334 329/341/331 1273/350/340 3385/357/347
f 3385/357/347 1273/350/340 847/349/339 1276/356/346
f 1277/358/348 3385/357/347 1276/356/346 331/355/345
f 167/351/341 1278/359/349 3386/360/350 1274/352/342
f 1278/359/349 332/361/351 1279/362/352 3386/360/350
f 3386/360/350 1279/362/352 848/363/353 1280/364/354
f 1274/352/342 3386/360/350 1280/364/354 331/355/345
f 168/365/355 1281/366/356 3387/367/357 1282/368/358
f 1281/366/356 333/369/359 1283/370/360 3387/367/357
f 3387/367/357 1283/370/360 848/363/353 1279/362/352
f 1282/368/358 3387/367/357 1279/362/352 332/361/351
f 163/299/289 1277/358/348 3388/371/361 1284/372/362
f 1277/358/348 331/355/345 1280/364/354 3388/371/361
f 3388/371/361 1280/364/354 848/363/353 1283/370/360
f 1284/372/362 3388/371/361 1283/370/360 333/369/359
f 168/365/355 1285/373/363 3389/374/364 1281/366/356
f 1285/373/363 334/375/365 1286/376/366 3389/374/364
f 3389/374/364 1286/376/366 849/377/367 1287/378/368
f 1281/366/356 3389/374/364 1287/378/368 333/369/359
f 169/379/369 1288/380/370 3390/381/371 1289/382/372
f 1288/380/370 335/383/373 1290/384/374 3390/381/371
f 3390/381/371 1290/384/374 849/377/367 1286/376/366
f 1289/382/372 3390/381/371 1286/376/366 334/375/365
f 163/299/289 1284/372/362 3391/385/375 1291/386/376
f 1284/372/362 333/369/359 1287/378/368 3391/385/375
f 3391/385/375 1287/378/368 849/377/367 1290/384/374
f 1291/386/376 3391/385/375 1290/384/374 335/383/373
f 169/379/369 1292/387/377 3392/388/378 1288/380/370
f 1292/387/377 336/389/379 1293/390/380 3392/388/378
f 3392/388/378 1293/390/380 850/391/381 1294/392/382
f 1288/380/370 3392/388/378 1294/392/382 335/383/373
f 161/284/274 1242/287/277 3393/393/383 1295/394/384
f 1242/287/277 322/292/282 1296/395/385 3393/393/383
f 3393/393/383 1296/395/385 850/391/381 1293/390/380
f 1295/394/384 3393/393/383 1293/390/380 336/389/379
f 163/299/289 1291/386/376 3394/396/386 1248/300/290
f 1291/386/376 335/383/373 1294/392/382 3394/396/386
f 3394/396/386 1294/392/382 850/391/381 1296/395/385
f 1248/300/290 3394/396/386 1296/395/385 322/292/282
f 9/397/387 1297/398/388 3395/399/389 1298/400/390
f 1297/398/388 337/401/391 1299/402/392 3395/399/389
f 3395/399/389 1299/402/392 851/403/393 1300/404/394
f 1298/400/390 3395/399/389 1300/404/394 338/405/395
f 337/401/391 1301/406/396 3396/407/397 1299/402/392
f 1301/406/396 10/408/398 1302/409/399 3396/407/397
f 3396/407/397 1302/409/399 339/410/400 1303/411/401
f 1299/402/392 3396/407/397 1303/411/401 851/403/393
f 851/403/393 1303/411/401 3397/412/402 1304/413/403
f 1303/411/401 339/410/400 1305/414/404 3397/412/402
f 3397/412/402 1305/414/404 32/415/405 1306/416/406
f 1304/413/403 3397/412/402 1306/416/406 340/417/407
f 338/405/395 1300/404/394 3398/418/408 1307/419/409
f 1300/404/394 851/403/393 1304/413/403 3398/418/408
f 3398/418/408 1304/413/403 340/417/407 1308/420/410
f 1307/419/409 3398/418/408 1308/420/410 25/421/411
f 10/408/398 1309/422/412 3399/423/413 1302/409/399
f 1309/422/412 341/424/414 1310/425/415 3399/423/413
f 3399/423/413 1310/425/415 852/426/416 1311/427/417
f 1302/409/399 3399/423/413 1311/427/417 339/410/400
f 341/424/414 1312/428/418 3400/429/419 1310/425/415
f 1312/428/418 11/430/420 1313/431/421 3400/429/419
f 3400/429/419 1313/431/421 342/432/422 1314/433/423
f 1310/425/415 3400/429/419 1314/433/423 852/426/416
f 852/426/416 1314/433/423 3401/434/424 1315/435/425
f 1314/433/423 342/432/422 1316/436/426 3401/434/424
f 3401/434/424 1316/436/426 31/437/427 1317/438/428
f 1315/435/425 3401/434/424 1317/438/428 343/439/429
f 339/410/400 1311/427/417 3402/440/430 1305/414/404
f 1311/427/417 852/426/416 1315/435/425 3402/440/430
f 3402/440/430 1315/435/425 343/439/429 1318/441/431
f 1305/414/404 3402/440/430 1318/441/431 32/415/405
f 11/430/420 1319/442/432 3403/443/433 1313/431/421
f 1319/442/432 344/444/434 1320/445/435 3403/443/433
f 3403/443/433 1320/445/435 853/446/436 1321/447/437
f 1313/431/421 3403/443/433 1321/447/437 342/432/422
f 344/444/434 1322/448/438 3404/449/439 1320/445/435
f 1322/448/438 12/450/440 1323/451/441 3404/449/439
f 3404/449/439 1323/451/441 345/452/442 1324/453/443
f 1320/445/435 3404/449/439 1324/453/443 853/446/436
f 853/446/436 1324/453/443 3405/454/444 1325/455/445
f 1324/453/443 345/452/442 1326/456/446 3405/454/444
f 3405/454/444 1326/456/446 30/457/427 1327/458/447
f 1325/455/445 3405/454/444 1327/458/447 346/459/448
f 342/432/422 1321/447/437 3406/460/449 1316/436/426
f 1321/447/437 853/446/436 1325/455/445 3406/460/449
f 3406/460/449 1325/455/445 346/459/448 1328/461/450
f 1316/436/426 3406/460/449 1328/461/450 31/437/427
f 12/450/440 1329/462/451 3407/463/452 1323/451/441
f 1329/462/451 347/464/453 1330/465/454 3407/463/452
f 3407/463/452 1330/465/454 854/466/455 1331/467/456
f 1323/451/441 3407/463/452 1331/467/456 345/452/442
f 347/464/453 1332/468/457 3408/469/458 1330/465/454
f 1332/468/457 13/470/459 1333/471/460 3408/469/458
f 3408/469/458 1333/471/460 348/472/461 1334/473/462
f 1330/465/454 3408/469/458 1334/473/462 854/466/455
f 854/466/455 1334/473/462 3409/474/463 1335/475/464
f 1334/473/462 348/472/461 1336/476/465 3409/474/463
f 3409/474/463 1336/476/465 29/477/466 1337/478/467
f 1335/475/464 3409/474/463 1337/478/467 349/479/468
f 345/452/442 1331/467/456 3410/480/469 1326/456/446
f 1331/467/456 854/466/455 1335/475/464 3410/480/469
f 3410/480/469 1335/475/464 349/479/468 1338/481/470
f 1326/456/446 3410/480/469 1338/481/470 30/457/427
f 13/470/459 1339/482/471 3411/483/472 1333/471/460
f 1339/482/471 350/484/473 1340/485/474 3411/483/472
f 3411/483/472 1340/485/474 855/486/475 1341/487/476
f 1333/471/460 3411/483/472 1341/487/476 348/472/461
f 350/484/473 1342/488/477 3412/489/478 1340/485/474
f 1342/488/477 14/490/479 1343/491/480 3412/489/478
f 3412/489/478 1343/491/480 351/492/481 1344/493/482
f 1340/485/474 3412/489/478 1344/493/482 855/486/475
f 855/486/475 1344/493/482 3413/494/483 1345/495/484
f 1344/493/482 351/492/481 1346/496/485 3413/494/483
f 3413/494/483 1346/496/485 28/497/486 1347/498/487
f 1345/495/484 3413/494/483 1347/498/487 352/499/488
f 348/472/461 1341/487/476 3414/500/489 1336/476/465
f 1341/487/476 855/486/475 1345/495/484 3414/500/489
f 3414/500/489 1345/495/484 352/499/488 1348/501/490
f 1336/476/465 3414/500/489 1348/501/490 29/477/466
f 14/490/479 1349/502/491 3415/503/492 1343/491/480
f 1349/502/491 353/504/493 1350/505/494 3415/503/492
f 3415/503/492 1350/505/494 856/506/495 1351/507/496
f 1343/491/480 3415/503/492 1351/507/496 351/492/481
f 353/504/493 1352/508/497 3416/509/498 1350/505/494
f 1352/508/497 15/510/499 1353/511/500 3416/509/498
f 3416/509/498 1353/511/500 354/512/501 1354/513/502
f 1350/505/494 3416/509/498 1354/513/502 856/506/495
f 856/506/495 1354/513/502 3417/514/503 1355/515/504
f 1354/513/502 354/512/501 1356/516/505 3417/514/503
f 3417/514/503 1356/516/505 27/517/506 1357/518/507
f 1355/515/504 3417/514/503 1357/518/507 355/519/508
f 351/492/481 1351/507/496 3418/520/509 1346/496/485
f 1351/507/496 856/506/495 1355/515/504 3418/520/509
f 3418/520/509 1355/515/504 355/519/508 1358/521/510
f 1346/496/485 3418/520/509 1358/521/510 28/497/486
f 15/510/499 1359/522/511 3419/523/512 1353/511/500
f 1359/522/511 356/524/513 1360/525/514 3419/523/512
f 3419/523/512 1360/525/514 857/526/515 1361/527/516
f 1353/511/500 3419/523/512 1361/527/516 354/512/501
f 356/524/513 1362/528/517 3420/529/518 1360/525/514
f 1362/528/517 16/530/519 1363/531/520 3420/529/518
f 3420/529/518 1363/531/520 357/532/521 1364/533/522
f 1360/525/514 3420/529/518 1364/533/522 857/526/515
f 857/526/515 1364/533/522 3421/534/523 1365/535/524
f 1364/533/522 357/532/521 1366/536/525 3421/534/523
f 3421/534/523 1366/536/525 26/537/526 1367/538/410
f 1365/535/524 3421/534/523 1367/538/410 358/539/468
f 354/512/501 1361/527/516 3422/540/527 1356/516/505
f 1361/527/516 857/526/515 1365/535/524 3422/540/527
f 3422/540/527 1365/535/524 358/539/468 1368/541/447
f 1356/516/505 3422/540/527 1368/541/447 27/517/506
f 26/537/526 1366/536/525 3423/542/528 1369/543/529
f 1366/536/525 357/532/521 1370/544/530 3423/542/528
f 3423/542/528 1370/544/530 858/545/531 1371/546/532
f 1369/543/529 3423/542/528 1371/546/532 359/547/490
f 357/532/521 1363/531/520 3424/548/533 1370/544/530
f 1363/531/520 16/530/519 1372/549/534 3424/548/533
f 3424/548/533 1372/549/534 360/550/535 1373/551/536
f 1370/544/530 3424/548/533 1373/551/536 858/545/531
f 858/545/531 1373/551/536 3425/552/537 1374/553/538
f 1373/551/536 360/550/535 1375/554/539 3425/552/537
f 3425/552/537 1375/554/539 9/397/387 1298/400/390
f 1374/553/538 3425/552/537 1298/400/390 338/405/395
f 359/547/490 1371/546/532 3426/555/540 1376/556/541
f 1371/546/532 858/545/531 1374/553/538 3426/555/540
f 3426/555/540 1374/553/538 338/405/395 1307/419/409
f 1376/556/541 3426/555/540 1307/419/409 25/421/411
f 34/557/542 1377/558/543 3427/559/544 1378/560/545
f 1377/558/543 361/561/411 1379/562/546 3427/559/544
f 3427/559/544 1379/562/546 859/563/547 1380/564/548
f 1378/560/545 3427/559/544 1380/564/548 362/565/549
f 361/561/411 1381/566/550 3428/567/551 1379/562/546
f 1381/566/550 33/568/552 1382/569/553 3428/567/551
f 3428/567/551 1382/569/553 363/570/554 1383/571/555
f 1379/562/546 3428/567/551 1383/571/555 859/563/547
f 859/563/547 1383/571/555 3429/572/556 1384/573/557
f 1383/571/555 363/570/554 1385/574/558 3429/572/556
f 3429/572/556 1385/574/558 144/575/559 1386/576/560
f 1384/573/557 3429/572/556 1386/576/560 364/577/561
f 362/565/549 1380/564/548 3430/578/562 1387/579/563
f 1380/564/548 859/563/547 1384/573/557 3430/578/562
f 3430/578/562 1384/573/557 364/577/561 1388/580/564
f 1387/579/563 3430/578/562 1388/580/564 137/581/565
f 138/582/566 1389/583/567 3431/584/568 1390/585/569
f 1389/583/567 365/586/570 1391/587/571 3431/584/568
f 3431/584/568 1391/587/571 860/588/572 1392/589/573
f 1390/585/569 3431/584/568 1392/589/573 366/590/574
f 365/586/570 1393/591/575 3432/592/576 1391/587/571
f 1393/591/575 37/593/577 1394/594/578 3432/592/576
f 3432/592/576 1394/594/578 367/595/450 1395/596/555
f 1391/587/571 3432/592/576 1395/596/555 860/588/572
f 860/588/572 1395/596/555 3433/597/579 1396/598/580
f 1395/596/555 367/595/450 1397/599/581 3433/597/579
f 3433/597/579 1397/599/581 34/557/542 1378/560/545
f 1396/598/580 3433/597/579 1378/560/545 362/565/549
f 366/590/574 1392/589/573 3434/600/582 1398/601/583
f 1392/589/573 860/588/572 1396/598/580 3434/600/582
f 3434/600/582 1396/598/580 362/565/549 1387/579/563
f 1398/601/583 3434/600/582 1387/579/563 137/581/565
f 39/602/584 1399/603/585 3435/604/586 1400/605/587
f 1399/603/585 368/606/588 1401/607/589 3435/604/586
f 3435/604/586 1401/607/589 861/608/590 1402/609/591
f 1400/605/587 3435/604/586 1402/609/591 369/610/592
f 368/606/588 1403/611/593 3436/612/594 1401/607/589
f 1403/611/593 37/593/577 1393/591/575 3436/612/594
f 3436/612/594 1393/591/575 365/586/570 1404/613/595
f 1401/607/589 3436/612/594 1404/613/595 861/608/590
f 861/608/590 1404/613/595 3437/614/596 1405/615/597
f 1404/613/595 365/586/570 1389/583/567 3437/614/596
f 3437/614/596 1389/583/567 138/582/566 1406/616/598
f 1405/615/597 3437/614/596 1406/616/598 370/617/581
f 369/610/592 1402/609/591 3438/618/599 1407/619/600
f 1402/609/591 861/608/590 1405/615/597 3438/618/599
f 3438/618/599 1405/615/597 370/617/581 1408/620/601
f 1407/619/600 3438/618/599 1408/620/601 139/621/602
f 41/622/603 1409/623/604 3439/624/605 1410/625/606
f 1409/623/604 371/626/607 1411/627/608 3439/624/605
f 3439/624/605 1411/627/608 862/628/609 1412/629/610
f 1410/625/606 3439/624/605 1412/629/610 372/630/611
f 371/626/607 1413/631/612 3440/632/613 1411/627/608
f 1413/631/612 39/602/584 1400/605/587 3440/632/613
f 3440/632/613 1400/605/587 369/610/592 1414/633/614
f 1411/627/608 3440/632/613 1414/633/614 862/628/609
f 862/628/609 1414/633/614 3441/634/615 1415/635/616
f 1414/633/614 369/610/592 1407/619/600 3441/634/615
f 3441/634/615 1407/619/600 139/621/602 1416/636/617
f 1415/635/616 3441/634/615 1416/636/617 373/637/406
f 372/630/611 1412/629/610 3442/638/618 1417/639/619
f 1412/629/610 862/628/609 1415/635/616 3442/638/618
f 3442/638/618 1415/635/616 373/637/406 1418/640/550
f 1417/639/619 3442/638/618 1418/640/550 140/641/620
f 43/642/621 1419/643/622 3443/644/623 1420/645/624
f 1419/643/622 374/646/625 1421/647/626 3443/644/623
f 3443/644/623 1421/647/626 863/648/627 1422/649/628
f 1420/645/624 3443/644/623 1422/649/628 375/650/629
f 374/646/625 1423/651/630 3444/652/631 1421/647/626
f 1423/651/630 41/622/603 1410/625/606 3444/652/631
f 3444/652/631 1410/625/606 372/630/611 1424/653/632
f 1421/647/626 3444/652/631 1424/653/632 863/648/627
f 863/648/627 1424/653/632 3445/654/633 1425/655/634
f 1424/653/632 372/630/611 1417/639/619 3445/654/633
f 3445/654/633 1417/639/619 140/641/620 1426/656/635
f 1425/655/634 3445/654/633 1426/656/635 376/657/636
f 375/650/629 1422/649/628 3446/658/637 1427/659/638
f 1422/649/628 863/648/627 1425/655/634 3446/658/637
f 3446/658/637 1425/655/634 376/657/636 1428/660/639
f 1427/659/638 3446/658/637 1428/660/639 141/661/640
f 45/662/641 1429/663/642 3447/664/643 1430/665/644
f 1429/663/642 377/666/529 1431/667/645 3447/664/643
f 3447/664/643 1431/667/645 864/668/646 1432/669/647
f 1430/665/644 3447/664/643 1432/669/647 378/670/648
f 377/666/529 1433/671/490 3448/672/649 1431/667/645
f 1433/671/490 43/642/621 1420/645/624 3448/672/649
f 3448/672/649 1420/645/624 375/650/629 1434/673/650
f 1431/667/645 3448/672/649 1434/673/650 864/668/646
f 864/668/646 1434/673/650 3449/674/651 1435/675/652
f 1434/673/650 375/650/629 1427/659/638 3449/674/651
f 3449/674/651 1427/659/638 141/661/640 1436/676/653
f 1435/675/652 3449/674/651 1436/676/653 379/677/654
f 378/670/648 1432/669/647 3450/678/655 1437/679/656
f 1432/669/647 864/668/646 1435/675/652 3450/678/655
f 3450/678/655 1435/675/652 379/677/654 1438/680/657
f 1437/679/656 3450/678/655 1438/680/657 142/681/658
f 47/682/659 1439/683/660 3451/684/661 1440/685/662
f 1439/683/660 380/686/663 1441/687/664 3451/684/661
f 3451/684/661 1441/687/664 865/688/665 1442/689/666
f 1440/685/662 3451/684/661 1442/689/666 381/690/667
f 380/686/663 1443/691/668 3452/692/669 1441/687/664
f 1443/691/668 45/662/641 1430/665/644 3452/692/669
f 3452/692/669 1430/665/644 378/670/648 1444/693/670
f 1441/687/664 3452/692/669 1444/693/670 865/688/665
f 865/688/665 1444/693/670 3453/694/671 1445/695/672
f 1444/693/670 378/670/648 1437/679/656 3453/694/671
f 3453/694/671 1437/679/656 142/681/658 1446/696/673
f 1445/695/672 3453/694/671 1446/696/673 382/697/674
f 381/690/667 1442/689/666 3454/698/675 1447/699/676
f 1442/689/666 865/688/665 1445/695/672 3454/698/675
f 3454/698/675 1445/695/672 382/697/674 1448/700/677
f 1447/699/676 3454/698/675 1448/700/677 143/701/678
f 33/568/552 1449/702/679 3455/703/680 1382/569/553
f 1449/702/679 383/704/681 1450/705/682 3455/703/680
f 3455/703/680 1450/705/682 866/706/683 1451/707/684
f 1382/569/553 3455/703/680 1451/707/684 363/570/554
f 383/704/681 1452/708/685 3456/709/686 1450/705/682
f 1452/708/685 47/682/659 1440/685/662 3456/709/686
f 3456/709/686 1440/685/662 381/690/667 1453/710/687
f 1450/705/682 3456/709/686 1453/710/687 866/706/683
f 866/706/683 1453/710/687 3457/711/688 1454/712/689
f 1453/710/687 381/690/667 1447/699/676 3457/711/688
f 3457/711/688 1447/699/676 143/701/678 1455/713/690
f 1454/712/689 3457/711/688 1455/713/690 384/714/691
f 363/570/554 1451/707/684 3458/715/692 1385/574/558
f 1451/707/684 866/706/683 1454/712/689 3458/715/692
f 3458/715/692 1454/712/689 384/714/691 1456/716/693
f 1385/574/558 3458/715/692 1456/716/693 144/575/559
f 26/537/526 1369/543/529 3459/717/406 1457/718/552
f 1369/543/529 359/547/490 1458/719/450 3459/717/406
f 3459/717/406 1458/719/450 867/720/694 1459/721/695
f 1457/718/552 3459/717/406 1459/721/695 385/722/696
f 359/547/490 1376/556/541 3460/723/697 1458/719/450
f 1376/556/541 25/421/411 1460/724/602 3460/723/697
f 3460/723/697 1460/724/602 386/725/698 1461/726/699
f 1458/719/450 3460/723/697 1461/726/699 867/720/694
f 867/720/694 1461/726/699 3461/727/700 1462/728/701
f 1461/726/699 386/725/698 1463/729/702 3461/727/700
f 3461/730/700 1463/731/702 128/732/703 1464/733/704
f 1462/734/701 3461/730/700 1464/733/704 387/735/705
f 385/722/696 1459/721/695 3462/736/706 1465/737/707
f 1459/721/695 867/720/694 1462/728/701 3462/736/706
f 3462/738/706 1462/734/701 387/735/705 1466/739/708
f 1465/740/707 3462/738/706 1466/739/708 121/741/709
f 17/742/710 1467/743/711 3463/744/712 1468/745/713
f 1467/743/711 388/746/714 1469/747/715 3463/744/712
f 3463/744/712 1469/747/715 868/748/716 1470/749/717
f 1468/745/713 3463/744/712 1470/749/717 389/750/718
f 388/746/714 1471/751/719 3464/752/720 1469/747/715
f 1471/751/719 24/753/721 1472/754/722 3464/752/720
f 3464/752/720 1472/754/722 390/755/723 1473/756/724
f 1469/747/715 3464/752/720 1473/756/724 868/748/716
f 868/748/716 1473/756/724 3465/757/725 1474/758/726
f 1473/756/724 390/755/723 1475/759/727 3465/757/725
f 3465/757/725 1475/759/727 158/760/728 1476/761/729
f 1474/758/726 3465/757/725 1476/761/729 391/762/730
f 389/750/718 1470/749/717 3466/763/731 1477/764/732
f 1470/749/717 868/748/716 1474/758/726 3466/763/731
f 3466/763/731 1474/758/726 391/762/730 1478/765/733
f 1477/764/732 3466/763/731 1478/765/733 159/766/734
f 27/517/506 1368/541/447 3467/767/735 1479/768/736
f 1368/541/447 358/539/468 1480/769/737 3467/767/735
f 3467/767/735 1480/769/737 869/770/738 1481/771/739
f 1479/768/736 3467/767/735 1481/771/739 392/772/740
f 358/539/468 1367/538/410 3468/773/741 1480/769/737
f 1367/538/410 26/537/526 1457/718/552 3468/773/741
f 3468/773/741 1457/718/552 385/722/696 1482/774/742
f 1480/769/737 3468/773/741 1482/774/742 869/770/738
f 869/770/738 1482/774/742 3469/775/743 1483/776/744
f 1482/774/742 385/722/696 1465/737/707 3469/775/743
f 3469/777/743 1465/740/707 121/741/709 1484/778/745
f 1483/779/744 3469/777/743 1484/778/745 393/780/746
f 392/772/740 1481/771/739 3470/781/747 1485/782/748
f 1481/771/739 869/770/738 1483/776/744 3470/781/747
f 3470/783/747 1483/779/744 393/780/746 1486/784/749
f 1485/785/748 3470/783/747 1486/784/749 122/786/750
f 24/753/721 1487/787/751 3471/788/752 1472/754/722
f 1487/787/751 394/789/753 1488/790/754 3471/788/752
f 3471/788/752 1488/790/754 870/791/755 1489/792/756
f 1472/754/722 3471/788/752 1489/792/756 390/755/723
f 394/789/753 1490/793/757 3472/794/758 1488/790/754
f 1490/793/757 23/795/759 1491/796/760 3472/794/758
f 3472/794/758 1491/796/760 395/797/761 1492/798/762
f 1488/790/754 3472/794/758 1492/798/762 870/791/755
f 870/791/755 1492/798/762 3473/799/763 1493/800/764
f 1492/798/762 395/797/761 1494/801/765 3473/799/763
f 3473/799/763 1494/801/765 157/802/766 1495/803/767
f 1493/800/764 3473/799/763 1495/803/767 396/804/768
f 390/755/723 1489/792/756 3474/805/769 1475/759/727
f 1489/792/756 870/791/755 1493/800/764 3474/805/769
f 3474/805/769 1493/800/764 396/804/768 1496/806/770
f 1475/759/727 3474/805/769 1496/806/770 158/760/728
f 28/497/486 1358/521/510 3475/807/771 1497/808/772
f 1358/521/510 355/519/508 1498/809/773 3475/807/771
f 3475/807/771 1498/809/773 871/810/774 1499/811/775
f 1497/808/772 3475/807/771 1499/811/775 397/812/776
f 355/519/508 1357/518/507 3476/813/777 1498/809/773
f 1357/518/507 27/517/506 1479/768/736 3476/813/777
f 3476/813/777 1479/768/736 392/772/740 1500/814/778
f 1498/809/773 3476/813/777 1500/814/778 871/810/774
f 871/810/774 1500/814/778 3477/815/779 1501/816/780
f 1500/814/778 392/772/740 1485/782/748 3477/815/779
f 3477/817/779 1485/785/748 122/786/750 1502/818/781
f 1501/819/780 3477/817/779 1502/818/781 398/820/782
f 397/812/776 1499/811/775 3478/821/783 1503/822/784
f 1499/811/775 871/810/774 1501/816/780 3478/821/783
f 3478/823/783 1501/819/780 398/820/782 1504/824/785
f 1503/825/784 3478/823/783 1504/824/785 123/826/786
f 23/795/759 1505/827/787 3479/828/788 1491/796/760
f 1505/827/787 399/829/789 1506/830/790 3479/828/788
f 3479/828/788 1506/830/790 872/831/791 1507/832/792
f 1491/796/760 3479/828/788 1507/832/792 395/797/761
f 399/829/789 1508/833/793 3480/834/794 1506/830/790
f 1508/833/793 22/835/795 1509/836/796 3480/834/794
f 3480/834/794 1509/836/796 400/837/797 1510/838/798
f 1506/830/790 3480/834/794 1510/838/798 872/831/791
f 872/831/791 1510/838/798 3481/839/799 1511/840/800
f 1510/838/798 400/837/797 1512/841/801 3481/839/799
f 3481/839/799 1512/841/801 156/842/802 1513/843/803
f 1511/840/800 3481/839/799 1513/843/803 401/844/804
f 395/797/761 1507/832/792 3482/845/805 1494/801/765
f 1507/832/792 872/831/791 1511/840/800 3482/845/805
f 3482/845/805 1511/840/800 401/844/804 1514/846/806
f 1494/801/765 3482/845/805 1514/846/806 157/802/766
f 29/477/466 1348/501/490 3483/847/807 1515/848/808
f 1348/501/490 352/499/488 1516/849/809 3483/847/807
f 3483/847/807 1516/849/809 873/850/810 1517/851/811
f 1515/848/808 3483/847/807 1517/851/811 402/852/812
f 352/499/488 1347/498/487 3484/853/813 1516/849/809
f 1347/498/487 28/497/486 1497/808/772 3484/853/813
f 3484/853/813 1497/808/772 397/812/776 1518/854/814
f 1516/849/809 3484/853/813 1518/854/814 873/850/810
f 873/850/810 1518/854/814 3485/855/815 1519/856/816
f 1518/854/814 397/812/776 1503/822/784 3485/855/815
f 3485/857/815 1503/858/784 123/859/786 1520/860/817
f 1519/861/816 3485/857/815 1520/860/817 403/862/818
f 402/852/812 1517/851/811 3486/863/819 1521/864/820
f 1517/851/811 873/850/810 1519/856/816 3486/863/819
f 3486/865/819 1519/861/816 403/862/818 1522/866/821
f 1521/867/820 3486/865/819 1522/866/821 124/868/822
f 22/869/795 1523/870/823 3487/871/824 1509/872/796
f 1523/870/823 404/873/825 1524/874/826 3487/871/824
f 3487/871/824 1524/874/826 874/875/827 1525/876/828
f 1509/872/796 3487/871/824 1525/876/828 400/877/797
f 404/873/825 1526/878/829 3488/879/830 1524/874/826
f 1526/878/829 21/880/831 1527/881/832 3488/879/830
f 3488/879/830 1527/881/832 405/882/833 1528/883/834
f 1524/874/826 3488/879/830 1528/883/834 874/875/827
f 874/875/827 1528/883/834 3489/884/835 1529/885/836
f 1528/883/834 405/882/833 1530/886/837 3489/884/835
f 3489/884/835 1530/886/837 155/887/838 1531/888/839
f 1529/885/836 3489/884/835 1531/888/839 406/889/840
f 400/877/797 1525/876/828 3490/890/841 1512/891/801
f 1525/876/828 874/875/827 1529/885/836 3490/890/841
f 3490/890/841 1529/885/836 406/889/840 1532/892/842
f 1512/891/801 3490/890/841 1532/892/842 156/893/802
f 30/457/427 1338/481/470 3491/894/843 1533/895/844
f 1338/481/470 349/479/468 1534/896/845 3491/894/843
f 3491/894/843 1534/896/845 875/897/846 1535/898/847
f 1533/895/844 3491/894/843 1535/898/847 407/899/848
f 349/479/468 1337/478/467 3492/900/849 1534/896/845
f 1337/478/467 29/477/466 1515/848/808 3492/900/849
f 3492/900/849 1515/848/808 402/852/812 1536/901/850
f 1534/896/845 3492/900/849 1536/901/850 875/897/846
f 875/897/846 1536/901/850 3493/902/851 1537/903/852
f 1536/901/850 402/852/812 1521/864/820 3493/902/851
f 3493/904/851 1521/867/820 124/868/822 1538/905/853
f 1537/906/852 3493/904/851 1538/905/853 408/907/854
f 407/899/848 1535/898/847 3494/908/855 1539/909/856
f 1535/898/847 875/897/846 1537/903/852 3494/908/855
f 3494/910/855 1537/906/852 408/907/854 1540/911/857
f 1539/912/856 3494/910/855 1540/911/857 125/913/858
f 21/880/831 1541/914/859 3495/915/860 1527/881/832
f 1541/914/859 409/916/861 1542/917/862 3495/915/860
f 3495/915/860 1542/917/862 876/918/863 1543/919/864
f 1527/881/832 3495/915/860 1543/919/864 405/882/833
f 409/916/861 1544/920/865 3496/921/866 1542/917/862
f 1544/920/865 20/922/867 1545/923/868 3496/921/866
f 3496/921/866 1545/923/868 410/924/869 1546/925/870
f 1542/917/862 3496/921/866 1546/925/870 876/918/863
f 876/918/863 1546/925/870 3497/926/871 1547/927/872
f 1546/925/870 410/924/869 1548/928/873 3497/926/871
f 3497/926/871 1548/928/873 154/929/874 1549/930/875
f 1547/927/872 3497/926/871 1549/930/875 411/931/876
f 405/882/833 1543/919/864 3498/932/877 1530/886/837
f 1543/919/864 876/918/863 1547/927/872 3498/932/877
f 3498/932/877 1547/927/872 411/931/876 1550/933/878
f 1530/886/837 3498/932/877 1550/933/878 155/887/838
f 31/437/427 1328/461/450 3499/934/879 1551/935/880
f 1328/461/450 346/459/448 1552/936/450 3499/934/879
f 3499/934/879 1552/936/450 877/937/881 1553/938/882
f 1551/935/880 3499/934/879 1553/938/882 412/939/883
f 346/459/448 1327/458/447 3500/940/621 1552/936/450
f 1327/458/447 30/457/427 1533/895/844 3500/940/621
f 3500/940/621 1533/895/844 407/899/848 1554/941/884
f 1552/936/450 3500/940/621 1554/941/884 877/937/881
f 877/937/881 1554/941/884 3501/942/885 1555/943/886
f 1554/941/884 407/899/848 1539/909/856 3501/942/885
f 3501/944/885 1539/912/856 125/913/858 1556/945/887
f 1555/946/886 3501/944/885 1556/945/887 413/947/888
f 412/939/883 1553/938/882 3502/948/889 1557/949/890
f 1553/938/882 877/937/881 1555/943/886 3502/948/889
f 3502/950/889 1555/946/886 413/947/888 1558/951/891
f 1557/952/890 3502/950/889 1558/951/891 126/953/892
f 20/922/867 1559/954/893 3503/955/894 1545/923/868
f 1559/954/893 414/956/895 1560/957/896 3503/955/894
f 3503/955/894 1560/957/896 878/958/897 1561/959/898
f 1545/923/868 3503/955/894 1561/959/898 410/924/869
f 414/956/895 1562/960/899 3504/961/900 1560/957/896
f 1562/960/899 19/962/901 1563/963/902 3504/961/900
f 3504/961/900 1563/963/902 415/964/903 1564/965/904
f 1560/957/896 3504/961/900 1564/965/904 878/958/897
f 878/958/897 1564/965/904 3505/966/905 1565/967/906
f 1564/965/904 415/964/903 1566/968/907 3505/966/905
f 3505/966/905 1566/968/907 153/969/908 1567/970/909
f 1565/967/906 3505/966/905 1567/970/909 416/971/910
f 410/924/869 1561/959/898 3506/972/911 1548/928/873
f 1561/959/898 878/958/897 1565/967/906 3506/972/911
f 3506/972/911 1565/967/906 416/971/910 1568/973/912
f 1548/928/873 3506/972/911 1568/973/912 154/929/874
f 32/415/405 1318/441/431 3507/974/913 1569/975/914
f 1318/441/431 343/439/429 1570/976/915 3507/974/913
f 3507/974/913 1570/976/915 879/977/916 1571/978/917
f 1569/975/914 3507/974/913 1571/978/917 417/979/410
f 343/439/429 1317/438/428 3508/980/918 1570/976/915
f 1317/438/428 31/437/427 1551/935/880 3508/980/918
f 3508/980/918 1551/935/880 412/939/883 1572/981/919
f 1570/976/915 3508/980/918 1572/981/919 879/977/916
f 879/977/916 1572/981/919 3509/982/920 1573/983/921
f 1572/981/919 412/939/883 1557/949/890 3509/982/920
f 3509/984/920 1557/952/890 126/953/892 1574/985/922
f 1573/986/921 3509/984/920 1574/985/922 418/987/923
f 417/979/410 1571/978/917 3510/988/924 1575/989/925
f 1571/978/917 879/977/916 1573/983/921 3510/988/924
f 3510/990/924 1573/986/921 418/987/923 1576/991/926
f 1575/992/925 3510/990/924 1576/991/926 127/993/927
f 19/962/901 1577/994/928 3511/995/929 1563/963/902
f 1577/994/928 419/996/930 1578/997/931 3511/995/929
f 3511/995/929 1578/997/931 880/998/932 1579/999/933
f 1563/963/902 3511/995/929 1579/999/933 415/964/903
f 419/996/930 1580/1000/934 3512/1001/935 1578/997/931
f 1580/1000/934 18/1002/936 1581/1003/937 3512/1001/935
f 3512/1001/935 1581/1003/937 420/1004/938 1582/1005/939
f 1578/997/931 3512/1001/935 1582/1005/939 880/998/932
f 880/998/932 1582/1005/939 3513/1006/940 1583/1007/941
f 1582/1005/939 420/1004/938 1584/1008/942 3513/1006/940
f 3513/1006/940 1584/1008/942 160/1009/943 1585/1010/944
f 1583/1007/941 3513/1006/940 1585/1010/944 421/1011/945
f 415/964/903 1579/999/933 3514/1012/946 1566/968/907
f 1579/999/933 880/998/932 1583/1007/941 3514/1012/946
f 3514/1012/946 1583/1007/941 421/1011/945 1586/1013/947
f 1566/968/907 3514/1012/946 1586/1013/947 153/969/908
f 25/421/411 1308/420/410 3515/1014/948 1460/724/602
f 1308/420/410 340/417/407 1587/1015/949 3515/1014/948
f 3515/1014/948 1587/1015/949 881/1016/950 1588/1017/951
f 1460/724/602 3515/1014/948 1588/1017/951 386/725/698
f 340/417/407 1306/416/406 3516/1018/600 1587/1015/949
f 1306/416/406 32/415/405 1569/975/914 3516/1018/600
f 3516/1018/600 1569/975/914 417/979/410 1589/1019/952
f 1587/1015/949 3516/1018/600 1589/1019/952 881/1016/950
f 881/1016/950 1589/1019/952 3517/1020/953 1590/1021/954
f 1589/1019/952 417/979/410 1575/989/925 3517/1020/953
f 3517/1022/953 1575/992/925 127/993/927 1591/1023/955
f 1590/1024/954 3517/1022/953 1591/1023/955 422/1025/956
f 386/725/698 1588/1017/951 3518/1026/957 1463/729/702
f 1588/1017/951 881/1016/950 1590/1021/954 3518/1026/957
f 3518/1027/957 1590/1024/954 422/1025/956 1592/1028/958
f 1463/731/702 3518/1027/957 1592/1028/958 128/732/703
f 18/1002/936 1593/1029/959 3519/1030/960 1581/1003/937
f 1593/1029/959 423/1031/961 1594/1032/962 3519/1030/960
f 3519/1030/960 1594/1032/962 882/1033/963 1595/1034/964
f 1581/1003/937 3519/1030/960 1595/1034/964 420/1004/938
f 423/1031/961 1596/1035/965 3520/1036/966 1594/1032/962
f 1596/1035/965 17/742/710 1468/745/713 3520/1036/966
f 3520/1036/966 1468/745/713 389/750/718 1597/1037/967
f 1594/1032/962 3520/1036/966 1597/1037/967 882/1033/963
f 882/1033/963 1597/1037/967 3521/1038/968 1598/1039/969
f 1597/1037/967 389/750/718 1477/764/732 3521/1038/968
f 3521/1038/968 1477/764/732 159/766/734 1599/1040/970
f 1598/1039/969 3521/1038/968 1599/1040/970 424/1041/971
f 420/1004/938 1595/1034/964 3522/1042/972 1584/1008/942
f 1595/1034/964 882/1033/963 1598/1039/969 3522/1042/972
f 3522/1042/972 1598/1039/969 424/1041/971 1600/1043/973
f 1584/1008/942 3522/1042/972 1600/1043/973 160/1009/943
f 2/1044/12 1109/1045/10 3523/1046/974 1601/1047/975
f 1109/1045/10 281/1048/5 1602/1049/976 3523/1046/974
f 3523/1046/974 1602/1049/976 883/1050/977 1603/1051/978
f 1601/1047/975 3523/1046/974 1603/1051/978 425/1052/979
f 281/1048/5 3313/1053/2 3524/1054/980 1602/1049/976
f 3313/1053/2 1/1055/1 1604/1056/981 3524/1054/980
f 3524/1054/980 1604/1056/981 426/1057/982 1605/1058/983
f 1602/1049/976 3524/1054/980 1605/1058/983 883/1050/977
f 883/1050/977 1605/1058/983 3525/1059/984 1606/1060/985
f 1605/1058/983 426/1057/982 1607/1061/986 3525/1059/984
f 3525/1059/984 1607/1061/986 191/1062/987 1608/1063/988
f 1606/1060/985 3525/1059/984 1608/1063/988 427/1064/989
f 425/1052/979 1603/1051/978 3526/1065/990 1609/1066/991
f 1603/1051/978 883/1050/977 1606/1060/985 3526/1065/990
f 3526/1065/990 1606/1060/985 427/1064/989 1610/1067/992
f 1609/1066/991 3526/1065/990 1610/1067/992 192/1068/993
f 3/1069/34 1120/1070/32 3527/1071/994 1611/1072/995
f 1120/1070/32 285/1073/28 1612/1074/996 3527/1071/994
f 3527/1071/994 1612/1074/996 884/1075/997 1613/1076/998
f 1611/1072/995 3527/1071/994 1613/1076/998 428/1077/999
f 285/1073/28 1117/1078/26 3528/1079/1000 1612/1074/996
f 1117/1078/26 2/1044/12 1601/1047/975 3528/1079/1000
f 3528/1079/1000 1601/1047/975 425/1052/979 1614/1080/1001
f 1612/1074/996 3528/1079/1000 1614/1080/1001 884/1075/997
f 884/1075/997 1614/1080/1001 3529/1081/1002 1615/1082/1003
f 1614/1080/1001 425/1052/979 1609/1066/991 3529/1081/1002
f 3529/1081/1002 1609/1066/991 192/1068/993 1616/1083/1004
f 1615/1082/1003 3529/1081/1002 1616/1083/1004 429/1084/1005
f 428/1077/999 1613/1076/998 3530/1085/1006 1617/1086/1007
f 1613/1076/998 884/1075/997 1615/1082/1003 3530/1085/1006
f 3530/1085/1006 1615/1082/1003 429/1084/1005 1618/1087/1008
f 1617/1086/1007 3530/1085/1006 1618/1087/1008 193/1088/1009
f 4/1089/54 1130/1090/52 3531/1091/1010 1619/1092/1011
f 1130/1090/52 288/1093/48 1620/1094/1012 3531/1091/1010
f 3531/1091/1010 1620/1094/1012 885/1095/1013 1621/1096/1014
f 1619/1092/1011 3531/1091/1010 1621/1096/1014 430/1097/1015
f 288/1093/48 1127/1098/46 3532/1099/1016 1620/1094/1012
f 1127/1098/46 3/1069/34 1611/1072/995 3532/1099/1016
f 3532/1099/1016 1611/1072/995 428/1077/999 1622/1100/1017
f 1620/1094/1012 3532/1099/1016 1622/1100/1017 885/1095/1013
f 885/1095/1013 1622/1100/1017 3533/1101/1018 1623/1102/1019
f 1622/1100/1017 428/1077/999 1617/1086/1007 3533/1101/1018
f 3533/1101/1018 1617/1086/1007 193/1088/1009 1624/1103/1020
f 1623/1102/1019 3533/1101/1018 1624/1103/1020 431/1104/1004
f 430/1097/1015 1621/1096/1014 3534/1105/1021 1625/1106/1022
f 1621/1096/1014 885/1095/1013 1623/1102/1019 3534/1105/1021
f 3534/1105/1021 1623/1102/1019 431/1104/1004 1626/1107/1023
f 1625/1106/1022 3534/1105/1021 1626/1107/1023 194/1108/1004
f 5/1109/74 1140/1110/72 3535/1111/1024 1627/1112/1025
f 1140/1110/72 291/1113/68 1628/1114/1026 3535/1111/1024
f 3535/1111/1024 1628/1114/1026 886/1115/1027 1629/1116/1028
f 1627/1112/1025 3535/1111/1024 1629/1116/1028 432/1117/1029
f 291/1113/68 1137/1118/66 3536/1119/1030 1628/1114/1026
f 1137/1118/66 4/1089/54 1619/1092/1011 3536/1119/1030
f 3536/1119/1030 1619/1092/1011 430/1097/1015 1630/1120/1031
f 1628/1114/1026 3536/1119/1030 1630/1120/1031 886/1115/1027
f 886/1115/1027 1630/1120/1031 3537/1121/1032 1631/1122/1033
f 1630/1120/1031 430/1097/1015 1625/1106/1022 3537/1121/1032
f 3537/1121/1032 1625/1106/1022 194/1108/1004 1632/1123/993
f 1631/1122/1033 3537/1121/1032 1632/1123/993 433/1124/1034
f 432/1117/1029 1629/1116/1028 3538/1125/1035 1633/1126/1036
f 1629/1116/1028 886/1115/1027 1631/1122/1033 3538/1125/1035
f 3538/1125/1035 1631/1122/1033 433/1124/1034 1634/1127/1037
f 1633/1126/1036 3538/1125/1035 1634/1127/1037 187/1128/1038
f 6/1129/94 1150/1130/92 3539/1131/1039 1635/1132/1040
f 1150/1130/92 294/1133/88 1636/1134/1041 3539/1131/1039
f 3539/1131/1039 1636/1134/1041 887/1135/1042 1637/1136/1043
f 1635/1132/1040 3539/1131/1039 1637/1136/1043 434/1137/1044
f 294/1133/88 1147/1138/86 3540/1139/1045 1636/1134/1041
f 1147/1138/86 5/1109/74 1627/1112/1025 3540/1139/1045
f 3540/1139/1045 1627/1112/1025 432/1117/1029 1638/1140/1046
f 1636/1134/1041 3540/1139/1045 1638/1140/1046 887/1135/1042
f 887/1135/1042 1638/1140/1046 3541/1141/1047 1639/1142/1048
f 1638/1140/1046 432/1117/1029 1633/1126/1036 3541/1141/1047
f 3541/1141/1047 1633/1126/1036 187/1128/1038 1640/1143/1049
f 1639/1142/1048 3541/1141/1047 1640/1143/1049 435/1144/1050
f 434/1137/1044 1637/1136/1043 3542/1145/1051 1641/1146/1052
f 1637/1136/1043 887/1135/1042 1639/1142/1048 3542/1145/1051
f 3542/1145/1051 1639/1142/1048 435/1144/1050 1642/1147/1053
f 1641/1146/1052 3542/1145/1051 1642/1147/1053 188/1148/1054
f 189/1149/1055 1643/1150/1056 3543/1151/1057 1644/1152/1058
f 1643/1150/1056 436/1153/1059 1645/1154/1060 3543/1151/1057
f 3543/1151/1057 1645/1154/1060 888/1155/1061 1646/1156/1062
f 1644/1152/1058 3543/1151/1057 1646/1156/1062 437/1157/1063
f 436/1153/1059 1647/1158/1064 3544/1159/1065 1645/1154/1060
f 1647/1158/1064 7/1160/114 1160/1161/112 3544/1159/1065
f 3544/1159/1065 1160/1161/112 297/1162/108 1648/1163/1066
f 1645/1154/1060 3544/1159/1065 1648/1163/1066 888/1155/1061
f 888/1155/1061 1648/1163/1066 3545/1164/1067 1649/1165/1068
f 1648/1163/1066 297/1162/108 1157/1166/106 3545/1164/1067
f 3545/1164/1067 1157/1166/106 6/1129/94 1635/1132/1040
f 1649/1165/1068 3545/1164/1067 1635/1132/1040 434/1137/1044
f 437/1157/1063 1646/1156/1062 3546/1167/1069 1650/1168/1070
f 1646/1156/1062 888/1155/1061 1649/1165/1068 3546/1167/1069
f 3546/1167/1069 1649/1165/1068 434/1137/1044 1641/1146/1052
f 1650/1168/1070 3546/1167/1069 1641/1146/1052 188/1148/1054
f 8/1169/134 1170/1170/132 3547/1171/1071 1651/1172/1072
f 1170/1170/132 300/1173/128 1652/1174/1073 3547/1171/1071
f 3547/1171/1071 1652/1174/1073 889/1175/1074 1653/1176/1075
f 1651/1172/1072 3547/1171/1071 1653/1176/1075 438/1177/1076
f 300/1173/128 1167/1178/126 3548/1179/1077 1652/1174/1073
f 1167/1178/126 7/1160/114 1647/1158/1064 3548/1179/1077
f 3548/1179/1077 1647/1158/1064 436/1153/1059 1654/1180/1078
f 1652/1174/1073 3548/1179/1077 1654/1180/1078 889/1175/1074
f 889/1175/1074 1654/1180/1078 3549/1181/1079 1655/1182/1080
f 1654/1180/1078 436/1153/1059 1643/1150/1056 3549/1181/1079
f 3549/1181/1079 1643/1150/1056 189/1149/1055 1656/1183/1081
f 1655/1182/1080 3549/1181/1079 1656/1183/1081 439/1184/1082
f 438/1177/1076 1653/1176/1075 3550/1185/1083 1657/1186/1084
f 1653/1176/1075 889/1175/1074 1655/1182/1080 3550/1185/1083
f 3550/1185/1083 1655/1182/1080 439/1184/1082 1658/1187/1085
f 1657/1186/1084 3550/1185/1083 1658/1187/1085 190/1188/1086
f 1/1055/1 1180/1189/152 3551/1190/1087 1604/1056/981
f 1180/1189/152 303/1191/148 1659/1192/1088 3551/1190/1087
f 3551/1190/1087 1659/1192/1088 890/1193/1089 1660/1194/1090
f 1604/1056/981 3551/1190/1087 1660/1194/1090 426/1057/982
f 303/1191/148 1177/1195/146 3552/1196/1091 1659/1192/1088
f 1177/1195/146 8/1169/134 1651/1172/1072 3552/1196/1091
f 3552/1196/1091 1651/1172/1072 438/1177/1076 1661/1197/1092
f 1659/1192/1088 3552/1196/1091 1661/1197/1092 890/1193/1089
f 890/1193/1089 1661/1197/1092 3553/1198/1093 1662/1199/1094
f 1661/1197/1092 438/1177/1076 1657/1186/1084 3553/1198/1093
f 3553/1198/1093 1657/1186/1084 190/1188/1086 1663/1200/1095
f 1662/1199/1094 3553/1198/1093 1663/1200/1095 440/1201/1096
f 426/1057/982 1660/1194/1090 3554/1202/1097 1607/1061/986
f 1660/1194/1090 890/1193/1089 1662/1199/1094 3554/1202/1097
f 3554/1202/1097 1662/1199/1094 440/1201/1096 1664/1203/1098
f 1607/1061/986 3554/1202/1097 1664/1203/1098 191/1062/987
f 66/1204/1099 1665/1205/1100 3555/1206/1101 1666/1207/1102
f 1665/1205/1100 441/1208/1103 1667/1209/1104 3555/1206/1101
f 3555/1206/1101 1667/1209/1104 891/1210/1105 1668/1211/1106
f 1666/1207/1102 3555/1206/1101 1668/1211/1106 442/1212/1107
f 441/1208/1103 1669/1213/1108 3556/1214/1109 1667/1209/1104
f 1669/1213/1108 65/1215/1110 1670/1216/1111 3556/1214/1109
f 3556/1214/1109 1670/1216/1111 443/1217/1112 1671/1218/1113
f 1667/1209/1104 3556/1214/1109 1671/1218/1113 891/1210/1105
f 891/1210/1105 1671/1218/1113 3557/1219/1114 1672/1220/1115
f 1671/1218/1113 443/1217/1112 1673/1221/1116 3557/1219/1114
f 3557/1219/1114 1673/1221/1116 215/1222/1117 1674/1223/1118
f 1672/1220/1115 3557/1219/1114 1674/1223/1118 444/1224/1037
f 442/1212/1107 1668/1211/1106 3558/1225/1119 1675/1226/1120
f 1668/1211/1106 891/1210/1105 1672/1220/1115 3558/1225/1119
f 3558/1225/1119 1672/1220/1115 444/1224/1037 1676/1227/1121
f 1675/1226/1120 3558/1225/1119 1676/1227/1121 216/1228/1122
f 69/1229/1123 1677/1230/1124 3559/1231/1125 1678/1232/1126
f 1677/1230/1124 445/1233/1127 1679/1234/1128 3559/1231/1125
f 3559/1231/1125 1679/1234/1128 892/1235/1129 1680/1236/1130
f 1678/1232/1126 3559/1231/1125 1680/1236/1130 446/1237/1131
f 445/1233/1127 1681/1238/1132 3560/1239/1133 1679/1234/1128
f 1681/1238/1132 66/1204/1099 1666/1207/1102 3560/1239/1133
f 3560/1239/1133 1666/1207/1102 442/1212/1107 1682/1240/1134
f 1679/1234/1128 3560/1239/1133 1682/1240/1134 892/1235/1129
f 892/1235/1129 1682/1240/1134 3561/1241/1135 1683/1242/1136
f 1682/1240/1134 442/1212/1107 1675/1226/1120 3561/1241/1135
f 3561/1241/1135 1675/1226/1120 216/1228/1122 1684/1243/1137
f 1683/1242/1136 3561/1241/1135 1684/1243/1137 447/1244/1138
f 446/1237/1131 1680/1236/1130 3562/1245/1139 1685/1246/1140
f 1680/1236/1130 892/1235/1129 1683/1242/1136 3562/1245/1139
f 3562/1245/1139 1683/1242/1136 447/1244/1138 1686/1247/1141
f 1685/1246/1140 3562/1245/1139 1686/1247/1141 217/1248/1034
f 71/1249/1142 1687/1250/1143 3563/1251/1144 1688/1252/1145
f 1687/1250/1143 448/1253/1146 1689/1254/1147 3563/1251/1144
f 3563/1251/1144 1689/1254/1147 893/1255/1148 1690/1256/1149
f 1688/1252/1145 3563/1251/1144 1690/1256/1149 449/1257/1150
f 448/1253/1146 1691/1258/1151 3564/1259/1152 1689/1254/1147
f 1691/1258/1151 69/1229/1123 1678/1232/1126 3564/1259/1152
f 3564/1259/1152 1678/1232/1126 446/1237/1131 1692/1260/1153
f 1689/1254/1147 3564/1259/1152 1692/1260/1153 893/1255/1148
f 893/1255/1148 1692/1260/1153 3565/1261/1154 1693/1262/1155
f 1692/1260/1153 446/1237/1131 1685/1246/1140 3565/1261/1154
f 3565/1261/1154 1685/1246/1140 217/1248/1034 1694/1263/1156
f 1693/1262/1155 3565/1261/1154 1694/1263/1156 450/1264/1134
f 449/1257/1150 1690/1256/1149 3566/1265/1157 1695/1266/1158
f 1690/1256/1149 893/1255/1148 1693/1262/1155 3566/1265/1157
f 3566/1265/1157 1693/1262/1155 450/1264/1134 1696/1267/1134
f 1695/1266/1158 3566/1265/1157 1696/1267/1134 218/1268/993
f 73/1269/1159 1697/1270/1160 3567/1271/1161 1698/1272/1162
f 1697/1270/1160 451/1273/1163 1699/1274/1164 3567/1271/1161
f 3567/1271/1161 1699/1274/1164 894/1275/1165 1700/1276/1166
f 1698/1272/1162 3567/1271/1161 1700/1276/1166 452/1277/1167
f 451/1273/1163 1701/1278/1168 3568/1279/1169 1699/1274/1164
f 1701/1278/1168 71/1249/1142 1688/1252/1145 3568/1279/1169
f 3568/1279/1169 1688/1252/1145 449/1257/1150 1702/1280/1170
f 1699/1274/1164 3568/1279/1169 1702/1280/1170 894/1275/1165
f 894/1275/1165 1702/1280/1170 3569/1281/1171 1703/1282/1172
f 1702/1280/1170 449/1257/1150 1695/1266/1158 3569/1281/1171
f 3569/1281/1171 1695/1266/1158 218/1268/993 1704/1283/1173
f 1703/1282/1172 3569/1281/1171 1704/1283/1173 453/1284/1174
f 452/1277/1167 1700/1276/1166 3570/1285/1175 1705/1286/1176
f 1700/1276/1166 894/1275/1165 1703/1282/1172 3570/1285/1175
f 3570/1285/1175 1703/1282/1172 453/1284/1174 1706/1287/1082
f 1705/1286/1176 3570/1285/1175 1706/1287/1082 211/1288/1177
f 75/1289/1178 1707/1290/1179 3571/1291/1180 1708/1292/1181
f 1707/1290/1179 454/1293/1182 1709/1294/1183 3571/1291/1180
f 3571/1291/1180 1709/1294/1183 895/1295/1184 1710/1296/1185
f 1708/1292/1181 3571/1291/1180 1710/1296/1185 455/1297/1186
f 454/1293/1182 1711/1298/1187 3572/1299/1188 1709/1294/1183
f 1711/1298/1187 73/1269/1159 1698/1272/1162 3572/1299/1188
f 3572/1299/1188 1698/1272/1162 452/1277/1167 1712/1300/1189
f 1709/1294/1183 3572/1299/1188 1712/1300/1189 895/1295/1184
f 895/1295/1184 1712/1300/1189 3573/1301/1190 1713/1302/1191
f 1712/1300/1189 452/1277/1167 1705/1286/1176 3573/1301/1190
f 3573/1301/1190 1705/1286/1176 211/1288/1177 1714/1303/1192
f 1713/1302/1191 3573/1301/1190 1714/1303/1192 456/1304/1193
f 455/1297/1186 1710/1296/1185 3574/1305/1194 1715/1306/1195
f 1710/1296/1185 895/1295/1184 1713/1302/1191 3574/1305/1194
f 3574/1305/1194 1713/1302/1191 456/1304/1193 1716/1307/1196
f 1715/1306/1195 3574/1305/1194 1716/1307/1196 212/1308/1197
f 77/1309/1198 1717/1310/1199 3575/1311/1200 1718/1312/1201
f 1717/1310/1199 457/1313/1202 1719/1314/1203 3575/1311/1200
f 3575/1311/1200 1719/1314/1203 896/1315/1204 1720/1316/1205
f 1718/1312/1201 3575/1311/1200 1720/1316/1205 458/1317/1206
f 457/1313/1202 1721/1318/1207 3576/1319/1208 1719/1314/1203
f 1721/1318/1207 75/1289/1178 1708/1292/1181 3576/1319/1208
f 3576/1319/1208 1708/1292/1181 455/1297/1186 1722/1320/1209
f 1719/1314/1203 3576/1319/1208 1722/1320/1209 896/1315/1204
f 896/1315/1204 1722/1320/1209 3577/1321/1210 1723/1322/1211
f 1722/1320/1209 455/1297/1186 1715/1306/1195 3577/1321/1210
f 3577/1321/1210 1715/1306/1195 212/1308/1197 1724/1323/1212
f 1723/1322/1211 3577/1321/1210 1724/1323/1212 459/1324/1213
f 458/1317/1206 1720/1316/1205 3578/1325/1214 1725/1326/1215
f 1720/1316/1205 896/1315/1204 1723/1322/1211 3578/1325/1214
f 3578/1325/1214 1723/1322/1211 459/1324/1213 1726/1327/1216
f 1725/1326/1215 3578/1325/1214 1726/1327/1216 213/1328/1114
f 214/1329/1217 1727/1330/1218 3579/1331/1196 1728/1332/993
f 1727/1330/1218 460/1333/1219 1729/1334/1220 3579/1331/1196
f 3579/1331/1196 1729/1334/1220 897/1335/1221 1730/1336/1222
f 1728/1332/993 3579/1331/1196 1730/1336/1222 461/1337/1157
f 460/1333/1219 1731/1338/1223 3580/1339/1224 1729/1334/1220
f 1731/1338/1223 79/1340/1225 1732/1341/1226 3580/1339/1224
f 3580/1339/1224 1732/1341/1226 462/1342/1227 1733/1343/1228
f 1729/1334/1220 3580/1339/1224 1733/1343/1228 897/1335/1221
f 897/1335/1221 1733/1343/1228 3581/1344/1229 1734/1345/1230
f 1733/1343/1228 462/1342/1227 1735/1346/1231 3581/1344/1229
f 3581/1344/1229 1735/1346/1231 77/1309/1198 1718/1312/1201
f 1734/1345/1230 3581/1344/1229 1718/1312/1201 458/1317/1206
f 461/1337/1157 1730/1336/1222 3582/1347/1232 1736/1348/993
f 1730/1336/1222 897/1335/1221 1734/1345/1230 3582/1347/1232
f 3582/1347/1232 1734/1345/1230 458/1317/1206 1725/1326/1215
f 1736/1348/993 3582/1347/1232 1725/1326/1215 213/1328/1114
f 65/1215/1110 1737/1349/1233 3583/1350/1234 1670/1216/1111
f 1737/1349/1233 463/1351/1235 1738/1352/1236 3583/1350/1234
f 3583/1350/1234 1738/1352/1236 898/1353/1237 1739/1354/1238
f 1670/1216/1111 3583/1350/1234 1739/1354/1238 443/1217/1112
f 463/1351/1235 1740/1355/1239 3584/1356/1240 1738/1352/1236
f 1740/1355/1239 79/1340/1225 1731/1338/1223 3584/1356/1240
f 3584/1356/1240 1731/1338/1223 460/1333/1219 1741/1357/1241
f 1738/1352/1236 3584/1356/1240 1741/1357/1241 898/1353/1237
f 898/1353/1237 1741/1357/1241 3585/1358/1242 1742/1359/1122
f 1741/1357/1241 460/1333/1219 1727/1330/1218 3585/1358/1242
f 3585/1358/1242 1727/1330/1218 214/1329/1217 1743/1360/1210
f 1742/1359/1122 3585/1358/1242 1743/1360/1210 464/1361/1157
f 443/1217/1112 1739/1354/1238 3586/1362/1243 1673/1221/1116
f 1739/1354/1238 898/1353/1237 1742/1359/1122 3586/1362/1243
f 3586/1362/1243 1742/1359/1122 464/1361/1157 1744/1363/1244
f 1673/1221/1116 3586/1362/1243 1744/1363/1244 215/1222/1117
f 58/1364/1245 1745/1365/1246 3587/1366/1247 1746/1367/1248
f 1745/1365/1246 465/1368/1249 1747/1369/1250 3587/1366/1247
f 3587/1366/1247 1747/1369/1250 899/1370/1251 1748/1371/1252
f 1746/1367/1248 3587/1366/1247 1748/1371/1252 466/1372/1253
f 465/1368/1249 1749/1373/1254 3588/1374/1255 1747/1369/1250
f 1749/1373/1254 57/1375/1256 1750/1376/1257 3588/1374/1255
f 3588/1374/1255 1750/1376/1257 467/1377/1258 1751/1378/1259
f 1747/1369/1250 3588/1374/1255 1751/1378/1259 899/1370/1251
f 899/1370/1251 1751/1378/1259 3589/1379/1260 1752/1380/1261
f 1751/1378/1259 467/1377/1258 1753/1381/1262 3589/1379/1260
f 3589/1379/1260 1753/1381/1262 199/1382/1263 1754/1383/1264
f 1752/1380/1261 3589/1379/1260 1754/1383/1264 468/1384/1265
f 466/1372/1253 1748/1371/1252 3590/1385/1266 1755/1386/1267
f 1748/1371/1252 899/1370/1251 1752/1380/1261 3590/1385/1266
f 3590/1385/1266 1752/1380/1261 468/1384/1265 1756/1387/1268
f 1755/1386/1267 3590/1385/1266 1756/1387/1268 200/1388/1269
f 49/1389/1270 1757/1390/1271 3591/1390/1272 1758/1389/1273
f 1757/1390/1271 469/1391/1274 1759/1391/1275 3591/1390/1272
f 3591/1390/1272 1759/1391/1275 900/1391/1276 1760/1390/1277
f 1758/1389/1273 3591/1390/1272 1760/1390/1277 470/1389/1278
f 469/1391/1274 1761/1392/1279 3592/1392/1280 1759/1391/1275
f 1761/1392/1279 50/1393/1281 1762/1393/1282 3592/1392/1280
f 3592/1392/1280 1762/1393/1282 471/1393/1283 1763/1392/1284
f 1759/1391/1275 3592/1392/1280 1763/1392/1284 900/1391/1276
f 900/1391/1276 1763/1392/1284 3593/1394/1285 1764/1395/1286
f 1763/1392/1284 471/1393/1283 1765/1393/1287 3593/1394/1285
f 3593/1394/1285 1765/1393/1287 228/1393/1288 1766/1394/1289
f 1764/1395/1286 3593/1394/1285 1766/1394/1289 472/1395/1290
f 470/1389/1278 1760/1390/1277 3594/1396/1291 1767/1389/1292
f 1760/1390/1277 900/1391/1276 1764/1395/1286 3594/1396/1291
f 3594/1396/1291 1764/1395/1286 472/1395/1290 1768/1396/1293
f 1767/1389/1292 3594/1396/1291 1768/1396/1293 229/1389/1294
f 59/1397/1295 1769/1398/1296 3595/1399/1297 1770/1400/1298
f 1769/1398/1296 473/1401/1299 1771/1402/1300 3595/1399/1297
f 3595/1399/1297 1771/1402/1300 901/1403/1301 1772/1404/1302
f 1770/1400/1298 3595/1399/1297 1772/1404/1302 474/1405/1303
f 473/1401/1299 1773/1406/1304 3596/1407/1305 1771/1402/1300
f 1773/1406/1304 58/1364/1245 1746/1367/1248 3596/1407/1305
f 3596/1407/1305 1746/1367/1248 466/1372/1253 1774/1408/1306
f 1771/1402/1300 3596/1407/1305 1774/1408/1306 901/1403/1301
f 901/1403/1301 1774/1408/1306 3597/1409/1307 1775/1410/1308
f 1774/1408/1306 466/1372/1253 1755/1386/1267 3597/1409/1307
f 3597/1409/1307 1755/1386/1267 200/1388/1269 1776/1411/1309
f 1775/1410/1308 3597/1409/1307 1776/1411/1309 475/1412/1310
f 474/1405/1303 1772/1404/1302 3598/1413/1311 1777/1414/1312
f 1772/1404/1302 901/1403/1301 1775/1410/1308 3598/1413/1311
f 3598/1413/1311 1775/1410/1308 475/1412/1310 1778/1415/1313
f 1777/1414/1312 3598/1413/1311 1778/1415/1313 201/1416/1314
f 50/1393/1281 1779/1417/1315 3599/1417/1316 1762/1393/1282
f 1779/1417/1315 476/1418/1317 1780/1418/1318 3599/1417/1316
f 3599/1417/1316 1780/1418/1318 902/1418/1319 1781/1417/1320
f 1762/1393/1282 3599/1417/1316 1781/1417/1320 471/1393/1283
f 476/1418/1317 1782/1419/1321 3600/1419/1322 1780/1418/1318
f 1782/1419/1321 51/1420/1323 1783/1420/1323 3600/1419/1322
f 3600/1419/1322 1783/1420/1323 477/1420/1324 1784/1419/1325
f 1780/1418/1318 3600/1419/1322 1784/1419/1325 902/1418/1319
f 902/1418/1319 1784/1419/1325 3601/1421/1326 1785/1422/1327
f 1784/1419/1325 477/1420/1324 1786/1420/1328 3601/1421/1326
f 3601/1421/1326 1786/1420/1328 227/1420/1329 1787/1423/1330
f 1785/1422/1327 3601/1421/1326 1787/1423/1330 478/1422/1331
f 471/1393/1283 1781/1417/1320 3602/1424/1332 1765/1393/1287
f 1781/1417/1320 902/1418/1319 1785/1422/1327 3602/1424/1332
f 3602/1424/1332 1785/1422/1327 478/1422/1331 1788/1424/1333
f 1765/1393/1287 3602/1424/1332 1788/1424/1333 228/1393/1288
f 60/1425/1334 1789/1426/1335 3603/1427/1336 1790/1428/1337
f 1789/1426/1335 479/1429/1338 1791/1430/1339 3603/1427/1336
f 3603/1427/1336 1791/1430/1339 903/1431/1340 1792/1432/1341
f 1790/1428/1337 3603/1427/1336 1792/1432/1341 480/1433/1342
f 479/1429/1338 1793/1434/1343 3604/1435/1344 1791/1430/1339
f 1793/1434/1343 59/1397/1295 1770/1400/1298 3604/1435/1344
f 3604/1435/1344 1770/1400/1298 474/1405/1303 1794/1436/1345
f 1791/1430/1339 3604/1435/1344 1794/1436/1345 903/1431/1340
f 903/1431/1340 1794/1436/1345 3605/1437/1346 1795/1438/1347
f 1794/1436/1345 474/1405/1303 1777/1414/1312 3605/1437/1346
f 3605/1437/1346 1777/1414/1312 201/1416/1314 1796/1439/1348
f 1795/1438/1347 3605/1437/1346 1796/1439/1348 481/1440/1349
f 480/1433/1342 1792/1432/1341 3606/1441/1350 1797/1442/1351
f 1792/1432/1341 903/1431/1340 1795/1438/1347 3606/1441/1350
f 3606/1441/1350 1795/1438/1347 481/1440/1349 1798/1443/1352
f 1797/1442/1351 3606/1441/1350 1798/1443/1352 202/1444/1353
f 234/1445/1354 1799/1446/1355 3607/1446/1356 1800/1445/1357
f 1799/1446/1355 482/1447/1358 1801/1447/1359 3607/1446/1356
f 3607/1446/1356 1801/1447/1359 904/1447/1360 1802/1446/1355
f 1800/1445/1357 3607/1446/1356 1802/1446/1355 483/1448/1361
f 482/1447/1358 1803/1449/1362 3608/1449/1363 1801/1447/1359
f 1803/1449/1362 227/1420/1329 1786/1420/1328 3608/1449/1363
f 3608/1449/1363 1786/1420/1328 477/1420/1324 1804/1450/1364
f 1801/1447/1359 3608/1449/1363 1804/1450/1364 904/1447/1360
f 904/1447/1360 1804/1450/1364 3609/1450/1365 1805/1447/1359
f 1804/1450/1364 477/1420/1324 1783/1420/1323 3609/1450/1365
f 3609/1450/1365 1783/1420/1323 51/1420/1323 1806/1450/1366
f 1805/1447/1359 3609/1450/1365 1806/1450/1366 484/1447/1367
f 483/1448/1361 1802/1446/1355 3610/1446/1368 1807/1448/1361
f 1802/1446/1355 904/1447/1360 1805/1447/1359 3610/1446/1368
f 3610/1446/1368 1805/1447/1359 484/1447/1367 1808/1446/1369
f 1807/1448/1361 3610/1446/1368 1808/1446/1369 52/1448/1370
f 61/1451/1371 1809/1452/1372 3611/1453/1373 1810/1454/1374
f 1809/1452/1372 485/1455/1375 1811/1456/1376 3611/1453/1373
f 3611/1453/1373 1811/1456/1376 905/1457/1377 1812/1458/1378
f 1810/1454/1374 3611/1453/1373 1812/1458/1378 486/1459/1379
f 485/1455/1375 1813/1460/1380 3612/1461/1381 1811/1456/1376
f 1813/1460/1380 60/1425/1334 1790/1428/1337 3612/1461/1381
f 3612/1461/1381 1790/1428/1337 480/1433/1342 1814/1462/1382
f 1811/1456/1376 3612/1461/1381 1814/1462/1382 905/1457/1377
f 905/1457/1377 1814/1462/1382 3613/1463/1383 1815/1464/1384
f 1814/1462/1382 480/1433/1342 1797/1442/1351 3613/1463/1383
f 3613/1463/1383 1797/1442/1351 202/1444/1353 1816/1465/1385
f 1815/1464/1384 3613/1463/1383 1816/1465/1385 487/1466/1386
f 486/1459/1379 1812/1458/1378 3614/1467/1387 1817/1468/1388
f 1812/1458/1378 905/1457/1377 1815/1464/1384 3614/1467/1387
f 3614/1467/1387 1815/1464/1384 487/1466/1386 1818/1469/1389
f 1817/1468/1388 3614/1467/1387 1818/1469/1389 195/1470/1390
f 52/1448/1370 1819/1471/1391 3615/1471/1392 1807/1448/1361
f 1819/1471/1391 488/1472/1393 1820/1472/1393 3615/1471/1392
f 3615/1471/1392 1820/1472/1393 906/1472/1394 1821/1471/1395
f 1807/1448/1361 3615/1471/1392 1821/1471/1395 483/1448/1361
f 488/1472/1393 1822/1473/1396 3616/1473/1397 1820/1472/1393
f 1822/1473/1396 53/1474/838 1823/1474/838 3616/1473/1397
f 3616/1473/1397 1823/1474/838 489/1474/838 1824/1473/1398
f 1820/1472/1393 3616/1473/1397 1824/1473/1398 906/1472/1394
f 906/1472/1394 1824/1473/1398 3617/1473/1399 1825/1472/1400
f 1824/1473/1398 489/1474/838 1826/1475/1401 3617/1473/1399
f 3617/1473/1399 1826/1475/1401 233/1474/1402 1827/1473/1403
f 1825/1472/1400 3617/1473/1399 1827/1473/1403 490/1476/1394
f 483/1448/1361 1821/1471/1395 3618/1477/1404 1800/1445/1357
f 1821/1471/1395 906/1472/1394 1825/1472/1400 3618/1477/1404
f 3618/1477/1404 1825/1472/1400 490/1476/1394 1828/1477/1405
f 1800/1445/1357 3618/1477/1404 1828/1477/1405 234/1445/1354
f 62/1478/1406 1829/1479/1407 3619/1480/1408 1830/1481/1409
f 1829/1479/1407 491/1482/1410 1831/1483/1411 3619/1480/1408
f 3619/1480/1408 1831/1483/1411 907/1484/1412 1832/1485/1413
f 1830/1481/1409 3619/1480/1408 1832/1485/1413 492/1486/1414
f 491/1482/1410 1833/1487/1415 3620/1488/1416 1831/1483/1411
f 1833/1487/1415 61/1451/1371 1810/1454/1374 3620/1488/1416
f 3620/1488/1416 1810/1454/1374 486/1459/1379 1834/1489/1417
f 1831/1483/1411 3620/1488/1416 1834/1489/1417 907/1484/1412
f 907/1484/1412 1834/1489/1417 3621/1490/1418 1835/1491/1419
f 1834/1489/1417 486/1459/1379 1817/1468/1388 3621/1490/1418
f 3621/1490/1418 1817/1468/1388 195/1470/1390 1836/1492/1420
f 1835/1491/1419 3621/1490/1418 1836/1492/1420 493/1493/1421
f 492/1486/1414 1832/1485/1413 3622/1494/1422 1837/1495/1423
f 1832/1485/1413 907/1484/1412 1835/1491/1419 3622/1494/1422
f 3622/1494/1422 1835/1491/1419 493/1493/1421 1838/1496/1424
f 1837/1495/1423 3622/1494/1422 1838/1496/1424 196/1497/1425
f 53/1474/838 1839/1498/1426 3623/1498/1427 1823/1474/838
f 1839/1498/1426 494/1499/1428 1840/1499/1429 3623/1498/1427
f 3623/1498/1427 1840/1499/1429 908/1499/1430 1841/1498/1431
f 1823/1474/838 3623/1498/1427 1841/1498/1431 489/1474/838
f 494/1499/1428 1842/1500/1432 3624/1500/1433 1840/1499/1429
f 1842/1500/1432 54/1501/1434 1843/1501/1435 3624/1500/1433
f 3624/1500/1433 1843/1501/1435 495/1501/1436 1844/1500/1437
f 1840/1499/1429 3624/1500/1433 1844/1500/1437 908/1499/1430
f 908/1499/1430 1844/1500/1437 3625/1500/1438 1845/1499/1439
f 1844/1500/1437 495/1501/1436 1846/1501/1440 3625/1500/1438
f 3625/1500/1438 1846/1501/1440 232/1502/1441 1847/1500/1442
f 1845/1499/1439 3625/1500/1438 1847/1500/1442 496/1499/1443
f 489/1474/838 1841/1498/1431 3626/1498/1444 1826/1475/1401
f 1841/1498/1431 908/1499/1430 1845/1499/1439 3626/1498/1444
f 3626/1498/1444 1845/1499/1439 496/1499/1443 1848/1498/1445
f 1826/1475/1401 3626/1498/1444 1848/1498/1445 233/1474/1402
f 197/1503/1446 1849/1504/1447 3627/1505/1448 1850/1506/1449
f 1849/1504/1447 497/1507/1450 1851/1508/1451 3627/1505/1448
f 3627/1505/1448 1851/1508/1451 909/1509/1452 1852/1510/1453
f 1850/1506/1449 3627/1505/1448 1852/1510/1453 498/1511/1454
f 497/1507/1450 1853/1512/1455 3628/1513/1456 1851/1508/1451
f 1853/1512/1455 63/1514/1457 1854/1515/1458 3628/1513/1456
f 3628/1513/1456 1854/1515/1458 499/1516/1459 1855/1517/1460
f 1851/1508/1451 3628/1513/1456 1855/1517/1460 909/1509/1452
f 909/1509/1452 1855/1517/1460 3629/1518/1461 1856/1519/1462
f 1855/1517/1460 499/1516/1459 1857/1520/1463 3629/1518/1461
f 3629/1518/1461 1857/1520/1463 62/1478/1406 1830/1481/1409
f 1856/1519/1462 3629/1518/1461 1830/1481/1409 492/1486/1414
f 498/1511/1454 1852/1510/1453 3630/1521/1464 1858/1522/1465
f 1852/1510/1453 909/1509/1452 1856/1519/1462 3630/1521/1464
f 3630/1521/1464 1856/1519/1462 492/1486/1414 1837/1495/1423
f 1858/1522/1465 3630/1521/1464 1837/1495/1423 196/1497/1425
f 54/1501/1434 1859/1523/1466 3631/1523/1467 1843/1501/1435
f 1859/1523/1466 500/1524/1468 1860/1524/804 3631/1523/1467
f 3631/1523/1467 1860/1524/804 910/1524/1469 1861/1525/1470
f 1843/1501/1435 3631/1523/1467 1861/1525/1470 495/1501/1436
f 500/1524/1468 1862/1526/1471 3632/1526/1472 1860/1524/804
f 1862/1526/1471 55/1527/1473 1863/1528/1474 3632/1526/1472
f 3632/1526/1472 1863/1528/1474 501/1527/1475 1864/1526/1476
f 1860/1524/804 3632/1526/1472 1864/1526/1476 910/1524/1469
f 910/1524/1469 1864/1526/1476 3633/1526/1477 1865/1529/1478
f 1864/1526/1476 501/1527/1475 1866/1527/1479 3633/1526/1477
f 3633/1526/1477 1866/1527/1479 231/1528/1480 1867/1526/1481
f 1865/1529/1478 3633/1526/1477 1867/1526/1481 502/1529/1482
f 495/1501/1436 1861/1525/1470 3634/1525/1483 1846/1501/1440
f 1861/1525/1470 910/1524/1469 1865/1529/1478 3634/1525/1483
f 3634/1525/1483 1865/1529/1478 502/1529/1482 1868/1525/1484
f 1846/1501/1440 3634/1525/1483 1868/1525/1484 232/1502/1441
f 64/1530/1485 1869/1531/1486 3635/1532/1487 1870/1533/1488
f 1869/1531/1486 503/1534/1489 1871/1535/1490 3635/1532/1487
f 3635/1532/1487 1871/1535/1490 911/1536/1491 1872/1537/1492
f 1870/1533/1488 3635/1532/1487 1872/1537/1492 504/1538/1493
f 503/1534/1489 1873/1539/1494 3636/1540/1495 1871/1535/1490
f 1873/1539/1494 63/1514/1457 1853/1512/1455 3636/1540/1495
f 3636/1540/1495 1853/1512/1455 497/1507/1450 1874/1541/1496
f 1871/1535/1490 3636/1540/1495 1874/1541/1496 911/1536/1491
f 911/1536/1491 1874/1541/1496 3637/1542/1497 1875/1543/1498
f 1874/1541/1496 497/1507/1450 1849/1504/1447 3637/1542/1497
f 3637/1542/1497 1849/1504/1447 197/1503/1446 1876/1544/1499
f 1875/1543/1498 3637/1542/1497 1876/1544/1499 505/1545/1500
f 504/1538/1493 1872/1537/1492 3638/1546/1501 1877/1547/1502
f 1872/1537/1492 911/1536/1491 1875/1543/1498 3638/1546/1501
f 3638/1546/1501 1875/1543/1498 505/1545/1500 1878/1548/1503
f 1877/1547/1502 3638/1546/1501 1878/1548/1503 198/1549/1504
f 55/1527/1473 1879/1550/1505 3639/1550/1506 1863/1528/1474
f 1879/1550/1505 506/1551/1507 1880/1551/1507 3639/1550/1506
f 3639/1550/1506 1880/1551/1507 912/1551/1508 1881/1550/1509
f 1863/1528/1474 3639/1550/1506 1881/1550/1509 501/1527/1475
f 506/1551/1507 1882/1552/1510 3640/1552/1511 1880/1551/1507
f 1882/1552/1510 56/1553/1512 1883/1553/728 3640/1552/1511
f 3640/1552/1511 1883/1553/728 507/1553/1513 1884/1552/1514
f 1880/1551/1507 3640/1552/1511 1884/1552/1514 912/1551/1508
f 912/1551/1508 1884/1552/1514 3641/1552/770 1885/1551/1515
f 1884/1552/1514 507/1553/1513 1886/1554/1516 3641/1552/770
f 3641/1552/770 1886/1554/1516 230/1554/1516 1887/1552/1517
f 1885/1551/1515 3641/1552/770 1887/1552/1517 508/1551/1518
f 501/1527/1475 1881/1550/1509 3642/1550/1519 1866/1527/1479
f 1881/1550/1509 912/1551/1508 1885/1551/1515 3642/1550/1519
f 3642/1550/1519 1885/1551/1515 508/1551/1518 1888/1550/767
f 1866/1527/1479 3642/1550/1519 1888/1550/767 231/1528/1480
f 57/1375/1256 1889/1555/1520 3643/1556/1521 1750/1376/1257
f 1889/1555/1520 509/1557/1522 1890/1558/1523 3643/1556/1521
f 3643/1556/1521 1890/1558/1523 913/1559/1524 1891/1560/1525
f 1750/1376/1257 3643/1556/1521 1891/1560/1525 467/1377/1258
f 509/1557/1522 1892/1561/1526 3644/1562/1527 1890/1558/1523
f 1892/1561/1526 64/1530/1485 1870/1533/1488 3644/1562/1527
f 3644/1562/1527 1870/1533/1488 504/1538/1493 1893/1563/1528
f 1890/1558/1523 3644/1562/1527 1893/1563/1528 913/1559/1524
f 913/1559/1524 1893/1563/1528 3645/1564/1529 1894/1565/1530
f 1893/1563/1528 504/1538/1493 1877/1547/1502 3645/1564/1529
f 3645/1564/1529 1877/1547/1502 198/1549/1504 1895/1566/1531
f 1894/1565/1530 3645/1564/1529 1895/1566/1531 510/1567/1532
f 467/1377/1258 1891/1560/1525 3646/1568/1533 1753/1381/1262
f 1891/1560/1525 913/1559/1524 1894/1565/1530 3646/1568/1533
f 3646/1568/1533 1894/1565/1530 510/1567/1532 1896/1569/1534
f 1753/1381/1262 3646/1568/1533 1896/1569/1534 199/1382/1263
f 56/1553/1512 1897/1570/1535 3647/1571/1536 1883/1553/728
f 1897/1570/1535 511/1572/1537 1898/1572/1538 3647/1571/1536
f 3647/1571/1536 1898/1572/1538 914/1573/1539 1899/1571/1540
f 1883/1553/728 3647/1571/1536 1899/1571/1540 507/1553/1513
f 511/1572/1537 1900/1574/1541 3648/1574/1542 1898/1572/1538
f 1900/1574/1541 49/1389/1270 1758/1389/1273 3648/1574/1542
f 3648/1574/1542 1758/1389/1273 470/1389/1278 1901/1574/1543
f 1898/1572/1538 3648/1574/1542 1901/1574/1543 914/1573/1539
f 914/1573/1539 1901/1574/1543 3649/1575/1542 1902/1576/1544
f 1901/1574/1543 470/1389/1278 1767/1389/1292 3649/1575/1542
f 3649/1575/1542 1767/1389/1292 229/1389/1294 1903/1575/1545
f 1902/1576/1544 3649/1575/1542 1903/1575/1545 512/1572/1546
f 507/1553/1513 1899/1571/1540 3650/1570/1547 1886/1554/1516
f 1899/1571/1540 914/1573/1539 1902/1576/1544 3650/1570/1547
f 3650/1570/1547 1902/1576/1544 512/1572/1546 1904/1570/1548
f 1886/1554/1516 3650/1570/1547 1904/1570/1548 230/1554/1516
f 82/1577/1549 1905/1578/1550 3651/1579/1551 1906/1580/1552
f 1905/1578/1550 513/1581/1553 1907/1582/1554 3651/1579/1551
f 3651/1579/1551 1907/1582/1554 915/1583/1555 1908/1584/1556
f 1906/1580/1552 3651/1579/1551 1908/1584/1556 514/1585/1557
f 513/1581/1553 1909/1586/1558 3652/1587/1559 1907/1582/1554
f 1909/1586/1558 81/1588/1560 1910/1589/1561 3652/1587/1559
f 3652/1587/1559 1910/1589/1561 515/1590/1562 1911/1591/1563
f 1907/1582/1554 3652/1587/1559 1911/1591/1563 915/1583/1555
f 915/1583/1555 1911/1591/1563 3653/1592/1564 1912/1593/1565
f 1911/1591/1563 515/1590/1562 1913/1594/1566 3653/1592/1564
f 3653/1592/1564 1913/1594/1566 89/1595/1567 1914/1596/1568
f 1912/1593/1565 3653/1592/1564 1914/1596/1568 516/1597/1569
f 514/1585/1557 1908/1584/1556 3654/1598/1570 1915/1599/1571
f 1908/1584/1556 915/1583/1555 1912/1593/1565 3654/1598/1570
f 3654/1598/1570 1912/1593/1565 516/1597/1569 1916/1600/1572
f 1915/1599/1571 3654/1598/1570 1916/1600/1572 90/1601/1573
f 83/1602/1574 1917/1603/1575 3655/1604/1576 1918/1605/1577
f 1917/1603/1575 517/1606/1578 1919/1607/1579 3655/1604/1576
f 3655/1604/1576 1919/1607/1579 916/1608/1580 1920/1609/1581
f 1918/1605/1577 3655/1604/1576 1920/1609/1581 518/1610/1582
f 517/1606/1578 1921/1611/1583 3656/1612/1584 1919/1607/1579
f 1921/1611/1583 82/1577/1549 1906/1580/1552 3656/1612/1584
f 3656/1612/1584 1906/1580/1552 514/1585/1557 1922/1613/1585
f 1919/1607/1579 3656/1612/1584 1922/1613/1585 916/1608/1580
f 916/1608/1580 1922/1613/1585 3657/1614/1586 1923/1615/1587
f 1922/1613/1585 514/1585/1557 1915/1599/1571 3657/1614/1586
f 3657/1614/1586 1915/1599/1571 90/1601/1573 1924/1616/1588
f 1923/1615/1587 3657/1614/1586 1924/1616/1588 519/1617/1589
f 518/1610/1582 1920/1609/1581 3658/1618/1590 1925/1619/1591
f 1920/1609/1581 916/1608/1580 1923/1615/1587 3658/1618/1590
f 3658/1618/1590 1923/1615/1587 519/1617/1589 1926/1620/1592
f 1925/1619/1591 3658/1618/1590 1926/1620/1592 91/1621/1593
f 84/1622/1594 1927/1623/1595 3659/1624/1596 1928/1625/1597
f 1927/1626/1595 520/1627/1598 1929/1628/1599 3659/1629/1596
f 3659/1629/1596 1929/1628/1599 917/1630/1600 1930/1631/1601
f 1928/1625/1597 3659/1624/1596 1930/1632/1601 521/1633/1602
f 520/1627/1598 1931/1634/1603 3660/1635/1604 1929/1628/1599
f 1931/1634/1603 83/1602/1574 1918/1605/1577 3660/1635/1604
f 3660/1635/1604 1918/1605/1577 518/1610/1582 1932/1636/1605
f 1929/1628/1599 3660/1635/1604 1932/1636/1605 917/1630/1600
f 917/1630/1600 1932/1636/1605 3661/1637/1606 1933/1638/1607
f 1932/1636/1605 518/1610/1582 1925/1619/1591 3661/1637/1606
f 3661/1637/1606 1925/1619/1591 91/1621/1593 1934/1639/1608
f 1933/1638/1607 3661/1637/1606 1934/1639/1608 522/1640/1609
f 521/1633/1602 1930/1632/1601 3662/1641/1610 1935/1642/1611
f 1930/1631/1601 917/1630/1600 1933/1638/1607 3662/1643/1610
f 3662/1643/1610 1933/1638/1607 522/1640/1609 1936/1644/1612
f 1935/1642/1611 3662/1641/1610 1936/1645/1612 92/1646/1613
f 85/1647/1614 1937/1648/1615 3663/1649/1616 1938/1650/1617
f 1937/1648/1615 523/1651/1618 1939/1652/1619 3663/1649/1616
f 3663/1649/1616 1939/1652/1619 918/1653/1620 1940/1654/1621
f 1938/1650/1617 3663/1649/1616 1940/1654/1621 524/1655/1622
f 523/1651/1618 1941/1656/1623 3664/1657/1624 1939/1652/1619
f 1941/1656/1623 84/1622/1594 1928/1625/1597 3664/1657/1624
f 3664/1657/1624 1928/1625/1597 521/1633/1602 1942/1658/1625
f 1939/1652/1619 3664/1657/1624 1942/1658/1625 918/1653/1620
f 918/1653/1620 1942/1658/1625 3665/1659/1626 1943/1660/1627
f 1942/1658/1625 521/1633/1602 1935/1642/1611 3665/1659/1626
f 3665/1659/1626 1935/1642/1611 92/1646/1613 1944/1661/1628
f 1943/1660/1627 3665/1659/1626 1944/1661/1628 525/1662/1629
f 524/1655/1622 1940/1654/1621 3666/1663/1630 1945/1664/1631
f 1940/1654/1621 918/1653/1620 1943/1660/1627 3666/1663/1630
f 3666/1663/1630 1943/1660/1627 525/1662/1629 1946/1665/1632
f 1945/1664/1631 3666/1663/1630 1946/1665/1632 93/1666/1633
f 86/1667/1634 1947/1668/1635 3667/1669/1636 1948/1670/1637
f 1947/1668/1635 526/1671/1638 1949/1672/1639 3667/1669/1636
f 3667/1669/1636 1949/1672/1639 919/1673/1640 1950/1674/1641
f 1948/1670/1637 3667/1669/1636 1950/1674/1641 527/1675/1642
f 526/1671/1638 1951/1676/1643 3668/1677/1644 1949/1672/1639
f 1951/1676/1643 85/1647/1614 1938/1650/1617 3668/1677/1644
f 3668/1677/1644 1938/1650/1617 524/1655/1622 1952/1678/1645
f 1949/1672/1639 3668/1677/1644 1952/1678/1645 919/1673/1640
f 919/1673/1640 1952/1678/1645 3669/1679/1646 1953/1680/1647
f 1952/1678/1645 524/1655/1622 1945/1664/1631 3669/1679/1646
f 3669/1679/1646 1945/1664/1631 93/1666/1633 1954/1681/1648
f 1953/1680/1647 3669/1679/1646 1954/1681/1648 528/1682/1649
f 527/1675/1642 1950/1674/1641 3670/1683/1650 1955/1684/1651
f 1950/1674/1641 919/1673/1640 1953/1680/1647 3670/1683/1650
f 3670/1683/1650 1953/1680/1647 528/1682/1649 1956/1685/1652
f 1955/1684/1651 3670/1683/1650 1956/1685/1652 94/1686/1653
f 87/1687/1654 1957/1688/1655 3671/1689/1656 1958/1690/1657
f 1957/1688/1655 529/1691/1658 1959/1692/1659 3671/1689/1656
f 3671/1689/1656 1959/1692/1659 920/1693/1660 1960/1694/1661
f 1958/1690/1657 3671/1689/1656 1960/1694/1661 530/1695/1662
f 529/1691/1658 1961/1696/1663 3672/1697/1664 1959/1692/1659
f 1961/1696/1663 86/1667/1634 1948/1670/1637 3672/1697/1664
f 3672/1697/1664 1948/1670/1637 527/1675/1642 1962/1698/1665
f 1959/1692/1659 3672/1697/1664 1962/1698/1665 920/1693/1660
f 920/1693/1660 1962/1698/1665 3673/1699/1666 1963/1700/1667
f 1962/1698/1665 527/1675/1642 1955/1684/1651 3673/1699/1666
f 3673/1699/1666 1955/1684/1651 94/1686/1653 1964/1701/1668
f 1963/1700/1667 3673/1699/1666 1964/1701/1668 531/1702/1669
f 530/1695/1662 1960/1694/1661 3674/1703/1670 1965/1704/1671
f 1960/1694/1661 920/1693/1660 1963/1700/1667 3674/1703/1670
f 3674/1703/1670 1963/1700/1667 531/1702/1669 1966/1705/1672
f 1965/1704/1671 3674/1703/1670 1966/1705/1672 95/1706/1673
f 88/1707/1674 1967/1708/1675 3675/1709/1676 1968/1710/1677
f 1967/1708/1675 532/1711/1678 1969/1712/1679 3675/1709/1676
f 3675/1709/1676 1969/1712/1679 921/1713/1680 1970/1714/1681
f 1968/1710/1677 3675/1709/1676 1970/1714/1681 533/1715/1682
f 532/1711/1678 1971/1716/1683 3676/1717/1684 1969/1712/1679
f 1971/1716/1683 87/1718/1654 1958/1719/1657 3676/1717/1684
f 3676/1717/1684 1958/1719/1657 530/1720/1662 1972/1721/1685
f 1969/1712/1679 3676/1717/1684 1972/1721/1685 921/1713/1680
f 921/1713/1680 1972/1721/1685 3677/1722/1686 1973/1723/1687
f 1972/1721/1685 530/1720/1662 1965/1724/1671 3677/1722/1686
f 3677/1722/1686 1965/1724/1671 95/1725/1673 1974/1726/1688
f 1973/1723/1687 3677/1722/1686 1974/1726/1688 534/1727/1689
f 533/1715/1682 1970/1714/1681 3678/1728/1690 1975/1729/1691
f 1970/1714/1681 921/1713/1680 1973/1723/1687 3678/1728/1690
f 3678/1728/1690 1973/1723/1687 534/1727/1689 1976/1730/1692
f 1975/1729/1691 3678/1728/1690 1976/1730/1692 96/1731/1693
f 81/1588/1560 1977/1732/1694 3679/1733/1695 1910/1589/1561
f 1977/1732/1694 535/1734/1696 1978/1735/1697 3679/1733/1695
f 3679/1733/1695 1978/1735/1697 922/1736/1698 1979/1737/1699
f 1910/1589/1561 3679/1733/1695 1979/1737/1699 515/1590/1562
f 535/1734/1696 1980/1738/1700 3680/1739/1701 1978/1735/1697
f 1980/1738/1700 88/1707/1674 1968/1710/1677 3680/1739/1701
f 3680/1739/1701 1968/1710/1677 533/1715/1682 1981/1740/1702
f 1978/1735/1697 3680/1739/1701 1981/1740/1702 922/1736/1698
f 922/1736/1698 1981/1740/1702 3681/1741/1703 1982/1742/1704
f 1981/1740/1702 533/1715/1682 1975/1729/1691 3681/1741/1703
f 3681/1741/1703 1975/1729/1691 96/1731/1693 1983/1743/1705
f 1982/1742/1704 3681/1741/1703 1983/1743/1705 536/1744/1706
f 515/1590/1562 1979/1737/1699 3682/1745/1707 1913/1594/1566
f 1979/1737/1699 922/1736/1698 1982/1742/1704 3682/1745/1707
f 3682/1745/1707 1982/1742/1704 536/1744/1706 1984/1746/1708
f 1913/1594/1566 3682/1745/1707 1984/1746/1708 89/1595/1567
f 90/1601/1573 1916/1600/1572 3683/1747/1709 1985/1748/1710
f 1916/1600/1572 516/1597/1569 1986/1749/1711 3683/1747/1709
f 3683/1747/1709 1986/1749/1711 923/1750/1712 1987/1751/1713
f 1985/1748/1710 3683/1747/1709 1987/1751/1713 537/1752/1714
f 516/1597/1569 1914/1596/1568 3684/1753/1715 1986/1749/1711
f 1914/1596/1568 89/1595/1567 1988/1754/1716 3684/1753/1715
f 3684/1753/1715 1988/1754/1716 538/1755/1717 1989/1756/1718
f 1986/1749/1711 3684/1753/1715 1989/1756/1718 923/1750/1712
f 923/1750/1712 1989/1756/1718 3685/1757/1719 1990/1758/1720
f 1989/1756/1718 538/1755/1717 1991/1759/1721 3685/1757/1719
f 3685/1757/1719 1991/1759/1721 15/1760/499 1352/1761/497
f 1990/1758/1720 3685/1757/1719 1352/1761/497 353/1762/493
f 537/1752/1714 1987/1751/1713 3686/1763/1722 1992/1764/1723
f 1987/1751/1713 923/1750/1712 1990/1758/1720 3686/1763/1722
f 3686/1763/1722 1990/1758/1720 353/1762/493 1349/1765/491
f 1992/1764/1723 3686/1763/1722 1349/1765/491 14/1766/479
f 91/1621/1593 1926/1620/1592 3687/1767/1724 1993/1768/1725
f 1926/1620/1592 519/1617/1589 1994/1769/1726 3687/1767/1724
f 3687/1767/1724 1994/1769/1726 924/1770/1727 1995/1771/1728
f 1993/1768/1725 3687/1767/1724 1995/1771/1728 539/1772/1729
f 519/1617/1589 1924/1616/1588 3688/1773/1730 1994/1769/1726
f 1924/1616/1588 90/1601/1573 1985/1748/1710 3688/1773/1730
f 3688/1773/1730 1985/1748/1710 537/1752/1714 1996/1774/1731
f 1994/1769/1726 3688/1773/1730 1996/1774/1731 924/1770/1727
f 924/1770/1727 1996/1774/1731 3689/1775/1732 1997/1776/1733
f 1996/1774/1731 537/1752/1714 1992/1764/1723 3689/1775/1732
f 3689/1775/1732 1992/1764/1723 14/1766/479 1342/1777/477
f 1997/1776/1733 3689/1775/1732 1342/1777/477 350/1778/473
f 539/1772/1729 1995/1771/1728 3690/1779/1734 1998/1780/1735
f 1995/1771/1728 924/1770/1727 1997/1776/1733 3690/1779/1734
f 3690/1779/1734 1997/1776/1733 350/1778/473 1339/1781/471
f 1998/1780/1735 3690/1779/1734 1339/1781/471 13/1782/459
f 92/1646/1613 1936/1645/1612 3691/1783/1736 1999/1784/1737
f 1936/1644/1612 522/1640/1609 2000/1785/1738 3691/1786/1736
f 3691/1786/1736 2000/1785/1738 925/1787/1739 2001/1788/1740
f 1999/1784/1737 3691/1783/1736 2001/1789/1740 540/1790/1741
f 522/1640/1609 1934/1639/1608 3692/1791/1742 2000/1785/1738
f 1934/1639/1608 91/1621/1593 1993/1768/1725 3692/1791/1742
f 3692/1791/1742 1993/1768/1725 539/1772/1729 2002/1792/1743
f 2000/1785/1738 3692/1791/1742 2002/1792/1743 925/1787/1739
f 925/1787/1739 2002/1792/1743 3693/1793/1744 2003/1794/1745
f 2002/1792/1743 539/1772/1729 1998/1780/1735 3693/1793/1744
f 3693/1793/1744 1998/1780/1735 13/1782/459 1332/1795/457
f 2003/1794/1745 3693/1793/1744 1332/1795/457 347/1796/453
f 540/1790/1741 2001/1789/1740 3694/1797/1746 2004/1798/1747
f 2001/1788/1740 925/1787/1739 2003/1794/1745 3694/1799/1746
f 3694/1799/1746 2003/1794/1745 347/1796/453 1329/1800/451
f 2004/1798/1747 3694/1797/1746 1329/1801/451 12/1802/440
f 93/1666/1633 1946/1665/1632 3695/1803/1748 2005/1804/1749
f 1946/1665/1632 525/1662/1629 2006/1805/1750 3695/1803/1748
f 3695/1803/1748 2006/1805/1750 926/1806/1751 2007/1807/1752
f 2005/1804/1749 3695/1803/1748 2007/1807/1752 541/1808/1753
f 525/1662/1629 1944/1661/1628 3696/1809/1754 2006/1805/1750
f 1944/1661/1628 92/1646/1613 1999/1784/1737 3696/1809/1754
f 3696/1809/1754 1999/1784/1737 540/1790/1741 2008/1810/1755
f 2006/1805/1750 3696/1809/1754 2008/1810/1755 926/1806/1751
f 926/1806/1751 2008/1810/1755 3697/1811/1756 2009/1812/1757
f 2008/1810/1755 540/1790/1741 2004/1798/1747 3697/1811/1756
f 3697/1811/1756 2004/1798/1747 12/1802/440 1322/1813/438
f 2009/1812/1757 3697/1811/1756 1322/1813/438 344/1814/434
f 541/1808/1753 2007/1807/1752 3698/1815/1758 2010/1816/1759
f 2007/1807/1752 926/1806/1751 2009/1812/1757 3698/1815/1758
f 3698/1815/1758 2009/1812/1757 344/1814/434 1319/1817/432
f 2010/1816/1759 3698/1815/1758 1319/1817/432 11/1818/420
f 94/1686/1653 1956/1685/1652 3699/1819/1760 2011/1820/1761
f 1956/1685/1652 528/1682/1649 2012/1821/1762 3699/1819/1760
f 3699/1819/1760 2012/1821/1762 927/1822/1763 2013/1823/1764
f 2011/1820/1761 3699/1819/1760 2013/1823/1764 542/1824/1765
f 528/1682/1649 1954/1681/1648 3700/1825/1766 2012/1821/1762
f 1954/1681/1648 93/1666/1633 2005/1804/1749 3700/1825/1766
f 3700/1825/1766 2005/1804/1749 541/1808/1753 2014/1826/1767
f 2012/1821/1762 3700/1825/1766 2014/1826/1767 927/1822/1763
f 927/1822/1763 2014/1826/1767 3701/1827/1768 2015/1828/1769
f 2014/1826/1767 541/1808/1753 2010/1816/1759 3701/1827/1768
f 3701/1827/1768 2010/1816/1759 11/1818/420 1312/1829/418
f 2015/1828/1769 3701/1827/1768 1312/1829/418 341/1830/414
f 542/1824/1765 2013/1823/1764 3702/1831/1770 2016/1832/1771
f 2013/1823/1764 927/1822/1763 2015/1828/1769 3702/1831/1770
f 3702/1831/1770 2015/1828/1769 341/1830/414 1309/1833/412
f 2016/1832/1771 3702/1831/1770 1309/1833/412 10/1834/398
f 95/1706/1673 1966/1705/1672 3703/1835/1772 2017/1836/1773
f 1966/1705/1672 531/1702/1669 2018/1837/1774 3703/1835/1772
f 3703/1835/1772 2018/1837/1774 928/1838/1775 2019/1839/1776
f 2017/1836/1773 3703/1835/1772 2019/1839/1776 543/1840/1777
f 531/1702/1669 1964/1701/1668 3704/1841/1778 2018/1837/1774
f 1964/1701/1668 94/1686/1653 2011/1820/1761 3704/1841/1778
f 3704/1841/1778 2011/1820/1761 542/1824/1765 2020/1842/1779
f 2018/1837/1774 3704/1841/1778 2020/1842/1779 928/1838/1775
f 928/1838/1775 2020/1842/1779 3705/1843/1780 2021/1844/1781
f 2020/1842/1779 542/1824/1765 2016/1832/1771 3705/1843/1780
f 3705/1843/1780 2016/1832/1771 10/1834/398 1301/1845/396
f 2021/1844/1781 3705/1843/1780 1301/1845/396 337/1846/391
f 543/1840/1777 2019/1839/1776 3706/1847/1782 2022/1848/1783
f 2019/1839/1776 928/1838/1775 2021/1844/1781 3706/1847/1782
f 3706/1847/1782 2021/1844/1781 337/1846/391 1297/1849/388
f 2022/1848/1783 3706/1847/1782 1297/1849/388 9/1850/387
f 96/1731/1693 1976/1730/1692 3707/1851/1784 2023/1852/1785
f 1976/1730/1692 534/1727/1689 2024/1853/1786 3707/1851/1784
f 3707/1851/1784 2024/1853/1786 929/1854/1787 2025/1855/1788
f 2023/1852/1785 3707/1851/1784 2025/1855/1788 544/1856/1789
f 534/1727/1689 1974/1726/1688 3708/1857/1790 2024/1853/1786
f 1974/1726/1688 95/1725/1673 2017/1858/1773 3708/1857/1790
f 3708/1857/1790 2017/1858/1773 543/1859/1777 2026/1860/1791
f 2024/1853/1786 3708/1857/1790 2026/1860/1791 929/1854/1787
f 929/1854/1787 2026/1860/1791 3709/1861/1792 2027/1862/1793
f 2026/1860/1791 543/1859/1777 2022/1863/1783 3709/1861/1792
f 3709/1861/1792 2022/1863/1783 9/1864/387 1375/1865/539
f 2027/1862/1793 3709/1861/1792 1375/1865/539 360/1866/535
f 544/1856/1789 2025/1855/1788 3710/1867/1794 2028/1868/1795
f 2025/1855/1788 929/1854/1787 2027/1862/1793 3710/1867/1794
f 3710/1867/1794 2027/1862/1793 360/1866/535 1372/1869/534
f 2028/1868/1795 3710/1867/1794 1372/1869/534 16/1870/519
f 89/1595/1567 1984/1746/1708 3711/1871/1796 1988/1754/1716
f 1984/1746/1708 536/1744/1706 2029/1872/1797 3711/1871/1796
f 3711/1871/1796 2029/1872/1797 930/1873/1798 2030/1874/1799
f 1988/1754/1716 3711/1871/1796 2030/1874/1799 538/1755/1717
f 536/1744/1706 1983/1743/1705 3712/1875/1800 2029/1872/1797
f 1983/1743/1705 96/1731/1693 2023/1852/1785 3712/1875/1800
f 3712/1875/1800 2023/1852/1785 544/1856/1789 2031/1876/1801
f 2029/1872/1797 3712/1875/1800 2031/1876/1801 930/1873/1798
f 930/1873/1798 2031/1876/1801 3713/1877/1802 2032/1878/1803
f 2031/1876/1801 544/1856/1789 2028/1868/1795 3713/1877/1802
f 3713/1877/1802 2028/1868/1795 16/1870/519 1362/1879/517
f 2032/1878/1803 3713/1877/1802 1362/1879/517 356/1880/513
f 538/1755/1717 2030/1874/1799 3714/1881/1804 1991/1759/1721
f 2030/1874/1799 930/1873/1798 2032/1878/1803 3714/1881/1804
f 3714/1881/1804 2032/1878/1803 356/1880/513 1359/1882/511
f 1991/1759/1721 3714/1881/1804 1359/1882/511 15/1760/499
f 266/1883/1805 2033/1884/1806 3715/1885/1807 2034/1886/1808
f 2033/1884/1806 545/1887/1809 2035/1888/1810 3715/1885/1807
f 3715/1885/1807 2035/1888/1810 931/1889/1811 2036/1890/1812
f 2034/1886/1808 3715/1885/1807 2036/1890/1812 546/1891/1813
f 545/1887/1809 2037/1892/1814 3716/1893/1815 2035/1888/1810
f 2037/1892/1814 259/1894/1816 2038/1895/1817 3716/1893/1815
f 3716/1893/1815 2038/1895/1817 547/1896/1818 2039/1897/1819
f 2035/1888/1810 3716/1893/1815 2039/1897/1819 931/1889/1811
f 931/1889/1811 2039/1897/1819 3717/1898/1820 2040/1899/1821
f 2039/1897/1819 547/1896/1818 2041/1900/1822 3717/1898/1820
f 3717/1898/1820 2041/1900/1822 98/1901/1823 2042/1902/1824
f 2040/1899/1821 3717/1898/1820 2042/1902/1824 548/1903/1825
f 546/1891/1813 2036/1890/1812 3718/1904/1826 2043/1905/1827
f 2036/1890/1812 931/1889/1811 2040/1899/1821 3718/1904/1826
f 3718/1904/1826 2040/1899/1821 548/1903/1825 2044/1906/1828
f 2043/1905/1827 3718/1904/1826 2044/1906/1828 97/1907/1829
f 99/1908/1830 2045/1909/1831 3719/1910/1832 2046/1911/1833
f 2045/1909/1831 549/1912/1834 2047/1913/1835 3719/1910/1832
f 3719/1910/1832 2047/1913/1835 932/1914/1836 2048/1915/1837
f 2046/1911/1833 3719/1910/1832 2048/1915/1837 550/1916/1838
f 549/1912/1834 2049/1917/1839 3720/1918/1840 2047/1913/1835
f 2049/1917/1839 98/1901/1823 2041/1900/1822 3720/1918/1840
f 3720/1918/1840 2041/1900/1822 547/1896/1818 2050/1919/1841
f 2047/1913/1835 3720/1918/1840 2050/1919/1841 932/1914/1836
f 932/1914/1836 2050/1919/1841 3721/1920/1842 2051/1921/1843
f 2050/1919/1841 547/1896/1818 2038/1895/1817 3721/1920/1842
f 3721/1920/1842 2038/1895/1817 259/1894/1816 2052/1922/1844
f 2051/1921/1843 3721/1920/1842 2052/1922/1844 551/1923/1845
f 550/1916/1838 2048/1915/1837 3722/1924/1846 2053/1925/1847
f 2048/1915/1837 932/1914/1836 2051/1921/1843 3722/1924/1846
f 3722/1924/1846 2051/1921/1843 551/1923/1845 2054/1926/1848
f 2053/1925/1847 3722/1924/1846 2054/1926/1848 260/1927/1849
f 100/1928/1850 2055/1929/1851 3723/1930/1852 2056/1931/1853
f 2055/1932/1851 552/1933/1854 2057/1934/1855 3723/1935/1852
f 3723/1935/1852 2057/1934/1855 933/1936/1856 2058/1937/1857
f 2056/1931/1853 3723/1930/1852 2058/1938/1857 553/1939/1858
f 552/1933/1854 2059/1940/1859 3724/1941/1860 2057/1934/1855
f 2059/1940/1859 99/1908/1830 2046/1911/1833 3724/1941/1860
f 3724/1941/1860 2046/1911/1833 550/1916/1838 2060/1942/1861
f 2057/1934/1855 3724/1941/1860 2060/1942/1861 933/1936/1856
f 933/1936/1856 2060/1942/1861 3725/1943/1862 2061/1944/1863
f 2060/1942/1861 550/1916/1838 2053/1925/1847 3725/1943/1862
f 3725/1943/1862 2053/1925/1847 260/1927/1849 2062/1945/1864
f 2061/1944/1863 3725/1943/1862 2062/1945/1864 554/1946/1865
f 553/1939/1858 2058/1938/1857 3726/1947/1866 2063/1948/1867
f 2058/1937/1857 933/1936/1856 2061/1944/1863 3726/1949/1866
f 3726/1949/1866 2061/1944/1863 554/1946/1865 2064/1950/1868
f 2063/1948/1867 3726/1947/1866 2064/1951/1868 261/1952/1516
f 101/1953/1869 2065/1954/1870 3727/1955/1871 2066/1956/1872
f 2065/1954/1870 555/1957/1873 2067/1958/1874 3727/1955/1871
f 3727/1955/1871 2067/1958/1874 934/1959/1875 2068/1960/1876
f 2066/1956/1872 3727/1955/1871 2068/1960/1876 556/1961/1877
f 555/1957/1873 2069/1962/1878 3728/1963/1879 2067/1958/1874
f 2069/1962/1878 100/1928/1850 2056/1931/1853 3728/1963/1879
f 3728/1963/1879 2056/1931/1853 553/1939/1858 2070/1964/1880
f 2067/1958/1874 3728/1963/1879 2070/1964/1880 934/1959/1875
f 934/1959/1875 2070/1964/1880 3729/1965/1881 2071/1966/1882
f 2070/1964/1880 553/1939/1858 2063/1948/1867 3729/1965/1881
f 3729/1965/1881 2063/1948/1867 261/1952/1516 2072/1967/1510
f 2071/1966/1882 3729/1965/1881 2072/1967/1510 557/1968/1883
f 556/1961/1877 2068/1960/1876 3730/1969/1884 2073/1970/1885
f 2068/1960/1876 934/1959/1875 2071/1966/1882 3730/1969/1884
f 3730/1969/1884 2071/1966/1882 557/1968/1883 2074/1971/1886
f 2073/1970/1885 3730/1969/1884 2074/1971/1886 262/1972/1887
f 102/1973/1888 2075/1974/1889 3731/1975/1890 2076/1976/1891
f 2075/1974/1889 558/1977/1892 2077/1978/1893 3731/1975/1890
f 3731/1975/1890 2077/1978/1893 935/1979/1894 2078/1980/1895
f 2076/1976/1891 3731/1975/1890 2078/1980/1895 559/1981/1896
f 558/1977/1892 2079/1982/1897 3732/1983/1898 2077/1978/1893
f 2079/1982/1897 101/1953/1869 2066/1956/1872 3732/1983/1898
f 3732/1983/1898 2066/1956/1872 556/1961/1877 2080/1984/1899
f 2077/1978/1893 3732/1983/1898 2080/1984/1899 935/1979/1894
f 935/1979/1894 2080/1984/1899 3733/1985/1900 2081/1986/1901
f 2080/1984/1899 556/1961/1877 2073/1970/1885 3733/1985/1900
f 3733/1985/1900 2073/1970/1885 262/1972/1887 2082/1987/1902
f 2081/1986/1901 3733/1985/1900 2082/1987/1902 560/1988/1903
f 559/1981/1896 2078/1980/1895 3734/1989/1904 2083/1990/1905
f 2078/1980/1895 935/1979/1894 2081/1986/1901 3734/1989/1904
f 3734/1989/1904 2081/1986/1901 560/1988/1903 2084/1991/1483
f 2083/1990/1905 3734/1989/1904 2084/1991/1483 263/1992/1906
f 103/1993/1907 2085/1994/1908 3735/1995/1909 2086/1996/1910
f 2085/1994/1908 561/1997/1911 2087/1998/1912 3735/1995/1909
f 3735/1995/1909 2087/1998/1912 936/1999/1913 2088/2000/1914
f 2086/1996/1910 3735/1995/1909 2088/2000/1914 562/2001/1915
f 561/1997/1911 2089/2002/1916 3736/2003/1917 2087/1998/1912
f 2089/2002/1916 102/1973/1888 2076/1976/1891 3736/2003/1917
f 3736/2003/1917 2076/1976/1891 559/1981/1896 2090/2004/1918
f 2087/1998/1912 3736/2003/1917 2090/2004/1918 936/1999/1913
f 936/1999/1913 2090/2004/1918 3737/2005/1919 2091/2006/1920
f 2090/2004/1918 559/1981/1896 2083/1990/1905 3737/2005/1919
f 3737/2005/1919 2083/1990/1905 263/1992/1906 2092/2007/1921
f 2091/2006/1920 3737/2005/1919 2092/2007/1921 563/2008/1922
f 562/2001/1915 2088/2000/1914 3738/2009/1923 2093/2010/1924
f 2088/2000/1914 936/1999/1913 2091/2006/1920 3738/2009/1923
f 3738/2009/1923 2091/2006/1920 563/2008/1922 2094/2011/1925
f 2093/2010/1924 3738/2009/1923 2094/2011/1925 264/2012/1926
f 104/2013/1927 2095/2014/1928 3739/2015/1929 2096/2016/1930
f 2095/2014/1928 564/2017/1931 2097/2018/1932 3739/2015/1929
f 3739/2015/1929 2097/2018/1932 937/2019/1933 2098/2020/1934
f 2096/2016/1930 3739/2015/1929 2098/2020/1934 565/2021/1935
f 564/2017/1931 2099/2022/1936 3740/2023/1937 2097/2018/1932
f 2099/2022/1936 103/2024/1907 2086/2025/1910 3740/2023/1937
f 3740/2023/1937 2086/2025/1910 562/2026/1915 2100/2027/1938
f 2097/2018/1932 3740/2023/1937 2100/2027/1938 937/2019/1933
f 937/2019/1933 2100/2027/1938 3741/2028/1939 2101/2029/1940
f 2100/2027/1938 562/2026/1915 2093/2030/1924 3741/2028/1939
f 3741/2028/1939 2093/2030/1924 264/2031/1926 2102/2032/1941
f 2101/2029/1940 3741/2028/1939 2102/2032/1941 566/2033/1942
f 565/2021/1935 2098/2020/1934 3742/2034/1943 2103/2035/1944
f 2098/2020/1934 937/2019/1933 2101/2029/1940 3742/2034/1943
f 3742/2034/1943 2101/2029/1940 566/2033/1942 2104/2036/1945
f 2103/2035/1944 3742/2034/1943 2104/2036/1945 265/2037/1946
f 97/1907/1829 2105/2038/1947 3743/2039/1948 2043/1905/1827
f 2105/2038/1947 567/2040/1949 2106/2041/1950 3743/2039/1948
f 3743/2039/1948 2106/2041/1950 938/2042/1951 2107/2043/1952
f 2043/1905/1827 3743/2039/1948 2107/2043/1952 546/1891/1813
f 567/2040/1949 2108/2044/1953 3744/2045/1954 2106/2041/1950
f 2108/2044/1953 104/2013/1927 2096/2016/1930 3744/2045/1954
f 3744/2045/1954 2096/2016/1930 565/2021/1935 2109/2046/1955
f 2106/2041/1950 3744/2045/1954 2109/2046/1955 938/2042/1951
f 938/2042/1951 2109/2046/1955 3745/2047/1956 2110/2048/1957
f 2109/2046/1955 565/2021/1935 2103/2035/1944 3745/2047/1956
f 3745/2047/1956 2103/2035/1944 265/2037/1946 2111/2049/1355
f 2110/2048/1957 3745/2047/1956 2111/2049/1355 568/2050/1958
f 546/1891/1813 2107/2043/1952 3746/2051/1959 2034/1886/1808
f 2107/2043/1952 938/2042/1951 2110/2048/1957 3746/2051/1959
f 3746/2051/1959 2110/2048/1957 568/2050/1958 2112/2052/1960
f 2034/1886/1808 3746/2051/1959 2112/2052/1960 266/1883/1805
f 106/106/101 1166/130/125 3747/2053/1961 2113/2054/1962
f 1166/130/125 299/128/123 2114/2055/1963 3747/2053/1961
f 3747/2053/1961 2114/2055/1963 939/2056/1964 2115/2057/1965
f 2113/2054/1962 3747/2053/1961 2115/2057/1965 569/2058/1966
f 299/128/123 1165/127/122 3748/2059/1967 2114/2055/1963
f 1165/127/122 105/126/121 2116/2060/1968 3748/2059/1967
f 3748/2059/1967 2116/2060/1968 570/2061/1969 2117/2062/1970
f 2114/2055/1963 3748/2059/1967 2117/2062/1970 939/2056/1964
f 939/2056/1964 2117/2062/1970 3749/2063/1971 2118/2064/1972
f 2117/2062/1970 570/2061/1969 2119/2065/1973 3749/2063/1971
f 3749/2063/1971 2119/2065/1973 97/1907/1829 2044/1906/1828
f 2118/2064/1972 3749/2063/1971 2044/1906/1828 548/1903/1825
f 569/2058/1966 2115/2057/1965 3750/2066/1974 2120/2067/1975
f 2115/2057/1965 939/2056/1964 2118/2064/1972 3750/2066/1974
f 3750/2066/1974 2118/2064/1972 548/1903/1825 2042/1902/1824
f 2120/2067/1975 3750/2066/1974 2042/1902/1824 98/1901/1823
f 107/84/81 1156/110/105 3751/2068/1976 2121/2069/1977
f 1156/110/105 296/108/103 2122/2070/1978 3751/2068/1976
f 3751/2068/1976 2122/2070/1978 940/2071/1979 2123/2072/1980
f 2121/2069/1977 3751/2068/1976 2123/2072/1980 571/2073/1981
f 296/108/103 1155/107/102 3752/2074/1982 2122/2070/1978
f 1155/107/102 106/106/101 2113/2054/1962 3752/2074/1982
f 3752/2074/1982 2113/2054/1962 569/2058/1966 2124/2075/1983
f 2122/2070/1978 3752/2074/1982 2124/2075/1983 940/2071/1979
f 940/2071/1979 2124/2075/1983 3753/2076/1984 2125/2077/1985
f 2124/2075/1983 569/2058/1966 2120/2067/1975 3753/2076/1984
f 3753/2076/1984 2120/2067/1975 98/1901/1823 2049/1917/1839
f 2125/2077/1985 3753/2076/1984 2049/1917/1839 549/1912/1834
f 571/2073/1981 2123/2072/1980 3754/2078/1986 2126/2079/1987
f 2123/2072/1980 940/2071/1979 2125/2077/1985 3754/2078/1986
f 3754/2078/1986 2125/2077/1985 549/1912/1834 2045/1909/1831
f 2126/2079/1987 3754/2078/1986 2045/1909/1831 99/1908/1830
f 108/61/61 1146/90/85 3755/2080/1988 2127/2081/1989
f 1146/89/85 293/86/83 2128/2082/1990 3755/2083/1988
f 3755/2083/1988 2128/2082/1990 941/2084/1991 2129/2085/1992
f 2127/2081/1989 3755/2080/1988 2129/2086/1992 572/2087/1993
f 293/86/83 1145/85/82 3756/2088/1994 2128/2082/1990
f 1145/85/82 107/84/81 2121/2069/1977 3756/2088/1994
f 3756/2088/1994 2121/2069/1977 571/2073/1981 2130/2089/1995
f 2128/2082/1990 3756/2088/1994 2130/2089/1995 941/2084/1991
f 941/2084/1991 2130/2089/1995 3757/2090/1996 2131/2091/1997
f 2130/2089/1995 571/2073/1981 2126/2079/1987 3757/2090/1996
f 3757/2090/1996 2126/2079/1987 99/1908/1830 2059/1940/1859
f 2131/2091/1997 3757/2090/1996 2059/1940/1859 552/1933/1854
f 572/2087/1993 2129/2086/1992 3758/2092/1998 2132/2093/1999
f 2129/2085/1992 941/2084/1991 2131/2091/1997 3758/2094/1998
f 3758/2094/1998 2131/2091/1997 552/1933/1854 2055/1932/1851
f 2132/2093/1999 3758/2092/1998 2055/1929/1851 100/1928/1850
f 109/41/41 1136/65/65 3759/2095/2000 2133/2096/2001
f 1136/65/65 290/63/63 2134/2097/2002 3759/2095/2000
f 3759/2095/2000 2134/2097/2002 942/2098/2003 2135/2099/2004
f 2133/2096/2001 3759/2095/2000 2135/2099/2004 573/2100/2005
f 290/63/63 1135/62/62 3760/2101/2006 2134/2097/2002
f 1135/62/62 108/61/61 2127/2081/1989 3760/2101/2006
f 3760/2101/2006 2127/2081/1989 572/2087/1993 2136/2102/2007
f 2134/2097/2002 3760/2101/2006 2136/2102/2007 942/2098/2003
f 942/2098/2003 2136/2102/2007 3761/2103/2008 2137/2104/2009
f 2136/2102/2007 572/2087/1993 2132/2093/1999 3761/2103/2008
f 3761/2103/2008 2132/2093/1999 100/1928/1850 2069/1962/1878
f 2137/2104/2009 3761/2103/2008 2069/1962/1878 555/1957/1873
f 573/2100/2005 2135/2099/2004 3762/2105/2010 2138/2106/2011
f 2135/2099/2004 942/2098/2003 2137/2104/2009 3762/2105/2010
f 3762/2105/2010 2137/2104/2009 555/1957/1873 2065/1954/1870
f 2138/2106/2011 3762/2105/2010 2065/1954/1870 101/1953/1869
f 110/19/19 1126/45/45 3763/2107/2012 2139/2108/2013
f 1126/45/45 287/43/43 2140/2109/2014 3763/2107/2012
f 3763/2107/2012 2140/2109/2014 943/2110/2015 2141/2111/2016
f 2139/2108/2013 3763/2107/2012 2141/2111/2016 574/2112/2017
f 287/43/43 1125/42/42 3764/2113/2018 2140/2109/2014
f 1125/42/42 109/41/41 2133/2096/2001 3764/2113/2018
f 3764/2113/2018 2133/2096/2001 573/2100/2005 2142/2114/2019
f 2140/2109/2014 3764/2113/2018 2142/2114/2019 943/2110/2015
f 943/2110/2015 2142/2114/2019 3765/2115/2020 2143/2116/2021
f 2142/2114/2019 573/2100/2005 2138/2106/2011 3765/2115/2020
f 3765/2115/2020 2138/2106/2011 101/1953/1869 2079/1982/1897
f 2143/2116/2021 3765/2115/2020 2079/1982/1897 558/1977/1892
f 574/2112/2017 2141/2111/2016 3766/2117/2022 2144/2118/2023
f 2141/2111/2016 943/2110/2015 2143/2116/2021 3766/2117/2022
f 3766/2117/2022 2143/2116/2021 558/1977/1892 2075/1974/1889
f 2144/2118/2023 3766/2117/2022 2075/1974/1889 102/1973/1888
f 111/25/25 1116/24/24 3767/2119/2024 2145/2120/2025
f 1116/24/24 284/21/21 2146/2121/2026 3767/2119/2024
f 3767/2119/2024 2146/2121/2026 944/2122/2027 2147/2123/2028
f 2145/2120/2025 3767/2119/2024 2147/2123/2028 575/2124/2029
f 284/21/21 1114/20/20 3768/2125/2030 2146/2121/2026
f 1114/20/20 110/19/19 2139/2108/2013 3768/2125/2030
f 3768/2125/2030 2139/2108/2013 574/2112/2017 2148/2126/2031
f 2146/2121/2026 3768/2125/2030 2148/2126/2031 944/2122/2027
f 944/2122/2027 2148/2126/2031 3769/2127/2032 2149/2128/2033
f 2148/2126/2031 574/2112/2017 2144/2118/2023 3769/2127/2032
f 3769/2127/2032 2144/2118/2023 102/1973/1888 2089/2002/1916
f 2149/2128/2033 3769/2127/2032 2089/2002/1916 561/1997/1911
f 575/2124/2029 2147/2123/2028 3770/2129/2034 2150/2130/2035
f 2147/2123/2028 944/2122/2027 2149/2128/2033 3770/2129/2034
f 3770/2129/2034 2149/2128/2033 561/1997/1911 2085/1994/1908
f 2150/2130/2035 3770/2129/2034 2085/1994/1908 103/1993/1907
f 112/146/141 1184/170/160 3771/2131/2036 2151/2132/2037
f 1184/170/160 304/168/158 2152/2133/2038 3771/2131/2036
f 3771/2131/2036 2152/2133/2038 945/2134/2039 2153/2135/2040
f 2151/2132/2037 3771/2131/2036 2153/2135/2040 576/2136/2041
f 304/168/158 1183/167/157 3772/2137/2042 2152/2133/2038
f 1183/167/157 111/166/25 2145/2138/2025 3772/2137/2042
f 3772/2137/2042 2145/2138/2025 575/2139/2029 2154/2140/2043
f 2152/2133/2038 3772/2137/2042 2154/2140/2043 945/2134/2039
f 945/2134/2039 2154/2140/2043 3773/2141/2044 2155/2142/2045
f 2154/2140/2043 575/2139/2029 2150/2143/2035 3773/2141/2044
f 3773/2141/2044 2150/2143/2035 103/2024/1907 2099/2022/1936
f 2155/2142/2045 3773/2141/2044 2099/2022/1936 564/2017/1931
f 576/2136/2041 2153/2135/2040 3774/2144/2046 2156/2145/2047
f 2153/2135/2040 945/2134/2039 2155/2142/2045 3774/2144/2046
f 3774/2144/2046 2155/2142/2045 564/2017/1931 2095/2014/1928
f 2156/2145/2047 3774/2144/2046 2095/2014/1928 104/2013/1927
f 105/126/121 1176/150/145 3775/2146/2048 2116/2060/1968
f 1176/150/145 302/148/143 2157/2147/2049 3775/2146/2048
f 3775/2146/2048 2157/2147/2049 946/2148/2050 2158/2149/2051
f 2116/2060/1968 3775/2146/2048 2158/2149/2051 570/2061/1969
f 302/148/143 1175/147/142 3776/2150/2052 2157/2147/2049
f 1175/147/142 112/146/141 2151/2132/2037 3776/2150/2052
f 3776/2150/2052 2151/2132/2037 576/2136/2041 2159/2151/2053
f 2157/2147/2049 3776/2150/2052 2159/2151/2053 946/2148/2050
f 946/2148/2050 2159/2151/2053 3777/2152/2054 2160/2153/2055
f 2159/2151/2053 576/2136/2041 2156/2145/2047 3777/2152/2054
f 3777/2152/2054 2156/2145/2047 104/2013/1927 2108/2044/1953
f 2160/2153/2055 3777/2152/2054 2108/2044/1953 567/2040/1949
f 570/2061/1969 2158/2149/2051 3778/2154/2056 2119/2065/1973
f 2158/2149/2051 946/2148/2050 2160/2153/2055 3778/2154/2056
f 3778/2154/2056 2160/2153/2055 567/2040/1949 2105/2038/1947
f 2119/2065/1973 3778/2154/2056 2105/2038/1947 97/1907/1829
f 274/2155/1324 2161/2156/1321 3779/2157/2057 2162/2158/2058
f 2161/2156/1321 577/2159/945 2163/2160/945 3779/2157/2057
f 3779/2157/2057 2163/2160/945 947/2161/2059 2164/2162/2060
f 2162/2158/2058 3779/2157/2057 2164/2162/2060 578/2163/2061
f 577/2159/945 2165/2164/2062 3780/2165/2063 2163/2160/945
f 2165/2164/2062 267/2166/2064 2166/2167/2065 3780/2165/2063
f 3780/2165/2063 2166/2167/2065 579/2168/2066 2167/2169/2063
f 2163/2160/945 3780/2165/2063 2167/2169/2063 947/2161/2059
f 947/2161/2059 2167/2169/2063 3781/2170/2067 2168/2171/2068
f 2167/2169/2063 579/2168/2066 2169/2172/2069 3781/2170/2067
f 3781/2170/2067 2169/2172/2069 114/2173/2070 2170/2174/2071
f 2168/2171/2068 3781/2170/2067 2170/2174/2071 580/2175/2072
f 578/2163/2061 2164/2162/2060 3782/2176/2073 2171/2177/2074
f 2164/2162/2060 947/2161/2059 2168/2171/2068 3782/2176/2073
f 3782/2176/2073 2168/2171/2068 580/2175/2072 2172/2178/1321
f 2171/2177/2074 3782/2176/2073 2172/2178/1321 113/2179/2075
f 115/2180/2076 2173/2181/2077 3783/2182/2078 2174/2183/2079
f 2173/2181/2077 581/2184/2080 2175/2185/2081 3783/2182/2078
f 3783/2182/2078 2175/2185/2081 948/2186/2082 2176/2187/2083
f 2174/2183/2079 3783/2182/2078 2176/2187/2083 582/2188/2084
f 581/2184/2080 2177/2189/2085 3784/2190/2086 2175/2185/2081
f 2177/2189/2085 114/2173/2070 2169/2172/2069 3784/2190/2086
f 3784/2190/2086 2169/2172/2069 579/2168/2066 2178/2191/2087
f 2175/2185/2081 3784/2190/2086 2178/2191/2087 948/2186/2082
f 948/2186/2082 2178/2191/2087 3785/2192/2088 2179/2193/2089
f 2178/2191/2087 579/2168/2066 2166/2167/2065 3785/2192/2088
f 3785/2192/2088 2166/2167/2065 267/2166/2064 2180/2194/973
f 2179/2193/2089 3785/2192/2088 2180/2194/973 583/2195/971
f 582/2188/2084 2176/2187/2083 3786/2196/2090 2181/2197/2079
f 2176/2187/2083 948/2186/2082 2179/2193/2089 3786/2196/2090
f 3786/2196/2090 2179/2193/2089 583/2195/971 2182/2198/2091
f 2181/2197/2079 3786/2196/2090 2182/2198/2091 268/2199/2092
f 116/2200/2093 2183/2201/2094 3787/2202/2095 2184/2203/1513
f 2183/2204/2094 584/2205/2096 2185/2206/2097 3787/2207/2095
f 3787/2207/2095 2185/2206/2097 949/2208/2098 2186/2209/2099
f 2184/2203/1513 3787/2202/2095 2186/2210/2099 585/2211/1513
f 584/2205/2096 2187/2212/2100 3788/2213/1542 2185/2206/2097
f 2187/2212/2100 115/2180/2076 2174/2183/2079 3788/2213/1542
f 3788/2213/1542 2174/2183/2079 582/2188/2084 2188/2214/2101
f 2185/2206/2097 3788/2213/1542 2188/2214/2101 949/2208/2098
f 949/2208/2098 2188/2214/2101 3789/2215/2102 2189/2216/2103
f 2188/2214/2101 582/2188/2084 2181/2197/2079 3789/2215/2102
f 3789/2215/2102 2181/2197/2079 268/2199/2092 2190/2217/2104
f 2189/2216/2103 3789/2215/2102 2190/2217/2104 586/2218/2105
f 585/2211/1513 2186/2210/2099 3790/2219/1536 2191/2220/2093
f 2186/2209/2099 949/2208/2098 2189/2216/2103 3790/2221/1536
f 3790/2221/1536 2189/2216/2103 586/2218/2105 2192/2222/2095
f 2191/2220/2093 3790/2219/1536 2192/2223/2095 269/2224/728
f 117/2225/1473 2193/2226/2106 3791/2227/2107 2194/2228/2108
f 2193/2226/2106 587/2229/1507 2195/2230/1507 3791/2227/2107
f 3791/2227/2107 2195/2230/1507 950/2231/1507 2196/2232/2107
f 2194/2228/2108 3791/2227/2107 2196/2232/2107 588/2233/2109
f 587/2229/1507 2197/2234/2110 3792/2235/1511 2195/2230/1507
f 2197/2234/2110 116/2200/2093 2184/2203/1513 3792/2235/1511
f 3792/2235/1511 2184/2203/1513 585/2211/1513 2198/2236/1510
f 2195/2230/1507 3792/2235/1511 2198/2236/1510 950/2231/1507
f 950/2231/1507 2198/2236/1510 3793/2237/2110 2199/2238/1507
f 2198/2236/1510 585/2211/1513 2191/2220/2093 3793/2237/2110
f 3793/2237/2110 2191/2220/2093 269/2224/728 2200/2239/2111
f 2199/2238/1507 3793/2237/2110 2200/2239/2111 589/2240/2112
f 588/2233/2109 2196/2232/2107 3794/2241/2113 2201/2242/1473
f 2196/2232/2107 950/2231/1507 2199/2238/1507 3794/2241/2113
f 3794/2241/2113 2199/2238/1507 589/2240/2112 2202/2243/2107
f 2201/2242/1473 3794/2241/2113 2202/2243/2107 270/2244/2114
f 118/2245/2115 2203/2246/2116 3795/2247/2117 2204/2248/2115
f 2203/2246/2116 590/2249/2118 2205/2250/2119 3795/2247/2117
f 3795/2247/2117 2205/2250/2119 951/2251/2120 2206/2252/2121
f 2204/2248/2115 3795/2247/2117 2206/2252/2121 591/2253/1906
f 590/2249/2118 2207/2254/2122 3796/2255/2123 2205/2250/2119
f 2207/2254/2122 117/2225/1473 2194/2228/2108 3796/2255/2123
f 3796/2255/2123 2194/2228/2108 588/2233/2109 2208/2256/2124
f 2205/2250/2119 3796/2255/2123 2208/2256/2124 951/2251/2120
f 951/2251/2120 2208/2256/2124 3797/2257/2125 2209/2258/2126
f 2208/2256/2124 588/2233/2109 2201/2242/1473 3797/2257/2125
f 3797/2257/2125 2201/2242/1473 270/2244/2114 2210/2259/2127
f 2209/2258/2126 3797/2257/2125 2210/2259/2127 592/2260/2128
f 591/2253/1906 2206/2252/2121 3798/2261/2129 2211/2262/2130
f 2206/2252/2121 951/2251/2120 2209/2258/2126 3798/2261/2129
f 3798/2261/2129 2209/2258/2126 592/2260/2128 2212/2263/2116
f 2211/2262/2130 3798/2261/2129 2212/2263/2116 271/2264/2131
f 119/2265/2132 2213/2266/2133 3799/2267/2134 2214/2268/838
f 2213/2266/2133 593/2269/2135 2215/2270/2136 3799/2267/2134
f 3799/2267/2134 2215/2270/2136 952/2271/2137 2216/2272/2138
f 2214/2268/838 3799/2267/2134 2216/2272/2138 594/2273/2139
f 593/2269/2135 2217/2274/2140 3800/2275/1442 2215/2270/2136
f 2217/2274/2140 118/2245/2115 2204/2248/2115 3800/2275/1442
f 3800/2275/1442 2204/2248/2115 591/2253/1906 2218/2276/1442
f 2215/2270/2136 3800/2275/1442 2218/2276/1442 952/2271/2137
f 952/2271/2137 2218/2276/1442 3801/2277/2141 2219/2278/2142
f 2218/2276/1442 591/2253/1906 2211/2262/2130 3801/2277/2141
f 3801/2277/2141 2211/2262/2130 271/2264/2131 2220/2279/2143
f 2219/2278/2142 3801/2277/2141 2220/2279/2143 595/2280/2144
f 594/2273/2139 2216/2272/2138 3802/2281/2145 2221/2282/2132
f 2216/2272/2138 952/2271/2137 2219/2278/2142 3802/2281/2145
f 3802/2281/2145 2219/2278/2142 595/2280/2144 2222/2283/2146
f 2221/2282/2132 3802/2281/2145 2222/2283/2146 272/2284/2147
f 120/2285/2148 2223/2286/2149 3803/2287/2150 2224/2288/874
f 2223/2286/2149 596/2289/2151 2225/2290/2152 3803/2287/2150
f 3803/2287/2150 2225/2290/2152 953/2291/2153 2226/2292/1945
f 2224/2288/874 3803/2287/2150 2226/2292/1945 597/2293/1361
f 596/2289/2151 2227/2294/2154 3804/2295/2155 2225/2290/2152
f 2227/2294/2154 119/2296/2132 2214/2297/838 3804/2295/2155
f 3804/2295/2155 2214/2297/838 594/2298/2139 2228/2299/2155
f 2225/2290/2152 3804/2295/2155 2228/2299/2155 953/2291/2153
f 953/2291/2153 2228/2299/2155 3805/2300/2156 2229/2301/2157
f 2228/2299/2155 594/2298/2139 2221/2302/2132 3805/2300/2156
f 3805/2300/2156 2221/2302/2132 272/2303/2147 2230/2304/2158
f 2229/2301/2157 3805/2300/2156 2230/2304/2158 598/2305/2159
f 597/2293/1361 2226/2292/1945 3806/2306/2160 2231/2307/2161
f 2226/2292/1945 953/2291/2153 2229/2301/2157 3806/2306/2160
f 3806/2306/2160 2229/2301/2157 598/2305/2159 2232/2308/2162
f 2231/2307/2161 3806/2306/2160 2232/2308/2162 273/2309/2161
f 113/2179/2075 2233/2310/2163 3807/2311/1365 2171/2177/2074
f 2233/2310/2163 599/2312/1958 2234/2313/1359 3807/2311/1365
f 3807/2311/1365 2234/2313/1359 954/2314/2164 2235/2315/2165
f 2171/2177/2074 3807/2311/1365 2235/2315/2165 578/2163/2061
f 599/2312/1958 2236/2316/1368 3808/2317/1369 2234/2313/1359
f 2236/2316/1368 120/2285/2148 2224/2288/874 3808/2317/1369
f 3808/2317/1369 2224/2288/874 597/2293/1361 2237/2318/1355
f 2234/2313/1359 3808/2317/1369 2237/2318/1355 954/2314/2164
f 954/2314/2164 2237/2318/1355 3809/2319/1355 2238/2320/1367
f 2237/2318/1355 597/2293/1361 2231/2307/2161 3809/2319/1355
f 3809/2319/1355 2231/2307/2161 273/2309/2161 2239/2321/1355
f 2238/2320/1367 3809/2319/1355 2239/2321/1355 600/2322/2166
f 578/2163/2061 2235/2315/2165 3810/2323/909 2162/2158/2058
f 2235/2315/2165 954/2314/2164 2238/2320/1367 3810/2323/909
f 3810/2323/909 2238/2320/1367 600/2322/2166 2240/2324/1365
f 2162/2158/2058 3810/2323/909 2240/2324/1365 274/2155/1324
f 122/786/750 1486/784/749 3811/2325/2167 2241/2326/2168
f 1486/784/749 393/780/746 2242/2327/2169 3811/2325/2167
f 3811/2325/2167 2242/2327/2169 955/2328/2170 2243/2329/2171
f 2241/2326/2168 3811/2325/2167 2243/2329/2171 601/2330/2172
f 393/780/746 1484/778/745 3812/2331/2173 2242/2327/2169
f 1484/778/745 121/741/709 2244/2332/2174 3812/2331/2173
f 3812/2331/2173 2244/2332/2174 602/2333/2175 2245/2334/2176
f 2242/2327/2169 3812/2331/2173 2245/2334/2176 955/2328/2170
f 955/2328/2170 2245/2334/2176 3813/2335/2177 2246/2336/2178
f 2245/2334/2176 602/2333/2175 2247/2337/2179 3813/2335/2177
f 3813/2335/2177 2247/2337/2179 249/2338/2180 2248/2339/2181
f 2246/2336/2178 3813/2335/2177 2248/2339/2181 603/2340/1367
f 601/2330/2172 2243/2329/2171 3814/2341/2182 2249/2342/2183
f 2243/2329/2171 955/2328/2170 2246/2336/2178 3814/2341/2182
f 3814/2341/2182 2246/2336/2178 603/2340/1367 2250/2343/2184
f 2249/2342/2183 3814/2341/2182 2250/2343/2184 250/2344/2185
f 123/826/786 1504/824/785 3815/2345/2186 2251/2346/2187
f 1504/824/785 398/820/782 2252/2347/2188 3815/2345/2186
f 3815/2345/2186 2252/2347/2188 956/2348/2189 2253/2349/2190
f 2251/2346/2187 3815/2345/2186 2253/2349/2190 604/2350/2191
f 398/820/782 1502/818/781 3816/2351/2192 2252/2347/2188
f 1502/818/781 122/786/750 2241/2326/2168 3816/2351/2192
f 3816/2351/2192 2241/2326/2168 601/2330/2172 2254/2352/2193
f 2252/2347/2188 3816/2351/2192 2254/2352/2193 956/2348/2189
f 956/2348/2189 2254/2352/2193 3817/2353/2194 2255/2354/2195
f 2254/2352/2193 601/2330/2172 2249/2342/2183 3817/2353/2194
f 3817/2353/2194 2249/2342/2183 250/2344/2185 2256/2355/1321
f 2255/2354/2195 3817/2353/2194 2256/2355/1321 605/2356/2196
f 604/2350/2191 2253/2349/2190 3818/2357/2197 2257/2358/2198
f 2253/2349/2190 956/2348/2189 2255/2354/2195 3818/2357/2197
f 3818/2357/2197 2255/2354/2195 605/2356/2196 2258/2359/2199
f 2257/2358/2198 3818/2357/2197 2258/2359/2199 243/2360/1281
f 124/868/822 1522/866/821 3819/2361/2200 2259/2362/2201
f 1522/866/821 403/862/818 2260/2363/2202 3819/2361/2200
f 3819/2361/2200 2260/2363/2202 957/2364/2203 2261/2365/2204
f 2259/2362/2201 3819/2361/2200 2261/2365/2204 606/2366/2205
f 403/862/818 1520/860/817 3820/2367/2206 2260/2363/2202
f 1520/860/817 123/859/786 2251/2368/2187 3820/2367/2206
f 3820/2367/2206 2251/2368/2187 604/2369/2191 2262/2370/2207
f 2260/2363/2202 3820/2367/2206 2262/2370/2207 957/2364/2203
f 957/2364/2203 2262/2370/2207 3821/2371/2208 2263/2372/2209
f 2262/2370/2207 604/2369/2191 2257/2373/2198 3821/2371/2208
f 3821/2371/2208 2257/2373/2198 243/2374/1281 2264/2375/2210
f 2263/2372/2209 3821/2371/2208 2264/2375/2210 607/2376/2211
f 606/2366/2205 2261/2365/2204 3822/2377/2212 2265/2378/2213
f 2261/2365/2204 957/2364/2203 2263/2372/2209 3822/2377/2212
f 3822/2377/2212 2263/2372/2209 607/2376/2211 2266/2379/2214
f 2265/2378/2213 3822/2377/2212 2266/2379/2214 244/2380/2215
f 125/913/858 1540/911/857 3823/2381/2216 2267/2382/2217
f 1540/911/857 408/907/854 2268/2383/2218 3823/2381/2216
f 3823/2381/2216 2268/2383/2218 958/2384/2219 2269/2385/2220
f 2267/2382/2217 3823/2381/2216 2269/2385/2220 608/2386/2221
f 408/907/854 1538/905/853 3824/2387/2222 2268/2383/2218
f 1538/905/853 124/868/822 2259/2362/2201 3824/2387/2222
f 3824/2387/2222 2259/2362/2201 606/2366/2205 2270/2388/2223
f 2268/2383/2218 3824/2387/2222 2270/2388/2223 958/2384/2219
f 958/2384/2219 2270/2388/2223 3825/2389/2224 2271/2390/2225
f 2270/2388/2223 606/2366/2205 2265/2378/2213 3825/2389/2224
f 3825/2389/2224 2265/2378/2213 244/2380/2215 2272/2391/2226
f 2271/2390/2225 3825/2389/2224 2272/2391/2226 609/2392/1539
f 608/2386/2221 2269/2385/2220 3826/2393/2227 2273/2394/2228
f 2269/2385/2220 958/2384/2219 2271/2390/2225 3826/2393/2227
f 3826/2393/2227 2271/2390/2225 609/2392/1539 2274/2395/2229
f 2273/2394/2228 3826/2393/2227 2274/2395/2229 245/2396/1516
f 126/953/892 1558/951/891 3827/2397/2230 2275/2398/2231
f 1558/951/891 413/947/888 2276/2399/2232 3827/2397/2230
f 3827/2397/2230 2276/2399/2232 959/2400/2233 2277/2401/2234
f 2275/2398/2231 3827/2397/2230 2277/2401/2234 610/2402/2235
f 413/947/888 1556/945/887 3828/2403/2236 2276/2399/2232
f 1556/945/887 125/913/858 2267/2382/2217 3828/2403/2236
f 3828/2403/2236 2267/2382/2217 608/2386/2221 2278/2404/2237
f 2276/2399/2232 3828/2403/2236 2278/2404/2237 959/2400/2233
f 959/2400/2233 2278/2404/2237 3829/2405/2238 2279/2406/2239
f 2278/2404/2237 608/2386/2221 2273/2394/2228 3829/2405/2238
f 3829/2405/2238 2273/2394/2228 245/2396/1516 2280/2407/1510
f 2279/2406/2239 3829/2405/2238 2280/2407/1510 611/2408/2240
f 610/2402/2235 2277/2401/2234 3830/2409/2241 2281/2410/2242
f 2277/2401/2234 959/2400/2233 2279/2406/2239 3830/2409/2241
f 3830/2409/2241 2279/2406/2239 611/2408/2240 2282/2411/2243
f 2281/2410/2242 3830/2409/2241 2282/2411/2243 246/2412/2244
f 127/993/927 1576/991/926 3831/2413/2245 2283/2414/2246
f 1576/991/926 418/987/923 2284/2415/2247 3831/2413/2245
f 3831/2413/2245 2284/2415/2247 960/2416/2248 2285/2417/2249
f 2283/2414/2246 3831/2413/2245 2285/2417/2249 612/2418/2250
f 418/987/923 1574/985/922 3832/2419/2251 2284/2415/2247
f 1574/985/922 126/953/892 2275/2398/2231 3832/2419/2251
f 3832/2419/2251 2275/2398/2231 610/2402/2235 2286/2420/2252
f 2284/2415/2247 3832/2419/2251 2286/2420/2252 960/2416/2248
f 960/2416/2248 2286/2420/2252 3833/2421/2253 2287/2422/2254
f 2286/2420/2252 610/2402/2235 2281/2410/2242 3833/2421/2253
f 3833/2421/2253 2281/2410/2242 246/2412/2244 2288/2423/2255
f 2287/2422/2254 3833/2421/2253 2288/2423/2255 613/2424/2256
f 612/2418/2250 2285/2417/2249 3834/2425/2257 2289/2426/2258
f 2285/2417/2249 960/2416/2248 2287/2422/2254 3834/2425/2257
f 3834/2425/2257 2287/2422/2254 613/2424/2256 2290/2427/2259
f 2289/2426/2258 3834/2425/2257 2290/2427/2259 247/2428/2260
f 128/732/703 1592/1028/958 3835/2429/2261 2291/2430/2262
f 1592/1028/958 422/1025/956 2292/2431/2263 3835/2429/2261
f 3835/2429/2261 2292/2431/2263 961/2432/2264 2293/2433/2265
f 2291/2430/2262 3835/2429/2261 2293/2433/2265 614/2434/2266
f 422/1025/956 1591/1023/955 3836/2435/2267 2292/2431/2263
f 1591/1023/955 127/993/927 2283/2414/2246 3836/2435/2267
f 3836/2435/2267 2283/2414/2246 612/2418/2250 2294/2436/2268
f 2292/2431/2263 3836/2435/2267 2294/2436/2268 961/2432/2264
f 961/2432/2264 2294/2436/2268 3837/2437/2269 2295/2438/2270
f 2294/2436/2268 612/2418/2250 2289/2426/2258 3837/2437/2269
f 3837/2437/2269 2289/2426/2258 247/2428/2260 2296/2439/1442
f 2295/2438/2270 3837/2437/2269 2296/2439/1442 615/2440/2271
f 614/2434/2266 2293/2433/2265 3838/2441/2272 2297/2442/2273
f 2293/2433/2265 961/2432/2264 2295/2438/2270 3838/2441/2272
f 3838/2441/2272 2295/2438/2270 615/2440/2271 2298/2443/2134
f 2297/2442/2273 3838/2441/2272 2298/2443/2134 248/2444/2274
f 121/741/709 1466/739/708 3839/2445/2275 2244/2332/2174
f 1466/739/708 387/735/705 2299/2446/2276 3839/2445/2275
f 3839/2445/2275 2299/2446/2276 962/2447/2277 2300/2448/2278
f 2244/2332/2174 3839/2445/2275 2300/2448/2278 602/2333/2175
f 387/735/705 1464/733/704 3840/2449/2279 2299/2446/2276
f 1464/733/704 128/732/703 2291/2430/2262 3840/2449/2279
f 3840/2449/2279 2291/2430/2262 614/2434/2266 2301/2450/2280
f 2299/2446/2276 3840/2449/2279 2301/2450/2280 962/2447/2277
f 962/2447/2277 2301/2450/2280 3841/2451/2281 2302/2452/2282
f 2301/2450/2280 614/2434/2266 2297/2442/2273 3841/2451/2281
f 3841/2451/2281 2297/2442/2273 248/2444/2274 2303/2453/2283
f 2302/2452/2282 3841/2451/2281 2303/2453/2283 616/2454/2284
f 602/2333/2175 2300/2448/2278 3842/2455/2285 2247/2337/2179
f 2300/2448/2278 962/2447/2277 2302/2452/2282 3842/2455/2285
f 3842/2455/2285 2302/2452/2282 616/2454/2284 2304/2456/2286
f 2247/2337/2179 3842/2455/2285 2304/2456/2286 249/2338/2180
f 130/2457/2287 2305/2458/2288 3843/2459/2289 2306/2460/2290
f 2305/2458/2288 617/2461/2291 2307/2462/2292 3843/2459/2289
f 3843/2459/2289 2307/2462/2292 963/2463/2293 2308/2464/2294
f 2306/2460/2290 3843/2459/2289 2308/2464/2294 618/2465/2295
f 617/2461/2291 2309/2466/2296 3844/2467/2297 2307/2462/2292
f 2309/2466/2296 129/2468/2298 2310/2469/2299 3844/2467/2297
f 3844/2467/2297 2310/2469/2299 619/2470/2300 2311/2471/2301
f 2307/2462/2292 3844/2467/2297 2311/2471/2301 963/2463/2293
f 963/2463/2293 2311/2471/2301 3845/2472/914 2312/2473/2302
f 2311/2471/2301 619/2470/2300 2313/2474/880 3845/2472/914
f 3845/2472/914 2313/2474/880 34/557/542 1397/599/581
f 2312/2473/2302 3845/2472/914 1397/599/581 367/595/450
f 618/2465/2295 2308/2464/2294 3846/2475/2303 2314/2476/2304
f 2308/2464/2294 963/2463/2293 2312/2473/2302 3846/2475/2303
f 3846/2475/2303 2312/2473/2302 367/595/450 1394/594/578
f 2314/2476/2304 3846/2475/2303 1394/594/578 37/593/577
f 131/2477/2305 2315/2478/2306 3847/2479/2307 2316/2480/2308
f 2315/2478/2306 620/2481/2309 2317/2482/2310 3847/2479/2307
f 3847/2479/2307 2317/2482/2310 964/2483/2311 2318/2484/2312
f 2316/2480/2308 3847/2479/2307 2318/2484/2312 621/2485/2313
f 620/2481/2309 2319/2486/2314 3848/2487/2315 2317/2482/2310
f 2319/2486/2314 130/2457/2287 2306/2460/2290 3848/2487/2315
f 3848/2487/2315 2306/2460/2290 618/2465/2295 2320/2488/2316
f 2317/2482/2310 3848/2487/2315 2320/2488/2316 964/2483/2311
f 964/2483/2311 2320/2488/2316 3849/2489/2317 2321/2490/2318
f 2320/2488/2316 618/2465/2295 2314/2476/2304 3849/2489/2317
f 3849/2489/2317 2314/2476/2304 37/593/577 1403/611/593
f 2321/2490/2318 3849/2489/2317 1403/611/593 368/606/588
f 621/2485/2313 2318/2484/2312 3850/2491/2319 2322/2492/2302
f 2318/2484/2312 964/2483/2311 2321/2490/2318 3850/2491/2319
f 3850/2491/2319 2321/2490/2318 368/606/588 1399/603/585
f 2322/2492/2302 3850/2491/2319 1399/603/585 39/602/584
f 132/2493/2320 2323/2494/2321 3851/2495/2322 2324/2496/2323
f 2323/2494/2321 622/2497/2324 2325/2498/2325 3851/2495/2322
f 3851/2495/2322 2325/2498/2325 965/2499/2326 2326/2500/2327
f 2324/2496/2323 3851/2495/2322 2326/2500/2327 623/2501/2328
f 622/2497/2324 2327/2502/2329 3852/2503/2330 2325/2498/2325
f 2327/2502/2329 131/2477/2305 2316/2480/2308 3852/2503/2330
f 3852/2503/2330 2316/2480/2308 621/2485/2313 2328/2504/2331
f 2325/2498/2325 3852/2503/2330 2328/2504/2331 965/2499/2326
f 965/2499/2326 2328/2504/2331 3853/2505/2332 2329/2506/2333
f 2328/2504/2331 621/2485/2313 2322/2492/2302 3853/2505/2332
f 3853/2505/2332 2322/2492/2302 39/602/584 1413/631/612
f 2329/2506/2333 3853/2505/2332 1413/631/612 371/626/607
f 623/2501/2328 2326/2500/2327 3854/2507/2334 2330/2508/2335
f 2326/2500/2327 965/2499/2326 2329/2506/2333 3854/2507/2334
f 3854/2507/2334 2329/2506/2333 371/626/607 1409/623/604
f 2330/2508/2335 3854/2507/2334 1409/623/604 41/622/603
f 133/2509/2336 2331/2510/2337 3855/2511/2338 2332/2512/2339
f 2331/2510/2337 624/2513/2340 2333/2514/2341 3855/2511/2338
f 3855/2511/2338 2333/2514/2341 966/2515/2342 2334/2516/2343
f 2332/2512/2339 3855/2511/2338 2334/2516/2343 625/2517/2344
f 624/2513/2340 2335/2518/2345 3856/2519/2346 2333/2514/2341
f 2335/2518/2345 132/2493/2320 2324/2496/2323 3856/2519/2346
f 3856/2519/2346 2324/2496/2323 623/2501/2328 2336/2520/2347
f 2333/2514/2341 3856/2519/2346 2336/2520/2347 966/2515/2342
f 966/2515/2342 2336/2520/2347 3857/2521/2348 2337/2522/914
f 2336/2520/2347 623/2501/2328 2330/2508/2335 3857/2521/2348
f 3857/2521/2348 2330/2508/2335 41/622/603 1423/651/630
f 2337/2522/914 3857/2521/2348 1423/651/630 374/646/625
f 625/2517/2344 2334/2516/2343 3858/2523/529 2338/2524/621
f 2334/2516/2343 966/2515/2342 2337/2522/914 3858/2523/529
f 3858/2523/529 2337/2522/914 374/646/625 1419/643/622
f 2338/2524/621 3858/2523/529 1419/643/622 43/642/621
f 134/2525/2349 2339/2526/2350 3859/2527/2351 2340/2528/2352
f 2339/2526/2350 626/2529/2353 2341/2530/2354 3859/2527/2351
f 3859/2527/2351 2341/2530/2354 967/2531/2355 2342/2532/2356
f 2340/2528/2352 3859/2527/2351 2342/2532/2356 627/2533/2357
f 626/2529/2353 2343/2534/2358 3860/2535/2359 2341/2530/2354
f 2343/2534/2358 133/2509/2336 2332/2512/2339 3860/2535/2359
f 3860/2535/2359 2332/2512/2339 625/2517/2344 2344/2536/2360
f 2341/2530/2354 3860/2535/2359 2344/2536/2360 967/2531/2355
f 967/2531/2355 2344/2536/2360 3861/2537/407 2345/2538/429
f 2344/2536/2360 625/2517/2344 2338/2524/621 3861/2537/407
f 3861/2537/407 2338/2524/621 43/642/621 1433/671/490
f 2345/2538/429 3861/2537/407 1433/671/490 377/666/529
f 627/2533/2357 2342/2532/2356 3862/2539/914 2346/2540/642
f 2342/2532/2356 967/2531/2355 2345/2538/429 3862/2539/914
f 3862/2539/914 2345/2538/429 377/666/529 1429/663/642
f 2346/2540/642 3862/2539/914 1429/663/642 45/662/641
f 135/2541/2361 2347/2542/2362 3863/2543/2363 2348/2544/2364
f 2347/2542/2362 628/2545/2365 2349/2546/2366 3863/2543/2363
f 3863/2543/2363 2349/2546/2366 968/2547/2367 2350/2548/2368
f 2348/2544/2364 3863/2543/2363 2350/2548/2368 629/2549/2369
f 628/2545/2365 2351/2550/2370 3864/2551/2371 2349/2546/2366
f 2351/2550/2370 134/2525/2349 2340/2528/2352 3864/2551/2371
f 3864/2551/2371 2340/2528/2352 627/2533/2357 2352/2552/2372
f 2349/2546/2366 3864/2551/2371 2352/2552/2372 968/2547/2367
f 968/2547/2367 2352/2552/2372 3865/2553/2373 2353/2554/2374
f 2352/2552/2372 627/2533/2357 2346/2540/642 3865/2553/2373
f 3865/2553/2373 2346/2540/642 45/662/641 1443/691/668
f 2353/2554/2374 3865/2553/2373 1443/691/668 380/686/663
f 629/2549/2369 2350/2548/2368 3866/2555/2375 2354/2556/2376
f 2350/2548/2368 968/2547/2367 2353/2554/2374 3866/2555/2375
f 3866/2555/2375 2353/2554/2374 380/686/663 1439/683/660
f 2354/2556/2376 3866/2555/2375 1439/683/660 47/682/659
f 136/2557/2377 2355/2558/2378 3867/2559/2379 2356/2560/2380
f 2355/2558/2378 630/2561/2381 2357/2562/2382 3867/2559/2379
f 3867/2559/2379 2357/2562/2382 969/2563/2383 2358/2564/2384
f 2356/2560/2380 3867/2559/2379 2358/2564/2384 631/2565/2385
f 630/2561/2381 2359/2566/2386 3868/2567/2387 2357/2562/2382
f 2359/2566/2386 135/2541/2361 2348/2544/2364 3868/2567/2387
f 3868/2567/2387 2348/2544/2364 629/2549/2369 2360/2568/2388
f 2357/2562/2382 3868/2567/2387 2360/2568/2388 969/2563/2383
f 969/2563/2383 2360/2568/2388 3869/2569/667 2361/2570/2389
f 2360/2568/2388 629/2549/2369 2354/2556/2376 3869/2569/667
f 3869/2569/667 2354/2556/2376 47/682/659 1452/708/685
f 2361/2570/2389 3869/2569/667 1452/708/685 383/704/681
f 631/2565/2385 2358/2564/2384 3870/2571/2390 2362/2572/2391
f 2358/2564/2384 969/2563/2383 2361/2570/2389 3870/2571/2390
f 3870/2571/2390 2361/2570/2389 383/704/681 1449/702/679
f 2362/2572/2391 3870/2571/2390 1449/702/679 33/568/552
f 129/2468/2298 2363/2573/2392 3871/2574/2393 2310/2469/2299
f 2363/2573/2392 632/2575/2394 2364/2576/2395 3871/2574/2393
f 3871/2574/2393 2364/2576/2395 970/2577/2396 2365/2578/2397
f 2310/2469/2299 3871/2574/2393 2365/2578/2397 619/2470/2300
f 632/2575/2394 2366/2579/2398 3872/2580/2399 2364/2576/2395
f 2366/2579/2398 136/2557/2377 2356/2560/2380 3872/2580/2399
f 3872/2580/2399 2356/2560/2380 631/2565/2385 2367/2581/2400
f 2364/2576/2395 3872/2580/2399 2367/2581/2400 970/2577/2396
f 970/2577/2396 2367/2581/2400 3873/2582/2401 2368/2583/2402
f 2367/2581/2400 631/2565/2385 2362/2572/2391 3873/2582/2401
f 3873/2582/2401 2362/2572/2391 33/568/552 1381/566/550
f 2368/2583/2402 3873/2582/2401 1381/566/550 361/561/411
f 619/2470/2300 2365/2578/2397 3874/2584/2403 2313/2474/880
f 2365/2578/2397 970/2577/2396 2368/2583/2402 3874/2584/2403
f 3874/2584/2403 2368/2583/2402 361/561/411 1377/558/543
f 2313/2474/880 3874/2584/2403 1377/558/543 34/557/542
f 138/582/566 1390/585/569 3875/2585/2404 2369/2586/450
f 1390/585/569 366/590/574 2370/2587/428 3875/2585/2404
f 3875/2585/2404 2370/2587/428 971/2588/2405 2371/2589/2406
f 2369/2586/450 3875/2585/2404 2371/2589/2406 633/2590/2407
f 366/590/574 1398/601/583 3876/2591/2408 2370/2587/428
f 1398/601/583 137/581/565 2372/2592/2409 3876/2591/2408
f 3876/2591/2408 2372/2592/2409 634/2593/2410 2373/2594/2411
f 2370/2587/428 3876/2591/2408 2373/2594/2411 971/2588/2405
f 971/2588/2405 2373/2594/2411 3877/2595/2412 2374/2596/2413
f 2373/2594/2411 634/2593/2410 2375/2597/2414 3877/2595/2412
f 3877/2598/2412 2375/2599/2414 36/2600/2415 2376/2601/2416
f 2374/2602/2413 3877/2598/2412 2376/2601/2416 635/2603/2417
f 633/2590/2407 2371/2589/2406 3878/2604/2418 2377/2605/2419
f 2371/2589/2406 971/2588/2405 2374/2596/2413 3878/2604/2418
f 3878/2606/2418 2374/2602/2413 635/2603/2417 2378/2607/2420
f 2377/2608/2419 3878/2606/2418 2378/2607/2420 38/2609/2421
f 139/621/602 1408/620/601 3879/2610/602 2379/2611/2422
f 1408/620/601 370/617/581 2380/2612/550 3879/2610/602
f 3879/2610/602 2380/2612/550 972/2613/2423 2381/2614/2424
f 2379/2611/2422 3879/2610/602 2381/2614/2424 636/2615/2425
f 370/617/581 1406/616/598 3880/2616/2426 2380/2612/550
f 1406/616/598 138/582/566 2369/2586/450 3880/2616/2426
f 3880/2616/2426 2369/2586/450 633/2590/2407 2382/2617/2427
f 2380/2612/550 3880/2616/2426 2382/2617/2427 972/2613/2423
f 972/2613/2423 2382/2617/2427 3881/2618/2428 2383/2619/2429
f 2382/2617/2427 633/2590/2407 2377/2605/2419 3881/2618/2428
f 3881/2620/2428 2377/2608/2419 38/2609/2421 2384/2621/2430
f 2383/2622/2429 3881/2620/2428 2384/2621/2430 637/2623/2431
f 636/2615/2425 2381/2614/2424 3882/2624/2432 2385/2625/2433
f 2381/2614/2424 972/2613/2423 2383/2619/2429 3882/2624/2432
f 3882/2626/2432 2383/2622/2429 637/2623/2431 2386/2627/2434
f 2385/2628/2433 3882/2626/2432 2386/2627/2434 40/2629/2435
f 140/641/620 1418/640/550 3883/2630/2436 2387/2631/2437
f 1418/640/550 373/637/406 2388/2632/2404 3883/2630/2436
f 3883/2630/2436 2388/2632/2404 973/2633/2438 2389/2634/2439
f 2387/2631/2437 3883/2630/2436 2389/2634/2439 638/2635/2440
f 373/637/406 1416/636/617 3884/2636/406 2388/2632/2404
f 1416/636/617 139/621/602 2379/2611/2422 3884/2636/406
f 3884/2636/406 2379/2611/2422 636/2615/2425 2390/2637/2441
f 2388/2632/2404 3884/2636/406 2390/2637/2441 973/2633/2438
f 973/2633/2438 2390/2637/2441 3885/2638/2442 2391/2639/2443
f 2390/2637/2441 636/2615/2425 2385/2625/2433 3885/2638/2442
f 3885/2640/2442 2385/2641/2433 40/2642/2435 2392/2643/2444
f 2391/2644/2443 3885/2640/2442 2392/2643/2444 639/2645/2445
f 638/2635/2440 2389/2634/2439 3886/2646/2446 2393/2647/2447
f 2389/2634/2439 973/2633/2438 2391/2639/2443 3886/2646/2446
f 3886/2648/2446 2391/2644/2443 639/2645/2445 2394/2649/2448
f 2393/2650/2447 3886/2648/2446 2394/2649/2448 42/2651/2449
f 141/661/640 1428/660/639 3887/2652/2450 2395/2653/2451
f 1428/660/639 376/657/636 2396/2654/659 3887/2652/2450
f 3887/2652/2450 2396/2654/659 974/2655/2452 2397/2656/2453
f 2395/2653/2451 3887/2652/2450 2397/2656/2453 640/2657/2454
f 376/657/636 1426/656/635 3888/2658/685 2396/2654/659
f 1426/656/635 140/641/620 2387/2631/2437 3888/2658/685
f 3888/2658/685 2387/2631/2437 638/2635/2440 2398/2659/2455
f 2396/2654/659 3888/2658/685 2398/2659/2455 974/2655/2452
f 974/2655/2452 2398/2659/2455 3889/2660/2456 2399/2661/2457
f 2398/2659/2455 638/2635/2440 2393/2647/2447 3889/2660/2456
f 3889/2662/2456 2393/2650/2447 42/2651/2449 2400/2663/2458
f 2399/2664/2457 3889/2662/2456 2400/2663/2458 641/2665/2459
f 640/2657/2454 2397/2656/2453 3890/2666/2460 2401/2667/2461
f 2397/2656/2453 974/2655/2452 2399/2661/2457 3890/2666/2460
f 3890/2668/2460 2399/2664/2457 641/2665/2459 2402/2669/2462
f 2401/2670/2461 3890/2668/2460 2402/2669/2462 44/2671/2463
f 142/681/658 1438/680/657 3891/2672/2464 2403/2673/697
f 1438/680/657 379/677/654 2404/2674/2302 3891/2672/2464
f 3891/2672/2464 2404/2674/2302 975/2675/2465 2405/2676/2466
f 2403/2673/697 3891/2672/2464 2405/2676/2466 642/2677/2467
f 379/677/654 1436/676/653 3892/2678/550 2404/2674/2302
f 1436/676/653 141/661/640 2395/2653/2451 3892/2678/550
f 3892/2678/550 2395/2653/2451 640/2657/2454 2406/2679/2468
f 2404/2674/2302 3892/2678/550 2406/2679/2468 975/2675/2465
f 975/2675/2465 2406/2679/2468 3893/2680/2469 2407/2681/2470
f 2406/2679/2468 640/2657/2454 2401/2667/2461 3893/2680/2469
f 3893/2682/2469 2401/2670/2461 44/2671/2463 2408/2683/2471
f 2407/2684/2470 3893/2682/2469 2408/2683/2471 643/2685/2472
f 642/2677/2467 2405/2676/2466 3894/2686/2473 2409/2687/2474
f 2405/2676/2466 975/2675/2465 2407/2681/2470 3894/2686/2473
f 3894/2688/2473 2407/2684/2470 643/2685/2472 2410/2689/2475
f 2409/2690/2474 3894/2688/2473 2410/2689/2475 46/2691/2476
f 143/701/678 1448/700/677 3895/2692/2403 2411/2693/490
f 1448/700/677 382/697/674 2412/2694/2477 3895/2692/2403
f 3895/2692/2403 2412/2694/2477 976/2695/2478 2413/2696/2479
f 2411/2693/490 3895/2692/2403 2413/2696/2479 644/2697/2480
f 382/697/674 1446/696/673 3896/2698/2481 2412/2694/2477
f 1446/696/673 142/681/658 2403/2673/697 3896/2698/2481
f 3896/2698/2481 2403/2673/697 642/2677/2467 2414/2699/2482
f 2412/2694/2477 3896/2698/2481 2414/2699/2482 976/2695/2478
f 976/2695/2478 2414/2699/2482 3897/2700/2483 2415/2701/2484
f 2414/2699/2482 642/2677/2467 2409/2687/2474 3897/2700/2483
f 3897/2702/2483 2409/2690/2474 46/2691/2476 2416/2703/2485
f 2415/2704/2484 3897/2702/2483 2416/2703/2485 645/2705/2486
f 644/2697/2480 2413/2696/2479 3898/2706/2487 2417/2707/2488
f 2413/2696/2479 976/2695/2478 2415/2701/2484 3898/2706/2487
f 3898/2708/2487 2415/2704/2484 645/2705/2486 2418/2709/2489
f 2417/2710/2488 3898/2708/2487 2418/2709/2489 48/2711/2490
f 144/575/559 1456/716/693 3899/2712/915 2419/2713/2491
f 1456/716/693 384/714/691 2420/2714/2464 3899/2712/915
f 3899/2712/915 2420/2714/2464 977/2715/2492 2421/2716/2493
f 2419/2713/2491 3899/2712/915 2421/2716/2493 646/2717/2494
f 384/714/691 1455/713/690 3900/2718/2408 2420/2714/2464
f 1455/713/690 143/701/678 2411/2693/490 3900/2718/2408
f 3900/2718/2408 2411/2693/490 644/2697/2480 2422/2719/2495
f 2420/2714/2464 3900/2718/2408 2422/2719/2495 977/2715/2492
f 977/2715/2492 2422/2719/2495 3901/2720/2496 2423/2721/2497
f 2422/2719/2495 644/2697/2480 2417/2707/2488 3901/2720/2496
f 3901/2722/2496 2417/2710/2488 48/2711/2490 2424/2723/2498
f 2423/2724/2497 3901/2722/2496 2424/2723/2498 647/2725/2499
f 646/2717/2494 2421/2716/2493 3902/2726/2500 2425/2727/2501
f 2421/2716/2493 977/2715/2492 2423/2721/2497 3902/2726/2500
f 3902/2728/2500 2423/2724/2497 647/2725/2499 2426/2729/2502
f 2425/2730/2501 3902/2728/2500 2426/2729/2502 35/2731/2503
f 137/581/565 1388/580/564 3903/2732/410 2372/2592/2409
f 1388/580/564 364/577/561 2427/2733/2504 3903/2732/410
f 3903/2732/410 2427/2733/2504 978/2734/2505 2428/2735/2506
f 2372/2592/2409 3903/2732/410 2428/2735/2506 634/2593/2410
f 364/577/561 1386/576/560 3904/2736/2507 2427/2733/2504
f 1386/576/560 144/575/559 2419/2713/2491 3904/2736/2507
f 3904/2736/2507 2419/2713/2491 646/2717/2494 2429/2737/2508
f 2427/2733/2504 3904/2736/2507 2429/2737/2508 978/2734/2505
f 978/2734/2505 2429/2737/2508 3905/2738/2509 2430/2739/2510
f 2429/2737/2508 646/2717/2494 2425/2727/2501 3905/2738/2509
f 3905/2740/2509 2425/2730/2501 35/2731/2503 2431/2741/2511
f 2430/2742/2510 3905/2740/2509 2431/2741/2511 648/2743/2512
f 634/2593/2410 2428/2735/2506 3906/2744/2513 2375/2597/2414
f 2428/2735/2506 978/2734/2505 2430/2739/2510 3906/2744/2513
f 3906/2745/2513 2430/2742/2510 648/2743/2512 2432/2746/2514
f 2375/2599/2414 3906/2745/2513 2432/2746/2514 36/2600/2415
f 146/2747/1357 2433/2748/2515 3907/2749/2516 2434/2750/2517
f 2433/2748/2515 649/2751/2164 2435/2752/2518 3907/2749/2516
f 3907/2749/2516 2435/2752/2518 979/2753/2519 2436/2754/2520
f 2434/2750/2517 3907/2749/2516 2436/2754/2520 650/2755/2521
f 649/2751/2164 2437/2756/2522 3908/2757/2523 2435/2752/2518
f 2437/2756/2522 145/2758/2524 2438/2759/2525 3908/2757/2523
f 3908/2757/2523 2438/2759/2525 651/2760/2526 2439/2761/2527
f 2435/2752/2518 3908/2757/2523 2439/2761/2527 979/2753/2519
f 979/2753/2519 2439/2761/2527 3909/2762/2528 2440/2763/2529
f 2439/2761/2527 651/2760/2526 2441/2764/2530 3909/2762/2528
f 3909/2762/2528 2441/2764/2530 46/2691/2476 2410/2689/2475
f 2440/2763/2529 3909/2762/2528 2410/2689/2475 643/2685/2472
f 650/2755/2521 2436/2754/2520 3910/2765/2531 2442/2766/2532
f 2436/2754/2520 979/2753/2519 2440/2763/2529 3910/2765/2531
f 3910/2765/2531 2440/2763/2529 643/2685/2472 2408/2683/2471
f 2442/2766/2532 3910/2765/2531 2408/2683/2471 44/2671/2463
f 147/2767/2533 2443/2768/2534 3911/2769/2535 2444/2770/2536
f 2443/2768/2534 652/2771/2537 2445/2772/2538 3911/2769/2535
f 3911/2769/2535 2445/2772/2538 980/2773/2539 2446/2774/2540
f 2444/2770/2536 3911/2769/2535 2446/2774/2540 653/2775/2541
f 652/2771/2537 2447/2776/2542 3912/2777/2543 2445/2772/2538
f 2447/2776/2542 146/2747/1357 2434/2750/2517 3912/2777/2543
f 3912/2777/2543 2434/2750/2517 650/2755/2521 2448/2778/2544
f 2445/2772/2538 3912/2777/2543 2448/2778/2544 980/2773/2539
f 980/2773/2539 2448/2778/2544 3913/2779/2545 2449/2780/2546
f 2448/2778/2544 650/2755/2521 2442/2766/2532 3913/2779/2545
f 3913/2779/2545 2442/2766/2532 44/2671/2463 2402/2669/2462
f 2449/2780/2546 3913/2779/2545 2402/2669/2462 641/2665/2459
f 653/2775/2541 2446/2774/2540 3914/2781/2547 2450/2782/2548
f 2446/2774/2540 980/2773/2539 2449/2780/2546 3914/2781/2547
f 3914/2781/2547 2449/2780/2546 641/2665/2459 2400/2663/2458
f 2450/2782/2548 3914/2781/2547 2400/2663/2458 42/2651/2449
f 148/2783/2549 2451/2784/2550 3915/2785/2551 2452/2786/2552
f 2451/2784/2550 654/2787/2136 2453/2788/2553 3915/2785/2551
f 3915/2785/2551 2453/2788/2553 981/2789/2554 2454/2790/2555
f 2452/2786/2552 3915/2785/2551 2454/2790/2555 655/2791/2556
f 654/2787/2136 2455/2792/2557 3916/2793/2558 2453/2788/2553
f 2455/2792/2557 147/2767/2533 2444/2770/2536 3916/2793/2558
f 3916/2793/2558 2444/2770/2536 653/2775/2541 2456/2794/2559
f 2453/2788/2553 3916/2793/2558 2456/2794/2559 981/2789/2554
f 981/2789/2554 2456/2794/2559 3917/2795/2560 2457/2796/2561
f 2456/2794/2559 653/2775/2541 2450/2782/2548 3917/2795/2560
f 3917/2795/2560 2450/2782/2548 42/2651/2449 2394/2649/2448
f 2457/2796/2561 3917/2795/2560 2394/2649/2448 639/2645/2445
f 655/2791/2556 2454/2790/2555 3918/2797/2562 2458/2798/2563
f 2454/2790/2555 981/2789/2554 2457/2796/2561 3918/2797/2562
f 3918/2797/2562 2457/2796/2561 639/2645/2445 2392/2643/2444
f 2458/2798/2563 3918/2797/2562 2392/2643/2444 40/2642/2435
f 149/2799/2564 2459/2800/1476 3919/2801/2565 2460/2802/2566
f 2459/2800/1476 656/2803/2567 2461/2804/2568 3919/2801/2565
f 3919/2801/2565 2461/2804/2568 982/2805/2569 2462/2806/2570
f 2460/2802/2566 3919/2801/2565 2462/2806/2570 657/2807/2571
f 656/2803/2567 2463/2808/2572 3920/2809/2573 2461/2804/2568
f 2463/2808/2572 148/2810/2549 2452/2811/2552 3920/2809/2573
f 3920/2809/2573 2452/2811/2552 655/2812/2556 2464/2813/2574
f 2461/2804/2568 3920/2809/2573 2464/2813/2574 982/2805/2569
f 982/2805/2569 2464/2813/2574 3921/2814/2575 2465/2815/2576
f 2464/2813/2574 655/2812/2556 2458/2816/2563 3921/2814/2575
f 3921/2814/2575 2458/2816/2563 40/2629/2435 2386/2627/2434
f 2465/2815/2576 3921/2814/2575 2386/2627/2434 637/2623/2431
f 657/2807/2571 2462/2806/2570 3922/2817/2577 2466/2818/2578
f 2462/2806/2570 982/2805/2569 2465/2815/2576 3922/2817/2577
f 3922/2817/2577 2465/2815/2576 637/2623/2431 2384/2621/2430
f 2466/2818/2578 3922/2817/2577 2384/2621/2430 38/2609/2421
f 150/2819/2579 2467/2820/2580 3923/2821/2581 2468/2822/2582
f 2467/2820/2580 658/2823/1883 2469/2824/2583 3923/2821/2581
f 3923/2821/2581 2469/2824/2583 983/2825/2584 2470/2826/2585
f 2468/2822/2582 3923/2821/2581 2470/2826/2585 659/2827/2586
f 658/2823/1883 2471/2828/2587 3924/2829/2588 2469/2824/2583
f 2471/2828/2587 149/2799/2564 2460/2802/2566 3924/2829/2588
f 3924/2829/2588 2460/2802/2566 657/2807/2571 2472/2830/2589
f 2469/2824/2583 3924/2829/2588 2472/2830/2589 983/2825/2584
f 983/2825/2584 2472/2830/2589 3925/2831/2590 2473/2832/2591
f 2472/2830/2589 657/2807/2571 2466/2818/2578 3925/2831/2590
f 3925/2831/2590 2466/2818/2578 38/2609/2421 2378/2607/2420
f 2473/2832/2591 3925/2831/2590 2378/2607/2420 635/2603/2417
f 659/2827/2586 2470/2826/2585 3926/2833/2592 2474/2834/2593
f 2470/2826/2585 983/2825/2584 2473/2832/2591 3926/2833/2592
f 3926/2833/2592 2473/2832/2591 635/2603/2417 2376/2601/2416
f 2474/2834/2593 3926/2833/2592 2376/2601/2416 36/2600/2415
f 151/2835/2594 2475/2836/2595 3927/2837/2596 2476/2838/2597
f 2475/2836/2595 660/2839/2598 2477/2840/2599 3927/2837/2596
f 3927/2837/2596 2477/2840/2599 984/2841/2600 2478/2842/2601
f 2476/2838/2597 3927/2837/2596 2478/2842/2601 661/2843/2602
f 660/2839/2598 2479/2844/2603 3928/2845/2604 2477/2840/2599
f 2479/2844/2603 150/2819/2579 2468/2822/2582 3928/2845/2604
f 3928/2845/2604 2468/2822/2582 659/2827/2586 2480/2846/2605
f 2477/2840/2599 3928/2845/2604 2480/2846/2605 984/2841/2600
f 984/2841/2600 2480/2846/2605 3929/2847/2606 2481/2848/2607
f 2480/2846/2605 659/2827/2586 2474/2834/2593 3929/2847/2606
f 3929/2847/2606 2474/2834/2593 36/2600/2415 2432/2746/2514
f 2481/2848/2607 3929/2847/2606 2432/2746/2514 648/2743/2512
f 661/2843/2602 2478/2842/2601 3930/2849/2608 2482/2850/2609
f 2478/2842/2601 984/2841/2600 2481/2848/2607 3930/2849/2608
f 3930/2849/2608 2481/2848/2607 648/2743/2512 2431/2741/2511
f 2482/2850/2609 3930/2849/2608 2431/2741/2511 35/2731/2503
f 152/2851/2610 2483/2852/2611 3931/2853/2612 2484/2854/2613
f 2483/2852/2611 662/2855/2614 2485/2856/2615 3931/2853/2612
f 3931/2853/2612 2485/2856/2615 985/2857/2616 2486/2858/2617
f 2484/2854/2613 3931/2853/2612 2486/2858/2617 663/2859/2618
f 662/2855/2614 2487/2860/2619 3932/2861/2620 2485/2856/2615
f 2487/2860/2619 151/2835/2594 2476/2838/2597 3932/2861/2620
f 3932/2861/2620 2476/2838/2597 661/2843/2602 2488/2862/2621
f 2485/2856/2615 3932/2861/2620 2488/2862/2621 985/2857/2616
f 985/2857/2616 2488/2862/2621 3933/2863/2622 2489/2864/2623
f 2488/2862/2621 661/2843/2602 2482/2850/2609 3933/2863/2622
f 3933/2863/2622 2482/2850/2609 35/2731/2503 2426/2729/2502
f 2489/2864/2623 3933/2863/2622 2426/2729/2502 647/2725/2499
f 663/2859/2618 2486/2858/2617 3934/2865/2624 2490/2866/2625
f 2486/2858/2617 985/2857/2616 2489/2864/2623 3934/2865/2624
f 3934/2865/2624 2489/2864/2623 647/2725/2499 2424/2723/2498
f 2490/2866/2625 3934/2865/2624 2424/2723/2498 48/2711/2490
f 145/2758/2524 2491/2867/2626 3935/2868/2627 2438/2759/2525
f 2491/2867/2626 664/2869/2068 2492/2870/2628 3935/2868/2627
f 3935/2868/2627 2492/2870/2628 986/2871/2629 2493/2872/2630
f 2438/2759/2525 3935/2868/2627 2493/2872/2630 651/2760/2526
f 664/2869/2068 2494/2873/2631 3936/2874/2632 2492/2870/2628
f 2494/2873/2631 152/2851/2610 2484/2854/2613 3936/2874/2632
f 3936/2874/2632 2484/2854/2613 663/2859/2618 2495/2875/2633
f 2492/2870/2628 3936/2874/2632 2495/2875/2633 986/2871/2629
f 986/2871/2629 2495/2875/2633 3937/2876/2634 2496/2877/2635
f 2495/2875/2633 663/2859/2618 2490/2866/2625 3937/2876/2634
f 3937/2876/2634 2490/2866/2625 48/2711/2490 2418/2709/2489
f 2496/2877/2635 3937/2876/2634 2418/2709/2489 645/2705/2486
f 651/2760/2526 2493/2872/2630 3938/2878/2636 2441/2764/2530
f 2493/2872/2630 986/2871/2629 2496/2877/2635 3938/2878/2636
f 3938/2878/2636 2496/2877/2635 645/2705/2486 2416/2703/2485
f 2441/2764/2530 3938/2878/2636 2416/2703/2485 46/2691/2476
f 154/929/874 1568/973/912 3939/2879/2637 2497/2880/1946
f 1568/973/912 416/971/910 2498/2881/2638 3939/2879/2637
f 3939/2879/2637 2498/2881/2638 987/2882/2639 2499/2883/1369
f 2497/2880/1946 3939/2879/2637 2499/2883/1369 665/2884/2161
f 416/971/910 1567/970/909 3940/2885/1366 2498/2881/2638
f 1567/970/909 153/969/908 2500/2886/2640 3940/2885/1366
f 3940/2885/1366 2500/2886/2640 666/2887/2641 2501/2888/1366
f 2498/2881/2638 3940/2885/1366 2501/2888/1366 987/2882/2639
f 987/2882/2639 2501/2888/1366 3941/2889/2642 2502/2890/1367
f 2501/2888/1366 666/2887/2641 2503/2891/2643 3941/2889/2642
f 3941/2889/2642 2503/2891/2643 145/2758/2524 2437/2756/2522
f 2502/2890/1367 3941/2889/2642 2437/2756/2522 649/2751/2164
f 665/2884/2161 2499/2883/1369 3942/2892/2644 2504/2893/1370
f 2499/2883/1369 987/2882/2639 2502/2890/1367 3942/2892/2644
f 3942/2892/2644 2502/2890/1367 649/2751/2164 2433/2748/2515
f 2504/2893/1370 3942/2892/2644 2433/2748/2515 146/2747/1357
f 155/887/838 1550/933/878 3943/2894/2645 2505/2895/2646
f 1550/933/878 411/931/876 2506/2896/2157 3943/2894/2645
f 3943/2894/2645 2506/2896/2157 988/2897/2159 2507/2898/1398
f 2505/2895/2646 3943/2894/2645 2507/2898/1398 667/2899/2647
f 411/931/876 1549/930/875 3944/2900/2648 2506/2896/2157
f 1549/930/875 154/929/874 2497/2880/1946 3944/2900/2648
f 3944/2900/2648 2497/2880/1946 665/2884/2161 2508/2901/2150
f 2506/2896/2157 3944/2900/2648 2508/2901/2150 988/2897/2159
f 988/2897/2159 2508/2901/2150 3945/2902/2150 2509/2903/2649
f 2508/2901/2150 665/2884/2161 2504/2893/1370 3945/2902/2150
f 3945/2902/2150 2504/2893/1370 146/2747/1357 2447/2776/2542
f 2509/2903/2649 3945/2902/2150 2447/2776/2542 652/2771/2537
f 667/2899/2647 2507/2898/1398 3946/2904/2650 2510/2905/2651
f 2507/2898/1398 988/2897/2159 2509/2903/2649 3946/2904/2650
f 3946/2904/2650 2509/2903/2649 652/2771/2537 2443/2768/2534
f 2510/2905/2651 3946/2904/2650 2443/2768/2534 147/2767/2533
f 156/893/802 1532/892/842 3947/2906/2652 2511/2907/2653
f 1532/892/842 406/889/840 2512/2908/2654 3947/2906/2652
f 3947/2906/2652 2512/2908/2654 989/2909/2655 2513/2910/2656
f 2511/2907/2653 3947/2906/2652 2513/2910/2656 668/2911/2657
f 406/889/840 1531/888/839 3948/2912/2658 2512/2908/2654
f 1531/888/839 155/887/838 2505/2895/2646 3948/2912/2658
f 3948/2912/2658 2505/2895/2646 667/2899/2647 2514/2913/2659
f 2512/2908/2654 3948/2912/2658 2514/2913/2659 989/2909/2655
f 989/2909/2655 2514/2913/2659 3949/2914/2660 2515/2915/2661
f 2514/2913/2659 667/2899/2647 2510/2905/2651 3949/2914/2660
f 3949/2914/2660 2510/2905/2651 147/2767/2533 2455/2792/2557
f 2515/2915/2661 3949/2914/2660 2455/2792/2557 654/2787/2136
f 668/2911/2657 2513/2910/2656 3950/2916/2662 2516/2917/2657
f 2513/2910/2656 989/2909/2655 2515/2915/2661 3950/2916/2662
f 3950/2916/2662 2515/2915/2661 654/2787/2136 2451/2784/2550
f 2516/2917/2657 3950/2916/2662 2451/2784/2550 148/2783/2549
f 157/802/766 1514/846/806 3951/2918/2663 2517/2919/2664
f 1514/846/806 401/844/804 2518/2920/2665 3951/2918/2663
f 3951/2918/2663 2518/2920/2665 990/2921/2128 2519/2922/2666
f 2517/2919/2664 3951/2918/2663 2519/2922/2666 669/2923/2667
f 401/844/804 1513/843/803 3952/2924/2668 2518/2920/2665
f 1513/843/803 156/842/802 2511/2925/2653 3952/2924/2668
f 3952/2924/2668 2511/2925/2653 668/2926/2657 2520/2927/1467
f 2518/2920/2665 3952/2924/2668 2520/2927/1467 990/2921/2128
f 990/2921/2128 2520/2927/1467 3953/2928/1470 2521/2929/2669
f 2520/2927/1467 668/2926/2657 2516/2930/2657 3953/2928/1470
f 3953/2928/1470 2516/2930/2657 148/2810/2549 2463/2808/2572
f 2521/2929/2669 3953/2928/1470 2463/2808/2572 656/2803/2567
f 669/2923/2667 2519/2922/2666 3954/2931/1476 2522/2932/2670
f 2519/2922/2666 990/2921/2128 2521/2929/2669 3954/2931/1476
f 3954/2931/1476 2521/2929/2669 656/2803/2567 2459/2800/1476
f 2522/2932/2670 3954/2931/1476 2459/2800/1476 149/2799/2564
f 158/760/728 1496/806/770 3955/2933/1510 2523/2934/2093
f 1496/806/770 396/804/768 2524/2935/1508 3955/2933/1510
f 3955/2933/1510 2524/2935/1508 991/2936/1507 2525/2937/1511
f 2523/2934/2093 3955/2933/1510 2525/2937/1511 670/2938/2579
f 396/804/768 1495/803/767 3956/2939/2107 2524/2935/1508
f 1495/803/767 157/802/766 2517/2919/2664 3956/2939/2107
f 3956/2939/2107 2517/2919/2664 669/2923/2667 2526/2940/2671
f 2524/2935/1508 3956/2939/2107 2526/2940/2671 991/2936/1507
f 991/2936/1507 2526/2940/2671 3957/2941/2107 2527/2942/2240
f 2526/2940/2671 669/2923/2667 2522/2932/2670 3957/2941/2107
f 3957/2941/2107 2522/2932/2670 149/2799/2564 2471/2828/2587
f 2527/2942/2240 3957/2941/2107 2471/2828/2587 658/2823/1883
f 670/2938/2579 2525/2937/1511 3958/2943/2672 2528/2944/1512
f 2525/2937/1511 991/2936/1507 2527/2942/2240 3958/2943/2672
f 3958/2943/2672 2527/2942/2240 658/2823/1883 2467/2820/2580
f 2528/2944/1512 3958/2943/2672 2467/2820/2580 150/2819/2579
f 159/766/734 1478/765/733 3959/2945/2673 2529/2946/2674
f 1478/765/733 391/762/730 2530/2947/2675 3959/2945/2673
f 3959/2945/2673 2530/2947/2675 992/2948/2676 2531/2949/2677
f 2529/2946/2674 3959/2945/2673 2531/2949/2677 671/2950/2678
f 391/762/730 1476/761/729 3960/2951/1547 2530/2947/2675
f 1476/761/729 158/760/728 2523/2934/2093 3960/2951/1547
f 3960/2951/1547 2523/2934/2093 670/2938/2579 2532/2952/2679
f 2530/2947/2675 3960/2951/1547 2532/2952/2679 992/2948/2676
f 992/2948/2676 2532/2952/2679 3961/2953/1547 2533/2954/2680
f 2532/2952/2679 670/2938/2579 2528/2944/1512 3961/2953/1547
f 3961/2953/1547 2528/2944/1512 150/2819/2579 2479/2844/2603
f 2533/2954/2680 3961/2953/1547 2479/2844/2603 660/2839/2598
f 671/2950/2678 2531/2949/2677 3962/2955/1542 2534/2956/2681
f 2531/2949/2677 992/2948/2676 2533/2954/2680 3962/2955/1542
f 3962/2955/1542 2533/2954/2680 660/2839/2598 2475/2836/2595
f 2534/2956/2681 3962/2955/1542 2475/2836/2595 151/2835/2594
f 160/1009/943 1600/1043/973 3963/2957/2682 2535/2958/2683
f 1600/1043/973 424/1041/971 2536/2959/1845 3963/2957/2682
f 3963/2957/2682 2536/2959/1845 993/2960/2684 2537/2961/2685
f 2535/2958/2683 3963/2957/2682 2537/2961/2685 672/2962/2686
f 424/1041/971 1599/1040/970 3964/2963/2687 2536/2959/1845
f 1599/1040/970 159/766/734 2529/2946/2674 3964/2963/2687
f 3964/2963/2687 2529/2946/2674 671/2950/2678 2538/2964/2688
f 2536/2959/1845 3964/2963/2687 2538/2964/2688 993/2960/2684
f 993/2960/2684 2538/2964/2688 3965/2965/2689 2539/2966/2690
f 2538/2964/2688 671/2950/2678 2534/2956/2681 3965/2965/2689
f 3965/2965/2689 2534/2956/2681 151/2835/2594 2487/2860/2619
f 2539/2966/2690 3965/2965/2689 2487/2860/2619 662/2855/2614
f 672/2962/2686 2537/2961/2685 3966/2967/2682 2540/2968/2070
f 2537/2961/2685 993/2960/2684 2539/2966/2690 3966/2967/2682
f 3966/2967/2682 2539/2966/2690 662/2855/2614 2483/2852/2611
f 2540/2968/2070 3966/2967/2682 2483/2852/2611 152/2851/2610
f 153/969/908 1586/1013/947 3967/2969/2691 2500/2886/2640
f 1586/1013/947 421/1011/945 2541/2970/2692 3967/2969/2691
f 3967/2969/2691 2541/2970/2692 994/2971/2693 2542/2972/2694
f 2500/2886/2640 3967/2969/2691 2542/2972/2694 666/2887/2641
f 421/1011/945 1585/1010/944 3968/2973/2695 2541/2970/2692
f 1585/1010/944 160/1009/943 2535/2958/2683 3968/2973/2695
f 3968/2973/2695 2535/2958/2683 672/2962/2686 2543/2974/2696
f 2541/2970/2692 3968/2973/2695 2543/2974/2696 994/2971/2693
f 994/2971/2693 2543/2974/2696 3969/2975/2697 2544/2976/2698
f 2543/2974/2696 672/2962/2686 2540/2968/2070 3969/2975/2697
f 3969/2975/2697 2540/2968/2070 152/2851/2610 2494/2873/2631
f 2544/2976/2698 3969/2975/2697 2494/2873/2631 664/2869/2068
f 666/2887/2641 2542/2972/2694 3970/2977/2699 2503/2891/2643
f 2542/2972/2694 994/2971/2693 2544/2976/2698 3970/2977/2699
f 3970/2977/2699 2544/2976/2698 664/2869/2068 2491/2867/2626
f 2503/2891/2643 3970/2977/2699 2491/2867/2626 145/2758/2524
f 17/2978/710 1596/2979/965 3971/2980/2700 2545/2981/2701
f 1596/2979/965 423/2982/961 2546/2983/2702 3971/2980/2700
f 3971/2980/2700 2546/2983/2702 995/2984/2703 2547/2985/2704
f 2545/2981/2701 3971/2980/2700 2547/2985/2704 673/2986/2705
f 423/2982/961 1593/2987/959 3972/2988/2706 2546/2983/2702
f 1593/2987/959 18/2989/936 2548/2990/2707 3972/2988/2706
f 3972/2988/2706 2548/2990/2707 674/2991/2708 2549/2992/2709
f 2546/2983/2702 3972/2988/2706 2549/2992/2709 995/2984/2703
f 995/2984/2703 2549/2992/2709 3973/2993/2710 2550/2994/2711
f 2549/2992/2709 674/2991/2708 2551/2995/2712 3973/2993/2710
f 3973/2993/2710 2551/2995/2712 162/293/283 1246/296/286
f 2550/2994/2711 3973/2993/2710 1246/296/286 321/288/278
f 673/2986/2705 2547/2985/2704 3974/2996/2713 2552/2997/2714
f 2547/2985/2704 995/2984/2703 2550/2994/2711 3974/2996/2713
f 3974/2996/2713 2550/2994/2711 321/288/278 1241/285/275
f 2552/2997/2714 3974/2996/2713 1241/285/275 161/284/274
f 18/2989/936 1580/2998/934 3975/2999/2715 2548/2990/2707
f 1580/2998/934 419/3000/930 2553/3001/2716 3975/2999/2715
f 3975/2999/2715 2553/3001/2716 996/3002/2717 2554/3003/2718
f 2548/2990/2707 3975/2999/2715 2554/3003/2718 674/2991/2708
f 419/3000/930 1577/3004/928 3976/3005/2719 2553/3001/2716
f 1577/3004/928 19/3006/901 2555/3007/2720 3976/3005/2719
f 3976/3005/2719 2555/3007/2720 675/3008/2721 2556/3009/2722
f 2553/3001/2716 3976/3005/2719 2556/3009/2722 996/3002/2717
f 996/3002/2717 2556/3009/2722 3977/3010/2723 2557/3011/2724
f 2556/3009/2722 675/3008/2721 2558/3012/2725 3977/3010/2723
f 3977/3010/2723 2558/3012/2725 164/309/299 1254/312/302
f 2557/3011/2724 3977/3010/2723 1254/312/302 324/305/295
f 674/2991/2708 2554/3003/2718 3978/3013/2726 2551/2995/2712
f 2554/3003/2718 996/3002/2717 2557/3011/2724 3978/3013/2726
f 3978/3013/2726 2557/3011/2724 324/305/295 1250/303/293
f 2551/2995/2712 3978/3013/2726 1250/303/293 162/293/283
f 19/3006/901 1562/3014/899 3979/3015/2727 2555/3007/2720
f 1562/3014/899 414/3016/895 2559/3017/2728 3979/3015/2727
f 3979/3015/2727 2559/3017/2728 997/3018/2729 2560/3019/2730
f 2555/3007/2720 3979/3015/2727 2560/3019/2730 675/3008/2721
f 414/3016/895 1559/3020/893 3980/3021/2731 2559/3017/2728
f 1559/3020/893 20/3022/867 2561/3023/2732 3980/3021/2731
f 3980/3021/2731 2561/3023/2732 676/3024/2733 2562/3025/2734
f 2559/3017/2728 3980/3021/2731 2562/3025/2734 997/3018/2729
f 997/3018/2729 2562/3025/2734 3981/3026/2735 2563/3027/2736
f 2562/3025/2734 676/3024/2733 2564/3028/2737 3981/3026/2735
f 3981/3026/2735 2564/3028/2737 165/323/313 1261/326/316
f 2563/3027/2736 3981/3026/2735 1261/326/316 326/319/309
f 675/3008/2721 2560/3019/2730 3982/3029/2738 2558/3012/2725
f 2560/3019/2730 997/3018/2729 2563/3027/2736 3982/3029/2738
f 3982/3029/2738 2563/3027/2736 326/319/309 1257/317/307
f 2558/3012/2725 3982/3029/2738 1257/317/307 164/309/299
f 20/3022/867 1544/3030/865 3983/3031/2739 2561/3023/2732
f 1544/3030/865 409/3032/861 2565/3033/2740 3983/3031/2739
f 3983/3031/2739 2565/3033/2740 998/3034/2741 2566/3035/2742
f 2561/3023/2732 3983/3031/2739 2566/3035/2742 676/3024/2733
f 409/3032/861 1541/3036/859 3984/3037/2743 2565/3033/2740
f 1541/3036/859 21/3038/831 2567/3039/2744 3984/3037/2743
f 3984/3037/2743 2567/3039/2744 677/3040/2745 2568/3041/2746
f 2565/3033/2740 3984/3037/2743 2568/3041/2746 998/3034/2741
f 998/3034/2741 2568/3041/2746 3985/3042/2747 2569/3043/2748
f 2568/3041/2746 677/3040/2745 2570/3044/2749 3985/3042/2747
f 3985/3042/2747 2570/3044/2749 166/337/327 1268/340/330
f 2569/3043/2748 3985/3042/2747 1268/340/330 328/333/323
f 676/3024/2733 2566/3035/2742 3986/3045/2750 2564/3028/2737
f 2566/3035/2742 998/3034/2741 2569/3043/2748 3986/3045/2750
f 3986/3045/2750 2569/3043/2748 328/333/323 1264/331/321
f 2564/3028/2737 3986/3045/2750 1264/331/321 165/323/313
f 21/3038/831 1526/3046/829 3987/3047/2751 2567/3039/2744
f 1526/3046/829 404/3048/825 2571/3049/2752 3987/3047/2751
f 3987/3047/2751 2571/3049/2752 999/3050/2753 2572/3051/2754
f 2567/3039/2744 3987/3047/2751 2572/3051/2754 677/3040/2745
f 404/3048/825 1523/3052/823 3988/3053/2755 2571/3049/2752
f 1523/3052/823 22/3054/795 2573/3055/2756 3988/3053/2755
f 3988/3053/2755 2573/3055/2756 678/3056/2757 2574/3057/2758
f 2571/3049/2752 3988/3053/2755 2574/3057/2758 999/3050/2753
f 999/3050/2753 2574/3057/2758 3989/3058/2759 2575/3059/2760
f 2574/3057/2758 678/3056/2757 2576/3060/2761 3989/3058/2759
f 3989/3058/2759 2576/3060/2761 167/351/341 1275/354/344
f 2575/3059/2760 3989/3058/2759 1275/354/344 330/347/337
f 677/3040/2745 2572/3051/2754 3990/3061/2762 2570/3044/2749
f 2572/3051/2754 999/3050/2753 2575/3059/2760 3990/3061/2762
f 3990/3061/2762 2575/3059/2760 330/347/337 1271/345/335
f 2570/3044/2749 3990/3061/2762 1271/345/335 166/337/327
f 22/3054/795 1508/3062/793 3991/3063/2763 2573/3055/2756
f 1508/3062/793 399/3064/789 2577/3065/2764 3991/3063/2763
f 3991/3063/2763 2577/3065/2764 1000/3066/2765 2578/3067/2766
f 2573/3055/2756 3991/3063/2763 2578/3067/2766 678/3056/2757
f 399/3064/789 1505/3068/787 3992/3069/2767 2577/3065/2764
f 1505/3068/787 23/3070/759 2579/3071/2768 3992/3069/2767
f 3992/3069/2767 2579/3071/2768 679/3072/2769 2580/3073/2770
f 2577/3065/2764 3992/3069/2767 2580/3073/2770 1000/3066/2765
f 1000/3066/2765 2580/3073/2770 3993/3074/2771 2581/3075/2772
f 2580/3073/2770 679/3072/2769 2582/3076/2773 3993/3074/2771
f 3993/3074/2771 2582/3076/2773 168/365/355 1282/368/358
f 2581/3075/2772 3993/3074/2771 1282/368/358 332/361/351
f 678/3056/2757 2578/3067/2766 3994/3077/2774 2576/3060/2761
f 2578/3067/2766 1000/3066/2765 2581/3075/2772 3994/3077/2774
f 3994/3077/2774 2581/3075/2772 332/361/351 1278/359/349
f 2576/3060/2761 3994/3077/2774 1278/359/349 167/351/341
f 23/3070/759 1490/3078/757 3995/3079/2775 2579/3071/2768
f 1490/3078/757 394/3080/753 2583/3081/2776 3995/3079/2775
f 3995/3079/2775 2583/3081/2776 1001/3082/2777 2584/3083/2778
f 2579/3071/2768 3995/3079/2775 2584/3083/2778 679/3072/2769
f 394/3080/753 1487/3084/751 3996/3085/2779 2583/3081/2776
f 1487/3084/751 24/3086/721 2585/3087/2780 3996/3085/2779
f 3996/3085/2779 2585/3087/2780 680/3088/2781 2586/3089/2782
f 2583/3081/2776 3996/3085/2779 2586/3089/2782 1001/3082/2777
f 1001/3082/2777 2586/3089/2782 3997/3090/2783 2587/3091/2784
f 2586/3089/2782 680/3088/2781 2588/3092/2785 3997/3090/2783
f 3997/3090/2783 2588/3092/2785 169/379/369 1289/382/372
f 2587/3091/2784 3997/3090/2783 1289/382/372 334/375/365
f 679/3072/2769 2584/3083/2778 3998/3093/2786 2582/3076/2773
f 2584/3083/2778 1001/3082/2777 2587/3091/2784 3998/3093/2786
f 3998/3093/2786 2587/3091/2784 334/375/365 1285/373/363
f 2582/3076/2773 3998/3093/2786 1285/373/363 168/365/355
f 24/3086/721 1471/3094/719 3999/3095/2787 2585/3087/2780
f 1471/3094/719 388/3096/714 2589/3097/2788 3999/3095/2787
f 3999/3095/2787 2589/3097/2788 1002/3098/2789 2590/3099/2790
f 2585/3087/2780 3999/3095/2787 2590/3099/2790 680/3088/2781
f 388/3096/714 1467/3100/711 4000/3101/2791 2589/3097/2788
f 1467/3100/711 17/2978/710 2545/2981/2701 4000/3101/2791
f 4000/3101/2791 2545/2981/2701 673/2986/2705 2591/3102/2792
f 2589/3097/2788 4000/3101/2791 2591/3102/2792 1002/3098/2789
f 1002/3098/2789 2591/3102/2792 4001/3103/2793 2592/3104/2794
f 2591/3102/2792 673/2986/2705 2552/2997/2714 4001/3103/2793
f 4001/3103/2793 2552/2997/2714 161/284/274 1295/394/384
f 2592/3104/2794 4001/3103/2793 1295/394/384 336/389/379
f 680/3088/2781 2590/3099/2790 4002/3105/2795 2588/3092/2785
f 2590/3099/2790 1002/3098/2789 2592/3104/2794 4002/3105/2795
f 4002/3105/2795 2592/3104/2794 336/389/379 1292/387/377
f 2588/3092/2785 4002/3105/2795 1292/387/377 169/379/369
f 50/1393/1281 1761/1392/1279 4003/1392/2796 2593/1393/2065
f 1761/1392/1279 469/1391/1274 2594/1391/2797 4003/1392/2796
f 4003/1392/2796 2594/1391/2797 1003/1391/2798 2595/1392/1844
f 2593/1393/2065 4003/1392/2796 2595/1392/1844 681/1393/2070
f 469/1391/1274 1757/1390/1271 4004/1396/2799 2594/1391/2797
f 1757/1390/1271 49/1389/1270 2596/1389/2800 4004/1396/2799
f 4004/1396/2799 2596/1389/2800 682/1389/2801 2597/1396/2802
f 2594/1391/2797 4004/1396/2799 2597/1396/2802 1003/1391/2798
f 1003/1391/2798 2597/1396/2802 4005/1396/2803 2598/1391/971
f 2597/1396/2802 682/1389/2801 2599/1389/2079 4005/1396/2803
f 4005/1396/2803 2599/1389/2079 238/3106/2084 2600/1396/2804
f 2598/1391/971 4005/1396/2803 2600/1396/2804 683/1391/2805
f 681/1393/2070 2595/1392/1844 4006/1392/2088 2601/3107/1816
f 2595/1392/1844 1003/1391/2798 2598/1391/971 4006/1392/2088
f 4006/1392/2088 2598/1391/971 683/1391/2805 2602/1392/2806
f 2601/3107/1816 4006/1392/2088 2602/1392/2806 239/3107/1816
f 51/1420/1323 1782/1419/1321 4007/1419/2807 2603/1420/2808
f 1782/1419/1321 476/1418/1317 2604/1418/2809 4007/1419/2807
f 4007/1419/2807 2604/1418/2809 1004/1418/2810 2605/1419/2811
f 2603/1420/2808 4007/1419/2807 2605/1419/2811 684/1420/2074
f 476/1418/1317 1779/1417/1315 4008/1417/2062 2604/1418/2809
f 1779/1417/1315 50/1393/1281 2593/1393/2065 4008/1417/2062
f 4008/1417/2062 2593/1393/2065 681/1393/2070 2606/1417/1315
f 2604/1418/2809 4008/1417/2062 2606/1417/1315 1004/1418/2810
f 1004/1418/2810 2606/1417/1315 4009/1417/2812 2607/1418/2813
f 2606/1417/1315 681/1393/2070 2601/3107/1816 4009/1417/2812
f 4009/1417/2812 2601/3107/1816 239/3107/1816 2608/1417/2814
f 2607/1418/2813 4009/1417/2812 2608/1417/2814 685/1418/2815
f 684/1420/2074 2605/1419/2811 4010/1419/2816 2609/1420/2817
f 2605/1419/2811 1004/1418/2810 2607/1418/2813 4010/1419/2816
f 4010/1419/2816 2607/1418/2813 685/1418/2815 2610/1419/2811
f 2609/1420/2817 4010/1419/2816 2610/1419/2811 240/1420/2818
f 52/1448/1370 1808/1446/1369 4011/1446/912 2611/1448/1361
f 1808/1446/1369 484/1447/1367 2612/3108/910 4011/1446/912
f 4011/1446/912 2612/3108/910 1005/1447/1359 2613/1446/912
f 2611/1448/1361 4011/1446/912 2613/1446/912 686/1448/1361
f 484/1447/1367 1806/1450/1366 4012/1450/2819 2612/3108/910
f 1806/1450/1366 51/1420/1323 2603/1420/2808 4012/1450/2819
f 4012/1450/2819 2603/1420/2808 684/1420/2074 2614/1450/2820
f 2612/3108/910 4012/1450/2819 2614/1450/2820 1005/1447/1359
f 1005/1447/1359 2614/1450/2820 4013/1450/2821 2615/1447/1958
f 2614/1450/2820 684/1420/2074 2609/1420/2817 4013/1450/2821
f 4013/1450/2821 2609/1420/2817 240/1420/2818 2616/1450/1366
f 2615/1447/1958 4013/1450/2821 2616/1450/1366 687/1447/1367
f 686/1448/1361 2613/1446/912 4014/1446/1369 2617/1448/1370
f 2613/1446/912 1005/1447/1359 2615/1447/1958 4014/1446/1369
f 4014/1446/1369 2615/1447/1958 687/1447/1367 2618/1446/2822
f 2617/1448/1370 4014/1446/1369 2618/1446/2822 241/1448/1357
f 53/1474/838 1822/1473/1396 4015/1473/2823 2619/1474/2824
f 1822/1473/1396 488/1472/1393 2620/1472/2825 4015/1473/2823
f 4015/1473/2823 2620/1472/2825 1006/1472/2826 2621/1473/2827
f 2619/1474/2824 4015/1473/2823 2621/1473/2827 688/1474/2828
f 488/1472/1393 1819/1471/1391 4016/1471/1395 2620/1472/2825
f 1819/1471/1391 52/1448/1370 2611/1448/1361 4016/1471/1395
f 4016/1471/1395 2611/1448/1361 686/1448/1361 2622/1471/1391
f 2620/1472/2825 4016/1471/1395 2622/1471/1391 1006/1472/2826
f 1006/1472/2826 2622/1471/1391 4017/1471/2162 2623/3109/1393
f 2622/1471/1391 686/1448/1361 2617/1448/1370 4017/1471/2162
f 4017/1471/2162 2617/1448/1370 241/1448/1357 2624/1471/2162
f 2623/3109/1393 4017/1471/2162 2624/1471/2162 689/1472/1394
f 688/1474/2828 2621/1473/2827 4018/1473/2829 2625/1474/2830
f 2621/1473/2827 1006/1472/2826 2623/3109/1393 4018/1473/2829
f 4018/1473/2829 2623/3109/1393 689/1472/1394 2626/1473/1398
f 2625/1474/2830 4018/1473/2829 2626/1473/1398 242/1474/2132
f 54/1501/1434 1842/1500/1432 4019/1500/2831 2627/1501/1906
f 1842/1500/1432 494/1499/1428 2628/1499/2135 4019/1500/2831
f 4019/1500/2831 2628/1499/2135 1007/1499/2136 2629/1500/2832
f 2627/1501/1906 4019/1500/2831 2629/1500/2832 690/1501/2833
f 494/1499/1428 1839/1498/1426 4020/1498/2834 2628/1499/2135
f 1839/1498/1426 53/1474/838 2619/1474/2824 4020/1498/2834
f 4020/1498/2834 2619/1474/2824 688/1474/2828 2630/1498/2835
f 2628/1499/2135 4020/1498/2834 2630/1498/2835 1007/1499/2136
f 1007/1499/2136 2630/1498/2835 4021/1498/1426 2631/1499/2836
f 2630/1498/2835 688/1474/2828 2625/1474/2830 4021/1498/1426
f 4021/1498/1426 2625/1474/2830 242/1474/2132 2632/1498/2837
f 2631/1499/2836 4021/1498/1426 2632/1498/2837 691/1499/2838
f 690/1501/2833 2629/1500/2832 4022/1500/2652 2633/1501/2130
f 2629/1500/2832 1007/1499/2136 2631/1499/2836 4022/1500/2652
f 4022/1500/2652 2631/1499/2836 691/1499/2838 2634/1500/2832
f 2633/1501/2130 4022/1500/2652 2634/1500/2832 235/1501/2839
f 55/1527/1473 1862/1526/1471 4023/1526/1476 2635/1527/1473
f 1862/1526/1471 500/1524/1468 2636/1524/2840 4023/1526/1476
f 4023/1526/1476 2636/1524/2840 1008/1524/2840 2637/1526/2841
f 2635/1527/1473 4023/1526/1476 2637/1526/2841 692/1527/2842
f 500/1524/1468 1859/1523/1466 4024/1523/2843 2636/1524/2840
f 1859/1523/1466 54/1501/1434 2627/1501/1906 4024/1523/2843
f 4024/1523/2843 2627/1501/1906 690/1501/2833 2638/1523/2129
f 2636/1524/2840 4024/1523/2843 2638/1523/2129 1008/1524/2840
f 1008/1524/2840 2638/1523/2129 4025/1523/2843 2639/1524/2844
f 2638/1523/2129 690/1501/2833 2633/1501/2130 4025/1523/2843
f 4025/1523/2843 2633/1501/2130 235/1501/2839 2640/1525/2845
f 2639/1524/2844 4025/1523/2843 2640/1525/2845 693/1524/804
f 692/1527/2842 2637/1526/2841 4026/1526/2846 2641/1528/2847
f 2637/1526/2841 1008/1524/2840 2639/1524/2844 4026/1526/2846
f 4026/1526/2846 2639/1524/2844 693/1524/804 2642/1526/2848
f 2641/1528/2847 4026/1526/2846 2642/1526/2848 236/1527/1474
f 56/1553/1512 1882/1552/1510 4027/1552/2110 2643/1553/2579
f 1882/1552/1510 506/1551/1507 2644/1551/2849 4027/1552/2110
f 4027/1552/2110 2644/1551/2849 1009/1551/1883 2645/1552/770
f 2643/1553/2579 4027/1552/2110 2645/1552/770 694/3110/2093
f 506/1551/1507 1879/1550/1505 4028/1550/2850 2644/1551/2849
f 1879/1550/1505 55/1527/1473 2635/1527/1473 4028/1550/2850
f 4028/1550/2850 2635/1527/1473 692/1527/2842 2646/3111/2851
f 2644/1551/2849 4028/1550/2850 2646/3111/2851 1009/1551/1883
f 1009/1551/1883 2646/3111/2851 4029/3111/2852 2647/1551/1507
f 2646/3111/2851 692/1527/2842 2641/1528/2847 4029/3111/2852
f 4029/3111/2852 2641/1528/2847 236/1527/1474 2648/3111/2853
f 2647/1551/1507 4029/3111/2852 2648/3111/2853 695/1551/768
f 694/3110/2093 2645/1552/770 4030/1552/1510 2649/3110/2093
f 2645/1552/770 1009/1551/1883 2647/1551/1507 4030/1552/1510
f 4030/1552/1510 2647/1551/1507 695/1551/768 2650/1552/1510
f 2649/3110/2093 4030/1552/1510 2650/1552/1510 237/3110/1513
f 49/1389/1270 1900/1574/1541 4031/1574/2854 2596/1389/2800
f 1900/1574/1541 511/1572/1537 2651/1572/2103 4031/1574/2854
f 4031/1574/2854 2651/1572/2103 1010/1572/2103 2652/1574/1542
f 2596/1389/2800 4031/1574/2854 2652/1574/1542 682/1389/2801
f 511/1572/1537 1897/1570/1535 4032/1570/2095 2651/1572/2103
f 1897/1570/1535 56/1553/1512 2643/1553/2579 4032/1570/2095
f 4032/1570/2095 2643/1553/2579 694/3110/2093 2653/1570/1868
f 2651/1572/2103 4032/1570/2095 2653/1570/1868 1010/1572/2103
f 1010/1572/2103 2653/1570/1868 4033/1570/1540 2654/1572/2855
f 2653/1570/1868 694/3110/2093 2649/3110/2093 4033/1570/1540
f 4033/1570/1540 2649/3110/2093 237/3110/1513 2655/1570/1540
f 2654/1572/2855 4033/1570/1540 2655/1570/1540 696/1572/1537
f 682/1389/2801 2652/1574/1542 4034/1574/2856 2599/1389/2079
f 2652/1574/1542 1010/1572/2103 2654/1572/2855 4034/1574/2856
f 4034/1574/2856 2654/1572/2855 696/1572/1537 2656/1574/2857
f 2599/1389/2079 4034/1574/2856 2656/1574/2857 238/3106/2084
f 171/1393/2858 2657/1392/2859 4035/1392/2860 2658/3107/2861
f 2657/1392/2859 697/3112/2862 2659/1391/2863 4035/1392/2860
f 4035/1392/2860 2659/1391/2863 1011/3113/2864 2660/3114/2865
f 2658/3107/2861 4035/1392/2860 2660/3114/2865 698/3115/2866
f 697/3112/2862 2661/3116/2867 4036/3116/2868 2659/1391/2863
f 2661/3116/2867 170/3106/2869 2662/3106/2870 4036/3116/2868
f 4036/3116/2868 2662/3106/2870 699/3117/2871 2663/3118/2872
f 2659/1391/2863 4036/3116/2868 2663/3118/2872 1011/3113/2864
f 1011/3113/2864 2663/3118/2872 4037/3119/2873 2664/3120/2874
f 2663/3118/2872 699/3117/2871 2665/3121/2875 4037/3119/2873
f 4037/3119/2873 2665/3121/2875 178/180/170 1190/183/173
f 2664/3120/2874 4037/3119/2873 1190/183/173 305/175/165
f 698/3115/2866 2660/3114/2865 4038/3122/2876 2666/3123/2877
f 2660/3114/2865 1011/3113/2864 2664/3120/2874 4038/3122/2876
f 4038/3122/2876 2664/3120/2874 305/175/165 1185/172/162
f 2666/3123/2877 4038/3122/2876 1185/172/162 179/171/161
f 172/1420/2878 2667/3124/2073 4039/3124/2879 2668/1420/2880
f 2667/3124/2073 700/1418/2809 2669/1418/2881 4039/3124/2879
f 4039/3124/2879 2669/1418/2881 1012/3125/2882 2670/3126/2883
f 2668/1420/2880 4039/3124/2879 2670/3126/2883 701/3127/2884
f 700/1418/2809 2671/1417/2062 4040/1417/2885 2669/1418/2881
f 2671/1417/2062 171/1393/2858 2658/3107/2861 4040/1417/2885
f 4040/1417/2885 2658/3107/2861 698/3115/2866 2672/3128/2886
f 2669/1418/2881 4040/1417/2885 2672/3128/2886 1012/3125/2882
f 1012/3125/2882 2672/3128/2886 4041/3129/2887 2673/3130/2888
f 2672/3128/2886 698/3115/2866 2666/3123/2877 4041/3129/2887
f 4041/3129/2887 2666/3123/2877 179/171/161 1198/200/190
f 2673/3130/2888 4041/3129/2887 1198/200/190 308/194/184
f 701/3127/2884 2670/3126/2883 4042/3131/2889 2674/3132/2890
f 2670/3126/2883 1012/3125/2882 2673/3130/2888 4042/3131/2889
f 4042/3131/2889 2673/3130/2888 308/194/184 1194/191/181
f 2674/3132/2890 4042/3131/2889 1194/191/181 181/190/180
f 173/1448/1361 2675/1446/1356 4043/1446/2891 2676/1448/2892
f 2675/1446/1356 702/1447/2893 2677/3108/2894 4043/1446/2891
f 4043/1446/2891 2677/3108/2894 1013/3133/2895 2678/3134/2896
f 2676/1448/2892 4043/1446/2891 2678/3134/2896 703/3135/2897
f 702/1447/2893 2679/3136/2898 4044/3136/2899 2677/3108/2894
f 2679/3136/2898 172/1420/2878 2668/1420/2880 4044/3136/2899
f 4044/3136/2899 2668/1420/2880 701/3127/2884 2680/3137/2900
f 2677/3108/2894 4044/3136/2899 2680/3137/2900 1013/3133/2895
f 1013/3133/2895 2680/3137/2900 4045/3138/2901 2681/3139/2902
f 2680/3137/2900 701/3127/2884 2674/3132/2890 4045/3138/2901
f 4045/3138/2901 2674/3132/2890 181/190/180 1205/214/204
f 2681/3139/2902 4045/3138/2901 1205/214/204 310/208/198
f 703/3135/2897 2678/3134/2896 4046/3140/2903 2682/3141/2904
f 2678/3134/2896 1013/3133/2895 2681/3139/2902 4046/3140/2903
f 4046/3140/2903 2681/3139/2902 310/208/198 1201/205/195
f 2682/3141/2904 4046/3140/2903 1201/205/195 182/204/194
f 174/1474/2905 2683/1473/2158 4047/1473/2906 2684/1474/2907
f 2683/1473/2158 704/1472/1394 2685/3109/2908 4047/1473/2906
f 4047/1473/2906 2685/3109/2908 1014/3142/2909 2686/3143/2910
f 2684/1474/2907 4047/1473/2906 2686/3143/2910 705/3144/2911
f 704/1472/1394 2687/1471/2912 4048/1471/2913 2685/3109/2908
f 2687/1471/2912 173/1448/1361 2676/1448/2892 4048/1471/2913
f 4048/1471/2913 2676/1448/2892 703/3135/2897 2688/3145/2914
f 2685/3109/2908 4048/1471/2913 2688/3145/2914 1014/3142/2909
f 1014/3142/2909 2688/3145/2914 4049/3146/2915 2689/3147/2916
f 2688/3145/2914 703/3135/2897 2682/3141/2904 4049/3146/2915
f 4049/3146/2915 2682/3141/2904 182/204/194 1212/228/218
f 2689/3147/2916 4049/3146/2915 1212/228/218 312/222/212
f 705/3144/2911 2686/3143/2910 4050/3148/2917 2690/3149/2918
f 2686/3143/2910 1014/3142/2909 2689/3147/2916 4050/3148/2917
f 4050/3148/2917 2689/3147/2916 312/222/212 1208/219/209
f 2690/3149/2918 4050/3148/2917 1208/219/209 183/218/208
f 175/1501/2919 2691/1500/2920 4051/1500/2921 2692/1501/2922
f 2691/1500/2920 706/1499/1428 2693/1499/2923 4051/1500/2921
f 4051/1500/2921 2693/1499/2923 1015/3150/2924 2694/3151/2925
f 2692/1501/2922 4051/1500/2921 2694/3151/2925 707/3152/2926
f 706/1499/1428 2695/1498/2927 4052/1498/2928 2693/1499/2923
f 2695/1498/2927 174/1474/2905 2684/1474/2907 4052/1498/2928
f 4052/1498/2928 2684/1474/2907 705/3144/2911 2696/3153/2929
f 2693/1499/2923 4052/1498/2928 2696/3153/2929 1015/3150/2924
f 1015/3150/2924 2696/3153/2929 4053/3154/2930 2697/3155/2931
f 2696/3153/2929 705/3144/2911 2690/3149/2918 4053/3154/2930
f 4053/3154/2930 2690/3149/2918 183/218/208 1219/242/232
f 2697/3155/2931 4053/3154/2930 1219/242/232 314/236/226
f 707/3152/2926 2694/3151/2925 4054/3156/2932 2698/3157/2933
f 2694/3151/2925 1015/3150/2924 2697/3155/2931 4054/3156/2932
f 4054/3156/2932 2697/3155/2931 314/236/226 1215/233/223
f 2698/3157/2933 4054/3156/2932 1215/233/223 184/232/222
f 176/1528/2934 2699/1526/1476 4055/1526/2935 2700/1528/2936
f 2699/1526/1476 708/1529/2937 2701/1524/2938 4055/1526/2935
f 4055/1526/2935 2701/1524/2938 1016/3158/2939 2702/3159/2940
f 2700/1528/2936 4055/1526/2935 2702/3159/2940 709/3160/2941
f 708/1529/2937 2703/1525/2942 4056/1525/2943 2701/1524/2938
f 2703/1525/2942 175/1501/2919 2692/1501/2922 4056/1525/2943
f 4056/1525/2943 2692/1501/2922 707/3152/2926 2704/3161/2944
f 2701/1524/2938 4056/1525/2943 2704/3161/2944 1016/3158/2939
f 1016/3158/2939 2704/3161/2944 4057/3162/2945 2705/3163/2946
f 2704/3161/2944 707/3152/2926 2698/3157/2933 4057/3162/2945
f 4057/3162/2945 2698/3157/2933 184/232/222 1226/256/246
f 2705/3163/2946 4057/3162/2945 1226/256/246 316/250/240
f 709/3160/2941 2702/3159/2940 4058/3164/2947 2706/3165/2948
f 2702/3159/2940 1016/3158/2939 2705/3163/2946 4058/3164/2947
f 4058/3164/2947 2705/3163/2946 316/250/240 1222/247/237
f 2706/3165/2948 4058/3164/2947 1222/247/237 185/246/236
f 177/3110/1512 2707/1552/1514 4059/1552/2949 2708/3110/2950
f 2707/1552/1514 710/1551/2951 2709/1551/2952 4059/1552/2949
f 4059/1552/2949 2709/1551/2952 1017/3166/2953 2710/3167/2954
f 2708/3110/2950 4059/1552/2949 2710/3167/2954 711/3168/2955
f 710/1551/2951 2711/1550/2956 4060/1550/2957 2709/1551/2952
f 2711/1550/2956 176/1528/2934 2700/1528/2936 4060/1550/2957
f 4060/1550/2957 2700/1528/2936 709/3160/2941 2712/3169/2958
f 2709/1551/2952 4060/1550/2957 2712/3169/2958 1017/3166/2953
f 1017/3166/2953 2712/3169/2958 4061/3170/2959 2713/3171/2960
f 2712/3169/2958 709/3160/2941 2706/3165/2948 4061/3170/2959
f 4061/3170/2959 2706/3165/2948 185/246/236 1233/270/260
f 2713/3171/2960 4061/3170/2959 1233/270/260 318/264/254
f 711/3168/2955 2710/3167/2954 4062/3172/2961 2714/3173/2962
f 2710/3167/2954 1017/3166/2953 2713/3171/2960 4062/3172/2961
f 4062/3172/2961 2713/3171/2960 318/264/254 1229/261/251
f 2714/3173/2962 4062/3172/2961 1229/261/251 186/260/250
f 170/3106/2869 2715/3174/1542 4063/1574/2963 2662/3106/2870
f 2715/3174/1542 712/1572/2096 2716/1572/2964 4063/1574/2963
f 4063/1574/2963 2716/1572/2964 1018/3175/2965 2717/3176/2966
f 2662/3106/2870 4063/1574/2963 2717/3176/2966 699/3117/2871
f 712/1572/2096 2718/1570/2099 4064/1570/2967 2716/1572/2964
f 2718/1570/2099 177/3110/1512 2708/3110/2950 4064/1570/2967
f 4064/1570/2967 2708/3110/2950 711/3168/2955 2719/3177/2968
f 2716/1572/2964 4064/1570/2967 2719/3177/2968 1018/3175/2965
f 1018/3175/2965 2719/3177/2968 4065/3178/2969 2720/3179/2970
f 2719/3177/2968 711/3168/2955 2714/3173/2962 4065/3178/2969
f 4065/3178/2969 2714/3173/2962 186/260/250 1239/281/271
f 2720/3179/2970 4065/3178/2969 1239/281/271 320/276/266
f 699/3117/2871 2717/3176/2966 4066/3180/2971 2665/3121/2875
f 2717/3176/2966 1018/3175/2965 2720/3179/2970 4066/3180/2971
f 4066/3180/2971 2720/3179/2970 320/276/266 1236/274/264
f 2665/3121/2875 4066/3180/2971 1236/274/264 178/180/170
f 188/1148/1054 1642/1147/1053 4067/3181/2972 2721/3182/2973
f 1642/1147/1053 435/1144/1050 2722/3183/2974 4067/3181/2972
f 4067/3181/2972 2722/3183/2974 1019/3184/2975 2723/3185/2972
f 2721/3182/2973 4067/3181/2972 2723/3185/2972 713/3186/2976
f 435/1144/1050 1640/1143/1049 4068/3187/2977 2722/3183/2974
f 1640/1143/1049 187/1128/1038 2724/3188/2978 4068/3187/2977
f 4068/3187/2977 2724/3188/2978 714/3189/2979 2725/3190/2980
f 2722/3183/2974 4068/3187/2977 2725/3190/2980 1019/3184/2975
f 1019/3184/2975 2725/3190/2980 4069/3191/2981 2726/3192/2982
f 2725/3190/2980 714/3189/2979 2727/3193/2983 4069/3191/2981
f 4069/3191/2981 2727/3193/2983 61/1451/1371 1833/1487/1415
f 2726/3192/2982 4069/3191/2981 1833/1487/1415 491/1482/1410
f 713/3186/2976 2723/3185/2972 4070/3194/2984 2728/3195/2985
f 2723/3185/2972 1019/3184/2975 2726/3192/2982 4070/3194/2984
f 4070/3194/2984 2726/3192/2982 491/1482/1410 1829/1479/1407
f 2728/3195/2985 4070/3194/2984 1829/1479/1407 62/1478/1406
f 63/1514/1457 2729/3196/2986 4071/3197/2987 1854/1515/1458
f 2729/3196/2986 715/3198/2988 2730/3199/2989 4071/3197/2987
f 4071/3197/2987 2730/3199/2989 1020/3200/2990 2731/3201/2991
f 1854/1515/1458 4071/3197/2987 2731/3201/2991 499/1516/1459
f 715/3198/2988 2732/3202/2992 4072/3203/2993 2730/3199/2989
f 2732/3202/2992 189/1149/1055 1644/1152/1058 4072/3203/2993
f 4072/3203/2993 1644/1152/1058 437/1157/1063 2733/3204/1086
f 2730/3199/2989 4072/3203/2993 2733/3204/1086 1020/3200/2990
f 1020/3200/2990 2733/3204/1086 4073/3205/2994 2734/3206/2995
f 2733/3204/1086 437/1157/1063 1650/1168/1070 4073/3205/2994
f 4073/3205/2994 1650/1168/1070 188/1148/1054 2721/3182/2973
f 2734/3206/2995 4073/3205/2994 2721/3182/2973 713/3186/2976
f 499/1516/1459 2731/3201/2991 4074/3207/2996 1857/1520/1463
f 2731/3201/2991 1020/3200/2990 2734/3206/2995 4074/3207/2996
f 4074/3207/2996 2734/3206/2995 713/3186/2976 2728/3195/2985
f 1857/1520/1463 4074/3207/2996 2728/3195/2985 62/1478/1406
f 190/1188/1086 1658/1187/1085 4075/3208/1117 2735/3209/2997
f 1658/1187/1085 439/1184/1082 2736/3210/2998 4075/3208/1117
f 4075/3208/1117 2736/3210/2998 1021/3211/2999 2737/3212/3000
f 2735/3209/2997 4075/3208/1117 2737/3212/3000 716/3213/3001
f 439/1184/1082 1656/1183/1081 4076/3214/3002 2736/3210/2998
f 1656/1183/1081 189/1149/1055 2732/3202/2992 4076/3214/3002
f 4076/3214/3002 2732/3202/2992 715/3198/2988 2738/3215/3003
f 2736/3210/2998 4076/3214/3002 2738/3215/3003 1021/3211/2999
f 1021/3211/2999 2738/3215/3003 4077/3216/3004 2739/3217/3005
f 2738/3215/3003 715/3198/2988 2729/3196/2986 4077/3216/3004
f 4077/3216/3004 2729/3196/2986 63/1514/1457 1873/1539/1494
f 2739/3217/3005 4077/3216/3004 1873/1539/1494 503/1534/1489
f 716/3213/3001 2737/3212/3000 4078/3218/3006 2740/3219/3007
f 2737/3212/3000 1021/3211/2999 2739/3217/3005 4078/3218/3006
f 4078/3218/3006 2739/3217/3005 503/1534/1489 1869/1531/1486
f 2740/3219/3007 4078/3218/3006 1869/1531/1486 64/1530/1485
f 191/1062/987 1664/1203/1098 4079/3220/3008 2741/3221/3009
f 1664/1203/1098 440/1201/1096 2742/3222/3010 4079/3220/3008
f 4079/3220/3008 2742/3222/3010 1022/3223/3011 2743/3224/3012
f 2741/3221/3009 4079/3220/3008 2743/3224/3012 717/3225/3013
f 440/1201/1096 1663/1200/1095 4080/3226/3014 2742/3222/3010
f 1663/1200/1095 190/1188/1086 2735/3209/2997 4080/3226/3014
f 4080/3226/3014 2735/3209/2997 716/3213/3001 2744/3227/3015
f 2742/3222/3010 4080/3226/3014 2744/3227/3015 1022/3223/3011
f 1022/3223/3011 2744/3227/3015 4081/3228/3016 2745/3229/3017
f 2744/3227/3015 716/3213/3001 2740/3219/3007 4081/3228/3016
f 4081/3228/3016 2740/3219/3007 64/1530/1485 1892/1561/1526
f 2745/3229/3017 4081/3228/3016 1892/1561/1526 509/1557/1522
f 717/3225/3013 2743/3224/3012 4082/3230/3018 2746/3231/3019
f 2743/3224/3012 1022/3223/3011 2745/3229/3017 4082/3230/3018
f 4082/3230/3018 2745/3229/3017 509/1557/1522 1889/1555/1520
f 2746/3231/3019 4082/3230/3018 1889/1555/1520 57/1375/1256
f 192/1068/993 1610/1067/992 4083/3232/3020 2747/3233/3021
f 1610/1067/992 427/1064/989 2748/3234/3022 4083/3232/3020
f 4083/3232/3020 2748/3234/3022 1023/3235/3023 2749/3236/3024
f 2747/3233/3021 4083/3232/3020 2749/3236/3024 718/3237/3025
f 427/1064/989 1608/1063/988 4084/3238/3026 2748/3234/3022
f 1608/1063/988 191/1062/987 2741/3221/3009 4084/3238/3026
f 4084/3238/3026 2741/3221/3009 717/3225/3013 2750/3239/3027
f 2748/3234/3022 4084/3238/3026 2750/3239/3027 1023/3235/3023
f 1023/3235/3023 2750/3239/3027 4085/3240/3028 2751/3241/3029
f 2750/3239/3027 717/3225/3013 2746/3231/3019 4085/3240/3028
f 4085/3240/3028 2746/3231/3019 57/1375/1256 1749/1373/1254
f 2751/3241/3029 4085/3240/3028 1749/1373/1254 465/1368/1249
f 718/3237/3025 2749/3236/3024 4086/3242/3030 2752/3243/3031
f 2749/3236/3024 1023/3235/3023 2751/3241/3029 4086/3242/3030
f 4086/3242/3030 2751/3241/3029 465/1368/1249 1745/1365/1246
f 2752/3243/3031 4086/3242/3030 1745/1365/1246 58/1364/1245
f 193/1088/1009 1618/1087/1008 4087/3244/3032 2753/3245/3033
f 1618/1087/1008 429/1084/1005 2754/3246/3034 4087/3244/3032
f 4087/3244/3032 2754/3246/3034 1024/3247/3035 2755/3248/3036
f 2753/3245/3033 4087/3244/3032 2755/3248/3036 719/3249/3037
f 429/1084/1005 1616/1083/1004 4088/3250/3038 2754/3246/3034
f 1616/1083/1004 192/1068/993 2747/3233/3021 4088/3250/3038
f 4088/3250/3038 2747/3233/3021 718/3237/3025 2756/3251/3039
f 2754/3246/3034 4088/3250/3038 2756/3251/3039 1024/3247/3035
f 1024/3247/3035 2756/3251/3039 4089/3252/3040 2757/3253/3041
f 2756/3251/3039 718/3237/3025 2752/3243/3031 4089/3252/3040
f 4089/3252/3040 2752/3243/3031 58/1364/1245 1773/1406/1304
f 2757/3253/3041 4089/3252/3040 1773/1406/1304 473/1401/1299
f 719/3249/3037 2755/3248/3036 4090/3254/3042 2758/3255/3043
f 2755/3248/3036 1024/3247/3035 2757/3253/3041 4090/3254/3042
f 4090/3254/3042 2757/3253/3041 473/1401/1299 1769/1398/1296
f 2758/3255/3043 4090/3254/3042 1769/1398/1296 59/1397/1295
f 194/1108/1004 1626/1107/1023 4091/3256/3044 2759/3257/3045
f 1626/1107/1023 431/1104/1004 2760/3258/3046 4091/3256/3044
f 4091/3256/3044 2760/3258/3046 1025/3259/3047 2761/3260/3048
f 2759/3257/3045 4091/3256/3044 2761/3260/3048 720/3261/3049
f 431/1104/1004 1624/1103/1020 4092/3262/3050 2760/3258/3046
f 1624/1103/1020 193/1088/1009 2753/3245/3033 4092/3262/3050
f 4092/3262/3050 2753/3245/3033 719/3249/3037 2762/3263/3051
f 2760/3258/3046 4092/3262/3050 2762/3263/3051 1025/3259/3047
f 1025/3259/3047 2762/3263/3051 4093/3264/3052 2763/3265/3053
f 2762/3263/3051 719/3249/3037 2758/3255/3043 4093/3264/3052
f 4093/3264/3052 2758/3255/3043 59/1397/1295 1793/1434/1343
f 2763/3265/3053 4093/3264/3052 1793/1434/1343 479/1429/1338
f 720/3261/3049 2761/3260/3048 4094/3266/3054 2764/3267/3055
f 2761/3260/3048 1025/3259/3047 2763/3265/3053 4094/3266/3054
f 4094/3266/3054 2763/3265/3053 479/1429/1338 1789/1426/1335
f 2764/3267/3055 4094/3266/3054 1789/1426/1335 60/1425/1334
f 187/1128/1038 1634/1127/1037 4095/3268/3056 2724/3188/2978
f 1634/1127/1037 433/1124/1034 2765/3269/3057 4095/3268/3056
f 4095/3268/3056 2765/3269/3057 1026/3270/3058 2766/3271/3059
f 2724/3188/2978 4095/3268/3056 2766/3271/3059 714/3189/2979
f 433/1124/1034 1632/1123/993 4096/3272/1034 2765/3269/3057
f 1632/1123/993 194/1108/1004 2759/3257/3045 4096/3272/1034
f 4096/3272/1034 2759/3257/3045 720/3261/3049 2767/3273/3060
f 2765/3269/3057 4096/3272/1034 2767/3273/3060 1026/3270/3058
f 1026/3270/3058 2767/3273/3060 4097/3274/3061 2768/3275/3062
f 2767/3273/3060 720/3261/3049 2764/3267/3055 4097/3274/3061
f 4097/3274/3061 2764/3267/3055 60/1425/1334 1813/1460/1380
f 2768/3275/3062 4097/3274/3061 1813/1460/1380 485/1455/1375
f 714/3189/2979 2766/3271/3059 4098/3276/3063 2727/3193/2983
f 2766/3271/3059 1026/3270/3058 2768/3275/3062 4098/3276/3063
f 4098/3276/3063 2768/3275/3062 485/1455/1375 1809/1452/1372
f 2727/3193/2983 4098/3276/3063 1809/1452/1372 61/1451/1371
f 196/1497/1425 1838/1496/1424 4099/3277/3064 2769/3278/3065
f 1838/1496/1424 493/1493/1421 2770/3279/3066 4099/3277/3064
f 4099/3277/3064 2770/3279/3066 1027/3280/3067 2771/3281/3068
f 2769/3278/3065 4099/3277/3064 2771/3281/3068 721/3282/3069
f 493/1493/1421 1836/1492/1420 4100/3283/3070 2770/3279/3066
f 1836/1492/1420 195/1470/1390 2772/3284/3071 4100/3283/3070
f 4100/3283/3070 2772/3284/3071 722/3285/3072 2773/3286/3073
f 2770/3279/3066 4100/3283/3070 2773/3286/3073 1027/3280/3067
f 1027/3280/3067 2773/3286/3073 4101/3287/3074 2774/3288/3075
f 2773/3286/3073 722/3285/3072 2775/3289/3076 4101/3287/3074
f 4101/3287/3074 2775/3289/3076 203/3290/3077 2776/3291/3078
f 2774/3288/3075 4101/3287/3074 2776/3291/3078 723/3292/3079
f 721/3282/3069 2771/3281/3068 4102/3293/3080 2777/3294/1425
f 2771/3281/3068 1027/3280/3067 2774/3288/3075 4102/3293/3080
f 4102/3293/3080 2774/3288/3075 723/3292/3079 2778/3295/3081
f 2777/3294/1425 4102/3293/3080 2778/3295/3081 204/3296/3082
f 205/3297/3083 2779/3298/3084 4103/3299/3085 2780/3300/3086
f 2779/3298/3084 724/3301/3087 2781/3302/3088 4103/3299/3085
f 4103/3299/3085 2781/3302/3088 1028/3303/3089 2782/3304/3090
f 2780/3300/3086 4103/3299/3085 2782/3304/3090 725/3305/3091
f 724/3301/3087 2783/3306/3092 4104/3307/3093 2781/3302/3088
f 2783/3306/3092 197/1503/1446 1850/1506/1449 4104/3307/3093
f 4104/3307/3093 1850/1506/1449 498/1511/1454 2784/3308/3094
f 2781/3302/3088 4104/3307/3093 2784/3308/3094 1028/3303/3089
f 1028/3303/3089 2784/3308/3094 4105/3309/3095 2785/3310/3096
f 2784/3308/3094 498/1511/1454 1858/1522/1465 4105/3309/3095
f 4105/3309/3095 1858/1522/1465 196/1497/1425 2769/3278/3065
f 2785/3310/3096 4105/3309/3095 2769/3278/3065 721/3282/3069
f 725/3305/3091 2782/3304/3090 4106/3311/3097 2786/3312/3098
f 2782/3304/3090 1028/3303/3089 2785/3310/3096 4106/3311/3097
f 4106/3311/3097 2785/3310/3096 721/3282/3069 2777/3294/1425
f 2786/3312/3098 4106/3311/3097 2777/3294/1425 204/3296/3082
f 198/1549/1504 1878/1548/1503 4107/3313/3099 2787/3314/3100
f 1878/1548/1503 505/1545/1500 2788/3315/3101 4107/3313/3099
f 4107/3313/3099 2788/3315/3101 1029/3316/3101 2789/3317/3099
f 2787/3314/3100 4107/3313/3099 2789/3317/3099 726/3318/3100
f 505/1545/1500 1876/1544/1499 4108/3319/3102 2788/3315/3101
f 1876/1544/1499 197/1503/1446 2783/3306/3092 4108/3319/3102
f 4108/3319/3102 2783/3306/3092 724/3301/3087 2790/3320/3103
f 2788/3315/3101 4108/3319/3102 2790/3320/3103 1029/3316/3101
f 1029/3316/3101 2790/3320/3103 4109/3321/3104 2791/3322/3101
f 2790/3320/3103 724/3301/3087 2779/3298/3084 4109/3321/3104
f 4109/3321/3104 2779/3298/3084 205/3297/3083 2792/3323/3105
f 2791/3322/3101 4109/3321/3104 2792/3323/3105 727/3324/3101
f 726/3318/3100 2789/3317/3099 4110/3325/3106 2793/3326/3107
f 2789/3317/3099 1029/3316/3101 2791/3322/3101 4110/3325/3106
f 4110/3325/3106 2791/3322/3101 727/3324/3101 2794/3327/3108
f 2793/3326/3107 4110/3325/3106 2794/3327/3108 206/3328/3109
f 199/1382/1263 1896/1569/1534 4111/3329/3110 2795/3330/3111
f 1896/1569/1534 510/1567/1532 2796/3331/3112 4111/3329/3110
f 4111/3329/3110 2796/3331/3112 1030/3332/3113 2797/3333/3114
f 2795/3330/3111 4111/3329/3110 2797/3333/3114 728/3334/3115
f 510/1567/1532 1895/1566/1531 4112/3335/3116 2796/3331/3112
f 1895/1566/1531 198/1549/1504 2787/3314/3100 4112/3335/3116
f 4112/3335/3116 2787/3314/3100 726/3318/3100 2798/3336/3117
f 2796/3331/3112 4112/3335/3116 2798/3336/3117 1030/3332/3113
f 1030/3332/3113 2798/3336/3117 4113/3337/3118 2799/3338/3119
f 2798/3336/3117 726/3318/3100 2793/3326/3107 4113/3337/3118
f 4113/3337/3118 2793/3326/3107 206/3328/3109 2800/3339/3120
f 2799/3338/3119 4113/3337/3118 2800/3339/3120 729/3340/3121
f 728/3334/3115 2797/3333/3114 4114/3341/3122 2801/3342/3123
f 2797/3333/3114 1030/3332/3113 2799/3338/3119 4114/3341/3122
f 4114/3341/3122 2799/3338/3119 729/3340/3121 2802/3343/3124
f 2801/3342/3123 4114/3341/3122 2802/3343/3124 207/3344/3125
f 200/1388/1269 1756/1387/1268 4115/3345/3126 2803/3346/3127
f 1756/1387/1268 468/1384/1265 2804/3347/3128 4115/3345/3126
f 4115/3345/3126 2804/3347/3128 1031/3348/3128 2805/3349/3129
f 2803/3346/3127 4115/3345/3126 2805/3349/3129 730/3350/3130
f 468/1384/1265 1754/1383/1264 4116/3351/3131 2804/3347/3128
f 1754/1383/1264 199/1382/1263 2795/3330/3111 4116/3351/3131
f 4116/3351/3131 2795/3330/3111 728/3334/3115 2806/3352/3132
f 2804/3347/3128 4116/3351/3131 2806/3352/3132 1031/3348/3128
f 1031/3348/3128 2806/3352/3132 4117/3353/3133 2807/3354/3134
f 2806/3352/3132 728/3334/3115 2801/3342/3123 4117/3353/3133
f 4117/3353/3133 2801/3342/3123 207/3344/3125 2808/3355/3135
f 2807/3354/3134 4117/3353/3133 2808/3355/3135 731/3356/3136
f 730/3350/3130 2805/3349/3129 4118/3357/3137 2809/3358/3138
f 2805/3349/3129 1031/3348/3128 2807/3354/3134 4118/3357/3137
f 4118/3357/3137 2807/3354/3134 731/3356/3136 2810/3359/3139
f 2809/3358/3138 4118/3357/3137 2810/3359/3139 208/3360/3140
f 201/1416/1314 1778/1415/1313 4119/3361/3141 2811/3362/3142
f 1778/1415/1313 475/1412/1310 2812/3363/3143 4119/3361/3141
f 4119/3361/3141 2812/3363/3143 1032/3364/3144 2813/3365/3145
f 2811/3362/3142 4119/3361/3141 2813/3365/3145 732/3366/3146
f 475/1412/1310 1776/1411/1309 4120/3367/3147 2812/3363/3143
f 1776/1411/1309 200/1388/1269 2803/3346/3127 4120/3367/3147
f 4120/3367/3147 2803/3346/3127 730/3350/3130 2814/3368/3148
f 2812/3363/3143 4120/3367/3147 2814/3368/3148 1032/3364/3144
f 1032/3364/3144 2814/3368/3148 4121/3369/3149 2815/3370/3150
f 2814/3368/3148 730/3350/3130 2809/3358/3138 4121/3369/3149
f 4121/3369/3149 2809/3358/3138 208/3360/3140 2816/3371/3151
f 2815/3370/3150 4121/3369/3149 2816/3371/3151 733/3372/3152
f 732/3366/3146 2813/3365/3145 4122/3373/3153 2817/3374/3154
f 2813/3365/3145 1032/3364/3144 2815/3370/3150 4122/3373/3153
f 4122/3373/3153 2815/3370/3150 733/3372/3152 2818/3375/3155
f 2817/3374/3154 4122/3373/3153 2818/3375/3155 209/3376/3156
f 202/1444/1353 1798/1443/1352 4123/3377/3157 2819/3378/3158
f 1798/1443/1352 481/1440/1349 2820/3379/3159 4123/3377/3157
f 4123/3377/3157 2820/3379/3159 1033/3380/3160 2821/3381/3161
f 2819/3378/3158 4123/3377/3157 2821/3381/3161 734/3382/3162
f 481/1440/1349 1796/1439/1348 4124/3383/3163 2820/3379/3159
f 1796/1439/1348 201/1416/1314 2811/3362/3142 4124/3383/3163
f 4124/3383/3163 2811/3362/3142 732/3366/3146 2822/3384/3164
f 2820/3379/3159 4124/3383/3163 2822/3384/3164 1033/3380/3160
f 1033/3380/3160 2822/3384/3164 4125/3385/3165 2823/3386/3166
f 2822/3384/3164 732/3366/3146 2817/3374/3154 4125/3385/3165
f 4125/3385/3165 2817/3374/3154 209/3376/3156 2824/3387/3167
f 2823/3386/3166 4125/3385/3165 2824/3387/3167 735/3388/3168
f 734/3382/3162 2821/3381/3161 4126/3389/3169 2825/3390/1353
f 2821/3381/3161 1033/3380/3160 2823/3386/3166 4126/3389/3169
f 4126/3389/3169 2823/3386/3166 735/3388/3168 2826/3391/3170
f 2825/3390/1353 4126/3389/3169 2826/3391/3170 210/3392/3158
f 195/1470/1390 1818/1469/1389 4127/3393/3171 2772/3284/3071
f 1818/1469/1389 487/1466/1386 2827/3394/3172 4127/3393/3171
f 4127/3393/3171 2827/3394/3172 1034/3395/3172 2828/3396/3173
f 2772/3284/3071 4127/3393/3171 2828/3396/3173 722/3285/3072
f 487/1466/1386 1816/1465/1385 4128/3397/3174 2827/3394/3172
f 1816/1465/1385 202/1444/1353 2819/3378/3158 4128/3397/3174
f 4128/3397/3174 2819/3378/3158 734/3382/3162 2829/3398/3175
f 2827/3394/3172 4128/3397/3174 2829/3398/3175 1034/3395/3172
f 1034/3395/3172 2829/3398/3175 4129/3399/3176 2830/3400/3177
f 2829/3398/3175 734/3382/3162 2825/3390/1353 4129/3399/3176
f 4129/3399/3176 2825/3390/1353 210/3392/3158 2831/3401/1385
f 2830/3400/3177 4129/3399/3176 2831/3401/1385 736/3402/3178
f 722/3285/3072 2828/3396/3173 4130/3403/3179 2775/3289/3076
f 2828/3396/3173 1034/3395/3172 2830/3400/3177 4130/3403/3179
f 4130/3403/3179 2830/3400/3177 736/3402/3178 2832/3404/3180
f 2775/3289/3076 4130/3403/3179 2832/3404/3180 203/3290/3077
f 204/3296/3082 2778/3295/3081 4131/3405/3181 2833/3406/3182
f 2778/3295/3081 723/3292/3079 2834/3407/3183 4131/3405/3181
f 4131/3405/3181 2834/3407/3183 1035/3408/3184 2835/3409/3185
f 2833/3406/3182 4131/3405/3181 2835/3409/3185 737/3410/3186
f 723/3292/3079 2776/3291/3078 4132/3411/3187 2834/3407/3183
f 2776/3291/3078 203/3290/3077 2836/3412/3188 4132/3411/3187
f 4132/3411/3187 2836/3412/3188 738/3413/3189 2837/3414/3190
f 2834/3407/3183 4132/3411/3187 2837/3414/3190 1035/3408/3184
f 1035/3408/3184 2837/3414/3190 4133/3415/3191 2838/3416/3192
f 2837/3414/3190 738/3413/3189 2839/3417/3193 4133/3415/3191
f 4133/3415/3191 2839/3417/3193 73/1269/1159 1711/1298/1187
f 2838/3416/3192 4133/3415/3191 1711/1298/1187 454/1293/1182
f 737/3410/3186 2835/3409/3185 4134/3418/3194 2840/3419/3195
f 2835/3409/3185 1035/3408/3184 2838/3416/3192 4134/3418/3194
f 4134/3418/3194 2838/3416/3192 454/1293/1182 1707/1290/1179
f 2840/3419/3195 4134/3418/3194 1707/1290/1179 75/1289/1178
f 77/1309/1198 2841/3420/3196 4135/3421/3197 1717/1310/1199
f 2841/3420/3196 739/3422/3198 2842/3423/3199 4135/3421/3197
f 4135/3421/3197 2842/3423/3199 1036/3424/3200 2843/3425/3201
f 1717/1310/1199 4135/3421/3197 2843/3425/3201 457/1313/1202
f 739/3422/3198 2844/3426/3202 4136/3427/3203 2842/3423/3199
f 2844/3426/3202 205/3297/3083 2780/3300/3086 4136/3427/3203
f 4136/3427/3203 2780/3300/3086 725/3305/3091 2845/3428/3204
f 2842/3423/3199 4136/3427/3203 2845/3428/3204 1036/3424/3200
f 1036/3424/3200 2845/3428/3204 4137/3429/3205 2846/3430/3206
f 2845/3428/3204 725/3305/3091 2786/3312/3098 4137/3429/3205
f 4137/3429/3205 2786/3312/3098 204/3296/3082 2833/3406/3182
f 2846/3430/3206 4137/3429/3205 2833/3406/3182 737/3410/3186
f 457/1313/1202 2843/3425/3201 4138/3431/3207 1721/1318/1207
f 2843/3425/3201 1036/3424/3200 2846/3430/3206 4138/3431/3207
f 4138/3431/3207 2846/3430/3206 737/3410/3186 2840/3419/3195
f 1721/1318/1207 4138/3431/3207 2840/3419/3195 75/1289/1178
f 206/3328/3109 2794/3327/3108 4139/3432/3208 2847/3433/3209
f 2794/3327/3108 727/3324/3101 2848/3434/3210 4139/3432/3208
f 4139/3432/3208 2848/3434/3210 1037/3435/3211 2849/3436/3212
f 2847/3433/3209 4139/3432/3208 2849/3436/3212 740/3437/3213
f 727/3324/3101 2792/3323/3105 4140/3438/3214 2848/3434/3210
f 2792/3323/3105 205/3297/3083 2844/3426/3202 4140/3438/3214
f 4140/3438/3214 2844/3426/3202 739/3422/3198 2850/3439/3215
f 2848/3434/3210 4140/3438/3214 2850/3439/3215 1037/3435/3211
f 1037/3435/3211 2850/3439/3215 4141/3440/3216 2851/3441/3217
f 2850/3439/3215 739/3422/3198 2841/3420/3196 4141/3440/3216
f 4141/3440/3216 2841/3420/3196 77/1309/1198 1735/1346/1231
f 2851/3441/3217 4141/3440/3216 1735/1346/1231 462/1342/1227
f 740/3437/3213 2849/3436/3212 4142/3442/3218 2852/3443/3219
f 2849/3436/3212 1037/3435/3211 2851/3441/3217 4142/3442/3218
f 4142/3442/3218 2851/3441/3217 462/1342/1227 1732/1341/1226
f 2852/3443/3219 4142/3442/3218 1732/1341/1226 79/1340/1225
f 207/3344/3125 2802/3343/3124 4143/3444/3220 2853/3445/3221
f 2802/3343/3124 729/3340/3121 2854/3446/3222 4143/3444/3220
f 4143/3444/3220 2854/3446/3222 1038/3447/3223 2855/3448/3224
f 2853/3445/3221 4143/3444/3220 2855/3448/3224 741/3449/3225
f 729/3340/3121 2800/3339/3120 4144/3450/3226 2854/3446/3222
f 2800/3339/3120 206/3328/3109 2847/3433/3209 4144/3450/3226
f 4144/3450/3226 2847/3433/3209 740/3437/3213 2856/3451/3227
f 2854/3446/3222 4144/3450/3226 2856/3451/3227 1038/3447/3223
f 1038/3447/3223 2856/3451/3227 4145/3452/3228 2857/3453/3229
f 2856/3451/3227 740/3437/3213 2852/3443/3219 4145/3452/3228
f 4145/3452/3228 2852/3443/3219 79/1340/1225 1740/1355/1239
f 2857/3453/3229 4145/3452/3228 1740/1355/1239 463/1351/1235
f 741/3449/3225 2855/3448/3224 4146/3454/3230 2858/3455/3231
f 2855/3448/3224 1038/3447/3223 2857/3453/3229 4146/3454/3230
f 4146/3454/3230 2857/3453/3229 463/1351/1235 1737/1349/1233
f 2858/3455/3231 4146/3454/3230 1737/1349/1233 65/1215/1110
f 208/3360/3140 2810/3359/3139 4147/3456/3232 2859/3457/3233
f 2810/3359/3139 731/3356/3136 2860/3458/3234 4147/3456/3232
f 4147/3456/3232 2860/3458/3234 1039/3459/3235 2861/3460/3236
f 2859/3457/3233 4147/3456/3232 2861/3460/3236 742/3461/3237
f 731/3356/3136 2808/3355/3135 4148/3462/3238 2860/3458/3234
f 2808/3355/3135 207/3344/3125 2853/3445/3221 4148/3462/3238
f 4148/3462/3238 2853/3445/3221 741/3449/3225 2862/3463/3239
f 2860/3458/3234 4148/3462/3238 2862/3463/3239 1039/3459/3235
f 1039/3459/3235 2862/3463/3239 4149/3464/3240 2863/3465/3241
f 2862/3463/3239 741/3449/3225 2858/3455/3231 4149/3464/3240
f 4149/3464/3240 2858/3455/3231 65/1215/1110 1669/1213/1108
f 2863/3465/3241 4149/3464/3240 1669/1213/1108 441/1208/1103
f 742/3461/3237 2861/3460/3236 4150/3466/3242 2864/3467/3243
f 2861/3460/3236 1039/3459/3235 2863/3465/3241 4150/3466/3242
f 4150/3466/3242 2863/3465/3241 441/1208/1103 1665/1205/1100
f 2864/3467/3243 4150/3466/3242 1665/1205/1100 66/1204/1099
f 209/3376/3156 2818/3375/3155 4151/3468/3244 2865/3469/3245
f 2818/3375/3155 733/3372/3152 2866/3470/3246 4151/3468/3244
f 4151/3468/3244 2866/3470/3246 1040/3471/3247 2867/3472/3248
f 2865/3469/3245 4151/3468/3244 2867/3472/3248 743/3473/3249
f 733/3372/3152 2816/3371/3151 4152/3474/3250 2866/3470/3246
f 2816/3371/3151 208/3360/3140 2859/3457/3233 4152/3474/3250
f 4152/3474/3250 2859/3457/3233 742/3461/3237 2868/3475/3251
f 2866/3470/3246 4152/3474/3250 2868/3475/3251 1040/3471/3247
f 1040/3471/3247 2868/3475/3251 4153/3476/3252 2869/3477/3253
f 2868/3475/3251 742/3461/3237 2864/3467/3243 4153/3476/3252
f 4153/3476/3252 2864/3467/3243 66/1204/1099 1681/1238/1132
f 2869/3477/3253 4153/3476/3252 1681/1238/1132 445/1233/1127
f 743/3473/3249 2867/3472/3248 4154/3478/3254 2870/3479/3255
f 2867/3472/3248 1040/3471/3247 2869/3477/3253 4154/3478/3254
f 4154/3478/3254 2869/3477/3253 445/1233/1127 1677/1230/1124
f 2870/3479/3255 4154/3478/3254 1677/1230/1124 69/1229/1123
f 210/3392/3158 2826/3391/3170 4155/3480/3256 2871/3481/3257
f 2826/3391/3170 735/3388/3168 2872/3482/3258 4155/3480/3256
f 4155/3480/3256 2872/3482/3258 1041/3483/3259 2873/3484/3260
f 2871/3481/3257 4155/3480/3256 2873/3484/3260 744/3485/3261
f 735/3388/3168 2824/3387/3167 4156/3486/3262 2872/3482/3258
f 2824/3387/3167 209/3376/3156 2865/3469/3245 4156/3486/3262
f 4156/3486/3262 2865/3469/3245 743/3473/3249 2874/3487/3263
f 2872/3482/3258 4156/3486/3262 2874/3487/3263 1041/3483/3259
f 1041/3483/3259 2874/3487/3263 4157/3488/3264 2875/3489/3265
f 2874/3487/3263 743/3473/3249 2870/3479/3255 4157/3488/3264
f 4157/3488/3264 2870/3479/3255 69/1229/1123 1691/1258/1151
f 2875/3489/3265 4157/3488/3264 1691/1258/1151 448/1253/1146
f 744/3485/3261 2873/3484/3260 4158/3490/3266 2876/3491/3267
f 2873/3484/3260 1041/3483/3259 2875/3489/3265 4158/3490/3266
f 4158/3490/3266 2875/3489/3265 448/1253/1146 1687/1250/1143
f 2876/3491/3267 4158/3490/3266 1687/1250/1143 71/1249/1142
f 203/3290/3077 2832/3404/3180 4159/3492/3268 2836/3412/3188
f 2832/3404/3180 736/3402/3178 2877/3493/3269 4159/3492/3268
f 4159/3492/3268 2877/3493/3269 1042/3494/3270 2878/3495/3271
f 2836/3412/3188 4159/3492/3268 2878/3495/3271 738/3413/3189
f 736/3402/3178 2831/3401/1385 4160/3496/3272 2877/3493/3269
f 2831/3401/1385 210/3392/3158 2871/3481/3257 4160/3496/3272
f 4160/3496/3272 2871/3481/3257 744/3485/3261 2879/3497/3273
f 2877/3493/3269 4160/3496/3272 2879/3497/3273 1042/3494/3270
f 1042/3494/3270 2879/3497/3273 4161/3498/3274 2880/3499/3275
f 2879/3497/3273 744/3485/3261 2876/3491/3267 4161/3498/3274
f 4161/3498/3274 2876/3491/3267 71/1249/1142 1701/1278/1168
f 2880/3499/3275 4161/3498/3274 1701/1278/1168 451/1273/1163
f 738/3413/3189 2878/3495/3271 4162/3500/3276 2839/3417/3193
f 2878/3495/3271 1042/3494/3270 2880/3499/3275 4162/3500/3276
f 4162/3500/3276 2880/3499/3275 451/1273/1163 1697/1270/1160
f 2839/3417/3193 4162/3500/3276 1697/1270/1160 73/1269/1159
f 212/1308/1197 1716/1307/1196 4163/3501/3277 2881/3502/3278
f 1716/1307/1196 456/1304/1193 2882/3503/3279 4163/3501/3277
f 4163/3501/3277 2882/3503/3279 1043/3504/3280 2883/3505/3281
f 2881/3502/3278 4163/3501/3277 2883/3505/3281 745/3506/3282
f 456/1304/1193 1714/1303/1192 4164/3507/3283 2882/3503/3279
f 1714/1303/1192 211/1288/1177 2884/3508/3284 4164/3507/3283
f 4164/3507/3283 2884/3508/3284 746/3509/3285 2885/3510/3286
f 2882/3503/3279 4164/3507/3283 2885/3510/3286 1043/3504/3280
f 1043/3504/3280 2885/3510/3286 4165/3511/3287 2886/3512/3288
f 2885/3510/3286 746/3509/3285 2887/3513/1121 4165/3511/3287
f 4165/3511/3287 2887/3513/1121 219/3514/3289 2888/3515/3290
f 2886/3512/3288 4165/3511/3287 2888/3515/3290 747/3516/3291
f 745/3506/3282 2883/3505/3281 4166/3517/3292 2889/3518/3293
f 2883/3505/3281 1043/3504/3280 2886/3512/3288 4166/3517/3292
f 4166/3517/3292 2886/3512/3288 747/3516/3291 2890/3519/3294
f 2889/3518/3293 4166/3517/3292 2890/3519/3294 220/3520/3295
f 213/1328/1114 1726/1327/1216 4167/3521/3296 2891/3522/3044
f 1726/1327/1216 459/1324/1213 2892/3523/3297 4167/3521/3296
f 4167/3521/3296 2892/3523/3297 1044/3524/3298 2893/3525/3299
f 2891/3522/3044 4167/3521/3296 2893/3525/3299 748/3526/1004
f 459/1324/1213 1724/1323/1212 4168/3527/993 2892/3523/3297
f 1724/1323/1212 212/1308/1197 2881/3502/3278 4168/3527/993
f 4168/3527/993 2881/3502/3278 745/3506/3282 2894/3528/3300
f 2892/3523/3297 4168/3527/993 2894/3528/3300 1044/3524/3298
f 1044/3524/3298 2894/3528/3300 4169/3529/3301 2895/3530/993
f 2894/3528/3300 745/3506/3282 2889/3518/3293 4169/3529/3301
f 4169/3529/3301 2889/3518/3293 220/3520/3295 2896/3531/3302
f 2895/3530/993 4169/3529/3301 2896/3531/3302 749/3532/177
f 748/3526/1004 2893/3525/3299 4170/3533/3303 2897/3534/1004
f 2893/3525/3299 1044/3524/3298 2895/3530/993 4170/3533/3303
f 4170/3533/3303 2895/3530/993 749/3532/177 2898/3535/1049
f 2897/3534/1004 4170/3533/3303 2898/3535/1049 221/3536/3304
f 222/3537/2997 2899/3538/3305 4171/3539/3306 2900/3540/1158
f 2899/3538/3305 750/3541/2997 2901/3542/3304 4171/3539/3306
f 4171/3539/3306 2901/3542/3304 1045/3543/3307 2902/3544/993
f 2900/3540/1158 4171/3539/3306 2902/3544/993 751/3545/993
f 750/3541/2997 2903/3546/3305 4172/3547/993 2901/3542/3304
f 2903/3546/3305 214/1329/1217 1728/1332/993 4172/3547/993
f 4172/3547/993 1728/1332/993 461/1337/1157 2904/3548/3308
f 2901/3542/3304 4172/3547/993 2904/3548/3308 1045/3543/3307
f 1045/3543/3307 2904/3548/3308 4173/3549/1173 2905/3550/3307
f 2904/3548/3308 461/1337/1157 1736/1348/993 4173/3549/1173
f 4173/3549/1173 1736/1348/993 213/1328/1114 2891/3522/3044
f 2905/3550/3307 4173/3549/1173 2891/3522/3044 748/3526/1004
f 751/3545/993 2902/3544/993 4174/3551/3309 2906/3552/3310
f 2902/3544/993 1045/3543/3307 2905/3550/3307 4174/3551/3309
f 4174/3551/3309 2905/3550/3307 748/3526/1004 2897/3534/1004
f 2906/3552/3310 4174/3551/3309 2897/3534/1004 221/3536/3304
f 215/1222/1117 1744/1363/1244 4175/3553/3308 2907/3554/993
f 1744/1363/1244 464/1361/1157 2908/3555/1197 4175/3553/3308
f 4175/3553/3308 2908/3555/1197 1046/3556/993 2909/3557/3307
f 2907/3554/993 4175/3553/3308 2909/3557/3307 752/3558/3311
f 464/1361/1157 1743/1360/1210 4176/3559/993 2908/3555/1197
f 1743/1360/1210 214/1329/1217 2903/3546/3305 4176/3559/993
f 4176/3559/993 2903/3546/3305 750/3541/2997 2910/3560/1173
f 2908/3555/1197 4176/3559/993 2910/3560/1173 1046/3556/993
f 1046/3556/993 2910/3560/1173 4177/3561/3312 2911/3562/1197
f 2910/3560/1173 750/3541/2997 2899/3538/3305 4177/3561/3312
f 4177/3561/3312 2899/3538/3305 222/3537/2997 2912/3563/1196
f 2911/3562/1197 4177/3561/3312 2912/3563/1196 753/3564/3313
f 752/3558/3311 2909/3557/3307 4178/3565/993 2913/3566/993
f 2909/3557/3307 1046/3556/993 2911/3562/1197 4178/3565/993
f 4178/3565/993 2911/3562/1197 753/3564/3313 2914/3567/1114
f 2913/3566/993 4178/3565/993 2914/3567/1114 223/3568/3278
f 216/1228/1122 1676/1227/1121 4179/3569/2997 2915/3570/3313
f 1676/1227/1121 444/1224/1037 2916/3571/3314 4179/3569/2997
f 4179/3569/2997 2916/3571/3314 1047/3572/3315 2917/3573/3316
f 2915/3570/3313 4179/3569/2997 2917/3573/3316 754/3574/3277
f 444/1224/1037 1674/1223/1118 4180/3575/3317 2916/3571/3314
f 1674/1223/1118 215/1222/1117 2907/3554/993 4180/3575/3317
f 4180/3575/3317 2907/3554/993 752/3558/3311 2918/3576/1134
f 2916/3571/3314 4180/3575/3317 2918/3576/1134 1047/3572/3315
f 1047/3572/3315 2918/3576/1134 4181/3577/1119 2919/3578/1184
f 2918/3576/1134 752/3558/3311 2913/3566/993 4181/3577/1119
f 4181/3577/1119 2913/3566/993 223/3568/3278 2920/3579/1116
f 2919/3578/1184 4181/3577/1119 2920/3579/1116 755/3580/3306
f 754/3574/3277 2917/3573/3316 4182/3581/3318 2921/3582/3315
f 2917/3573/3316 1047/3572/3315 2919/3578/1184 4182/3581/3318
f 4182/3581/3318 2919/3578/1184 755/3580/3306 2922/3583/3020
f 2921/3582/3315 4182/3581/3318 2922/3583/3020 224/3584/1141
f 217/1248/1034 1686/1247/1141 4183/3585/3319 2923/3586/3044
f 1686/1247/1141 447/1244/1138 2924/3587/993 4183/3585/3319
f 4183/3585/3319 2924/3587/993 1048/3588/3320 2925/3589/3284
f 2923/3586/3044 4183/3585/3319 2925/3589/3284 756/3590/1120
f 447/1244/1138 1684/1243/1137 4184/3591/3307 2924/3587/993
f 1684/1243/1137 216/1228/1122 2915/3570/3313 4184/3591/3307
f 4184/3591/3307 2915/3570/3313 754/3574/3277 2926/3592/3321
f 2924/3587/993 4184/3591/3307 2926/3592/3321 1048/3588/3320
f 1048/3588/3320 2926/3592/3321 4185/3593/3322 2927/3594/3319
f 2926/3592/3321 754/3574/3277 2921/3582/3315 4185/3593/3322
f 4185/3593/3322 2921/3582/3315 224/3584/1141 2928/3595/3323
f 2927/3594/3319 4185/3593/3322 2928/3595/3323 757/3596/3324
f 756/3590/1120 2925/3589/3284 4186/3597/3308 2929/3598/3325
f 2925/3589/3284 1048/3588/3320 2927/3594/3319 4186/3597/3308
f 4186/3597/3308 2927/3594/3319 757/3596/3324 2930/3599/234
f 2929/3598/3325 4186/3597/3308 2930/3599/234 225/3600/3326
f 218/1268/993 1696/1267/1134 4187/3601/3044 2931/3602/993
f 1696/1267/1134 450/1264/1134 2932/3603/3044 4187/3601/3044
f 4187/3601/3044 2932/3603/3044 1049/3604/993 2933/3605/1004
f 2931/3602/993 4187/3601/3044 2933/3605/1004 758/3606/3327
f 450/1264/1134 1694/1263/1156 4188/3607/1173 2932/3603/3044
f 1694/1263/1156 217/1248/1034 2923/3586/3044 4188/3607/1173
f 4188/3607/1173 2923/3586/3044 756/3590/1120 2934/3608/3328
f 2932/3603/3044 4188/3607/1173 2934/3608/3328 1049/3604/993
f 1049/3604/993 2934/3608/3328 4189/3609/3315 2935/3610/3320
f 2934/3608/3328 756/3590/1120 2929/3598/3325 4189/3609/3315
f 4189/3609/3315 2929/3598/3325 225/3600/3326 2936/3611/993
f 2935/3610/3320 4189/3609/3315 2936/3611/993 759/3612/1154
f 758/3606/3327 2933/3605/1004 4190/3613/1004 2937/3614/993
f 2933/3605/1004 1049/3604/993 2935/3610/3320 4190/3613/1004
f 4190/3613/1004 2935/3610/3320 759/3612/1154 2938/3615/3044
f 2937/3614/993 4190/3613/1004 2938/3615/3044 226/3616/3044
f 211/1288/1177 1706/1287/1082 4191/3617/993 2884/3508/3284
f 1706/1287/1082 453/1284/1174 2939/3618/3305 4191/3617/993
f 4191/3617/993 2939/3618/3305 1050/3619/993 2940/3620/3329
f 2884/3508/3284 4191/3617/993 2940/3620/3329 746/3509/3285
f 453/1284/1174 1704/1283/1173 4192/3621/993 2939/3618/3305
f 1704/1283/1173 218/1268/993 2931/3602/993 4192/3621/993
f 4192/3621/993 2931/3602/993 758/3606/3327 2941/3622/1210
f 2939/3618/3305 4192/3621/993 2941/3622/1210 1050/3619/993
f 1050/3619/993 2941/3622/1210 4193/3623/3320 2942/3624/993
f 2941/3622/1210 758/3606/3327 2937/3614/993 4193/3623/3320
f 4193/3623/3320 2937/3614/993 226/3616/3044 2943/3625/1120
f 2942/3624/993 4193/3623/3320 2943/3625/1120 760/3626/1134
f 746/3509/3285 2940/3620/3329 4194/3627/1121 2887/3513/1121
f 2940/3620/3329 1050/3619/993 2942/3624/993 4194/3627/1121
f 4194/3627/1121 2942/3624/993 760/3626/1134 2944/3628/3311
f 2887/3513/1121 4194/3627/1121 2944/3628/3311 219/3514/3289
f 220/3520/3295 2890/3519/3294 4195/3629/3330 2945/3630/3331
f 2890/3519/3294 747/3516/3291 2946/3631/3332 4195/3629/3330
f 4195/3629/3330 2946/3631/3332 1051/3632/3333 2947/3633/3334
f 2945/3630/3331 4195/3629/3330 2947/3633/3334 761/3634/3335
f 747/3516/3291 2888/3515/3290 4196/3635/3336 2946/3631/3332
f 2888/3515/3290 219/3514/3289 2948/3636/3337 4196/3635/3336
f 4196/3635/3336 2948/3636/3337 762/3637/3338 2949/3638/3339
f 2946/3631/3332 4196/3635/3336 2949/3638/3339 1051/3632/3333
f 1051/3632/3333 2949/3638/3339 4197/3639/3340 2950/3640/3341
f 2949/3638/3339 762/3637/3338 2951/3641/3342 4197/3639/3340
f 4197/3639/3340 2951/3641/3342 74/3642/3343 2952/3643/3344
f 2950/3640/3341 4197/3639/3340 2952/3643/3344 763/3644/3345
f 761/3634/3335 2947/3633/3334 4198/3645/3346 2953/3646/3347
f 2947/3633/3334 1051/3632/3333 2950/3640/3341 4198/3645/3346
f 4198/3645/3346 2950/3640/3341 763/3644/3345 2954/3647/3348
f 2953/3646/3347 4198/3645/3346 2954/3647/3348 76/3648/3349
f 221/3536/3304 2898/3535/1049 4199/3649/3350 2955/3650/3351
f 2898/3535/1049 749/3532/177 2956/3651/3352 4199/3649/3350
f 4199/3649/3350 2956/3651/3352 1052/3652/3353 2957/3653/3354
f 2955/3650/3351 4199/3649/3350 2957/3653/3354 764/3654/3355
f 749/3532/177 2896/3531/3302 4200/3655/3356 2956/3651/3352
f 2896/3531/3302 220/3520/3295 2945/3630/3331 4200/3655/3356
f 4200/3655/3356 2945/3630/3331 761/3634/3335 2958/3656/3357
f 2956/3651/3352 4200/3655/3356 2958/3656/3357 1052/3652/3353
f 1052/3652/3353 2958/3656/3357 4201/3657/3358 2959/3658/3359
f 2958/3656/3357 761/3634/3335 2953/3646/3347 4201/3657/3358
f 4201/3657/3358 2953/3646/3347 76/3648/3349 2960/3659/3360
f 2959/3658/3359 4201/3657/3358 2960/3659/3360 765/3660/3361
f 764/3654/3355 2957/3653/3354 4202/3661/3362 2961/3662/3363
f 2957/3653/3354 1052/3652/3353 2959/3658/3359 4202/3661/3362
f 4202/3661/3362 2959/3658/3359 765/3660/3361 2962/3663/3364
f 2961/3662/3363 4202/3661/3362 2962/3663/3364 78/3664/3365
f 80/3665/3366 2963/3666/3367 4203/3667/3368 2964/3668/3369
f 2963/3666/3367 766/3669/3370 2965/3670/3371 4203/3667/3368
f 4203/3667/3368 2965/3670/3371 1053/3671/3372 2966/3672/3373
f 2964/3668/3369 4203/3667/3368 2966/3672/3373 767/3673/3374
f 766/3669/3370 2967/3674/1114 4204/3675/1114 2965/3670/3371
f 2967/3674/1114 222/3537/2997 2900/3540/1158 4204/3675/1114
f 4204/3675/1114 2900/3540/1158 751/3545/993 2968/3676/993
f 2965/3670/3371 4204/3675/1114 2968/3676/993 1053/3671/3372
f 1053/3671/3372 2968/3676/993 4205/3677/3375 2969/3678/3376
f 2968/3676/993 751/3545/993 2906/3552/3310 4205/3677/3375
f 4205/3677/3375 2906/3552/3310 221/3536/3304 2955/3650/3351
f 2969/3678/3376 4205/3677/3375 2955/3650/3351 764/3654/3355
f 767/3673/3374 2966/3672/3373 4206/3679/3377 2970/3680/3378
f 2966/3672/3373 1053/3671/3372 2969/3678/3376 4206/3679/3377
f 4206/3679/3377 2969/3678/3376 764/3654/3355 2961/3662/3363
f 2970/3680/3378 4206/3679/3377 2961/3662/3363 78/3664/3365
f 223/3568/3278 2914/3567/1114 4207/3681/1114 2971/3682/989
f 2914/3567/1114 753/3564/3313 2972/3683/3379 4207/3681/1114
f 4207/3681/1114 2972/3683/3379 1054/3684/3380 2973/3685/3381
f 2971/3682/989 4207/3681/1114 2973/3685/3381 768/3686/3382
f 753/3564/3313 2912/3563/1196 4208/3687/1242 2972/3683/3379
f 2912/3563/1196 222/3537/2997 2967/3674/1114 4208/3687/1242
f 4208/3687/1242 2967/3674/1114 766/3669/3370 2974/3688/3383
f 2972/3683/3379 4208/3687/1242 2974/3688/3383 1054/3684/3380
f 1054/3684/3380 2974/3688/3383 4209/3689/3384 2975/3690/3385
f 2974/3688/3383 766/3669/3370 2963/3666/3367 4209/3689/3384
f 4209/3689/3384 2963/3666/3367 80/3665/3366 2976/3691/3386
f 2975/3690/3385 4209/3689/3384 2976/3691/3386 769/3692/3387
f 768/3686/3382 2973/3685/3381 4210/3693/3388 2977/3694/3389
f 2973/3685/3381 1054/3684/3380 2975/3690/3385 4210/3693/3388
f 4210/3693/3388 2975/3690/3385 769/3692/3387 2978/3695/3390
f 2977/3694/3389 4210/3693/3388 2978/3695/3390 67/3696/3391
f 224/3584/1141 2922/3583/3020 4211/3697/3392 2979/3698/3393
f 2922/3583/3020 755/3580/3306 2980/3699/1116 4211/3697/3392
f 4211/3697/3392 2980/3699/1116 1055/3700/3394 2981/3701/3395
f 2979/3698/3393 4211/3697/3392 2981/3701/3395 770/3702/1020
f 755/3580/3306 2920/3579/1116 4212/3703/1184 2980/3699/1116
f 2920/3579/1116 223/3568/3278 2971/3682/989 4212/3703/1184
f 4212/3703/1184 2971/3682/989 768/3686/3382 2982/3704/3396
f 2980/3699/1116 4212/3703/1184 2982/3704/3396 1055/3700/3394
f 1055/3700/3394 2982/3704/3396 4213/3705/3397 2983/3706/3398
f 2982/3704/3396 768/3686/3382 2977/3694/3389 4213/3705/3397
f 4213/3705/3397 2977/3694/3389 67/3696/3391 2984/3707/3399
f 2983/3706/3398 4213/3705/3397 2984/3707/3399 771/3708/3400
f 770/3702/1020 2981/3701/3395 4214/3709/3401 2985/3710/3402
f 2981/3701/3395 1055/3700/3394 2983/3706/3398 4214/3709/3401
f 4214/3709/3401 2983/3706/3398 771/3708/3400 2986/3711/3403
f 2985/3710/3402 4214/3709/3401 2986/3711/3403 68/3712/3404
f 225/3600/3326 2930/3599/234 4215/3713/3405 2987/3714/3020
f 2930/3599/234 757/3596/3324 2988/3715/3406 4215/3713/3405
f 4215/3713/3405 2988/3715/3406 1056/3716/3407 2989/3717/3408
f 2987/3714/3020 4215/3713/3405 2989/3717/3408 772/3718/3409
f 757/3596/3324 2928/3595/3323 4216/3719/1139 2988/3715/3406
f 2928/3595/3323 224/3584/1141 2979/3698/3393 4216/3719/1139
f 4216/3719/1139 2979/3698/3393 770/3702/1020 2990/3720/3410
f 2988/3715/3406 4216/3719/1139 2990/3720/3410 1056/3716/3407
f 1056/3716/3407 2990/3720/3410 4217/3721/3411 2991/3722/3412
f 2990/3720/3410 770/3702/1020 2985/3710/3402 4217/3721/3411
f 4217/3721/3411 2985/3710/3402 68/3712/3404 2992/3723/3413
f 2991/3722/3412 4217/3721/3411 2992/3723/3413 773/3724/3414
f 772/3718/3409 2989/3717/3408 4218/3725/3415 2993/3726/3416
f 2989/3717/3408 1056/3716/3407 2991/3722/3412 4218/3725/3415
f 4218/3725/3415 2991/3722/3412 773/3724/3414 2994/3727/3417
f 2993/3726/3416 4218/3725/3415 2994/3727/3417 70/3728/3418
f 226/3616/3044 2938/3615/3044 4219/3729/3419 2995/3730/1034
f 2938/3615/3044 759/3612/1154 2996/3731/3392 4219/3729/3419
f 4219/3729/3419 2996/3731/3392 1057/3732/3420 2997/3733/3421
f 2995/3730/1034 4219/3729/3419 2997/3733/3421 774/3734/3422
f 759/3612/1154 2936/3611/993 4220/3735/3319 2996/3731/3392
f 2936/3611/993 225/3600/3326 2987/3714/3020 4220/3735/3319
f 4220/3735/3319 2987/3714/3020 772/3718/3409 2998/3736/3423
f 2996/3731/3392 4220/3735/3319 2998/3736/3423 1057/3732/3420
f 1057/3732/3420 2998/3736/3423 4221/3737/3424 2999/3738/3425
f 2998/3736/3423 772/3718/3409 2993/3726/3416 4221/3737/3424
f 4221/3737/3424 2993/3726/3416 70/3728/3418 3000/3739/3426
f 2999/3738/3425 4221/3737/3424 3000/3739/3426 775/3740/3427
f 774/3734/3422 2997/3733/3421 4222/3741/3428 3001/3742/3429
f 2997/3733/3421 1057/3732/3420 2999/3738/3425 4222/3741/3428
f 4222/3741/3428 2999/3738/3425 775/3740/3427 3002/3743/3430
f 3001/3742/3429 4222/3741/3428 3002/3743/3430 72/3744/3431
f 219/3514/3289 2944/3628/3311 4223/3745/3432 2948/3636/3337
f 2944/3628/3311 760/3626/1134 3003/3746/1242 4223/3745/3432
f 4223/3745/3432 3003/3746/1242 1058/3747/3433 3004/3748/3434
f 2948/3636/3337 4223/3745/3432 3004/3748/3434 762/3637/3338
f 760/3626/1134 2943/3625/1120 4224/3749/1173 3003/3746/1242
f 2943/3625/1120 226/3616/3044 2995/3730/1034 4224/3749/1173
f 4224/3749/1173 2995/3730/1034 774/3734/3422 3005/3750/3435
f 3003/3746/1242 4224/3749/1173 3005/3750/3435 1058/3747/3433
f 1058/3747/3433 3005/3750/3435 4225/3751/3436 3006/3752/3437
f 3005/3750/3435 774/3734/3422 3001/3742/3429 4225/3751/3436
f 4225/3751/3436 3001/3742/3429 72/3744/3431 3007/3753/3438
f 3006/3752/3437 4225/3751/3436 3007/3753/3438 776/3754/3439
f 762/3637/3338 3004/3748/3434 4226/3755/3440 2951/3641/3342
f 3004/3748/3434 1058/3747/3433 3006/3752/3437 4226/3755/3440
f 4226/3755/3440 3006/3752/3437 776/3754/3439 3008/3756/3441
f 2951/3641/3342 4226/3755/3440 3008/3756/3441 74/3642/3343
f 228/1393/1288 1788/1424/1333 4227/1424/3442 3009/1393/3443
f 1788/1424/1333 478/1422/1331 3010/1422/3444 4227/1424/3442
f 4227/1424/3442 3010/1422/3444 1059/3757/3445 3011/3758/3446
f 3009/1393/3443 4227/1424/3442 3011/3758/3446 777/3759/3447
f 478/1422/1331 1787/1423/1330 4228/1423/3448 3010/1422/3444
f 1787/1423/1330 227/1420/1329 3012/1420/3449 4228/1423/3448
f 4228/1423/3448 3012/1420/3449 778/3760/3450 3013/3761/3451
f 3010/1422/3444 4228/1423/3448 3013/3761/3451 1059/3757/3445
f 1059/3757/3445 3013/3761/3451 4229/3762/3452 3014/3763/3453
f 3013/3761/3451 778/3760/3450 3015/3764/3454 4229/3762/3452
f 4229/3762/3452 3015/3764/3454 70/3728/3418 2994/3727/3417
f 3014/3763/3453 4229/3762/3452 2994/3727/3417 773/3724/3414
f 777/3759/3447 3011/3758/3446 4230/3765/3455 3016/3766/3456
f 3011/3758/3446 1059/3757/3445 3014/3763/3453 4230/3765/3455
f 4230/3765/3455 3014/3763/3453 773/3724/3414 2992/3723/3413
f 3016/3766/3456 4230/3765/3455 2992/3723/3413 68/3712/3404
f 229/1389/1294 1768/1396/1293 4231/1396/3457 3017/1389/3458
f 1768/1396/1293 472/1395/1290 3018/1395/3459 4231/1396/3457
f 4231/1396/3457 3018/1395/3459 1060/3767/3460 3019/3768/3461
f 3017/1389/3458 4231/1396/3457 3019/3768/3461 779/3769/3462
f 472/1395/1290 1766/1394/1289 4232/1394/3463 3018/1395/3459
f 1766/1394/1289 228/1393/1288 3009/1393/3443 4232/1394/3463
f 4232/1394/3463 3009/1393/3443 777/3759/3447 3020/3770/3464
f 3018/1395/3459 4232/1394/3463 3020/3770/3464 1060/3767/3460
f 1060/3767/3460 3020/3770/3464 4233/3771/3465 3021/3772/3466
f 3020/3770/3464 777/3759/3447 3016/3766/3456 4233/3771/3465
f 4233/3771/3465 3016/3766/3456 68/3712/3404 2986/3711/3403
f 3021/3772/3466 4233/3771/3465 2986/3711/3403 771/3708/3400
f 779/3769/3462 3019/3768/3461 4234/3773/3467 3022/3774/3468
f 3019/3768/3461 1060/3767/3460 3021/3772/3466 4234/3773/3467
f 4234/3773/3467 3021/3772/3466 771/3708/3400 2984/3707/3399
f 3022/3774/3468 4234/3773/3467 2984/3707/3399 67/3696/3391
f 230/1554/1516 1904/1570/1548 4235/1570/3469 3023/3775/3470
f 1904/1570/1548 512/1572/1546 3024/1572/3471 4235/1570/3469
f 4235/1570/3469 3024/1572/3471 1061/3776/3472 3025/3777/3473
f 3023/3775/3470 4235/1570/3469 3025/3777/3473 780/3778/3474
f 512/1572/1546 1903/1575/1545 4236/1575/3475 3024/1572/3471
f 1903/1575/1545 229/1389/1294 3017/1389/3458 4236/1575/3475
f 4236/1575/3475 3017/1389/3458 779/3769/3462 3026/3779/3476
f 3024/1572/3471 4236/1575/3475 3026/3779/3476 1061/3776/3472
f 1061/3776/3472 3026/3779/3476 4237/3780/3477 3027/3781/3478
f 3026/3779/3476 779/3769/3462 3022/3774/3468 4237/3780/3477
f 4237/3780/3477 3022/3774/3468 67/3696/3391 2978/3695/3390
f 3027/3781/3478 4237/3780/3477 2978/3695/3390 769/3692/3387
f 780/3778/3474 3025/3777/3473 4238/3782/3479 3028/3783/3480
f 3025/3777/3473 1061/3776/3472 3027/3781/3478 4238/3782/3479
f 4238/3782/3479 3027/3781/3478 769/3692/3387 2976/3691/3386
f 3028/3783/3480 4238/3782/3479 2976/3691/3386 80/3665/3366
f 231/1528/1480 1888/1550/767 4239/1550/3481 3029/1527/3482
f 1888/1550/767 508/1551/1518 3030/1551/3483 4239/1550/3481
f 4239/1550/3481 3030/1551/3483 1062/3784/3484 3031/3785/3485
f 3029/1527/3482 4239/1550/3481 3031/3785/3485 781/3786/3486
f 508/1551/1518 1887/1552/1517 4240/1552/3487 3030/1551/3483
f 1887/1552/1517 230/1554/1516 3023/3775/3470 4240/1552/3487
f 4240/1552/3487 3023/3775/3470 780/3778/3474 3032/3787/3488
f 3030/1551/3483 4240/1552/3487 3032/3787/3488 1062/3784/3484
f 1062/3784/3484 3032/3787/3488 4241/3788/3489 3033/3789/3490
f 3032/3787/3488 780/3778/3474 3028/3783/3480 4241/3788/3489
f 4241/3788/3489 3028/3783/3480 80/3665/3366 2964/3668/3369
f 3033/3789/3490 4241/3788/3489 2964/3668/3369 767/3673/3374
f 781/3786/3486 3031/3785/3485 4242/3790/3491 3034/3791/3492
f 3031/3785/3485 1062/3784/3484 3033/3789/3490 4242/3790/3491
f 4242/3790/3491 3033/3789/3490 767/3673/3374 2970/3680/3378
f 3034/3791/3492 4242/3790/3491 2970/3680/3378 78/3664/3365
f 232/1502/1441 1868/1525/1484 4243/1525/3493 3035/1502/3494
f 1868/1525/1484 502/1529/1482 3036/1524/3495 4243/1525/3493
f 4243/1525/3493 3036/1524/3495 1063/3792/3496 3037/3793/3497
f 3035/1502/3494 4243/1525/3493 3037/3793/3497 782/3794/3498
f 502/1529/1482 1867/1526/1481 4244/1526/3499 3036/1524/3495
f 1867/1526/1481 231/1528/1480 3029/1527/3482 4244/1526/3499
f 4244/1526/3499 3029/1527/3482 781/3786/3486 3038/3795/3500
f 3036/1524/3495 4244/1526/3499 3038/3795/3500 1063/3792/3496
f 1063/3792/3496 3038/3795/3500 4245/3796/3501 3039/3797/3502
f 3038/3795/3500 781/3786/3486 3034/3791/3492 4245/3796/3501
f 4245/3796/3501 3034/3791/3492 78/3664/3365 2962/3663/3364
f 3039/3797/3502 4245/3796/3501 2962/3663/3364 765/3660/3361
f 782/3794/3498 3037/3793/3497 4246/3798/3503 3040/3799/3504
f 3037/3793/3497 1063/3792/3496 3039/3797/3502 4246/3798/3503
f 4246/3798/3503 3039/3797/3502 765/3660/3361 2960/3659/3360
f 3040/3799/3504 4246/3798/3503 2960/3659/3360 76/3648/3349
f 233/1474/1402 1848/1498/1445 4247/1498/3505 3041/1474/3506
f 1848/1498/1445 496/1499/1443 3042/1499/3507 4247/1498/3505
f 4247/1498/3505 3042/1499/3507 1064/3800/3508 3043/3801/3509
f 3041/1474/3506 4247/1498/3505 3043/3801/3509 783/3802/3510
f 496/1499/1443 1847/1500/1442 4248/1500/3511 3042/1499/3507
f 1847/1500/1442 232/1502/1441 3035/1502/3494 4248/1500/3511
f 4248/1500/3511 3035/1502/3494 782/3794/3498 3044/3803/3512
f 3042/1499/3507 4248/1500/3511 3044/3803/3512 1064/3800/3508
f 1064/3800/3508 3044/3803/3512 4249/3804/3513 3045/3805/3514
f 3044/3803/3512 782/3794/3498 3040/3799/3504 4249/3804/3513
f 4249/3804/3513 3040/3799/3504 76/3648/3349 2954/3647/3348
f 3045/3805/3514 4249/3804/3513 2954/3647/3348 763/3644/3345
f 783/3802/3510 3043/3801/3509 4250/3806/3515 3046/3807/3516
f 3043/3801/3509 1064/3800/3508 3045/3805/3514 4250/3806/3515
f 4250/3806/3515 3045/3805/3514 763/3644/3345 2952/3643/3344
f 3046/3807/3516 4250/3806/3515 2952/3643/3344 74/3642/3343
f 234/1445/1354 1828/1477/1405 4251/1477/3517 3047/1445/3518
f 1828/1477/1405 490/1476/1394 3048/1476/3519 4251/1477/3517
f 4251/1477/3517 3048/1476/3519 1065/3808/3520 3049/3809/3521
f 3047/1445/3518 4251/1477/3517 3049/3809/3521 784/3810/3522
f 490/1476/1394 1827/1473/1403 4252/1473/3523 3048/1476/3519
f 1827/1473/1403 233/1474/1402 3041/1474/3506 4252/1473/3523
f 4252/1473/3523 3041/1474/3506 783/3802/3510 3050/3811/3524
f 3048/1476/3519 4252/1473/3523 3050/3811/3524 1065/3808/3520
f 1065/3808/3520 3050/3811/3524 4253/3812/3525 3051/3813/3526
f 3050/3811/3524 783/3802/3510 3046/3807/3516 4253/3812/3525
f 4253/3812/3525 3046/3807/3516 74/3642/3343 3008/3756/3441
f 3051/3813/3526 4253/3812/3525 3008/3756/3441 776/3754/3439
f 784/3810/3522 3049/3809/3521 4254/3814/3527 3052/3815/3528
f 3049/3809/3521 1065/3808/3520 3051/3813/3526 4254/3814/3527
f 4254/3814/3527 3051/3813/3526 776/3754/3439 3007/3753/3438
f 3052/3815/3528 4254/3814/3527 3007/3753/3438 72/3744/3431
f 70/3728/3418 3015/3764/3454 4255/3816/3529 3000/3739/3426
f 3015/3764/3454 778/3760/3450 3053/3817/3530 4255/3816/3529
f 4255/3816/3529 3053/3817/3530 1066/3818/3531 3054/3819/3532
f 3000/3739/3426 4255/3816/3529 3054/3819/3532 775/3740/3427
f 778/3760/3450 3012/1420/3449 4256/1449/3533 3053/3817/3530
f 3012/1420/3449 227/1420/1329 1803/1449/1362 4256/1449/3533
f 4256/1449/3533 1803/1449/1362 482/1447/1358 3055/1447/3534
f 3053/3817/3530 4256/1449/3533 3055/1447/3534 1066/3818/3531
f 1066/3818/3531 3055/1447/3534 4257/1446/3535 3056/3820/3536
f 3055/1447/3534 482/1447/1358 1799/1446/1355 4257/1446/3535
f 4257/1446/3535 1799/1446/1355 234/1445/1354 3047/1445/3518
f 3056/3820/3536 4257/1446/3535 3047/1445/3518 784/3810/3522
f 775/3740/3427 3054/3819/3532 4258/3821/3537 3002/3743/3430
f 3054/3819/3532 1066/3818/3531 3056/3820/3536 4258/3821/3537
f 4258/3821/3537 3056/3820/3536 784/3810/3522 3052/3815/3528
f 3002/3743/3430 4258/3821/3537 3052/3815/3528 72/3744/3431
f 236/1527/1474 2642/1526/2848 4259/1526/2841 3057/1528/1474
f 2642/1526/2848 693/1524/804 3058/1529/3538 4259/1526/2841
f 4259/1526/2841 3058/1529/3538 1067/1529/2844 3059/1526/3539
f 3057/1528/1474 4259/1526/2841 3059/1526/3539 785/1528/2108
f 693/1524/804 2640/1525/2845 4260/1525/2116 3058/1529/3538
f 2640/1525/2845 235/1501/2839 3060/1501/2839 4260/1525/2116
f 4260/1525/2116 3060/1501/2839 786/1501/2130 3061/1525/3540
f 3058/1529/3538 4260/1525/2116 3061/1525/3540 1067/1529/2844
f 1067/1529/2844 3061/1525/3540 4261/1525/3541 3062/1529/1468
f 3061/1525/3540 786/1501/2130 3063/1501/1906 4261/1525/3541
f 4261/1525/3541 3063/1501/1906 175/1501/2919 2703/1525/2942
f 3062/1529/1468 4261/1525/3541 2703/1525/2942 708/1529/2937
f 785/1528/2108 3059/1526/3539 4262/1526/3542 3064/1528/1473
f 3059/1526/3539 1067/1529/2844 3062/1529/1468 4262/1526/3542
f 4262/1526/3542 3062/1529/1468 708/1529/2937 2699/1526/1476
f 3064/1528/1473 4262/1526/3542 2699/1526/1476 176/1528/2934
f 237/3110/1513 2650/1552/1510 4263/1552/770 3065/3110/2093
f 2650/1552/1510 695/1551/768 3066/1551/768 4263/1552/770
f 4263/1552/770 3066/1551/768 1068/1551/2849 3067/1552/3543
f 3065/3110/2093 4263/1552/770 3067/1552/3543 787/3110/1513
f 695/1551/768 2648/3111/2853 4264/3111/2587 3066/1551/768
f 2648/3111/2853 236/1527/1474 3057/1528/1474 4264/3111/2587
f 4264/3111/2587 3057/1528/1474 785/1528/2108 3068/3111/3544
f 3066/1551/768 4264/3111/2587 3068/3111/3544 1068/1551/2849
f 1068/1551/2849 3068/3111/3544 4265/1550/3544 3069/1551/3545
f 3068/3111/3544 785/1528/2108 3064/1528/1473 4265/1550/3544
f 4265/1550/3544 3064/1528/1473 176/1528/2934 2711/1550/2956
f 3069/1551/3545 4265/1550/3544 2711/1550/2956 710/1551/2951
f 787/3110/1513 3067/1552/3543 4266/1552/770 3070/3110/1513
f 3067/1552/3543 1068/1551/2849 3069/1551/3545 4266/1552/770
f 4266/1552/770 3069/1551/3545 710/1551/2951 2707/1552/1514
f 3070/3110/1513 4266/1552/770 2707/1552/1514 177/3110/1512
f 238/3106/2084 2656/1574/2857 4267/3174/3546 3071/3106/1273
f 2656/1574/2857 696/1572/1537 3072/1572/3547 4267/3174/3546
f 4267/3174/3546 3072/1572/3547 1069/1572/3547 3073/1575/3548
f 3071/3106/1273 4267/3174/3546 3073/1575/3548 788/3106/3549
f 696/1572/1537 2655/1570/1540 4268/1570/1535 3072/1572/3547
f 2655/1570/1540 237/3110/1513 3065/3110/2093 4268/1570/1535
f 4268/1570/1535 3065/3110/2093 787/3110/1513 3074/1570/1535
f 3072/1572/3547 4268/1570/1535 3074/1570/1535 1069/1572/3547
f 1069/1572/3547 3074/1570/1535 4269/1570/1868 3075/1572/1538
f 3074/1570/1535 787/3110/1513 3070/3110/1513 4269/1570/1868
f 4269/1570/1868 3070/3110/1513 177/3110/1512 2718/1570/2099
f 3075/1572/1538 4269/1570/1868 2718/1570/2099 712/1572/2096
f 788/3106/3549 3073/1575/3548 4270/1575/3548 3076/3106/2079
f 3073/1575/3548 1069/1572/3547 3075/1572/1538 4270/1575/3548
f 4270/1575/3548 3075/1572/1538 712/1572/2096 2715/3174/1542
f 3076/3106/2079 4270/1575/3548 2715/3174/1542 170/3106/2869
f 239/3107/1816 2602/1392/2806 4271/1392/2796 3077/3107/2064
f 2602/1392/2806 683/1391/2805 3078/3112/3550 4271/1392/2796
f 4271/1392/2796 3078/3112/3550 1070/3112/3551 3079/1392/2085
f 3077/3107/2064 4271/1392/2796 3079/1392/2085 789/1393/2070
f 683/1391/2805 2600/1396/2804 4272/1396/2083 3078/3112/3550
f 2600/1396/2804 238/3106/2084 3071/3106/1273 4272/1396/2083
f 4272/1396/2083 3071/3106/1273 788/3106/3549 3080/1396/3552
f 3078/3112/3550 4272/1396/2083 3080/1396/3552 1070/3112/3551
f 1070/3112/3551 3080/1396/3552 4273/3116/2083 3081/3112/3553
f 3080/1396/3552 788/3106/3549 3076/3106/2079 4273/3116/2083
f 4273/3116/2083 3076/3106/2079 170/3106/2869 2661/3116/2867
f 3081/3112/3553 4273/3116/2083 2661/3116/2867 697/3112/2862
f 789/1393/2070 3079/1392/2085 4274/1392/2806 3082/1393/1816
f 3079/1392/2085 1070/3112/3551 3081/3112/3553 4274/1392/2806
f 4274/1392/2806 3081/3112/3553 697/3112/2862 2657/1392/2859
f 3082/1393/1816 4274/1392/2806 2657/1392/2859 171/1393/2858
f 240/1420/2818 2610/1419/2811 4275/1419/3554 3083/1420/3555
f 2610/1419/2811 685/1418/2815 3084/1418/3556 4275/1419/3554
f 4275/1419/3554 3084/1418/3556 1071/1418/3557 3085/1419/2807
f 3083/1420/3555 4275/1419/3554 3085/1419/2807 790/1420/2808
f 685/1418/2815 2608/1417/2814 4276/1417/1315 3084/1418/3556
f 2608/1417/2814 239/3107/1816 3077/3107/2064 4276/1417/1315
f 4276/1417/1315 3077/3107/2064 789/1393/2070 3086/1417/2812
f 3084/1418/3556 4276/1417/1315 3086/1417/2812 1071/1418/3557
f 1071/1418/3557 3086/1417/2812 4277/1417/3558 3087/1418/945
f 3086/1417/2812 789/1393/2070 3082/1393/1816 4277/1417/3558
f 4277/1417/3558 3082/1393/1816 171/1393/2858 2671/1417/2062
f 3087/1418/945 4277/1417/3558 2671/1417/2062 700/1418/2809
f 790/1420/2808 3085/1419/2807 4278/1419/3559 3088/1420/2878
f 3085/1419/2807 1071/1418/3557 3087/1418/945 4278/1419/3559
f 4278/1419/3559 3087/1418/945 700/1418/2809 2667/3124/2073
f 3088/1420/2878 4278/1419/3559 2667/3124/2073 172/1420/2878
f 241/1448/1357 2618/1446/2822 4279/1446/1356 3089/1448/1357
f 2618/1446/2822 687/1447/1367 3090/3108/910 4279/1446/1356
f 4279/1446/1356 3090/3108/910 1072/1447/3560 3091/1446/1368
f 3089/1448/1357 4279/1446/1356 3091/1446/1368 791/1448/1370
f 687/1447/1367 2616/1450/1366 4280/1450/3561 3090/3108/910
f 2616/1450/1366 240/1420/2818 3083/1420/3555 4280/1450/3561
f 4280/1450/3561 3083/1420/3555 790/1420/2808 3092/1450/3562
f 3090/3108/910 4280/1450/3561 3092/1450/3562 1072/1447/3560
f 1072/1447/3560 3092/1450/3562 4281/1450/3561 3093/1447/3563
f 3092/1450/3562 790/1420/2808 3088/1420/2878 4281/1450/3561
f 4281/1450/3561 3088/1420/2878 172/1420/2878 2679/3136/2898
f 3093/1447/3563 4281/1450/3561 2679/3136/2898 702/1447/2893
f 791/1448/1370 3091/1446/1368 4282/1446/1355 3094/1448/1361
f 3091/1446/1368 1072/1447/3560 3093/1447/3563 4282/1446/1355
f 4282/1446/1355 3093/1447/3563 702/1447/2893 2675/1446/1356
f 3094/1448/1361 4282/1446/1355 2675/1446/1356 173/1448/1361
f 242/1474/2132 2626/1473/1398 4283/1473/1398 3095/1474/3564
f 2626/1473/1398 689/1472/1394 3096/1472/3565 4283/1473/1398
f 4283/1473/1398 3096/1472/3565 1073/1472/3566 3097/1473/3567
f 3095/1474/3564 4283/1473/1398 3097/1473/3567 792/1474/3568
f 689/1472/1394 2624/1471/2162 4284/1471/2162 3096/1472/3565
f 2624/1471/2162 241/1448/1357 3089/1448/1357 4284/1471/2162
f 4284/1471/2162 3089/1448/1357 791/1448/1370 3098/1471/3569
f 3096/1472/3565 4284/1471/2162 3098/1471/3569 1073/1472/3566
f 1073/1472/3566 3098/1471/3569 4285/1471/2160 3099/3109/3570
f 3098/1471/3569 791/1448/1370 3094/1448/1361 4285/1471/2160
f 4285/1471/2160 3094/1448/1361 173/1448/1361 2687/1471/2912
f 3099/3109/3570 4285/1471/2160 2687/1471/2912 704/1472/1394
f 792/1474/3568 3097/1473/3567 4286/1473/3571 3100/1474/3572
f 3097/1473/3567 1073/1472/3566 3099/3109/3570 4286/1473/3571
f 4286/1473/3571 3099/3109/3570 704/1472/1394 2683/1473/2158
f 3100/1474/3572 4286/1473/3571 2683/1473/2158 174/1474/2905
f 235/1501/2839 2634/1500/2832 4287/1500/2652 3060/1501/2839
f 2634/1500/2832 691/1499/2838 3101/3822/2836 4287/1500/2652
f 4287/1500/2652 3101/3822/2836 1074/3822/2135 3102/1500/3573
f 3060/1501/2839 4287/1500/2652 3102/1500/3573 786/1501/2130
f 691/1499/2838 2632/1498/2837 4288/1498/3574 3101/3822/2836
f 2632/1498/2837 242/1474/2132 3095/1474/3564 4288/1498/3574
f 4288/1498/3574 3095/1474/3564 792/1474/3568 3103/1498/2837
f 3101/3822/2836 4288/1498/3574 3103/1498/2837 1074/3822/2135
f 1074/3822/2135 3103/1498/2837 4289/1498/2837 3104/3822/3575
f 3103/1498/2837 792/1474/3568 3100/1474/3572 4289/1498/2837
f 4289/1498/2837 3100/1474/3572 174/1474/2905 2695/1498/2927
f 3104/3822/3575 4289/1498/2837 2695/1498/2927 706/1499/1428
f 786/1501/2130 3102/1500/3573 4290/1500/2652 3063/1501/1906
f 3102/1500/3573 1074/3822/2135 3104/3822/3575 4290/1500/2652
f 4290/1500/2652 3104/3822/3575 706/1499/1428 2691/1500/2920
f 3063/1501/1906 4290/1500/2652 2691/1500/2920 175/1501/2919
f 244/2380/2215 2266/2379/2214 4291/3823/3576 3105/3824/3577
f 2266/2379/2214 607/2376/2211 3106/3825/3578 4291/3823/3576
f 4291/3823/3576 3106/3825/3578 1075/3826/3579 3107/3827/3580
f 3105/3824/3577 4291/3823/3576 3107/3827/3580 793/3828/2800
f 607/2376/2211 2264/2375/2210 4292/3829/3581 3106/3825/3578
f 2264/2375/2210 243/2374/1281 3108/3830/3582 4292/3829/3581
f 4292/3829/3581 3108/3830/3582 794/3831/2065 3109/3832/3583
f 3106/3825/3578 4292/3829/3581 3109/3832/3583 1075/3826/3579
f 1075/3826/3579 3109/3832/3583 4293/3833/1285 3110/3834/2862
f 3109/3832/3583 794/3831/2065 3111/3835/3584 4293/3833/1285
f 4293/3833/1285 3111/3835/3584 251/3836/1287 3112/3837/3585
f 3110/3834/2862 4293/3833/1285 3112/3837/3585 795/3838/3586
f 793/3828/2800 3107/3827/3580 4294/3839/3587 3113/3840/3588
f 3107/3827/3580 1075/3826/3579 3110/3834/2862 4294/3839/3587
f 4294/3839/3587 3110/3834/2862 795/3838/3586 3114/3841/3589
f 3113/3840/3588 4294/3839/3587 3114/3841/3589 252/3842/3590
f 245/2396/1516 2274/2395/2229 4295/3843/1868 3115/3844/1516
f 2274/2395/2229 609/2392/1539 3116/3845/1539 4295/3843/1868
f 4295/3843/1868 3116/3845/1539 1076/3846/3591 3117/3847/1547
f 3115/3844/1516 4295/3843/1868 3117/3847/1547 796/3848/3592
f 609/2392/1539 2272/2391/2226 4296/3849/3593 3116/3845/1539
f 2272/2391/2226 244/2380/2215 3105/3824/3577 4296/3849/3593
f 4296/3849/3593 3105/3824/3577 793/3828/2800 3118/3850/1542
f 3116/3845/1539 4296/3849/3593 3118/3850/1542 1076/3846/3591
f 1076/3846/3591 3118/3850/1542 4297/3851/3594 3119/3852/3595
f 3118/3850/1542 793/3828/2800 3113/3840/3588 4297/3851/3594
f 4297/3851/3594 3113/3840/3588 252/3842/3590 3120/3853/3596
f 3119/3852/3595 4297/3851/3594 3120/3853/3596 797/3854/3597
f 796/3848/3592 3117/3847/1547 4298/3855/1547 3121/3856/3598
f 3117/3847/1547 1076/3846/3591 3119/3852/3595 4298/3855/1547
f 4298/3855/1547 3119/3852/3595 797/3854/3597 3122/3857/1547
f 3121/3856/3598 4298/3855/1547 3122/3857/1547 253/3858/1516
f 246/2412/2244 2282/2411/2243 4299/3859/3599 3123/3860/2667
f 2282/2411/2243 611/2408/2240 3124/3861/3600 4299/3859/3599
f 4299/3859/3599 3124/3861/3600 1077/3862/3601 3125/3863/3602
f 3123/3860/2667 4299/3859/3599 3125/3863/3602 798/3864/3603
f 611/2408/2240 2280/2407/1510 4300/3865/3604 3124/3861/3600
f 2280/2407/1510 245/2396/1516 3115/3844/1516 4300/3865/3604
f 4300/3865/3604 3115/3844/1516 796/3848/3592 3126/3866/1510
f 3124/3861/3600 4300/3865/3604 3126/3866/1510 1077/3862/3601
f 1077/3862/3601 3126/3866/1510 4301/3867/770 3127/3868/3605
f 3126/3866/1510 796/3848/3592 3121/3856/3598 4301/3867/770
f 4301/3867/770 3121/3856/3598 253/3858/1516 3128/3869/3606
f 3127/3868/3605 4301/3867/770 3128/3869/3606 799/3870/1507
f 798/3864/3603 3125/3863/3602 4302/3871/2243 3129/3872/2564
f 3125/3863/3602 1077/3862/3601 3127/3868/3605 4302/3871/2243
f 4302/3871/2243 3127/3868/3605 799/3870/1507 3130/3873/2671
f 3129/3872/2564 4302/3871/2243 3130/3873/2671 254/3874/3607
f 247/2428/2260 2290/2427/2259 4303/3875/3608 3131/3876/1906
f 2290/2427/2259 613/2424/2256 3132/3877/3609 4303/3875/3608
f 4303/3875/3608 3132/3877/3609 1078/3878/3610 3133/3879/3611
f 3131/3876/1906 4303/3875/3608 3133/3879/3611 800/3880/3612
f 613/2424/2256 2288/2423/2255 4304/3881/3613 3132/3877/3609
f 2288/2423/2255 246/2412/2244 3123/3860/2667 4304/3881/3613
f 4304/3881/3613 3123/3860/2667 798/3864/3603 3134/3882/3614
f 3132/3877/3609 4304/3881/3613 3134/3882/3614 1078/3878/3610
f 1078/3878/3610 3134/3882/3614 4305/3883/3615 3135/3884/3616
f 3134/3882/3614 798/3864/3603 3129/3872/2564 4305/3883/3615
f 4305/3883/3615 3129/3872/2564 254/3874/3607 3136/3885/3617
f 3135/3884/3616 4305/3883/3615 3136/3885/3617 801/3886/3618
f 800/3880/3612 3133/3879/3611 4306/3887/2668 3137/3888/1906
f 3133/3879/3611 1078/3878/3610 3135/3884/3616 4306/3887/2668
f 4306/3887/2668 3135/3884/3616 801/3886/3618 3138/3889/3619
f 3137/3888/1906 4306/3887/2668 3138/3889/3619 255/3890/1434
f 248/2444/2274 2298/2443/2134 4307/3891/3620 3139/3892/3621
f 2298/2443/2134 615/2440/2271 3140/3893/1439 4307/3891/3620
f 4307/3891/3620 3140/3893/1439 1079/3894/3622 3141/3895/3623
f 3139/3892/3621 4307/3891/3620 3141/3895/3623 802/3896/3624
f 615/2440/2271 2296/2439/1442 4308/3897/3625 3140/3893/1439
f 2296/2439/1442 247/2428/2260 3131/3876/1906 4308/3897/3625
f 4308/3897/3625 3131/3876/1906 800/3880/3612 3142/3898/3626
f 3140/3893/1439 4308/3897/3625 3142/3898/3626 1079/3894/3622
f 1079/3894/3622 3142/3898/3626 4309/3899/3627 3143/3900/3628
f 3142/3898/3626 800/3880/3612 3137/3888/1906 4309/3899/3627
f 4309/3899/3627 3137/3888/1906 255/3890/1434 3144/3901/3629
f 3143/3900/3628 4309/3899/3627 3144/3901/3629 803/3902/3630
f 802/3896/3624 3141/3895/3623 4310/3903/3631 3145/3904/3632
f 3141/3895/3623 1079/3894/3622 3143/3900/3628 4310/3903/3631
f 4310/3903/3631 3143/3900/3628 803/3902/3630 3146/3905/3633
f 3145/3904/3632 4310/3903/3631 3146/3905/3633 256/3906/3634
f 249/2338/2180 2304/2456/2286 4311/3907/3635 3147/3908/3636
f 2304/2456/2286 616/2454/2284 3148/3909/3570 4311/3907/3635
f 4311/3907/3635 3148/3909/3570 1080/3910/1394 3149/3911/1945
f 3147/3908/3636 4311/3907/3635 3149/3911/1945 804/3912/2161
f 616/2454/2284 2303/2453/2283 4312/3913/3637 3148/3909/3570
f 2303/2453/2283 248/2444/2274 3139/3892/3621 4312/3913/3637
f 4312/3913/3637 3139/3892/3621 802/3896/3624 3150/3914/3638
f 3148/3909/3570 4312/3913/3637 3150/3914/3638 1080/3910/1394
f 1080/3910/1394 3150/3914/3638 4313/3915/3639 3151/3916/2151
f 3150/3914/3638 802/3896/3624 3145/3904/3632 4313/3915/3639
f 4313/3915/3639 3145/3904/3632 256/3906/3634 3152/3917/3640
f 3151/3916/2151 4313/3915/3639 3152/3917/3640 805/3918/3641
f 804/3912/2161 3149/3911/1945 4314/3919/3642 3153/3920/1370
f 3149/3911/1945 1080/3910/1394 3151/3916/2151 4314/3919/3642
f 4314/3919/3642 3151/3916/2151 805/3918/3641 3154/3921/3643
f 3153/3920/1370 4314/3919/3642 3154/3921/3643 257/3922/3644
f 250/2344/2185 2250/2343/2184 4315/3923/3645 3155/3924/1323
f 2250/2343/2184 603/2340/1367 3156/3925/3646 4315/3923/3645
f 4315/3923/3645 3156/3925/3646 1081/3926/3647 3157/3927/3562
f 3155/3924/1323 4315/3923/3645 3157/3927/3562 806/3928/3648
f 603/2340/1367 2248/2339/2181 4316/3929/912 3156/3925/3646
f 2248/2339/2181 249/2338/2180 3147/3908/3636 4316/3929/912
f 4316/3929/912 3147/3908/3636 804/3912/2161 3158/3930/3649
f 3156/3925/3646 4316/3929/912 3158/3930/3649 1081/3926/3647
f 1081/3926/3647 3158/3930/3649 4317/3931/3650 3159/3932/1367
f 3158/3930/3649 804/3912/2161 3153/3920/1370 4317/3931/3650
f 4317/3931/3650 3153/3920/1370 257/3922/3644 3160/3933/2822
f 3159/3932/1367 4317/3931/3650 3160/3933/2822 807/3934/3651
f 806/3928/3648 3157/3927/3562 4318/3935/3652 3161/3936/3653
f 3157/3927/3562 1081/3926/3647 3159/3932/1367 4318/3935/3652
f 4318/3935/3652 3159/3932/1367 807/3934/3651 3162/3937/3654
f 3161/3936/3653 4318/3935/3652 3162/3937/3654 258/3938/1323
f 243/2360/1281 2258/2359/2199 4319/3939/1315 3108/3940/3582
f 2258/2359/2199 605/2356/2196 3163/3941/3655 4319/3939/1315
f 4319/3939/1315 3163/3941/3655 1082/3942/945 3164/3943/3656
f 3108/3940/3582 4319/3939/1315 3164/3943/3656 794/3944/2065
f 605/2356/2196 2256/2355/1321 4320/3945/3657 3163/3941/3655
f 2256/2355/1321 250/2344/2185 3155/3924/1323 4320/3945/3657
f 4320/3945/3657 3155/3924/1323 806/3928/3648 3165/3946/3658
f 3163/3941/3655 4320/3945/3657 3165/3946/3658 1082/3942/945
f 1082/3942/945 3165/3946/3658 4321/3947/3659 3166/3948/3660
f 3165/3946/3658 806/3928/3648 3161/3936/3653 4321/3947/3659
f 4321/3947/3659 3161/3936/3653 258/3938/1323 3167/3949/3661
f 3166/3948/3660 4321/3947/3659 3167/3949/3661 808/3950/3662
f 794/3944/2065 3164/3943/3656 4322/3951/3663 3111/3952/3584
f 3164/3943/3656 1082/3942/945 3166/3948/3660 4322/3951/3663
f 4322/3951/3663 3166/3948/3660 808/3950/3662 3168/3953/3664
f 3111/3952/3584 4322/3951/3663 3168/3953/3664 251/3954/1287
f 252/3842/3590 3114/3841/3589 4323/3955/3665 3169/3956/3666
f 3114/3841/3589 795/3838/3586 3170/3957/3667 4323/3955/3665
f 4323/3955/3665 3170/3957/3667 1083/3958/3668 3171/3959/3669
f 3169/3956/3666 4323/3955/3665 3171/3959/3669 809/3960/3670
f 795/3838/3586 3112/3837/3585 4324/3961/3671 3170/3957/3667
f 3112/3837/3585 251/3836/1287 3172/3962/3672 4324/3961/3671
f 4324/3961/3671 3172/3962/3672 810/3963/3673 3173/3964/3674
f 3170/3957/3667 4324/3961/3671 3173/3964/3674 1083/3958/3668
f 1083/3958/3668 3173/3964/3674 4325/3965/3675 3174/3966/3676
f 3173/3964/3674 810/3963/3673 3175/3967/3677 4325/3965/3675
f 4325/3965/3675 3175/3967/3677 131/3968/2305 2327/3969/2329
f 3174/3966/3676 4325/3965/3675 2327/3969/2329 622/3970/2324
f 809/3960/3670 3171/3959/3669 4326/3971/3678 3176/3972/3679
f 3171/3959/3669 1083/3958/3668 3174/3966/3676 4326/3971/3678
f 4326/3971/3678 3174/3966/3676 622/3970/2324 2323/3973/2321
f 3176/3972/3679 4326/3971/3678 2323/3973/2321 132/3974/2320
f 253/3858/1516 3122/3857/1547 4327/3975/3680 3177/3976/3681
f 3122/3857/1547 797/3854/3597 3178/3977/3682 4327/3975/3680
f 4327/3975/3680 3178/3977/3682 1084/3978/3683 3179/3979/3684
f 3177/3976/3681 4327/3975/3680 3179/3979/3684 811/3980/3685
f 797/3854/3597 3120/3853/3596 4328/3981/3686 3178/3977/3682
f 3120/3853/3596 252/3842/3590 3169/3956/3666 4328/3981/3686
f 4328/3981/3686 3169/3956/3666 809/3960/3670 3180/3982/3687
f 3178/3977/3682 4328/3981/3686 3180/3982/3687 1084/3978/3683
f 1084/3978/3683 3180/3982/3687 4329/3983/3688 3181/3984/3689
f 3180/3982/3687 809/3960/3670 3176/3972/3679 4329/3983/3688
f 4329/3983/3688 3176/3972/3679 132/3974/2320 2335/3985/2345
f 3181/3984/3689 4329/3983/3688 2335/3985/2345 624/3986/2340
f 811/3980/3685 3179/3979/3684 4330/3987/3690 3182/3988/3691
f 3179/3979/3684 1084/3978/3683 3181/3984/3689 4330/3987/3690
f 4330/3987/3690 3181/3984/3689 624/3986/2340 2331/3989/2337
f 3182/3988/3691 4330/3987/3690 2331/3989/2337 133/3990/2336
f 254/3874/3607 3130/3873/2671 4331/3991/3692 3183/3992/3693
f 3130/3873/2671 799/3870/1507 3184/3993/3694 4331/3991/3692
f 4331/3991/3692 3184/3993/3694 1085/3994/3695 3185/3995/3696
f 3183/3992/3693 4331/3991/3692 3185/3995/3696 812/3996/3697
f 799/3870/1507 3128/3869/3606 4332/3997/3698 3184/3993/3694
f 3128/3869/3606 253/3858/1516 3177/3976/3681 4332/3997/3698
f 4332/3997/3698 3177/3976/3681 811/3980/3685 3186/3998/3699
f 3184/3993/3694 4332/3997/3698 3186/3998/3699 1085/3994/3695
f 1085/3994/3695 3186/3998/3699 4333/3999/3700 3187/4000/3701
f 3186/3998/3699 811/3980/3685 3182/3988/3691 4333/3999/3700
f 4333/3999/3700 3182/3988/3691 133/3990/2336 2343/4001/2358
f 3187/4000/3701 4333/3999/3700 2343/4001/2358 626/4002/2353
f 812/3996/3697 3185/3995/3696 4334/4003/3702 3188/4004/3703
f 3185/3995/3696 1085/3994/3695 3187/4000/3701 4334/4003/3702
f 4334/4003/3702 3187/4000/3701 626/4002/2353 2339/4005/2350
f 3188/4004/3703 4334/4003/3702 2339/4005/2350 134/4006/2349
f 255/3890/1434 3138/3889/3619 4335/4007/3704 3189/4008/3705
f 3138/3889/3619 801/3886/3618 3190/4009/3706 4335/4007/3704
f 4335/4007/3704 3190/4009/3706 1086/4010/3707 3191/4011/3708
f 3189/4008/3705 4335/4007/3704 3191/4011/3708 813/4012/3709
f 801/3886/3618 3136/3885/3617 4336/4013/3710 3190/4009/3706
f 3136/3885/3617 254/3874/3607 3183/3992/3693 4336/4013/3710
f 4336/4013/3710 3183/3992/3693 812/3996/3697 3192/4014/3711
f 3190/4009/3706 4336/4013/3710 3192/4014/3711 1086/4010/3707
f 1086/4010/3707 3192/4014/3711 4337/4015/3712 3193/4016/3713
f 3192/4014/3711 812/3996/3697 3188/4004/3703 4337/4015/3712
f 4337/4015/3712 3188/4004/3703 134/4006/2349 2351/4017/2370
f 3193/4016/3713 4337/4015/3712 2351/4017/2370 628/4018/2365
f 813/4012/3709 3191/4011/3708 4338/4019/3714 3194/4020/3715
f 3191/4011/3708 1086/4010/3707 3193/4016/3713 4338/4019/3714
f 4338/4019/3714 3193/4016/3713 628/4018/2365 2347/4021/2362
f 3194/4020/3715 4338/4019/3714 2347/4021/2362 135/4022/2361
f 256/3906/3634 3146/3905/3633 4339/4023/3716 3195/4024/3717
f 3146/3905/3633 803/3902/3630 3196/4025/3718 4339/4023/3716
f 4339/4023/3716 3196/4025/3718 1087/4026/3719 3197/4027/3720
f 3195/4024/3717 4339/4023/3716 3197/4027/3720 814/4028/3721
f 803/3902/3630 3144/3901/3629 4340/4029/3722 3196/4025/3718
f 3144/3901/3629 255/3890/1434 3189/4008/3705 4340/4029/3722
f 4340/4029/3722 3189/4008/3705 813/4012/3709 3198/4030/3723
f 3196/4025/3718 4340/4029/3722 3198/4030/3723 1087/4026/3719
f 1087/4026/3719 3198/4030/3723 4341/4031/3724 3199/4032/3725
f 3198/4030/3723 813/4012/3709 3194/4020/3715 4341/4031/3724
f 4341/4031/3724 3194/4020/3715 135/4022/2361 2359/4033/2386
f 3199/4032/3725 4341/4031/3724 2359/4033/2386 630/4034/2381
f 814/4028/3721 3197/4027/3720 4342/4035/3726 3200/4036/3727
f 3197/4027/3720 1087/4026/3719 3199/4032/3725 4342/4035/3726
f 4342/4035/3726 3199/4032/3725 630/4034/2381 2355/4037/2378
f 3200/4036/3727 4342/4035/3726 2355/4037/2378 136/4038/2377
f 257/3922/3644 3154/3921/3643 4343/4039/3728 3201/4040/3729
f 3154/3921/3643 805/3918/3641 3202/4041/3730 4343/4039/3728
f 4343/4039/3728 3202/4041/3730 1088/4042/3731 3203/4043/3732
f 3201/4040/3729 4343/4039/3728 3203/4043/3732 815/4044/3733
f 805/3918/3641 3152/3917/3640 4344/4045/3734 3202/4041/3730
f 3152/3917/3640 256/3906/3634 3195/4024/3717 4344/4045/3734
f 4344/4045/3734 3195/4024/3717 814/4028/3721 3204/4046/3735
f 3202/4041/3730 4344/4045/3734 3204/4046/3735 1088/4042/3731
f 1088/4042/3731 3204/4046/3735 4345/4047/3736 3205/4048/3737
f 3204/4046/3735 814/4028/3721 3200/4036/3727 4345/4047/3736
f 4345/4047/3736 3200/4036/3727 136/4038/2377 2366/4049/2398
f 3205/4048/3737 4345/4047/3736 2366/4049/2398 632/4050/2394
f 815/4044/3733 3203/4043/3732 4346/4051/3738 3206/4052/3739
f 3203/4043/3732 1088/4042/3731 3205/4048/3737 4346/4051/3738
f 4346/4051/3738 3205/4048/3737 632/4050/2394 2363/4053/2392
f 3206/4052/3739 4346/4051/3738 2363/4053/2392 129/4054/2298
f 258/3938/1323 3162/3937/3654 4347/4055/3740 3207/4056/3741
f 3162/3937/3654 807/3934/3651 3208/4057/3742 4347/4055/3740
f 4347/4055/3740 3208/4057/3742 1089/4058/3743 3209/4059/3744
f 3207/4056/3741 4347/4055/3740 3209/4059/3744 816/4060/3745
f 807/3934/3651 3160/3933/2822 4348/4061/3746 3208/4057/3742
f 3160/3933/2822 257/3922/3644 3201/4040/3729 4348/4061/3746
f 4348/4061/3746 3201/4040/3729 815/4044/3733 3210/4062/3747
f 3208/4057/3742 4348/4061/3746 3210/4062/3747 1089/4058/3743
f 1089/4058/3743 3210/4062/3747 4349/4063/3748 3211/4064/3749
f 3210/4062/3747 815/4044/3733 3206/4052/3739 4349/4063/3748
f 4349/4063/3748 3206/4052/3739 129/4054/2298 2309/4065/2296
f 3211/4064/3749 4349/4063/3748 2309/4065/2296 617/4066/2291
f 816/4060/3745 3209/4059/3744 4350/4067/3750 3212/4068/3751
f 3209/4059/3744 1089/4058/3743 3211/4064/3749 4350/4067/3750
f 4350/4067/3750 3211/4064/3749 617/4066/2291 2305/4069/2288
f 3212/4068/3751 4350/4067/3750 2305/4069/2288 130/4070/2287
f 251/3954/1287 3168/3953/3664 4351/4071/3752 3172/4072/3672
f 3168/3953/3664 808/3950/3662 3213/4073/3753 4351/4071/3752
f 4351/4071/3752 3213/4073/3753 1090/4074/3754 3214/4075/3755
f 3172/4072/3672 4351/4071/3752 3214/4075/3755 810/4076/3673
f 808/3950/3662 3167/3949/3661 4352/4077/3756 3213/4073/3753
f 3167/3949/3661 258/3938/1323 3207/4056/3741 4352/4077/3756
f 4352/4077/3756 3207/4056/3741 816/4060/3745 3215/4078/3757
f 3213/4073/3753 4352/4077/3756 3215/4078/3757 1090/4074/3754
f 1090/4074/3754 3215/4078/3757 4353/4079/3758 3216/4080/3759
f 3215/4078/3757 816/4060/3745 3212/4068/3751 4353/4079/3758
f 4353/4079/3758 3212/4068/3751 130/4070/2287 2319/4081/2314
f 3216/4080/3759 4353/4079/3758 2319/4081/2314 620/4082/2309
f 810/4076/3673 3214/4075/3755 4354/4083/3760 3175/4084/3677
f 3214/4075/3755 1090/4074/3754 3216/4080/3759 4354/4083/3760
f 4354/4083/3760 3216/4080/3759 620/4082/2309 2315/4085/2306
f 3175/4084/3677 4354/4083/3760 2315/4085/2306 131/4086/2305
f 260/1927/1849 2054/1926/1848 4355/4087/3761 3217/4088/3762
f 2054/1926/1848 551/1923/1845 3218/4089/3763 4355/4087/3761
f 4355/4087/3761 3218/4089/3763 1091/4090/2797 3219/4091/3764
f 3217/4088/3762 4355/4087/3761 3219/4091/3764 817/4092/3765
f 551/1923/1845 2052/1922/1844 4356/4093/1289 3218/4089/3763
f 2052/1922/1844 259/1894/1816 3220/4094/3766 4356/4093/1289
f 4356/4093/1289 3220/4094/3766 818/4095/2064 3221/4096/3767
f 3218/4089/3763 4356/4093/1289 3221/4096/3767 1091/4090/2797
f 1091/4090/2797 3221/4096/3767 4357/4097/2796 3222/4098/3768
f 3221/4096/3767 818/4095/2064 3223/4099/2064 4357/4097/2796
f 4357/4097/2796 3223/4099/2064 114/2173/2070 2177/2189/2085
f 3222/4098/3768 4357/4097/2796 2177/2189/2085 581/2184/2080
f 817/4092/3765 3219/4091/3764 4358/4100/3769 3224/4101/3770
f 3219/4091/3764 1091/4090/2797 3222/4098/3768 4358/4100/3769
f 4358/4100/3769 3222/4098/3768 581/2184/2080 2173/2181/2077
f 3224/4101/3770 4358/4100/3769 2173/2181/2077 115/2180/2076
f 261/1952/1516 2064/1951/1868 4359/4102/1540 3225/4103/728
f 2064/1950/1868 554/1946/1865 3226/4104/2855 4359/4105/1540
f 4359/4105/1540 3226/4104/2855 1092/4106/3771 3227/4107/1868
f 3225/4103/728 4359/4102/1540 3227/4108/1868 819/4109/1512
f 554/1946/1865 2062/1945/1864 4360/4110/2102 3226/4104/2855
f 2062/1945/1864 260/1927/1849 3217/4088/3762 4360/4110/2102
f 4360/4110/2102 3217/4088/3762 817/4092/3765 3228/4111/3772
f 3226/4104/2855 4360/4110/2102 3228/4111/3772 1092/4106/3771
f 1092/4106/3771 3228/4111/3772 4361/4112/3773 3229/4113/2103
f 3228/4111/3772 817/4092/3765 3224/4101/3770 4361/4112/3773
f 4361/4112/3773 3224/4101/3770 115/2180/2076 2187/2212/2100
f 3229/4113/2103 4361/4112/3773 2187/2212/2100 584/2205/2096
f 819/4109/1512 3227/4108/1868 4362/4114/3774 3230/4115/1512
f 3227/4107/1868 1092/4106/3771 3229/4113/2103 4362/4116/3774
f 4362/4116/3774 3229/4113/2103 584/2205/2096 2183/2204/2094
f 3230/4115/1512 4362/4114/3774 2183/2201/2094 116/2200/2093
f 262/1972/1887 2074/1971/1886 4363/4117/2671 3231/4118/3775
f 2074/1971/1886 557/1968/1883 3232/4119/1515 4363/4117/2671
f 4363/4117/2671 3232/4119/1515 1093/4120/2951 3233/4121/3544
f 3231/4118/3775 4363/4117/2671 3233/4121/3544 820/4122/3776
f 557/1968/1883 2072/1967/1510 4364/4123/1514 3232/4119/1515
f 2072/1967/1510 261/1952/1516 3225/4103/728 4364/4123/1514
f 4364/4123/1514 3225/4103/728 819/4109/1512 3234/4124/2110
f 3232/4119/1515 4364/4123/1514 3234/4124/2110 1093/4120/2951
f 1093/4120/2951 3234/4124/2110 4365/4125/770 3235/4126/2240
f 3234/4124/2110 819/4109/1512 3230/4115/1512 4365/4125/770
f 4365/4125/770 3230/4115/1512 116/2200/2093 2197/2234/2110
f 3235/4126/2240 4365/4125/770 2197/2234/2110 587/2229/1507
f 820/4122/3776 3233/4121/3544 4366/4127/3544 3236/4128/2847
f 3233/4121/3544 1093/4120/2951 3235/4126/2240 4366/4127/3544
f 4366/4127/3544 3235/4126/2240 587/2229/1507 2193/2226/2106
f 3236/4128/2847 4366/4127/3544 2193/2226/2106 117/2225/1473
f 263/1992/1906 2084/1991/1483 4367/4129/3777 3237/4130/2919
f 2084/1991/1483 560/1988/1903 3238/4131/3778 4367/4129/3777
f 4367/4129/3777 3238/4131/3778 1094/4132/2669 3239/4133/3619
f 3237/4130/2919 4367/4129/3777 3239/4133/3619 821/4134/2919
f 560/1988/1903 2082/1987/1902 4368/4135/3779 3238/4131/3778
f 2082/1987/1902 262/1972/1887 3231/4118/3775 4368/4135/3779
f 4368/4135/3779 3231/4118/3775 820/4122/3776 3240/4136/3780
f 3238/4131/3778 4368/4135/3779 3240/4136/3780 1094/4132/2669
f 1094/4132/2669 3240/4136/3780 4369/4137/1472 3241/4138/3781
f 3240/4136/3780 820/4122/3776 3236/4128/2847 4369/4137/1472
f 4369/4137/1472 3236/4128/2847 117/2225/1473 2207/2254/2122
f 3241/4138/3781 4369/4137/1472 2207/2254/2122 590/2249/2118
f 821/4134/2919 3239/4133/3619 4370/4139/3782 3242/4140/2919
f 3239/4133/3619 1094/4132/2669 3241/4138/3781 4370/4139/3782
f 4370/4139/3782 3241/4138/3781 590/2249/2118 2203/2246/2116
f 3242/4140/2919 4370/4139/3782 2203/2246/2116 118/2245/2115
f 264/2012/1926 2094/2011/1925 4371/4141/2834 3243/4142/3783
f 2094/2011/1925 563/2008/1922 3244/4143/2136 4371/4141/2834
f 4371/4141/2834 3244/4143/2136 1095/4144/3784 3245/4145/3785
f 3243/4142/3783 4371/4141/2834 3245/4145/3785 822/4146/3634
f 563/2008/1922 2092/2007/1921 4372/4147/2652 3244/4143/2136
f 2092/2007/1921 263/1992/1906 3237/4130/2919 4372/4147/2652
f 4372/4147/2652 3237/4130/2919 821/4134/2919 3246/4148/1442
f 3244/4143/2136 4372/4147/2652 3246/4148/1442 1095/4144/3784
f 1095/4144/3784 3246/4148/1442 4373/4149/2652 3247/4150/3786
f 3246/4148/1442 821/4134/2919 3242/4140/2919 4373/4149/2652
f 4373/4149/2652 3242/4140/2919 118/2245/2115 2217/2274/2140
f 3247/4150/3786 4373/4149/2652 2217/2274/2140 593/2269/2135
f 822/4146/3634 3245/4145/3785 4374/4151/3787 3248/4152/3788
f 3245/4145/3785 1095/4144/3784 3247/4150/3786 4374/4151/3787
f 4374/4151/3787 3247/4150/3786 593/2269/2135 2213/2266/2133
f 3248/4152/3788 4374/4151/3787 2213/2266/2133 119/2265/2132
f 265/2037/1946 2104/2036/1945 4375/4153/2149 3249/4154/874
f 2104/2036/1945 566/2033/1942 3250/4155/1394 4375/4153/2149
f 4375/4153/2149 3250/4155/1394 1096/4156/1393 3251/4157/2149
f 3249/4154/874 4375/4153/2149 3251/4157/2149 823/4158/1946
f 566/2033/1942 2102/2032/1941 4376/4159/3789 3250/4155/1394
f 2102/2032/1941 264/2031/1926 3243/4160/3783 4376/4159/3789
f 4376/4159/3789 3243/4160/3783 822/4161/3634 3252/4162/3790
f 3250/4155/1394 4376/4159/3789 3252/4162/3790 1096/4156/1393
f 1096/4156/1393 3252/4162/3790 4377/4163/3791 3253/4164/2152
f 3252/4162/3790 822/4161/3634 3248/4165/3788 4377/4163/3791
f 4377/4163/3791 3248/4165/3788 119/2296/2132 2227/2294/2154
f 3253/4164/2152 4377/4163/3791 2227/2294/2154 596/2289/2151
f 823/4158/1946 3251/4157/2149 4378/4166/1395 3254/4167/874
f 3251/4157/2149 1096/4156/1393 3253/4164/2152 4378/4166/1395
f 4378/4166/1395 3253/4164/2152 596/2289/2151 2223/2286/2149
f 3254/4167/874 4378/4166/1395 2223/2286/2149 120/2285/2148
f 266/1883/1805 2112/2052/1960 4379/4168/3792 3255/4169/3793
f 2112/2052/1960 568/2050/1958 3256/4170/2893 4379/4168/3792
f 4379/4168/3792 3256/4170/2893 1097/4171/2164 3257/4172/3794
f 3255/4169/3793 4379/4168/3792 3257/4172/3794 824/4173/2061
f 568/2050/1958 2111/2049/1355 4380/4174/1355 3256/4170/2893
f 2111/2049/1355 265/2037/1946 3249/4154/874 4380/4174/1355
f 4380/4174/1355 3249/4154/874 823/4158/1946 3258/4175/1368
f 3256/4170/2893 4380/4174/1355 3258/4175/1368 1097/4171/2164
f 1097/4171/2164 3258/4175/1368 4381/4176/2181 3259/4177/1367
f 3258/4175/1368 823/4158/1946 3254/4167/874 4381/4176/2181
f 4381/4176/2181 3254/4167/874 120/2285/2148 2236/2316/1368
f 3259/4177/1367 4381/4176/2181 2236/2316/1368 599/2312/1958
f 824/4173/2061 3257/4172/3794 4382/4178/1366 3260/4179/2808
f 3257/4172/3794 1097/4171/2164 3259/4177/1367 4382/4178/1366
f 4382/4178/1366 3259/4177/1367 599/2312/1958 2233/2310/2163
f 3260/4179/2808 4382/4178/1366 2233/2310/2163 113/2179/2075
f 114/2173/2070 3223/4099/2064 4383/4180/2062 2170/2174/2071
f 3223/4099/2064 818/4095/2064 3261/4181/3558 4383/4180/2062
f 4383/4180/2062 3261/4181/3558 1098/4182/2815 3262/4183/3795
f 2170/2174/2071 4383/4180/2062 3262/4183/3795 580/2175/2072
f 818/4095/2064 3220/4094/3766 4384/4184/3796 3261/4181/3558
f 3220/4094/3766 259/1894/1816 2037/1892/1814 4384/4184/3796
f 4384/4184/3796 2037/1892/1814 545/1887/1809 3263/4185/3797
f 3261/4181/3558 4384/4184/3796 3263/4185/3797 1098/4182/2815
f 1098/4182/2815 3263/4185/3797 4385/4186/1326 3264/4187/3798
f 3263/4185/3797 545/1887/1809 2033/1884/1806 4385/4186/1326
f 4385/4186/1326 2033/1884/1806 266/1883/1805 3255/4169/3793
f 3264/4187/3798 4385/4186/1326 3255/4169/3793 824/4173/2061
f 580/2175/2072 3262/4183/3795 4386/4188/3799 2172/2178/1321
f 3262/4183/3795 1098/4182/2815 3264/4187/3798 4386/4188/3799
f 4386/4188/3799 3264/4187/3798 824/4173/2061 3260/4179/2808
f 2172/2178/1321 4386/4188/3799 3260/4179/2808 113/2179/2075
f 268/2199/2092 2182/2198/2091 4387/4189/3800 3265/4190/3801
f 2182/2198/2091 583/2195/971 3266/4191/3802 4387/4189/3800
f 4387/4189/3800 3266/4191/3802 1099/4192/3803 3267/4193/3804
f 3265/4190/3801 4387/4189/3800 3267/4193/3804 825/4194/3805
f 583/2195/971 2180/2194/973 4388/4195/3806 3266/4191/3802
f 2180/2194/973 267/2166/2064 3268/4196/3807 4388/4195/3806
f 4388/4195/3806 3268/4196/3807 826/4197/3808 3269/4198/3809
f 3266/4191/3802 4388/4195/3806 3269/4198/3809 1099/4192/3803
f 1099/4192/3803 3269/4198/3809 4389/4199/3810 3270/4200/3811
f 3269/4198/3809 826/4197/3808 3271/4201/3812 4389/4199/3810
f 4389/4199/3810 3271/4201/3812 82/1577/1549 1921/1611/1583
f 3270/4200/3811 4389/4199/3810 1921/1611/1583 517/1606/1578
f 825/4194/3805 3267/4193/3804 4390/4202/3813 3272/4203/3814
f 3267/4193/3804 1099/4192/3803 3270/4200/3811 4390/4202/3813
f 4390/4202/3813 3270/4200/3811 517/1606/1578 1917/1603/1575
f 3272/4203/3814 4390/4202/3813 1917/1603/1575 83/1602/1574
f 269/2224/728 2192/2223/2095 4391/4204/3815 3273/4205/3816
f 2192/2222/2095 586/2218/2105 3274/4206/3817 4391/4207/3815
f 4391/4207/3815 3274/4206/3817 1100/4208/3818 3275/4209/3819
f 3273/4205/3816 4391/4204/3815 3275/4210/3819 275/4211/3820
f 586/2218/2105 2190/2217/2104 4392/4212/3821 3274/4206/3817
f 2190/2217/2104 268/2199/2092 3265/4190/3801 4392/4212/3821
f 4392/4212/3821 3265/4190/3801 825/4194/3805 3276/4213/3822
f 3274/4206/3817 4392/4212/3821 3276/4213/3822 1100/4208/3818
f 1100/4208/3818 3276/4213/3822 4393/4214/3823 3277/4215/3824
f 3276/4213/3822 825/4194/3805 3272/4203/3814 4393/4214/3823
f 4393/4214/3823 3272/4203/3814 83/1602/1574 1931/1634/1603
f 3277/4215/3824 4393/4214/3823 1931/1634/1603 520/1627/1598
f 275/4211/3820 3275/4210/3819 4394/4216/3825 3278/4217/3826
f 3275/4209/3819 1100/4208/3818 3277/4215/3824 4394/4218/3825
f 4394/4218/3825 3277/4215/3824 520/1627/1598 1927/1626/1595
f 3278/4217/3826 4394/4216/3825 1927/1623/1595 84/1622/1594
f 270/2244/2114 2202/2243/2107 4395/4219/3827 3279/4220/3828
f 2202/2243/2107 589/2240/2112 3280/4221/3829 4395/4219/3827
f 4395/4219/3827 3280/4221/3829 1101/4222/3830 3281/4223/3831
f 3279/4220/3828 4395/4219/3827 3281/4223/3831 276/4224/3832
f 589/2240/2112 2200/2239/2111 4396/4225/3833 3280/4221/3829
f 2200/2239/2111 269/2224/728 3273/4205/3816 4396/4225/3833
f 4396/4225/3833 3273/4205/3816 275/4211/3820 3282/4226/3834
f 3280/4221/3829 4396/4225/3833 3282/4226/3834 1101/4222/3830
f 1101/4222/3830 3282/4226/3834 4397/4227/3835 3283/4228/3836
f 3282/4226/3834 275/4211/3820 3278/4217/3826 4397/4227/3835
f 4397/4227/3835 3278/4217/3826 84/1622/1594 1941/1656/1623
f 3283/4228/3836 4397/4227/3835 1941/1656/1623 523/1651/1618
f 276/4224/3832 3281/4223/3831 4398/4229/3837 3284/4230/3838
f 3281/4223/3831 1101/4222/3830 3283/4228/3836 4398/4229/3837
f 4398/4229/3837 3283/4228/3836 523/1651/1618 1937/1648/1615
f 3284/4230/3838 4398/4229/3837 1937/1648/1615 85/1647/1614
f 271/2264/2131 2212/2263/2116 4399/4231/3839 3285/4232/3840
f 2212/2263/2116 592/2260/2128 3286/4233/3841 4399/4231/3839
f 4399/4231/3839 3286/4233/3841 1102/4234/3842 3287/4235/3843
f 3285/4232/3840 4399/4231/3839 3287/4235/3843 277/4236/3844
f 592/2260/2128 2210/2259/2127 4400/4237/3845 3286/4233/3841
f 2210/2259/2127 270/2244/2114 3279/4220/3828 4400/4237/3845
f 4400/4237/3845 3279/4220/3828 276/4224/3832 3288/4238/3846
f 3286/4233/3841 4400/4237/3845 3288/4238/3846 1102/4234/3842
f 1102/4234/3842 3288/4238/3846 4401/4239/3847 3289/4240/3848
f 3288/4238/3846 276/4224/3832 3284/4230/3838 4401/4239/3847
f 4401/4239/3847 3284/4230/3838 85/1647/1614 1951/1676/1643
f 3289/4240/3848 4401/4239/3847 1951/1676/1643 526/1671/1638
f 277/4236/3844 3287/4235/3843 4402/4241/3849 3290/4242/3850
f 3287/4235/3843 1102/4234/3842 3289/4240/3848 4402/4241/3849
f 4402/4241/3849 3289/4240/3848 526/1671/1638 1947/1668/1635
f 3290/4242/3850 4402/4241/3849 1947/1668/1635 86/1667/1634
f 272/2284/2147 2222/2283/2146 4403/4243/3851 3291/4244/3852
f 2222/2283/2146 595/2280/2144 3292/4245/3853 4403/4243/3851
f 4403/4243/3851 3292/4245/3853 1103/4246/3854 3293/4247/3855
f 3291/4244/3852 4403/4243/3851 3293/4247/3855 278/4248/3856
f 595/2280/2144 2220/2279/2143 4404/4249/3857 3292/4245/3853
f 2220/2279/2143 271/2264/2131 3285/4232/3840 4404/4249/3857
f 4404/4249/3857 3285/4232/3840 277/4236/3844 3294/4250/3858
f 3292/4245/3853 4404/4249/3857 3294/4250/3858 1103/4246/3854
f 1103/4246/3854 3294/4250/3858 4405/4251/3859 3295/4252/3860
f 3294/4250/3858 277/4236/3844 3290/4242/3850 4405/4251/3859
f 4405/4251/3859 3290/4242/3850 86/1667/1634 1961/1696/1663
f 3295/4252/3860 4405/4251/3859 1961/1696/1663 529/1691/1658
f 278/4248/3856 3293/4247/3855 4406/4253/3861 3296/4254/3862
f 3293/4247/3855 1103/4246/3854 3295/4252/3860 4406/4253/3861
f 4406/4253/3861 3295/4252/3860 529/1691/1658 1957/1688/1655
f 3296/4254/3862 4406/4253/3861 1957/1688/1655 87/1687/1654
f 273/2309/2161 2232/2308/2162 4407/4255/3863 3297/4256/3864
f 2232/2308/2162 598/2305/2159 3298/4257/3865 4407/4255/3863
f 4407/4255/3863 3298/4257/3865 1104/4258/3866 3299/4259/3867
f 3297/4256/3864 4407/4255/3863 3299/4259/3867 279/4260/3868
f 598/2305/2159 2230/2304/2158 4408/4261/3869 3298/4257/3865
f 2230/2304/2158 272/2303/2147 3291/4262/3852 4408/4261/3869
f 4408/4261/3869 3291/4262/3852 278/4263/3856 3300/4264/3870
f 3298/4257/3865 4408/4261/3869 3300/4264/3870 1104/4258/3866
f 1104/4258/3866 3300/4264/3870 4409/4265/3871 3301/4266/3872
f 3300/4264/3870 278/4263/3856 3296/4267/3862 4409/4265/3871
f 4409/4265/3871 3296/4267/3862 87/1718/1654 1971/1716/1683
f 3301/4266/3872 4409/4265/3871 1971/1716/1683 532/1711/1678
f 279/4260/3868 3299/4259/3867 4410/4268/3873 3302/4269/3874
f 3299/4259/3867 1104/4258/3866 3301/4266/3872 4410/4268/3873
f 4410/4268/3873 3301/4266/3872 532/1711/1678 1967/1708/1675
f 3302/4269/3874 4410/4268/3873 1967/1708/1675 88/1707/1674
f 274/2155/1324 2240/2324/1365 4411/4270/3875 3303/4271/3876
f 2240/2324/1365 600/2322/2166 3304/4272/3877 4411/4270/3875
f 4411/4270/3875 3304/4272/3877 1105/4273/3878 3305/4274/3879
f 3303/4271/3876 4411/4270/3875 3305/4274/3879 280/4275/3880
f 600/2322/2166 2239/2321/1355 4412/4276/3881 3304/4272/3877
f 2239/2321/1355 273/2309/2161 3297/4256/3864 4412/4276/3881
f 4412/4276/3881 3297/4256/3864 279/4260/3868 3306/4277/3882
f 3304/4272/3877 4412/4276/3881 3306/4277/3882 1105/4273/3878
f 1105/4273/3878 3306/4277/3882 4413/4278/3883 3307/4279/3884
f 3306/4277/3882 279/4260/3868 3302/4269/3874 4413/4278/3883
f 4413/4278/3883 3302/4269/3874 88/1707/1674 1980/1738/1700
f 3307/4279/3884 4413/4278/3883 1980/1738/1700 535/1734/1696
f 280/4275/3880 3305/4274/3879 4414/4280/3885 3308/4281/3886
f 3305/4274/3879 1105/4273/3878 3307/4279/3884 4414/4280/3885
f 4414/4280/3885 3307/4279/3884 535/1734/1696 1977/1732/1694
f 3308/4281/3886 4414/4280/3885 1977/1732/1694 81/1588/1560
f 82/1577/1549 3271/4201/3812 4415/4282/3887 1905/1578/1550
f 3271/4201/3812 826/4197/3808 3309/4283/3888 4415/4282/3887
f 4415/4282/3887 3309/4283/3888 1106/4284/3889 3310/4285/3890
f 1905/1578/1550 4415/4282/3887 3310/4285/3890 513/1581/1553
f 826/4197/3808 3268/4196/3807 4416/4286/3891 3309/4283/3888
f 3268/4196/3807 267/2166/2064 2165/2164/2062 4416/4286/3891
f 4416/4286/3891 2165/2164/2062 577/2159/945 3311/4287/3892
f 3309/4283/3888 4416/4286/3891 3311/4287/3892 1106/4284/3889
f 1106/4284/3889 3311/4287/3892 4417/4288/3893 3312/4289/3894
f 3311/4287/3892 577/2159/945 2161/2156/1321 4417/4288/3893
f 4417/4288/3893 2161/2156/1321 274/2155/1324 3303/4271/3876
f 3312/4289/3894 4417/4288/3893 3303/4271/3876 280/4275/3880
f 513/1581/1553 3310/4285/3890 4418/4290/3895 1909/1586/1558
f 3310/4285/3890 1106/4284/3889 3312/4289/3894 4418/4290/3895
f 4418/4290/3895 3312/4289/3894 280/4275/3880 3308/4281/3886
f 1909/1586/1558 4418/4290/3895 3308/4281/3886 81/1588/1560
